photo,row,col,gt,pred,conf,threshold,fg_frac,post_ink_frac,comps,largest_frac,tiny_removed,grid_removed,corner_removed,merged
00ijckeb5qdc1.webp,1,1,5,5,1.0,adaptive,0.1533,0.1533,1,0.1533,0,0,0,0
00ijckeb5qdc1.webp,1,2,4,4,1.0,adaptive,0.1275,0.1275,2,0.1058,0,0,0,0
00ijckeb5qdc1.webp,1,3,1,1,1.0,adaptive,0.0875,0.0875,1,0.0875,0,0,0,0
00ijckeb5qdc1.webp,1,4,7,7,1.0,adaptive,0.1112,0.1112,1,0.1112,0,0,0,0
00ijckeb5qdc1.webp,1,5,6,6,1.0,adaptive,0.156,0.156,2,0.1187,0,0,0,0
00ijckeb5qdc1.webp,1,6,8,8,1.0,adaptive,0.1927,0.1239,3,0.0724,0,0,0,1
00ijckeb5qdc1.webp,1,7,2,2,1.0,adaptive,0.1577,0.1577,1,0.1577,0,0,0,0
00ijckeb5qdc1.webp,1,8,3,3,0.9999,adaptive,0.154,0.154,1,0.154,0,0,0,0
00ijckeb5qdc1.webp,1,9,9,9,1.0,adaptive,0.1441,0.1441,2,0.1087,0,0,0,0
00ijckeb5qdc1.webp,2,2,7,7,1.0,adaptive,0.1065,0.1065,1,0.1065,0,0,0,0
00ijckeb5qdc1.webp,2,4,4,4,1.0,adaptive,0.121,0.121,2,0.0993,0,0,0,0
00ijckeb5qdc1.webp,2,5,3,3,0.9999,adaptive,0.157,0.157,1,0.157,0,0,0,0
00ijckeb5qdc1.webp,2,6,9,9,0.9999,adaptive,0.2026,0.1597,2,0.1221,0,0,0,0
00ijckeb5qdc1.webp,2,7,5,5,1.0,adaptive,0.1782,0.1651,1,0.1651,0,0,0,0
00ijckeb5qdc1.webp,2,8,6,6,1.0,adaptive,0.1405,0.1405,2,0.1047,0,0,0,0
00ijckeb5qdc1.webp,2,9,1,1,1.0,adaptive,0.1113,0.0834,1,0.0834,0,0,0,0
00ijckeb5qdc1.webp,3,1,6,6,1.0,adaptive,0.1729,0.1343,2,0.0996,0,0,0,0
00ijckeb5qdc1.webp,3,2,9,9,1.0,adaptive,0.1547,0.1547,2,0.1176,0,0,0,0
00ijckeb5qdc1.webp,3,3,3,3,0.9999,adaptive,0.1856,0.1624,1,0.1624,0,0,0,0
00ijckeb5qdc1.webp,3,4,1,1,0.9999,adaptive,0.1043,0.1043,1,0.1043,0,0,0,0
00ijckeb5qdc1.webp,3,7,4,4,1.0,adaptive,0.123,0.1225,2,0.102,0,0,0,0
00ijckeb5qdc1.webp,3,8,7,7,1.0,adaptive,0.1029,0.1029,1,0.1029,0,0,0,0
00ijckeb5qdc1.webp,3,9,8,8,1.0,adaptive,0.1918,0.1241,3,0.0735,0,0,0,1
00ijckeb5qdc1.webp,4,1,1,1,0.9999,adaptive,0.1468,0.0911,1,0.0911,0,0,0,0
00ijckeb5qdc1.webp,4,2,3,3,0.9999,adaptive,0.1811,0.1418,1,0.1418,0,0,0,0
00ijckeb5qdc1.webp,4,4,9,9,1.0,adaptive,0.196,0.1366,2,0.1025,0,0,0,0
00ijckeb5qdc1.webp,4,5,8,8,1.0,adaptive,0.1913,0.123,3,0.0712,0,0,0,1
00ijckeb5qdc1.webp,4,7,7,7,1.0,adaptive,0.1595,0.1045,1,0.1045,0,0,0,0
00ijckeb5qdc1.webp,4,9,6,6,1.0,adaptive,0.2212,0.1493,2,0.1132,0,0,0,0
00ijckeb5qdc1.webp,5,1,9,9,1.0,adaptive,0.1671,0.1373,2,0.1018,0,0,0,0
00ijckeb5qdc1.webp,5,3,7,7,1.0,adaptive,0.1341,0.1192,1,0.1192,0,0,0,0
00ijckeb5qdc1.webp,5,4,6,6,1.0,adaptive,0.1581,0.1352,2,0.1009,0,0,0,0
00ijckeb5qdc1.webp,5,6,1,1,0.9999,adaptive,0.102,0.102,1,0.102,0,0,0,0
00ijckeb5qdc1.webp,5,7,8,8,1.0,adaptive,0.194,0.1275,3,0.0742,0,0,0,1
00ijckeb5qdc1.webp,5,9,3,3,0.9995,adaptive,0.1755,0.1438,1,0.1438,0,0,0,0
00ijckeb5qdc1.webp,6,2,8,8,1.0,adaptive,0.2008,0.1606,3,0.1004,0,0,0,1
00ijckeb5qdc1.webp,6,3,6,6,1.0,adaptive,0.1481,0.1332,2,0.0991,0,0,0,0
00ijckeb5qdc1.webp,6,4,3,3,0.9998,adaptive,0.1775,0.1599,1,0.1599,0,0,0,0
00ijckeb5qdc1.webp,6,6,7,7,1.0,adaptive,0.1239,0.1239,1,0.1239,0,0,0,0
00ijckeb5qdc1.webp,6,7,9,9,1.0,adaptive,0.1746,0.1363,2,0.1027,0,0,0,0
00ijckeb5qdc1.webp,6,8,1,1,0.9999,adaptive,0.0785,0.0785,1,0.0785,0,0,0,0
00ijckeb5qdc1.webp,7,5,1,1,0.9998,adaptive,0.1221,0.0773,1,0.0773,0,0,0,0
00ijckeb5qdc1.webp,7,6,6,6,1.0,adaptive,0.1726,0.1368,2,0.1016,0,0,0,0
00ijckeb5qdc1.webp,7,7,3,3,0.9997,adaptive,0.2087,0.1546,1,0.1546,0,0,0,0
00ijckeb5qdc1.webp,7,8,9,9,1.0,adaptive,0.1983,0.1517,2,0.1151,0,0,0,0
00ijckeb5qdc1.webp,7,9,7,7,1.0,adaptive,0.1911,0.1223,1,0.1223,0,0,0,0
00ijckeb5qdc1.webp,8,1,3,3,0.9999,adaptive,0.1859,0.1348,1,0.1348,0,0,0,0
00ijckeb5qdc1.webp,8,2,1,1,0.9999,adaptive,0.0859,0.0852,1,0.0852,0,0,0,0
00ijckeb5qdc1.webp,8,3,9,9,1.0,adaptive,0.1524,0.1361,2,0.1011,0,0,0,0
00ijckeb5qdc1.webp,8,5,7,7,1.0,adaptive,0.1074,0.1065,1,0.1065,0,0,0,0
00ijckeb5qdc1.webp,8,6,4,4,0.9999,adaptive,0.1205,0.1194,2,0.0972,0,0,0,0
00ijckeb5qdc1.webp,8,7,6,6,1.0,adaptive,0.1389,0.1296,2,0.095,0,0,0,0
00ijckeb5qdc1.webp,8,8,8,8,1.0,adaptive,0.188,0.1178,3,0.0647,0,0,0,1
00ijckeb5qdc1.webp,9,1,7,7,1.0,adaptive,0.1314,0.1016,1,0.1016,0,0,0,0
00ijckeb5qdc1.webp,9,2,6,6,1.0,adaptive,0.1533,0.1477,2,0.1113,0,0,0,0
00ijckeb5qdc1.webp,9,4,8,8,1.0,adaptive,0.2266,0.1555,3,0.0962,0,0,0,1
00ijckeb5qdc1.webp,9,5,9,9,1.0,adaptive,0.1522,0.1508,2,0.1151,0,0,0,0
00ijckeb5qdc1.webp,9,6,3,3,0.9996,adaptive,0.1535,0.1481,1,0.1481,0,0,0,0
00ijckeb5qdc1.webp,9,7,1,1,1.0,adaptive,0.086,0.0842,1,0.0842,0,0,0,0
0eqjbrpfp5dc1.webp,1,1,0,0,0.992,adaptive,0.0847,0.0,0,0.0,0,0,0,0
0eqjbrpfp5dc1.webp,1,2,0,0,0.992,adaptive,0.083,0.0,0,0.0,0,0,0,0
0eqjbrpfp5dc1.webp,1,3,4,4,1.0,adaptive,0.1479,0.0775,1,0.0775,0,0,0,0
0eqjbrpfp5dc1.webp,1,4,6,6,0.9999,adaptive,0.1729,0.0896,1,0.0896,0,0,0,0
0eqjbrpfp5dc1.webp,1,5,0,0,0.992,adaptive,0.0841,0.0,0,0.0,0,0,0,0
0eqjbrpfp5dc1.webp,1,6,9,9,0.9999,adaptive,0.1767,0.0898,1,0.0898,0,0,0,0
0eqjbrpfp5dc1.webp,1,7,0,0,0.992,adaptive,0.1085,0.0,0,0.0,0,0,0,0
0eqjbrpfp5dc1.webp,1,8,8,8,1.0,adaptive,0.1886,0.0936,1,0.0936,0,0,0,0
0eqjbrpfp5dc1.webp,1,9,0,0,0.992,adaptive,0.1134,0.0,0,0.0,0,0,0,0
0eqjbrpfp5dc1.webp,2,1,0,0,0.992,adaptive,0.083,0.0,0,0.0,0,0,0,0
0eqjbrpfp5dc1.webp,2,2,0,0,0.992,adaptive,0.0843,0.0,0,0.0,0,0,0,0
0eqjbrpfp5dc1.webp,2,3,0,0,0.992,adaptive,0.0957,0.0,0,0.0,0,0,0,0
0eqjbrpfp5dc1.webp,2,4,0,0,0.992,adaptive,0.0844,0.0,0,0.0,0,0,0,0
0eqjbrpfp5dc1.webp,2,5,3,3,1.0,adaptive,0.155,0.0836,1,0.0836,0,0,0,0
0eqjbrpfp5dc1.webp,2,6,0,0,0.992,adaptive,0.0857,0.0,0,0.0,0,0,0,0
0eqjbrpfp5dc1.webp,2,7,5,5,1.0,adaptive,0.1698,0.0859,1,0.0859,0,0,0,0
0eqjbrpfp5dc1.webp,2,8,7,7,1.0,adaptive,0.1341,0.0643,1,0.0643,0,0,0,0
0eqjbrpfp5dc1.webp,3,1,0,0,0.992,adaptive,0.0867,0.0,0,0.0,0,0,0,0
0eqjbrpfp5dc1.webp,3,2,0,0,0.992,adaptive,0.0848,0.0,0,0.0,0,0,0,0
0eqjbrpfp5dc1.webp,3,3,3,3,1.0,adaptive,0.1731,0.0809,1,0.0809,0,0,0,0
0eqjbrpfp5dc1.webp,3,4,0,0,0.992,adaptive,0.0969,0.0,0,0.0,0,0,0,0
0eqjbrpfp5dc1.webp,3,5,0,0,0.992,adaptive,0.0972,0.0,0,0.0,0,0,0,0
0eqjbrpfp5dc1.webp,3,6,0,0,0.992,adaptive,0.098,0.0,0,0.0,0,0,0,0
0eqjbrpfp5dc1.webp,3,7,0,0,0.992,adaptive,0.1098,0.0,0,0.0,0,0,0,0
0eqjbrpfp5dc1.webp,3,8,4,4,1.0,adaptive,0.1606,0.0758,1,0.0758,0,0,0,0
0eqjbrpfp5dc1.webp,3,9,6,6,1.0,adaptive,0.1878,0.0893,1,0.0893,0,0,0,0
0eqjbrpfp5dc1.webp,4,1,0,0,0.992,adaptive,0.084,0.0,0,0.0,0,0,0,0
0eqjbrpfp5dc1.webp,4,2,0,0,0.992,adaptive,0.085,0.0,0,0.0,0,0,0,0
0eqjbrpfp5dc1.webp,4,3,2,2,1.0,adaptive,0.1537,0.0818,1,0.0818,0,0,0,0
0eqjbrpfp5dc1.webp,4,4,0,0,0.992,adaptive,0.0869,0.0,0,0.0,0,0,0,0
0eqjbrpfp5dc1.webp,4,5,0,0,0.992,adaptive,0.085,0.0,0,0.0,0,0,0,0
0eqjbrpfp5dc1.webp,4,6,0,0,0.992,adaptive,0.0867,0.0,0,0.0,0,0,0,0
0eqjbrpfp5dc1.webp,4,7,0,0,0.992,adaptive,0.0987,0.0,0,0.0,0,0,0,0
0eqjbrpfp5dc1.webp,4,8,0,0,0.992,adaptive,0.0728,0.0,0,0.0,0,0,0,0
0eqjbrpfp5dc1.webp,4,9,0,0,0.992,adaptive,0.0994,0.0,0,0.0,0,0,0,0
0eqjbrpfp5dc1.webp,5,1,0,0,0.992,adaptive,0.0837,0.0,0,0.0,0,0,0,0
0eqjbrpfp5dc1.webp,5,2,0,0,0.992,adaptive,0.0845,0.0,0,0.0,0,0,0,0
0eqjbrpfp5dc1.webp,5,3,0,0,0.992,adaptive,0.0963,0.0,0,0.0,0,0,0,0
0eqjbrpfp5dc1.webp,5,4,8,8,1.0,adaptive,0.1807,0.0968,1,0.0968,0,0,0,0
0eqjbrpfp5dc1.webp,5,5,0,0,0.992,adaptive,0.0849,0.0,0,0.0,0,0,0,0
0eqjbrpfp5dc1.webp,5,6,0,0,0.992,adaptive,0.0864,0.0,0,0.0,0,0,0,0
0eqjbrpfp5dc1.webp,5,7,1,1,1.0,adaptive,0.1563,0.0595,1,0.0595,0,0,0,0
0eqjbrpfp5dc1.webp,5,8,3,3,1.0,adaptive,0.1559,0.0843,1,0.0843,0,0,0,0
0eqjbrpfp5dc1.webp,5,9,5,5,1.0,adaptive,0.1841,0.085,1,0.085,0,0,0,0
0eqjbrpfp5dc1.webp,6,1,6,6,0.9999,adaptive,0.1744,0.0907,1,0.0907,0,0,0,0
0eqjbrpfp5dc1.webp,6,2,0,0,0.992,adaptive,0.0862,0.0,0,0.0,0,0,0,0
0eqjbrpfp5dc1.webp,6,3,0,0,0.992,adaptive,0.098,0.0,0,0.0,0,0,0,0
0eqjbrpfp5dc1.webp,6,4,1,1,0.9999,adaptive,0.147,0.0608,1,0.0608,0,0,0,0
0eqjbrpfp5dc1.webp,6,5,0,0,0.992,adaptive,0.0864,0.0,0,0.0,0,0,0,0
0eqjbrpfp5dc1.webp,6,6,0,0,0.992,adaptive,0.0864,0.0,0,0.0,0,0,0,0
0eqjbrpfp5dc1.webp,6,7,4,4,1.0,adaptive,0.1722,0.0733,1,0.0733,0,0,0,0
0eqjbrpfp5dc1.webp,6,8,2,2,1.0,adaptive,0.1712,0.0855,1,0.0855,0,0,0,0
0eqjbrpfp5dc1.webp,7,1,0,0,0.992,adaptive,0.0949,0.0,0,0.0,0,0,0,0
0eqjbrpfp5dc1.webp,7,2,0,0,0.992,adaptive,0.097,0.0,0,0.0,0,0,0,0
0eqjbrpfp5dc1.webp,7,3,0,0,0.992,adaptive,0.1094,0.0,0,0.0,0,0,0,0
0eqjbrpfp5dc1.webp,7,4,0,0,0.992,adaptive,0.0985,0.0,0,0.0,0,0,0,0
0eqjbrpfp5dc1.webp,7,5,5,5,1.0,adaptive,0.1789,0.0846,1,0.0846,0,0,0,0
0eqjbrpfp5dc1.webp,7,6,1,1,0.9999,adaptive,0.1579,0.0597,1,0.0597,0,0,0,0
0eqjbrpfp5dc1.webp,7,7,8,8,1.0,adaptive,0.2034,0.0933,1,0.0933,0,0,0,0
0eqjbrpfp5dc1.webp,7,9,2,2,1.0,adaptive,0.1907,0.0798,1,0.0798,0,0,0,0
0eqjbrpfp5dc1.webp,8,1,0,0,0.992,adaptive,0.0715,0.0,0,0.0,0,0,0,0
0eqjbrpfp5dc1.webp,8,2,9,9,1.0,adaptive,0.1625,0.0927,1,0.0927,0,0,0,0
0eqjbrpfp5dc1.webp,8,3,0,0,0.992,adaptive,0.0844,0.0,0,0.0,0,0,0,0
0eqjbrpfp5dc1.webp,8,4,0,0,0.992,adaptive,0.073,0.0,0,0.0,0,0,0,0
0eqjbrpfp5dc1.webp,8,5,0,0,0.992,adaptive,0.0728,0.0,0,0.0,0,0,0,0
0eqjbrpfp5dc1.webp,8,6,0,0,0.992,adaptive,0.073,0.0,0,0.0,0,0,0,0
0eqjbrpfp5dc1.webp,8,7,0,0,0.992,adaptive,0.0873,0.0,0,0.0,0,0,0,0
0eqjbrpfp5dc1.webp,9,1,0,0,0.992,adaptive,0.0867,0.0,0,0.0,0,0,0,0
0eqjbrpfp5dc1.webp,9,2,0,0,0.992,adaptive,0.0853,0.0,0,0.0,0,0,0,0
0eqjbrpfp5dc1.webp,9,3,8,8,1.0,adaptive,0.1686,0.0945,1,0.0945,0,0,0,0
0eqjbrpfp5dc1.webp,9,4,0,0,0.992,adaptive,0.0973,0.0,0,0.0,0,0,0,0
0eqjbrpfp5dc1.webp,9,5,7,7,1.0,adaptive,0.1621,0.0635,1,0.0635,0,0,0,0
0eqjbrpfp5dc1.webp,9,6,0,0,0.992,adaptive,0.0991,0.0,0,0.0,0,0,0,0
0eqjbrpfp5dc1.webp,9,7,0,0,0.992,adaptive,0.1118,0.0,0,0.0,0,0,0,0
0eqjbrpfp5dc1.webp,9,8,5,5,1.0,adaptive,0.1723,0.0862,1,0.0862,0,0,0,0
0h7cdk1z19ec1.webp,1,2,9,9,0.9999,adaptive,0.1165,0.0742,1,0.0742,0,0,0,0
0h7cdk1z19ec1.webp,1,4,5,5,1.0,adaptive,0.119,0.0626,1,0.0626,0,0,0,0
0h7cdk1z19ec1.webp,1,9,8,8,1.0,adaptive,0.1305,0.0726,1,0.0726,0,0,0,0
0h7cdk1z19ec1.webp,2,2,3,3,1.0,adaptive,0.0843,0.0631,1,0.0631,0,0,0,0
0h7cdk1z19ec1.webp,2,3,5,5,1.0,adaptive,0.0941,0.0638,1,0.0638,0,0,0,0
0h7cdk1z19ec1.webp,3,1,7,7,1.0,adaptive,0.1103,0.0392,1,0.0392,0,0,0,0
0h7cdk1z19ec1.webp,3,2,1,1,0.9978,adaptive,0.0932,0.0371,1,0.0371,0,0,0,0
0h7cdk1z19ec1.webp,3,3,8,8,1.0,adaptive,0.1292,0.0717,1,0.0717,0,0,0,0
0h7cdk1z19ec1.webp,3,5,9,9,0.9999,adaptive,0.1178,0.073,1,0.073,0,0,0,0
0h7cdk1z19ec1.webp,3,7,5,5,1.0,adaptive,0.1352,0.0653,1,0.0653,0,0,0,0
0h7cdk1z19ec1.webp,3,9,6,6,0.9997,adaptive,0.141,0.0695,1,0.0695,0,0,0,0
0h7cdk1z19ec1.webp,4,5,5,5,1.0,adaptive,0.0934,0.0645,1,0.0645,0,0,0,0
0h7cdk1z19ec1.webp,4,7,3,3,1.0,adaptive,0.1167,0.0615,1,0.0615,0,0,0,0
0h7cdk1z19ec1.webp,5,1,3,3,1.0,adaptive,0.1061,0.0631,1,0.0631,0,0,0,0
0h7cdk1z19ec1.webp,5,3,1,1,0.9987,adaptive,0.0613,0.0317,1,0.0317,0,0,0,0
0h7cdk1z19ec1.webp,5,4,7,7,1.0,adaptive,0.0873,0.0455,1,0.0455,0,0,0,0
0h7cdk1z19ec1.webp,5,7,2,2,1.0,adaptive,0.0984,0.0559,1,0.0559,0,0,0,0
0h7cdk1z19ec1.webp,6,1,8,8,1.0,adaptive,0.131,0.0731,1,0.0731,0,0,0,0
0h7cdk1z19ec1.webp,6,5,4,4,0.9999,adaptive,0.0871,0.0572,1,0.0572,0,0,0,0
0h7cdk1z19ec1.webp,6,7,1,1,0.9973,adaptive,0.0875,0.0307,1,0.0307,0,0,0,0
0h7cdk1z19ec1.webp,6,8,6,6,0.9997,adaptive,0.1266,0.0733,1,0.0733,0,0,0,0
0h7cdk1z19ec1.webp,7,1,5,5,1.0,adaptive,0.1051,0.0613,1,0.0613,0,0,0,0
0h7cdk1z19ec1.webp,8,1,1,1,0.9975,adaptive,0.0604,0.0308,1,0.0308,0,0,0,0
0h7cdk1z19ec1.webp,8,5,7,7,1.0,adaptive,0.0707,0.0425,1,0.0425,0,0,0,0
0h7cdk1z19ec1.webp,8,6,5,5,1.0,adaptive,0.1203,0.0647,1,0.0647,0,0,0,0
0h7cdk1z19ec1.webp,8,9,4,4,1.0,adaptive,0.1126,0.057,1,0.057,0,0,0,0
0h7cdk1z19ec1.webp,9,1,9,9,0.9998,adaptive,0.1281,0.0704,1,0.0704,0,0,0,0
0h7cdk1z19ec1.webp,9,6,2,2,1.0,adaptive,0.1143,0.0559,1,0.0559,0,0,0,0
0h7cdk1z19ec1.webp,9,7,8,8,1.0,adaptive,0.1158,0.0722,1,0.0722,0,0,0,0
0h7cdk1z19ec1.webp,9,8,5,5,1.0,adaptive,0.0948,0.0649,1,0.0649,0,0,0,0
0lr7jyr0u29c1.webp,1,6,0,0,0.992,adaptive,0.0134,0.0,0,0.0,0,0,0,0
0lr7jyr0u29c1.webp,1,7,3,3,0.9996,adaptive,0.1726,0.1444,1,0.1444,0,0,0,0
0lr7jyr0u29c1.webp,1,8,6,6,1.0,adaptive,0.1361,0.1361,2,0.1027,0,0,0,0
0lr7jyr0u29c1.webp,1,9,1,1,1.0,adaptive,0.0896,0.0896,1,0.0896,0,0,0,0
0lr7jyr0u29c1.webp,2,1,2,2,1.0,adaptive,0.1642,0.1398,1,0.1398,0,0,0,0
0lr7jyr0u29c1.webp,2,2,7,7,1.0,adaptive,0.1219,0.1219,1,0.1219,0,0,0,0
0lr7jyr0u29c1.webp,2,3,6,6,1.0,adaptive,0.1658,0.1517,2,0.116,0,0,0,0
0lr7jyr0u29c1.webp,2,4,3,3,0.9999,adaptive,0.1735,0.1443,1,0.1443,0,0,0,0
0lr7jyr0u29c1.webp,2,5,1,1,1.0,adaptive,0.087,0.087,1,0.087,0,0,0,0
0lr7jyr0u29c1.webp,2,6,9,9,1.0,adaptive,0.1714,0.1569,2,0.1194,0,0,0,0
0lr7jyr0u29c1.webp,2,7,4,4,1.0,adaptive,0.1436,0.1144,2,0.0932,0,0,0,0
0lr7jyr0u29c1.webp,2,8,8,8,1.0,adaptive,0.1717,0.1745,3,0.1123,0,0,0,1
0lr7jyr0u29c1.webp,2,9,5,5,1.0,adaptive,0.1694,0.1694,1,0.1694,0,0,0,0
0lr7jyr0u29c1.webp,3,1,1,1,1.0,adaptive,0.1486,0.096,1,0.096,0,0,0,0
0lr7jyr0u29c1.webp,3,2,3,3,0.9999,adaptive,0.1958,0.166,1,0.166,0,0,0,0
0lr7jyr0u29c1.webp,3,4,6,6,1.0,adaptive,0.1909,0.1361,2,0.102,0,0,0,0
0lr7jyr0u29c1.webp,3,5,0,0,0.992,adaptive,0.0294,0.0,0,0.0,0,0,0,0
0lr7jyr0u29c1.webp,3,6,4,4,1.0,adaptive,0.1684,0.1274,2,0.1063,0,0,0,0
0lr7jyr0u29c1.webp,3,7,7,7,1.0,adaptive,0.1566,0.1018,1,0.1018,0,0,0,0
0lr7jyr0u29c1.webp,3,8,9,9,0.9999,adaptive,0.1836,0.154,2,0.1169,0,0,0,0
0lr7jyr0u29c1.webp,3,9,2,2,1.0,adaptive,0.145,0.145,1,0.145,0,0,0,0
0lr7jyr0u29c1.webp,4,1,6,6,1.0,adaptive,0.145,0.145,2,0.1085,0,0,0,0
0lr7jyr0u29c1.webp,4,4,0,0,0.992,adaptive,0.0,0.0,0,0.0,0,0,0,0
0lr7jyr0u29c1.webp,4,5,0,0,0.992,adaptive,0.0,0.0,0,0.0,0,0,0,0
0lr7jyr0u29c1.webp,4,6,3,3,0.9997,adaptive,0.1508,0.1508,1,0.1508,0,0,0,0
0lr7jyr0u29c1.webp,4,8,7,7,1.0,adaptive,0.114,0.114,1,0.114,0,0,0,0
0lr7jyr0u29c1.webp,5,1,7,7,1.0,adaptive,0.1232,0.1065,1,0.1065,0,0,0,0
0lr7jyr0u29c1.webp,5,3,0,0,0.992,adaptive,0.0149,0.0,0,0.0,0,0,0,0
0lr7jyr0u29c1.webp,5,4,1,1,1.0,adaptive,0.1092,0.0936,1,0.0936,0,0,0,0
0lr7jyr0u29c1.webp,5,5,0,0,0.992,adaptive,0.0,0.0,0,0.0,0,0,0,0
0lr7jyr0u29c1.webp,5,6,0,0,0.992,adaptive,0.0149,0.0,0,0.0,0,0,0,0
0lr7jyr0u29c1.webp,5,7,6,6,1.0,adaptive,0.1576,0.1576,2,0.1199,0,0,0,0
0lr7jyr0u29c1.webp,5,9,3,3,0.9999,adaptive,0.171,0.171,1,0.171,0,0,0,0
0lr7jyr0u29c1.webp,6,1,0,0,0.992,adaptive,0.0417,0.0,0,0.0,0,0,0,0
0lr7jyr0u29c1.webp,6,2,5,5,1.0,adaptive,0.1945,0.1653,1,0.1653,0,0,0,0
0lr7jyr0u29c1.webp,6,3,3,3,0.9999,adaptive,0.182,0.1408,1,0.1408,0,0,0,0
0lr7jyr0u29c1.webp,6,4,0,0,0.992,adaptive,0.0417,0.0,0,0.0,0,0,0,0
0lr7jyr0u29c1.webp,6,5,6,6,1.0,adaptive,0.1839,0.1547,2,0.118,0,0,0,0
0lr7jyr0u29c1.webp,6,6,7,7,1.0,adaptive,0.1593,0.1181,1,0.1181,0,0,0,0
0lr7jyr0u29c1.webp,7,1,3,3,0.9999,adaptive,0.1564,0.1417,1,0.1417,0,0,0,0
0lr7jyr0u29c1.webp,7,2,6,6,1.0,adaptive,0.1407,0.1407,2,0.1049,0,0,0,0
0lr7jyr0u29c1.webp,7,3,2,2,1.0,adaptive,0.168,0.153,1,0.153,0,0,0,0
0lr7jyr0u29c1.webp,7,4,5,5,1.0,adaptive,0.1789,0.164,1,0.164,0,0,0,0
0lr7jyr0u29c1.webp,7,5,0,0,0.992,adaptive,0.0,0.0,0,0.0,0,0,0,0
0lr7jyr0u29c1.webp,7,6,8,8,1.0,adaptive,0.1809,0.1693,3,0.1092,0,0,0,1
0lr7jyr0u29c1.webp,7,9,7,7,1.0,adaptive,0.1203,0.1203,1,0.1203,0,0,0,0
0lr7jyr0u29c1.webp,8,1,5,5,1.0,adaptive,0.1798,0.1649,1,0.1649,0,0,0,0
0lr7jyr0u29c1.webp,8,2,9,9,1.0,adaptive,0.1545,0.1545,2,0.1171,0,0,0,0
0lr7jyr0u29c1.webp,8,4,0,0,0.992,adaptive,0.0152,0.0,0,0.0,0,0,0,0
0lr7jyr0u29c1.webp,8,5,0,0,0.992,adaptive,0.0,0.0,0,0.0,0,0,0,0
0lr7jyr0u29c1.webp,8,6,1,1,1.0,adaptive,0.1011,0.0864,1,0.0864,0,0,0,0
0lr7jyr0u29c1.webp,8,7,0,0,0.992,adaptive,0.0251,0.0,0,0.0,0,0,0,0
0lr7jyr0u29c1.webp,8,9,6,6,1.0,adaptive,0.1581,0.1581,2,0.1212,0,0,0,0
0lr7jyr0u29c1.webp,9,1,4,4,1.0,adaptive,0.1657,0.1243,2,0.1031,0,0,0,0
0lr7jyr0u29c1.webp,9,4,0,0,0.992,adaptive,0.041,0.0,0,0.0,0,0,0,0
0lr7jyr0u29c1.webp,9,5,0,0,0.992,adaptive,0.0296,0.0,0,0.0,0,0,0,0
0lr7jyr0u29c1.webp,9,6,6,6,1.0,adaptive,0.1773,0.1359,2,0.1014,0,0,0,0
0lr7jyr0u29c1.webp,9,9,0,0,0.992,adaptive,0.0,0.0,0,0.0,0,0,0,0
0mlygk75z1vc1.webp,1,4,6,6,1.0,adaptive,0.1967,0.1499,2,0.1138,0,0,0,0
0mlygk75z1vc1.webp,1,8,4,4,1.0,adaptive,0.1558,0.1264,2,0.1043,0,0,0,0
0mlygk75z1vc1.webp,2,6,5,5,1.0,adaptive,0.1961,0.1662,1,0.1662,0,0,0,0
0mlygk75z1vc1.webp,2,7,9,9,1.0,adaptive,0.1692,0.1542,2,0.1176,0,0,0,0
0mlygk75z1vc1.webp,3,1,4,4,1.0,adaptive,0.1702,0.1239,2,0.1029,0,0,0,0
0mlygk75z1vc1.webp,3,5,9,9,1.0,adaptive,0.1748,0.1536,2,0.1169,0,0,0,0
0mlygk75z1vc1.webp,3,9,5,5,1.0,adaptive,0.2114,0.1624,1,0.1624,0,0,0,0
0mlygk75z1vc1.webp,4,1,3,3,0.9999,adaptive,0.1838,0.1417,1,0.1417,0,0,0,0
0mlygk75z1vc1.webp,4,2,8,8,1.0,adaptive,0.164,0.1517,3,0.0923,0,0,0,1
0mlygk75z1vc1.webp,4,3,2,2,1.0,adaptive,0.1575,0.1575,1,0.1575,0,0,0,0
0mlygk75z1vc1.webp,4,4,9,9,1.0,adaptive,0.1642,0.1359,2,0.1025,0,0,0,0
0mlygk75z1vc1.webp,4,6,6,6,1.0,adaptive,0.1758,0.1341,2,0.1002,0,0,0,0
0mlygk75z1vc1.webp,4,7,5,5,1.0,adaptive,0.1722,0.1441,1,0.1441,0,0,0,0
0mlygk75z1vc1.webp,4,9,4,4,1.0,adaptive,0.1475,0.1058,2,0.0851,0,0,0,0
0mlygk75z1vc1.webp,5,5,2,2,1.0,adaptive,0.1364,0.1364,1,0.1364,0,0,0,0
0mlygk75z1vc1.webp,5,6,3,3,0.9999,adaptive,0.1963,0.1667,1,0.1667,0,0,0,0
0mlygk75z1vc1.webp,5,8,9,9,1.0,adaptive,0.1547,0.1547,2,0.1185,0,0,0,0
0mlygk75z1vc1.webp,5,9,8,8,1.0,adaptive,0.1974,0.171,3,0.1092,0,0,0,1
0mlygk75z1vc1.webp,6,1,7,7,1.0,adaptive,0.1724,0.1174,1,0.1174,0,0,0,0
0mlygk75z1vc1.webp,6,2,9,9,1.0,adaptive,0.168,0.1384,2,0.1043,0,0,0,0
0mlygk75z1vc1.webp,6,3,1,1,1.0,adaptive,0.0976,0.0976,1,0.0976,0,0,0,0
0mlygk75z1vc1.webp,6,4,8,8,1.0,adaptive,0.209,0.17,3,0.11,0,0,0,1
0mlygk75z1vc1.webp,6,5,5,5,1.0,adaptive,0.175,0.1452,1,0.1452,0,0,0,0
0mlygk75z1vc1.webp,6,6,4,4,1.0,adaptive,0.168,0.1125,2,0.0904,0,0,0,0
0mlygk75z1vc1.webp,6,7,6,6,1.0,adaptive,0.1925,0.1508,2,0.1152,0,0,0,0
0mlygk75z1vc1.webp,6,8,3,3,0.9999,adaptive,0.1744,0.1447,1,0.1447,0,0,0,0
0mlygk75z1vc1.webp,6,9,2,2,1.0,adaptive,0.2076,0.1524,1,0.1524,0,0,0,0
0mlygk75z1vc1.webp,7,7,8,8,1.0,adaptive,0.1909,0.1664,3,0.1072,0,0,0,1
0mlygk75z1vc1.webp,7,8,2,2,1.0,adaptive,0.1716,0.1567,1,0.1567,0,0,0,0
0mlygk75z1vc1.webp,8,5,8,8,1.0,adaptive,0.1738,0.1765,3,0.1146,0,0,0,1
0mlygk75z1vc1.webp,9,1,8,8,1.0,adaptive,0.1562,0.1588,3,0.0994,0,0,0,1
0mlygk75z1vc1.webp,9,2,1,1,1.0,adaptive,0.1024,0.1024,1,0.1024,0,0,0,0
0mlygk75z1vc1.webp,9,3,7,7,1.0,adaptive,0.1198,0.1198,1,0.1198,0,0,0,0
0mlygk75z1vc1.webp,9,4,2,2,1.0,adaptive,0.1673,0.1372,1,0.1372,0,0,0,0
0mlygk75z1vc1.webp,9,5,6,6,1.0,adaptive,0.168,0.152,2,0.1158,0,0,0,0
0mlygk75z1vc1.webp,9,6,9,9,1.0,adaptive,0.1775,0.1348,2,0.0998,0,0,0,0
0mlygk75z1vc1.webp,9,7,4,4,1.0,adaptive,0.1388,0.11,2,0.0891,0,0,0,0
0mlygk75z1vc1.webp,9,8,5,5,1.0,adaptive,0.1621,0.1465,1,0.1465,0,0,0,0
0mlygk75z1vc1.webp,9,9,3,3,1.0,adaptive,0.2052,0.1631,1,0.1631,0,0,0,0
0xo17h2se2tc1.webp,1,1,1,1,0.9968,adaptive,0.0998,0.041,1,0.041,0,0,0,0
0xo17h2se2tc1.webp,1,2,9,9,1.0,adaptive,0.1056,0.0758,1,0.0758,0,0,0,0
0xo17h2se2tc1.webp,1,3,7,7,1.0,adaptive,0.1234,0.0544,1,0.0544,0,0,0,0
0xo17h2se2tc1.webp,1,4,6,6,0.9966,adaptive,0.1568,0.076,1,0.076,0,0,0,0
0xo17h2se2tc1.webp,1,5,8,8,1.0,adaptive,0.1425,0.088,1,0.088,0,0,0,0
0xo17h2se2tc1.webp,1,6,3,3,1.0,adaptive,0.1178,0.074,1,0.074,0,0,0,0
0xo17h2se2tc1.webp,1,7,2,2,1.0,adaptive,0.1399,0.0724,1,0.0724,0,0,0,0
0xo17h2se2tc1.webp,1,8,5,5,1.0,adaptive,0.1339,0.0771,1,0.0771,0,0,0,0
0xo17h2se2tc1.webp,1,9,4,4,1.0,adaptive,0.1432,0.0717,1,0.0717,0,0,0,0
0xo17h2se2tc1.webp,2,1,3,3,1.0,adaptive,0.1065,0.0744,1,0.0744,0,0,0,0
0xo17h2se2tc1.webp,2,2,4,4,1.0,adaptive,0.101,0.0751,1,0.0751,0,0,0,0
0xo17h2se2tc1.webp,2,3,2,2,1.0,adaptive,0.1124,0.0712,1,0.0712,0,0,0,0
0xo17h2se2tc1.webp,2,4,9,9,1.0,adaptive,0.1054,0.0758,1,0.0758,0,0,0,0
0xo17h2se2tc1.webp,2,5,1,1,0.9914,adaptive,0.0705,0.0478,1,0.0478,0,0,0,0
0xo17h2se2tc1.webp,2,6,5,5,1.0,adaptive,0.0938,0.0789,1,0.0789,0,0,0,0
0xo17h2se2tc1.webp,2,7,6,6,0.9965,adaptive,0.119,0.0778,1,0.0778,0,0,0,0
0xo17h2se2tc1.webp,2,8,8,8,1.0,adaptive,0.1164,0.0882,1,0.0882,0,0,0,0
0xo17h2se2tc1.webp,2,9,7,7,1.0,adaptive,0.0995,0.0565,1,0.0565,0,0,0,0
0xo17h2se2tc1.webp,3,1,5,5,1.0,adaptive,0.1323,0.0753,1,0.0753,0,0,0,0
0xo17h2se2tc1.webp,3,2,6,6,0.999,adaptive,0.1162,0.076,1,0.076,0,0,0,0
0xo17h2se2tc1.webp,3,3,8,8,1.0,adaptive,0.1428,0.0875,1,0.0875,0,0,0,0
0xo17h2se2tc1.webp,3,4,4,4,1.0,adaptive,0.1399,0.0724,1,0.0724,0,0,0,0
0xo17h2se2tc1.webp,3,5,2,2,1.0,adaptive,0.1131,0.073,1,0.073,0,0,0,0
0xo17h2se2tc1.webp,3,6,7,7,1.0,adaptive,0.0838,0.0541,1,0.0541,0,0,0,0
0xo17h2se2tc1.webp,3,7,9,9,1.0,adaptive,0.1047,0.0764,1,0.0764,0,0,0,0
0xo17h2se2tc1.webp,3,8,1,1,0.9931,adaptive,0.0844,0.0421,1,0.0421,0,0,0,0
0xo17h2se2tc1.webp,3,9,3,3,1.0,adaptive,0.1308,0.074,1,0.074,0,0,0,0
0xo17h2se2tc1.webp,4,1,4,4,1.0,adaptive,0.1279,0.0711,1,0.0711,0,0,0,0
0xo17h2se2tc1.webp,4,3,3,3,1.0,adaptive,0.1283,0.0744,1,0.0744,0,0,0,0
0xo17h2se2tc1.webp,4,4,2,2,1.0,adaptive,0.1156,0.0722,1,0.0722,0,0,0,0
0xo17h2se2tc1.webp,4,5,5,5,1.0,adaptive,0.0907,0.0758,1,0.0758,0,0,0,0
0xo17h2se2tc1.webp,4,6,6,6,0.9878,adaptive,0.1045,0.0751,1,0.0751,0,0,0,0
0xo17h2se2tc1.webp,4,8,9,9,1.0,adaptive,0.0925,0.0773,1,0.0773,0,0,0,0
0xo17h2se2tc1.webp,4,9,1,1,0.9954,adaptive,0.0987,0.0423,1,0.0423,0,0,0,0
0xo17h2se2tc1.webp,5,2,5,5,1.0,adaptive,0.0774,0.0774,1,0.0774,0,0,0,0
0xo17h2se2tc1.webp,5,3,1,1,0.9889,adaptive,0.0626,0.0475,1,0.0475,0,0,0,0
0xo17h2se2tc1.webp,5,5,4,4,1.0,adaptive,0.0771,0.0771,1,0.0771,0,0,0,0
0xo17h2se2tc1.webp,5,6,9,9,1.0,adaptive,0.0911,0.0762,1,0.0762,0,0,0,0
0xo17h2se2tc1.webp,5,8,2,2,1.0,adaptive,0.0891,0.0753,1,0.0753,0,0,0,0
0xo17h2se2tc1.webp,5,9,6,6,0.9938,adaptive,0.1061,0.0762,1,0.0762,0,0,0,0
0xo17h2se2tc1.webp,6,1,9,9,1.0,adaptive,0.1321,0.0746,1,0.0746,0,0,0,0
0xo17h2se2tc1.webp,6,2,2,2,1.0,adaptive,0.1144,0.0726,1,0.0726,0,0,0,0
0xo17h2se2tc1.webp,6,3,6,6,0.9933,adaptive,0.1337,0.0769,1,0.0769,0,0,0,0
0xo17h2se2tc1.webp,6,5,7,7,1.0,adaptive,0.0857,0.0559,1,0.0559,0,0,0,0
0xo17h2se2tc1.webp,6,6,1,1,0.9956,adaptive,0.0844,0.0405,1,0.0405,0,0,0,0
0xo17h2se2tc1.webp,6,8,4,4,1.0,adaptive,0.1171,0.0737,1,0.0737,0,0,0,0
0xo17h2se2tc1.webp,7,6,4,4,1.0,adaptive,0.1141,0.0722,1,0.0722,0,0,0,0
0xo17h2se2tc1.webp,8,3,4,4,1.0,adaptive,0.1054,0.0758,1,0.0758,0,0,0,0
0xo17h2se2tc1.webp,8,6,8,8,1.0,adaptive,0.1027,0.0877,1,0.0877,0,0,0,0
0xo17h2se2tc1.webp,8,7,1,1,0.9895,adaptive,0.0855,0.0434,1,0.0434,0,0,0,0
0xo17h2se2tc1.webp,9,1,6,6,0.9975,adaptive,0.1372,0.076,1,0.076,0,0,0,0
0xo17h2se2tc1.webp,9,5,3,3,1.0,adaptive,0.1185,0.0762,1,0.0762,0,0,0,0
0xo17h2se2tc1.webp,9,6,2,2,1.0,adaptive,0.1165,0.0726,1,0.0726,0,0,0,0
0xo17h2se2tc1.webp,9,7,4,4,1.0,adaptive,0.1285,0.072,1,0.072,0,0,0,0
0xo17h2se2tc1.webp,9,8,7,7,1.0,adaptive,0.0988,0.0554,1,0.0554,0,0,0,0
11t89e5i6eic1.webp,1,2,8,8,1.0,adaptive,0.1278,0.085,1,0.085,0,0,0,0
11t89e5i6eic1.webp,1,3,3,3,1.0,adaptive,0.1417,0.0713,1,0.0713,0,0,0,0
11t89e5i6eic1.webp,1,5,9,9,0.9999,adaptive,0.1402,0.085,1,0.085,0,0,0,0
11t89e5i6eic1.webp,1,6,7,7,1.0,adaptive,0.133,0.0492,1,0.0492,0,0,0,0
11t89e5i6eic1.webp,1,8,5,5,1.0,adaptive,0.133,0.0789,1,0.0789,0,0,0,0
11t89e5i6eic1.webp,1,9,4,4,1.0,adaptive,0.1542,0.0688,1,0.0688,0,0,0,0
11t89e5i6eic1.webp,2,1,9,9,1.0,adaptive,0.1153,0.0853,1,0.0853,0,0,0,0
11t89e5i6eic1.webp,2,3,5,5,1.0,adaptive,0.121,0.078,1,0.078,0,0,0,0
11t89e5i6eic1.webp,2,4,3,3,1.0,adaptive,0.133,0.0739,1,0.0739,0,0,0,0
11t89e5i6eic1.webp,2,5,4,4,1.0,adaptive,0.0872,0.0714,1,0.0714,0,0,0,0
11t89e5i6eic1.webp,2,8,8,8,1.0,adaptive,0.1051,0.0879,1,0.0879,0,0,0,0
11t89e5i6eic1.webp,2,9,7,7,1.0,adaptive,0.0979,0.0518,1,0.0518,0,0,0,0
11t89e5i6eic1.webp,3,1,4,4,1.0,adaptive,0.1328,0.0675,1,0.0675,0,0,0,0
11t89e5i6eic1.webp,3,4,5,5,1.0,adaptive,0.1755,0.0791,1,0.0791,0,0,0,0
11t89e5i6eic1.webp,3,5,6,6,0.9999,adaptive,0.1429,0.0857,1,0.0857,0,0,0,0
11t89e5i6eic1.webp,3,6,8,8,1.0,adaptive,0.1822,0.0847,1,0.0847,0,0,0,0
11t89e5i6eic1.webp,3,7,9,9,1.0,adaptive,0.1662,0.0838,1,0.0838,0,0,0,0
11t89e5i6eic1.webp,3,8,1,1,0.9983,adaptive,0.1,0.0418,1,0.0418,0,0,0,0
11t89e5i6eic1.webp,3,9,3,3,1.0,adaptive,0.1588,0.0726,1,0.0726,0,0,0,0
11t89e5i6eic1.webp,4,2,5,5,1.0,adaptive,0.1454,0.0801,1,0.0801,0,0,0,0
11t89e5i6eic1.webp,4,4,4,4,1.0,adaptive,0.1784,0.0695,1,0.0695,0,0,0,0
11t89e5i6eic1.webp,4,5,7,7,1.0,adaptive,0.123,0.0516,1,0.0516,0,0,0,0
11t89e5i6eic1.webp,4,6,3,3,1.0,adaptive,0.184,0.0744,1,0.0744,0,0,0,0
11t89e5i6eic1.webp,4,7,8,8,1.0,adaptive,0.1787,0.0838,1,0.0838,0,0,0,0
11t89e5i6eic1.webp,4,9,1,1,0.999,adaptive,0.1395,0.0403,1,0.0403,0,0,0,0
11t89e5i6eic1.webp,5,1,8,8,1.0,adaptive,0.1289,0.0855,1,0.0855,0,0,0,0
11t89e5i6eic1.webp,5,5,2,2,1.0,adaptive,0.101,0.0712,1,0.0712,0,0,0,0
11t89e5i6eic1.webp,5,7,3,3,1.0,adaptive,0.1309,0.0739,1,0.0739,0,0,0,0
11t89e5i6eic1.webp,5,8,4,4,1.0,adaptive,0.1001,0.0702,1,0.0702,0,0,0,0
11t89e5i6eic1.webp,5,9,5,5,1.0,adaptive,0.1377,0.0796,1,0.0796,0,0,0,0
11t89e5i6eic1.webp,6,1,3,3,1.0,adaptive,0.1464,0.0737,1,0.0737,0,0,0,0
11t89e5i6eic1.webp,6,2,4,4,1.0,adaptive,0.1282,0.0699,1,0.0699,0,0,0,0
11t89e5i6eic1.webp,6,4,8,8,1.0,adaptive,0.1922,0.0844,1,0.0844,0,0,0,0
11t89e5i6eic1.webp,6,5,5,5,1.0,adaptive,0.1531,0.0819,1,0.0819,0,0,0,0
11t89e5i6eic1.webp,6,7,7,7,1.0,adaptive,0.145,0.0497,1,0.0497,0,0,0,0
11t89e5i6eic1.webp,6,9,6,6,1.0,adaptive,0.1813,0.0842,1,0.0842,0,0,0,0
11t89e5i6eic1.webp,7,1,7,7,1.0,adaptive,0.1129,0.0515,1,0.0515,0,0,0,0
11t89e5i6eic1.webp,7,3,4,4,1.0,adaptive,0.1533,0.0702,1,0.0702,0,0,0,0
11t89e5i6eic1.webp,7,5,1,1,0.9984,adaptive,0.0977,0.04,1,0.04,0,0,0,0
11t89e5i6eic1.webp,7,7,5,5,1.0,adaptive,0.1604,0.0784,1,0.0784,0,0,0,0
11t89e5i6eic1.webp,7,8,3,3,1.0,adaptive,0.1321,0.0744,1,0.0744,0,0,0,0
11t89e5i6eic1.webp,7,9,8,8,1.0,adaptive,0.1702,0.0851,1,0.0851,0,0,0,0
11t89e5i6eic1.webp,8,1,5,5,1.0,adaptive,0.1219,0.0791,1,0.0791,0,0,0,0
11t89e5i6eic1.webp,8,3,8,8,1.0,adaptive,0.1441,0.0864,1,0.0864,0,0,0,0
11t89e5i6eic1.webp,8,4,7,7,1.0,adaptive,0.1219,0.0509,1,0.0509,0,0,0,0
11t89e5i6eic1.webp,8,5,3,3,1.0,adaptive,0.1026,0.0732,1,0.0732,0,0,0,0
11t89e5i6eic1.webp,8,6,4,4,1.0,adaptive,0.1429,0.0708,1,0.0708,0,0,0,0
11t89e5i6eic1.webp,8,7,1,1,0.9992,adaptive,0.0979,0.0403,1,0.0403,0,0,0,0
11t89e5i6eic1.webp,8,8,6,6,0.9999,adaptive,0.1152,0.0856,1,0.0856,0,0,0,0
11t89e5i6eic1.webp,9,2,3,3,1.0,adaptive,0.1192,0.0737,1,0.0737,0,0,0,0
11t89e5i6eic1.webp,9,5,8,8,1.0,adaptive,0.1441,0.0862,1,0.0862,0,0,0,0
11t89e5i6eic1.webp,9,6,5,5,1.0,adaptive,0.1782,0.0798,1,0.0798,0,0,0,0
11t89e5i6eic1.webp,9,7,4,4,1.0,adaptive,0.1513,0.0675,1,0.0675,0,0,0,0
11t89e5i6eic1.webp,9,8,7,7,1.0,adaptive,0.1108,0.0531,1,0.0531,0,0,0,0
1iuo0bn7okyc1.webp,1,1,0,0,0.992,adaptive,0.0593,0.0,0,0.0,0,0,0,0
1iuo0bn7okyc1.webp,1,2,9,9,0.9864,adaptive,0.1526,0.1144,1,0.1144,0,0,0,0
1iuo0bn7okyc1.webp,1,3,0,0,0.992,adaptive,0.0624,0.0,0,0.0,0,0,0,0
1iuo0bn7okyc1.webp,1,4,0,0,0.992,adaptive,0.0599,0.0,0,0.0,0,0,0,0
1iuo0bn7okyc1.webp,1,5,5,5,0.9976,adaptive,0.1307,0.0929,1,0.0929,0,0,0,0
1iuo0bn7okyc1.webp,1,6,0,0,0.992,adaptive,0.0586,0.0,0,0.0,0,0,0,0
1iuo0bn7okyc1.webp,1,7,0,0,0.992,adaptive,0.0588,0.0,0,0.0,0,0,0,0
1iuo0bn7okyc1.webp,1,8,0,0,0.992,adaptive,0.0303,0.0,0,0.0,0,0,0,0
1iuo0bn7okyc1.webp,1,9,1,1,0.9754,adaptive,0.1323,0.0708,1,0.0708,0,0,0,0
1iuo0bn7okyc1.webp,2,1,0,0,0.992,adaptive,0.0301,0.0,0,0.0,0,0,0,0
1iuo0bn7okyc1.webp,2,2,0,0,0.992,adaptive,0.0,0.0,0,0.0,0,0,0,0
1iuo0bn7okyc1.webp,2,3,0,0,0.992,adaptive,0.0314,0.0,0,0.0,0,0,0,0
1iuo0bn7okyc1.webp,2,4,0,0,0.992,adaptive,0.0301,0.0,0,0.0,0,0,0,0
1iuo0bn7okyc1.webp,2,5,0,0,0.992,adaptive,0.0,0.0,0,0.0,0,0,0,0
1iuo0bn7okyc1.webp,2,6,8,8,0.9999,adaptive,0.1637,0.1217,1,0.1217,0,0,0,0
1iuo0bn7okyc1.webp,2,7,2,2,0.9999,adaptive,0.1409,0.097,1,0.097,0,0,0,0
1iuo0bn7okyc1.webp,2,8,0,0,0.992,adaptive,0.0,0.0,0,0.0,0,0,0,0
1iuo0bn7okyc1.webp,2,9,0,0,0.992,adaptive,0.0346,0.0,0,0.0,0,0,0,0
1iuo0bn7okyc1.webp,3,1,0,0,0.992,adaptive,0.0599,0.0,0,0.0,0,0,0,0
1iuo0bn7okyc1.webp,3,2,8,8,1.0,adaptive,0.164,0.1212,1,0.1212,0,0,0,0
1iuo0bn7okyc1.webp,3,3,6,6,0.9998,adaptive,0.1809,0.1129,1,0.1129,0,0,0,0
1iuo0bn7okyc1.webp,3,4,0,0,0.992,adaptive,0.0581,0.0,0,0.0,0,0,0,0
1iuo0bn7okyc1.webp,3,5,0,0,0.992,adaptive,0.0299,0.0,0,0.0,0,0,0,0
1iuo0bn7okyc1.webp,3,6,0,0,0.992,adaptive,0.0579,0.0,0,0.0,0,0,0,0
1iuo0bn7okyc1.webp,3,7,7,7,0.9995,adaptive,0.1457,0.065,1,0.065,0,0,0,0
1iuo0bn7okyc1.webp,3,8,0,0,0.992,adaptive,0.0299,0.0,0,0.0,0,0,0,0
1iuo0bn7okyc1.webp,3,9,0,0,0.992,adaptive,0.0599,0.0,0,0.0,0,0,0,0
1iuo0bn7okyc1.webp,4,1,0,0,0.992,adaptive,0.0633,0.0,0,0.0,0,0,0,0
1iuo0bn7okyc1.webp,4,2,1,1,0.9658,adaptive,0.1097,0.0735,1,0.0735,0,0,0,0
1iuo0bn7okyc1.webp,4,3,0,0,0.992,adaptive,0.059,0.0,0,0.0,0,0,0,0
1iuo0bn7okyc1.webp,4,4,7,7,0.9994,adaptive,0.1308,0.0601,1,0.0601,0,0,0,0
1iuo0bn7okyc1.webp,4,5,0,0,0.992,adaptive,0.0301,0.0,0,0.0,0,0,0,0
1iuo0bn7okyc1.webp,4,6,0,0,0.992,adaptive,0.059,0.0,0,0.0,0,0,0,0
1iuo0bn7okyc1.webp,4,7,0,0,0.992,adaptive,0.0584,0.0,0,0.0,0,0,0,0
1iuo0bn7okyc1.webp,4,8,0,0,0.992,adaptive,0.0299,0.0,0,0.0,0,0,0,0
1iuo0bn7okyc1.webp,4,9,0,0,0.992,adaptive,0.0584,0.0,0,0.0,0,0,0,0
1iuo0bn7okyc1.webp,5,1,9,9,0.9703,adaptive,0.159,0.114,1,0.114,0,0,0,0
1iuo0bn7okyc1.webp,5,2,0,0,0.992,adaptive,0.0,0.0,0,0.0,0,0,0,0
1iuo0bn7okyc1.webp,5,3,3,3,0.9997,adaptive,0.1316,0.0862,2,0.0805,0,0,0,0
1iuo0bn7okyc1.webp,5,4,8,8,1.0,adaptive,0.1649,0.1208,1,0.1208,0,0,0,0
1iuo0bn7okyc1.webp,5,5,0,0,0.992,adaptive,0.0,0.0,0,0.0,0,0,0,0
1iuo0bn7okyc1.webp,5,6,4,4,1.0,adaptive,0.1459,0.1104,1,0.1104,0,0,0,0
1iuo0bn7okyc1.webp,5,7,6,6,0.9996,adaptive,0.1563,0.1162,1,0.1162,0,0,0,0
1iuo0bn7okyc1.webp,5,8,0,0,0.992,adaptive,0.0,0.0,0,0.0,0,0,0,0
1iuo0bn7okyc1.webp,5,9,0,0,0.992,adaptive,0.0301,0.0,0,0.0,0,0,0,0
1iuo0bn7okyc1.webp,6,1,0,0,0.992,adaptive,0.0588,0.0,0,0.0,0,0,0,0
1iuo0bn7okyc1.webp,6,2,0,0,0.992,adaptive,0.0301,0.0,0,0.0,0,0,0,0
1iuo0bn7okyc1.webp,6,3,0,0,0.992,adaptive,0.059,0.0,0,0.0,0,0,0,0
1iuo0bn7okyc1.webp,6,4,0,0,0.992,adaptive,0.061,0.0,0,0.0,0,0,0,0
1iuo0bn7okyc1.webp,6,5,0,0,0.992,adaptive,0.0314,0.0,0,0.0,0,0,0,0
1iuo0bn7okyc1.webp,6,6,0,0,0.992,adaptive,0.0586,0.0,0,0.0,0,0,0,0
1iuo0bn7okyc1.webp,6,7,0,0,0.992,adaptive,0.0584,0.0,0,0.0,0,0,0,0
1iuo0bn7okyc1.webp,6,8,0,0,0.992,adaptive,0.0301,0.0,0,0.0,0,0,0,0
1iuo0bn7okyc1.webp,6,9,0,0,0.992,adaptive,0.0581,0.0,0,0.0,0,0,0,0
1iuo0bn7okyc1.webp,7,1,0,0,0.992,adaptive,0.0581,0.0,0,0.0,0,0,0,0
1iuo0bn7okyc1.webp,7,2,7,7,0.9994,adaptive,0.0986,0.0559,1,0.0559,0,0,0,0
1iuo0bn7okyc1.webp,7,3,0,0,0.992,adaptive,0.0584,0.0,0,0.0,0,0,0,0
1iuo0bn7okyc1.webp,7,4,0,0,0.992,adaptive,0.0584,0.0,0,0.0,0,0,0,0
1iuo0bn7okyc1.webp,7,5,0,0,0.992,adaptive,0.0303,0.0,0,0.0,0,0,0,0
1iuo0bn7okyc1.webp,7,6,0,0,0.992,adaptive,0.0586,0.0,0,0.0,0,0,0,0
1iuo0bn7okyc1.webp,7,7,4,4,1.0,adaptive,0.1713,0.1063,1,0.1063,0,0,0,0
1iuo0bn7okyc1.webp,7,8,5,5,0.9972,adaptive,0.1321,0.0929,1,0.0929,0,0,0,0
1iuo0bn7okyc1.webp,7,9,0,0,0.992,adaptive,0.059,0.0,0,0.0,0,0,0,0
1iuo0bn7okyc1.webp,8,1,0,0,0.992,adaptive,0.0305,0.0,0,0.0,0,0,0,0
1iuo0bn7okyc1.webp,8,2,0,0,0.992,adaptive,0.0002,0.0,0,0.0,0,0,0,0
1iuo0bn7okyc1.webp,8,3,0,0,0.992,adaptive,0.031,0.0,0,0.0,0,0,0,0
1iuo0bn7okyc1.webp,8,4,0,0,0.992,adaptive,0.0314,0.0,0,0.0,0,0,0,0
1iuo0bn7okyc1.webp,8,5,2,2,0.9999,adaptive,0.1134,0.0946,2,0.0863,0,0,0,0
1iuo0bn7okyc1.webp,8,6,9,9,0.9776,adaptive,0.1626,0.1115,1,0.1115,0,0,0,0
1iuo0bn7okyc1.webp,8,7,0,0,0.992,adaptive,0.031,0.0,0,0.0,0,0,0,0
1iuo0bn7okyc1.webp,8,8,0,0,0.992,adaptive,0.0005,0.0,0,0.0,0,0,0,0
1iuo0bn7okyc1.webp,8,9,0,0,0.992,adaptive,0.0299,0.0,0,0.0,0,0,0,0
1iuo0bn7okyc1.webp,9,1,0,0,0.992,adaptive,0.0862,0.0,0,0.0,0,0,0,0
1iuo0bn7okyc1.webp,9,2,0,0,0.992,adaptive,0.0461,0.0,0,0.0,0,0,0,0
1iuo0bn7okyc1.webp,9,3,0,0,0.992,adaptive,0.0733,0.0,0,0.0,0,0,0,0
1iuo0bn7okyc1.webp,9,4,3,3,0.9893,adaptive,0.1697,0.076,2,0.076,1,0,0,0
1iuo0bn7okyc1.webp,9,5,0,0,0.992,adaptive,0.045,0.0,0,0.0,0,0,0,0
1iuo0bn7okyc1.webp,9,6,0,0,0.992,adaptive,0.0813,0.0,0,0.0,0,0,0,0
1iuo0bn7okyc1.webp,9,7,8,8,0.9998,adaptive,0.1796,0.1152,1,0.1152,0,0,0,0
1iuo0bn7okyc1.webp,9,8,2,2,0.9999,adaptive,0.14,0.0902,2,0.0819,0,0,0,0
1iuo0bn7okyc1.webp,9,9,0,0,0.992,adaptive,0.0786,0.0,0,0.0,0,0,0,0
22uovej5g68c1.webp,1,2,6,6,0.9985,adaptive,0.1526,0.0837,1,0.0837,0,0,0,0
22uovej5g68c1.webp,1,3,2,2,1.0,adaptive,0.1591,0.0764,1,0.0764,0,0,0,0
22uovej5g68c1.webp,1,4,3,3,1.0,adaptive,0.1626,0.0795,1,0.0795,0,0,0,0
22uovej5g68c1.webp,1,5,9,9,1.0,adaptive,0.1402,0.083,1,0.083,0,0,0,0
22uovej5g68c1.webp,1,6,4,4,1.0,adaptive,0.1488,0.0773,1,0.0773,0,0,0,0
22uovej5g68c1.webp,1,7,8,8,1.0,adaptive,0.1769,0.0922,1,0.0922,0,0,0,0
22uovej5g68c1.webp,1,9,7,7,1.0,adaptive,0.1432,0.0575,1,0.0575,0,0,0,0
22uovej5g68c1.webp,2,2,3,3,1.0,adaptive,0.1361,0.0826,1,0.0826,0,0,0,0
22uovej5g68c1.webp,2,7,2,2,1.0,adaptive,0.1461,0.0771,1,0.0771,0,0,0,0
22uovej5g68c1.webp,3,2,7,7,1.0,adaptive,0.1135,0.0579,1,0.0579,0,0,0,0
22uovej5g68c1.webp,3,4,2,2,1.0,adaptive,0.1501,0.0777,1,0.0777,0,0,0,0
22uovej5g68c1.webp,3,7,4,4,1.0,adaptive,0.1486,0.0782,1,0.0782,0,0,0,0
22uovej5g68c1.webp,3,9,3,3,1.0,adaptive,0.1533,0.08,1,0.08,0,0,0,0
22uovej5g68c1.webp,4,4,1,1,0.9962,adaptive,0.1321,0.0483,1,0.0483,0,0,0,0
22uovej5g68c1.webp,4,8,3,3,1.0,adaptive,0.1366,0.0794,1,0.0794,0,0,0,0
22uovej5g68c1.webp,5,1,6,6,0.9941,adaptive,0.1368,0.0814,1,0.0814,0,0,0,0
22uovej5g68c1.webp,5,3,9,9,1.0,adaptive,0.1384,0.0819,1,0.0819,0,0,0,0
22uovej5g68c1.webp,5,8,4,4,1.0,adaptive,0.1086,0.0801,1,0.0801,0,0,0,0
22uovej5g68c1.webp,5,9,2,2,1.0,adaptive,0.1359,0.0778,1,0.0778,0,0,0,0
22uovej5g68c1.webp,6,8,8,8,1.0,adaptive,0.1375,0.0943,1,0.0943,0,0,0,0
22uovej5g68c1.webp,7,1,2,2,1.0,adaptive,0.1593,0.0775,1,0.0775,0,0,0,0
22uovej5g68c1.webp,7,4,6,6,0.9987,adaptive,0.1648,0.0822,1,0.0822,0,0,0,0
22uovej5g68c1.webp,7,7,9,9,1.0,adaptive,0.162,0.0822,1,0.0822,0,0,0,0
22uovej5g68c1.webp,7,9,4,4,1.0,adaptive,0.1497,0.0762,1,0.0762,0,0,0,0
22uovej5g68c1.webp,8,5,5,5,1.0,adaptive,0.1139,0.0852,1,0.0852,0,0,0,0
22uovej5g68c1.webp,8,7,6,6,0.9956,adaptive,0.14,0.0832,1,0.0832,0,0,0,0
22uovej5g68c1.webp,8,9,8,8,1.0,adaptive,0.1526,0.0945,1,0.0945,0,0,0,0
22uovej5g68c1.webp,9,2,9,9,1.0,adaptive,0.1375,0.0814,1,0.0814,0,0,0,0
22uovej5g68c1.webp,9,3,6,6,0.9983,adaptive,0.1524,0.0813,1,0.0813,0,0,0,0
22uovej5g68c1.webp,9,4,7,7,1.0,adaptive,0.1283,0.0568,1,0.0568,0,0,0,0
22uovej5g68c1.webp,9,6,8,8,1.0,adaptive,0.1513,0.0922,1,0.0922,0,0,0,0
22uovej5g68c1.webp,9,7,3,3,1.0,adaptive,0.1493,0.078,1,0.078,0,0,0,0
27jk7e1vl0bc1.webp,1,1,0,0,0.992,adaptive,0.0842,0.0,0,0.0,0,0,0,0
27jk7e1vl0bc1.webp,1,2,0,0,0.992,adaptive,0.0816,0.0,0,0.0,0,0,0,0
27jk7e1vl0bc1.webp,1,3,5,5,1.0,adaptive,0.1684,0.0847,1,0.0847,0,0,0,0
27jk7e1vl0bc1.webp,1,4,0,0,0.992,adaptive,0.0951,0.0,0,0.0,0,0,0,0
27jk7e1vl0bc1.webp,1,5,6,6,0.9999,adaptive,0.1732,0.0907,1,0.0907,0,0,0,0
27jk7e1vl0bc1.webp,1,6,0,0,0.992,adaptive,0.0942,0.0,0,0.0,0,0,0,0
27jk7e1vl0bc1.webp,1,7,3,3,1.0,adaptive,0.1767,0.0815,1,0.0815,0,0,0,0
27jk7e1vl0bc1.webp,1,8,2,2,1.0,adaptive,0.1649,0.0825,1,0.0825,0,0,0,0
27jk7e1vl0bc1.webp,1,9,0,0,0.992,adaptive,0.1132,0.0,0,0.0,0,0,0,0
27jk7e1vl0bc1.webp,2,1,0,0,0.992,adaptive,0.0957,0.0,0,0.0,0,0,0,0
27jk7e1vl0bc1.webp,2,2,0,0,0.992,adaptive,0.0829,0.0,0,0.0,0,0,0,0
27jk7e1vl0bc1.webp,2,3,0,0,0.992,adaptive,0.0857,0.0,0,0.0,0,0,0,0
27jk7e1vl0bc1.webp,2,4,3,3,1.0,adaptive,0.1642,0.083,1,0.083,0,0,0,0
27jk7e1vl0bc1.webp,2,5,0,0,0.992,adaptive,0.0847,0.0,0,0.0,0,0,0,0
27jk7e1vl0bc1.webp,2,6,0,0,0.992,adaptive,0.0859,0.0,0,0.0,0,0,0,0
27jk7e1vl0bc1.webp,2,7,0,0,0.992,adaptive,0.0846,0.0,0,0.0,0,0,0,0
27jk7e1vl0bc1.webp,2,8,0,0,0.992,adaptive,0.0824,0.0,0,0.0,0,0,0,0
27jk7e1vl0bc1.webp,2,9,4,4,1.0,adaptive,0.1737,0.0755,1,0.0755,0,0,0,0
27jk7e1vl0bc1.webp,3,1,0,0,0.992,adaptive,0.0978,0.0,0,0.0,0,0,0,0
27jk7e1vl0bc1.webp,3,2,0,0,0.992,adaptive,0.0755,0.0,0,0.0,0,0,0,0
27jk7e1vl0bc1.webp,3,3,0,0,0.992,adaptive,0.0864,0.0,0,0.0,0,0,0,0
27jk7e1vl0bc1.webp,3,4,9,9,0.9999,adaptive,0.1749,0.0902,1,0.0902,0,0,0,0
27jk7e1vl0bc1.webp,3,5,0,0,0.992,adaptive,0.0866,0.0,0,0.0,0,0,0,0
27jk7e1vl0bc1.webp,3,6,7,7,1.0,adaptive,0.1481,0.0626,1,0.0626,0,0,0,0
27jk7e1vl0bc1.webp,3,7,0,0,0.992,adaptive,0.0864,0.0,0,0.0,0,0,0,0
27jk7e1vl0bc1.webp,3,8,0,0,0.992,adaptive,0.0966,0.0,0,0.0,0,0,0,0
27jk7e1vl0bc1.webp,3,9,0,0,0.992,adaptive,0.0994,0.0,0,0.0,0,0,0,0
27jk7e1vl0bc1.webp,4,1,3,3,1.0,adaptive,0.1662,0.0815,1,0.0815,0,0,0,0
27jk7e1vl0bc1.webp,4,2,0,0,0.992,adaptive,0.0844,0.0,0,0.0,0,0,0,0
27jk7e1vl0bc1.webp,4,3,2,2,1.0,adaptive,0.1671,0.0813,1,0.0813,0,0,0,0
27jk7e1vl0bc1.webp,4,4,8,8,1.0,adaptive,0.1787,0.0947,1,0.0947,0,0,0,0
27jk7e1vl0bc1.webp,4,5,0,0,0.992,adaptive,0.0848,0.0,0,0.0,0,0,0,0
27jk7e1vl0bc1.webp,4,6,0,0,0.992,adaptive,0.086,0.0,0,0.0,0,0,0,0
27jk7e1vl0bc1.webp,4,7,0,0,0.992,adaptive,0.0862,0.0,0,0.0,0,0,0,0
27jk7e1vl0bc1.webp,4,8,0,0,0.992,adaptive,0.0834,0.0,0,0.0,0,0,0,0
27jk7e1vl0bc1.webp,4,9,7,7,1.0,adaptive,0.1611,0.0624,1,0.0624,0,0,0,0
27jk7e1vl0bc1.webp,5,1,0,0,0.992,adaptive,0.0844,0.0,0,0.0,0,0,0,0
27jk7e1vl0bc1.webp,5,2,0,0,0.992,adaptive,0.0829,0.0,0,0.0,0,0,0,0
27jk7e1vl0bc1.webp,5,3,7,7,1.0,adaptive,0.1359,0.0638,1,0.0638,0,0,0,0
27jk7e1vl0bc1.webp,5,4,0,0,0.992,adaptive,0.0945,0.0,0,0.0,0,0,0,0
27jk7e1vl0bc1.webp,5,5,0,0,0.992,adaptive,0.0826,0.0,0,0.0,0,0,0,0
27jk7e1vl0bc1.webp,5,6,0,0,0.992,adaptive,0.0844,0.0,0,0.0,0,0,0,0
27jk7e1vl0bc1.webp,5,7,4,4,1.0,adaptive,0.147,0.0767,1,0.0767,0,0,0,0
27jk7e1vl0bc1.webp,5,8,0,0,0.992,adaptive,0.0705,0.0,0,0.0,0,0,0,0
27jk7e1vl0bc1.webp,5,9,5,5,1.0,adaptive,0.1714,0.0857,1,0.0857,0,0,0,0
27jk7e1vl0bc1.webp,6,1,0,0,0.992,adaptive,0.1103,0.0,0,0.0,0,0,0,0
27jk7e1vl0bc1.webp,6,2,9,9,0.9999,adaptive,0.1748,0.0907,1,0.0907,0,0,0,0
27jk7e1vl0bc1.webp,6,3,0,0,0.992,adaptive,0.0989,0.0,0,0.0,0,0,0,0
27jk7e1vl0bc1.webp,6,4,0,0,0.992,adaptive,0.1031,0.0,0,0.0,0,0,0,0
27jk7e1vl0bc1.webp,6,5,0,0,0.992,adaptive,0.0995,0.0,0,0.0,0,0,0,0
27jk7e1vl0bc1.webp,6,6,1,1,1.0,adaptive,0.1455,0.0601,1,0.0601,0,0,0,0
27jk7e1vl0bc1.webp,6,7,0,0,0.992,adaptive,0.0985,0.0,0,0.0,0,0,0,0
27jk7e1vl0bc1.webp,6,8,0,0,0.992,adaptive,0.0977,0.0,0,0.0,0,0,0,0
27jk7e1vl0bc1.webp,6,9,8,8,1.0,adaptive,0.2049,0.0936,1,0.0936,0,0,0,0
27jk7e1vl0bc1.webp,7,1,0,0,0.992,adaptive,0.0971,0.0,0,0.0,0,0,0,0
27jk7e1vl0bc1.webp,7,2,0,0,0.992,adaptive,0.085,0.0,0,0.0,0,0,0,0
27jk7e1vl0bc1.webp,7,3,3,3,1.0,adaptive,0.168,0.082,1,0.082,0,0,0,0
27jk7e1vl0bc1.webp,7,4,0,0,0.992,adaptive,0.0956,0.0,0,0.0,0,0,0,0
27jk7e1vl0bc1.webp,7,5,0,0,0.992,adaptive,0.0848,0.0,0,0.0,0,0,0,0
27jk7e1vl0bc1.webp,7,6,0,0,0.992,adaptive,0.0864,0.0,0,0.0,0,0,0,0
27jk7e1vl0bc1.webp,7,7,0,0,0.992,adaptive,0.0864,0.0,0,0.0,0,0,0,0
27jk7e1vl0bc1.webp,7,8,6,6,0.9999,adaptive,0.1599,0.0911,1,0.0911,0,0,0,0
27jk7e1vl0bc1.webp,7,9,0,0,0.992,adaptive,0.0991,0.0,0,0.0,0,0,0,0
27jk7e1vl0bc1.webp,8,1,0,0,0.992,adaptive,0.0952,0.0,0,0.0,0,0,0,0
27jk7e1vl0bc1.webp,8,2,0,0,0.992,adaptive,0.0723,0.0,0,0.0,0,0,0,0
27jk7e1vl0bc1.webp,8,3,0,0,0.992,adaptive,0.0721,0.0,0,0.0,0,0,0,0
27jk7e1vl0bc1.webp,8,4,0,0,0.992,adaptive,0.0717,0.0,0,0.0,0,0,0,0
27jk7e1vl0bc1.webp,8,5,7,7,1.0,adaptive,0.1348,0.0636,1,0.0636,0,0,0,0
27jk7e1vl0bc1.webp,8,6,0,0,0.992,adaptive,0.0721,0.0,0,0.0,0,0,0,0
27jk7e1vl0bc1.webp,8,7,0,0,0.992,adaptive,0.071,0.0,0,0.0,0,0,0,0
27jk7e1vl0bc1.webp,8,8,0,0,0.992,adaptive,0.0689,0.0,0,0.0,0,0,0,0
27jk7e1vl0bc1.webp,8,9,0,0,0.992,adaptive,0.0859,0.0,0,0.0,0,0,0,0
27jk7e1vl0bc1.webp,9,1,8,8,1.0,adaptive,0.2063,0.0949,1,0.0949,0,0,0,0
27jk7e1vl0bc1.webp,9,2,6,6,0.9999,adaptive,0.1886,0.0909,1,0.0909,0,0,0,0
27jk7e1vl0bc1.webp,9,3,0,0,0.992,adaptive,0.0994,0.0,0,0.0,0,0,0,0
27jk7e1vl0bc1.webp,9,4,0,0,0.992,adaptive,0.0994,0.0,0,0.0,0,0,0,0
27jk7e1vl0bc1.webp,9,5,2,2,1.0,adaptive,0.1811,0.0819,1,0.0819,0,0,0,0
27jk7e1vl0bc1.webp,9,6,0,0,0.992,adaptive,0.0994,0.0,0,0.0,0,0,0,0
27jk7e1vl0bc1.webp,9,7,0,0,0.992,adaptive,0.0996,0.0,0,0.0,0,0,0,0
27jk7e1vl0bc1.webp,9,8,0,0,0.992,adaptive,0.0972,0.0,0,0.0,0,0,0,0
27jk7e1vl0bc1.webp,9,9,0,0,0.992,adaptive,0.1147,0.0,0,0.0,0,0,0,0
2dxjongwg6rc1.webp,1,2,1,1,0.4487,adaptive,0.1832,0.0529,4,0.0393,1,1,0,0
2dxjongwg6rc1.webp,1,6,7,7,0.9769,adaptive,0.1836,0.0691,2,0.0691,0,1,0,0
2dxjongwg6rc1.webp,1,7,5,5,0.9884,adaptive,0.2372,0.121,4,0.086,1,1,0,0
2dxjongwg6rc1.webp,1,9,6,6,0.6063,adaptive,0.2437,0.098,1,0.098,0,0,0,0
2dxjongwg6rc1.webp,2,1,6,6,0.6881,adaptive,0.223,0.1135,4,0.1009,1,1,0,0
2dxjongwg6rc1.webp,2,5,2,2,0.8088,adaptive,0.2036,0.0808,3,0.0608,0,1,0,0
2dxjongwg6rc1.webp,2,6,1,1,0.9796,adaptive,0.1974,0.054,6,0.054,4,1,0,0
2dxjongwg6rc1.webp,3,5,6,4,0.4978,adaptive,0.1687,0.0848,4,0.0348,1,0,0,0
2dxjongwg6rc1.webp,3,6,3,3,0.8814,adaptive,0.2738,0.1731,3,0.0916,1,0,0,0
2dxjongwg6rc1.webp,3,7,2,2,0.97,adaptive,0.2352,0.1192,2,0.1192,0,0,1,0
2dxjongwg6rc1.webp,3,8,1,1,0.9696,adaptive,0.1395,0.0427,2,0.0427,0,1,0,0
2dxjongwg6rc1.webp,3,9,9,9,0.9999,adaptive,0.2609,0.1379,3,0.1314,0,1,0,0
2dxjongwg6rc1.webp,4,2,7,7,0.9999,adaptive,0.2085,0.0669,3,0.0669,1,1,0,0
2dxjongwg6rc1.webp,4,3,5,7,0.5572,adaptive,0.2317,0.0599,5,0.0314,2,1,0,0
2dxjongwg6rc1.webp,4,7,6,5,0.8979,adaptive,0.2814,0.213,2,0.1279,0,0,0,0
2dxjongwg6rc1.webp,5,1,8,8,1.0,adaptive,0.2485,0.1239,3,0.1239,1,1,0,0
2dxjongwg6rc1.webp,5,2,2,2,0.5393,adaptive,0.2117,0.0686,2,0.0686,0,1,0,0
2dxjongwg6rc1.webp,5,3,6,2,0.7323,adaptive,0.2114,0.0785,4,0.0511,1,1,0,0
2dxjongwg6rc1.webp,5,4,1,1,0.9802,adaptive,0.1732,0.0631,2,0.0631,0,0,1,0
2dxjongwg6rc1.webp,5,5,5,9,0.9482,adaptive,0.225,0.1568,3,0.1056,0,0,0,1
2dxjongwg6rc1.webp,5,6,4,4,0.6854,adaptive,0.2512,0.2006,2,0.1165,0,0,0,0
2dxjongwg6rc1.webp,5,9,3,3,0.9091,adaptive,0.2117,0.1092,3,0.0993,0,1,0,0
2dxjongwg6rc1.webp,6,3,3,3,0.8159,adaptive,0.241,0.1593,2,0.0949,0,0,0,0
2dxjongwg6rc1.webp,6,4,7,4,0.7157,adaptive,0.1573,0.1308,2,0.0706,0,0,0,0
2dxjongwg6rc1.webp,6,6,6,6,0.4631,adaptive,0.2268,0.1555,2,0.0835,0,0,0,0
2dxjongwg6rc1.webp,6,8,5,5,0.9998,adaptive,0.2352,0.1226,3,0.1115,0,1,0,0
2dxjongwg6rc1.webp,6,9,2,2,0.6173,adaptive,0.1989,0.0969,4,0.0757,1,1,0,0
2dxjongwg6rc1.webp,7,1,5,5,1.0,adaptive,0.2413,0.1332,4,0.1207,1,1,0,1
2dxjongwg6rc1.webp,7,4,6,9,0.6702,adaptive,0.2796,0.1876,4,0.1219,2,0,0,0
2dxjongwg6rc1.webp,8,5,7,7,0.9999,adaptive,0.1729,0.0985,5,0.0925,3,0,0,0
2dxjongwg6rc1.webp,8,6,5,1,0.9551,adaptive,0.2438,0.0439,4,0.0439,2,0,1,0
2dxjongwg6rc1.webp,8,8,6,6,0.9985,adaptive,0.2029,0.1134,1,0.1134,0,0,0,0
2dxjongwg6rc1.webp,8,9,8,8,0.9999,adaptive,0.2458,0.161,3,0.161,2,0,0,0
2dxjongwg6rc1.webp,9,2,6,6,0.9974,adaptive,0.2216,0.0993,3,0.0993,1,1,0,0
2dxjongwg6rc1.webp,9,3,9,9,0.9997,adaptive,0.2949,0.1477,2,0.1477,0,1,0,0
2dxjongwg6rc1.webp,9,6,8,8,0.9708,adaptive,0.2707,0.1308,4,0.1245,2,0,0,0
2dxjongwg6rc1.webp,9,8,2,2,0.9996,adaptive,0.2517,0.1321,1,0.1321,0,0,0,0
2dxjongwg6rc1.webp,9,9,5,5,0.9994,adaptive,0.2199,0.0936,2,0.0936,1,0,0,0
2jhj80zih6kc1.webp,1,1,3,3,1.0,adaptive,0.1669,0.0806,1,0.0806,0,0,0,0
2jhj80zih6kc1.webp,1,6,7,7,1.0,adaptive,0.1597,0.063,1,0.063,0,0,0,0
2jhj80zih6kc1.webp,1,7,4,4,1.0,adaptive,0.1853,0.0775,1,0.0775,0,0,0,0
2jhj80zih6kc1.webp,2,5,1,1,1.0,adaptive,0.1341,0.0631,1,0.0631,0,0,0,0
2jhj80zih6kc1.webp,2,8,8,8,1.0,adaptive,0.1573,0.0983,1,0.0983,0,0,0,0
2jhj80zih6kc1.webp,2,9,3,3,1.0,adaptive,0.1678,0.0821,1,0.0821,0,0,0,0
2jhj80zih6kc1.webp,3,1,5,5,1.0,adaptive,0.1669,0.0838,1,0.0838,0,0,0,0
2jhj80zih6kc1.webp,3,4,3,3,1.0,adaptive,0.1784,0.0813,1,0.0813,0,0,0,0
2jhj80zih6kc1.webp,3,5,2,2,1.0,adaptive,0.1653,0.081,1,0.081,0,0,0,0
2jhj80zih6kc1.webp,3,7,7,7,1.0,adaptive,0.1599,0.0628,1,0.0628,0,0,0,0
2jhj80zih6kc1.webp,3,9,9,9,0.9999,adaptive,0.2023,0.0911,1,0.0911,0,0,0,0
2jhj80zih6kc1.webp,4,1,9,9,0.9999,adaptive,0.1731,0.0898,1,0.0898,0,0,0,0
2jhj80zih6kc1.webp,4,2,8,8,1.0,adaptive,0.1678,0.0961,1,0.0961,0,0,0,0
2jhj80zih6kc1.webp,4,6,1,1,1.0,adaptive,0.1464,0.0599,1,0.0599,0,0,0,0
2jhj80zih6kc1.webp,4,9,6,6,0.9999,adaptive,0.1867,0.0898,1,0.0898,0,0,0,0
2jhj80zih6kc1.webp,5,6,3,3,1.0,adaptive,0.1542,0.0816,1,0.0816,0,0,0,0
2jhj80zih6kc1.webp,5,9,1,1,1.0,adaptive,0.1479,0.0624,1,0.0624,0,0,0,0
2jhj80zih6kc1.webp,6,2,1,1,1.0,adaptive,0.1192,0.0599,1,0.0599,0,0,0,0
2jhj80zih6kc1.webp,6,8,2,2,1.0,adaptive,0.1563,0.0832,1,0.0832,0,0,0,0
2jhj80zih6kc1.webp,7,1,6,6,1.0,adaptive,0.1858,0.0896,1,0.0896,0,0,0,0
2jhj80zih6kc1.webp,7,2,2,2,1.0,adaptive,0.1558,0.0839,1,0.0839,0,0,0,0
2jhj80zih6kc1.webp,7,3,4,4,1.0,adaptive,0.1611,0.0762,1,0.0762,0,0,0,0
2jhj80zih6kc1.webp,7,4,1,1,1.0,adaptive,0.1539,0.0595,1,0.0595,0,0,0,0
2jhj80zih6kc1.webp,7,5,7,7,1.0,adaptive,0.1472,0.0629,1,0.0629,0,0,0,0
2jhj80zih6kc1.webp,8,2,3,3,1.0,adaptive,0.1674,0.084,1,0.084,0,0,0,0
2jhj80zih6kc1.webp,8,3,9,9,0.9999,adaptive,0.1753,0.0925,1,0.0925,0,0,0,0
2jhj80zih6kc1.webp,8,4,6,6,1.0,adaptive,0.1732,0.0911,1,0.0911,0,0,0,0
2jhj80zih6kc1.webp,9,2,5,5,1.0,adaptive,0.1583,0.0866,1,0.0866,0,0,0,0
2jhj80zih6kc1.webp,9,3,7,7,1.0,adaptive,0.1477,0.0633,1,0.0633,0,0,0,0
2jhj80zih6kc1.webp,9,4,4,4,1.0,adaptive,0.1595,0.0748,1,0.0748,0,0,0,0
2jhj80zih6kc1.webp,9,5,3,3,1.0,adaptive,0.1673,0.0823,1,0.0823,0,0,0,0
3293dcuj1nxc1.webp,1,1,9,9,1.0,adaptive,0.1401,0.0818,1,0.0818,0,0,0,0
3293dcuj1nxc1.webp,1,2,4,4,1.0,adaptive,0.1438,0.078,1,0.078,0,0,0,0
3293dcuj1nxc1.webp,1,3,5,5,1.0,adaptive,0.1635,0.0818,1,0.0818,0,0,0,0
3293dcuj1nxc1.webp,1,4,2,2,1.0,adaptive,0.1617,0.0791,1,0.0791,0,0,0,0
3293dcuj1nxc1.webp,1,5,1,1,0.9953,adaptive,0.1067,0.0513,1,0.0513,0,0,0,0
3293dcuj1nxc1.webp,1,6,8,8,1.0,adaptive,0.1664,0.0958,1,0.0958,0,0,0,0
3293dcuj1nxc1.webp,1,7,6,6,0.996,adaptive,0.164,0.0824,1,0.0824,0,0,0,0
3293dcuj1nxc1.webp,1,8,7,7,1.0,adaptive,0.1133,0.0579,1,0.0579,0,0,0,0
3293dcuj1nxc1.webp,1,9,3,3,1.0,adaptive,0.1653,0.0811,1,0.0811,0,0,0,0
3293dcuj1nxc1.webp,2,1,7,7,1.0,adaptive,0.1248,0.0588,1,0.0588,0,0,0,0
3293dcuj1nxc1.webp,2,2,8,8,1.0,adaptive,0.1458,0.0976,1,0.0976,0,0,0,0
3293dcuj1nxc1.webp,2,3,1,1,0.9968,adaptive,0.1169,0.05,1,0.05,0,0,0,0
3293dcuj1nxc1.webp,2,4,9,9,1.0,adaptive,0.1126,0.0828,1,0.0828,0,0,0,0
3293dcuj1nxc1.webp,2,5,3,3,1.0,adaptive,0.1253,0.0822,1,0.0822,0,0,0,0
3293dcuj1nxc1.webp,2,6,6,6,0.9992,adaptive,0.1411,0.0846,1,0.0846,0,0,0,0
3293dcuj1nxc1.webp,2,7,5,5,1.0,adaptive,0.1522,0.0825,1,0.0825,0,0,0,0
3293dcuj1nxc1.webp,2,8,2,2,1.0,adaptive,0.1237,0.0806,1,0.0806,0,0,0,0
3293dcuj1nxc1.webp,2,9,4,4,1.0,adaptive,0.152,0.0807,1,0.0807,0,0,0,0
3293dcuj1nxc1.webp,3,1,3,3,1.0,adaptive,0.1622,0.08,1,0.08,0,0,0,0
3293dcuj1nxc1.webp,3,2,6,6,0.9991,adaptive,0.1499,0.0848,1,0.0848,0,0,0,0
3293dcuj1nxc1.webp,3,3,2,2,1.0,adaptive,0.1602,0.078,1,0.078,0,0,0,0
3293dcuj1nxc1.webp,3,4,7,7,1.0,adaptive,0.1417,0.0581,1,0.0581,0,0,0,0
3293dcuj1nxc1.webp,3,5,5,5,1.0,adaptive,0.142,0.0844,1,0.0844,0,0,0,0
3293dcuj1nxc1.webp,3,6,4,4,1.0,adaptive,0.1484,0.0764,1,0.0764,0,0,0,0
3293dcuj1nxc1.webp,3,7,9,9,1.0,adaptive,0.1379,0.0815,1,0.0815,0,0,0,0
3293dcuj1nxc1.webp,3,8,8,8,1.0,adaptive,0.1538,0.0959,1,0.0959,0,0,0,0
3293dcuj1nxc1.webp,3,9,1,1,0.9967,adaptive,0.1294,0.0446,1,0.0446,0,0,0,0
3293dcuj1nxc1.webp,4,1,5,5,1.0,adaptive,0.1684,0.0862,1,0.0862,0,0,0,0
3293dcuj1nxc1.webp,4,2,9,9,1.0,adaptive,0.1135,0.0837,1,0.0837,0,0,0,0
3293dcuj1nxc1.webp,4,3,3,3,1.0,adaptive,0.1635,0.0795,1,0.0795,0,0,0,0
3293dcuj1nxc1.webp,4,4,8,8,1.0,adaptive,0.1787,0.0949,1,0.0949,0,0,0,0
3293dcuj1nxc1.webp,4,5,2,2,1.0,adaptive,0.137,0.0791,1,0.0791,0,0,0,0
3293dcuj1nxc1.webp,4,6,1,1,0.9969,adaptive,0.1221,0.0503,1,0.0503,0,0,0,0
3293dcuj1nxc1.webp,4,7,4,4,1.0,adaptive,0.1637,0.0804,1,0.0804,0,0,0,0
3293dcuj1nxc1.webp,4,8,6,6,0.9963,adaptive,0.1427,0.085,1,0.085,0,0,0,0
3293dcuj1nxc1.webp,4,9,7,7,1.0,adaptive,0.1432,0.0584,1,0.0584,0,0,0,0
3293dcuj1nxc1.webp,5,2,2,2,1.0,adaptive,0.1221,0.0794,1,0.0794,0,0,0,0
3293dcuj1nxc1.webp,5,4,3,3,1.0,adaptive,0.1495,0.081,1,0.081,0,0,0,0
3293dcuj1nxc1.webp,5,5,4,4,1.0,adaptive,0.1104,0.0803,1,0.0803,0,0,0,0
3293dcuj1nxc1.webp,5,6,7,7,1.0,adaptive,0.1149,0.0604,1,0.0604,0,0,0,0
3293dcuj1nxc1.webp,5,7,1,1,0.9956,adaptive,0.121,0.0522,1,0.0522,0,0,0,0
3293dcuj1nxc1.webp,5,8,9,9,1.0,adaptive,0.0838,0.0838,1,0.0838,0,0,0,0
3293dcuj1nxc1.webp,5,9,5,5,1.0,adaptive,0.1574,0.0875,1,0.0875,0,0,0,0
3293dcuj1nxc1.webp,6,1,4,4,1.0,adaptive,0.1472,0.0766,1,0.0766,0,0,0,0
3293dcuj1nxc1.webp,6,2,1,1,0.9954,adaptive,0.1185,0.0502,1,0.0502,0,0,0,0
3293dcuj1nxc1.webp,6,3,7,7,1.0,adaptive,0.1428,0.0599,1,0.0599,0,0,0,0
3293dcuj1nxc1.webp,6,7,2,2,1.0,adaptive,0.1599,0.0775,1,0.0775,0,0,0,0
3293dcuj1nxc1.webp,6,8,3,3,1.0,adaptive,0.1368,0.0805,1,0.0805,0,0,0,0
3293dcuj1nxc1.webp,6,9,8,8,1.0,adaptive,0.1724,0.0956,1,0.0956,0,0,0,0
3293dcuj1nxc1.webp,7,2,3,3,1.0,adaptive,0.1515,0.0812,1,0.0812,0,0,0,0
3293dcuj1nxc1.webp,7,4,4,4,1.0,adaptive,0.1579,0.0742,1,0.0742,0,0,0,0
3293dcuj1nxc1.webp,7,5,8,8,1.0,adaptive,0.1545,0.0968,1,0.0968,0,0,0,0
3293dcuj1nxc1.webp,7,7,7,7,1.0,adaptive,0.1401,0.0568,1,0.0568,0,0,0,0
3293dcuj1nxc1.webp,7,9,2,2,1.0,adaptive,0.1593,0.0777,1,0.0777,0,0,0,0
3293dcuj1nxc1.webp,8,1,2,2,1.0,adaptive,0.1327,0.0771,1,0.0771,0,0,0,0
3293dcuj1nxc1.webp,8,3,4,4,1.0,adaptive,0.1334,0.076,1,0.076,0,0,0,0
3293dcuj1nxc1.webp,8,6,3,3,1.0,adaptive,0.1257,0.0819,1,0.0819,0,0,0,0
3293dcuj1nxc1.webp,8,7,8,8,1.0,adaptive,0.1545,0.0972,1,0.0972,0,0,0,0
3293dcuj1nxc1.webp,8,9,9,9,1.0,adaptive,0.1133,0.0834,1,0.0834,0,0,0,0
3293dcuj1nxc1.webp,9,6,2,2,1.0,adaptive,0.139,0.0775,1,0.0775,0,0,0,0
3293dcuj1nxc1.webp,9,7,3,3,1.0,adaptive,0.1519,0.0809,1,0.0809,0,0,0,0
3293dcuj1nxc1.webp,9,8,4,4,1.0,adaptive,0.1212,0.0778,1,0.0778,0,0,0,0
3293dcuj1nxc1.webp,9,9,6,6,0.9944,adaptive,0.1401,0.0811,1,0.0811,0,0,0,0
3ctzs0mzw49c1.webp,1,1,9,9,1.0,adaptive,0.1925,0.1112,1,0.1112,0,0,0,0
3ctzs0mzw49c1.webp,1,4,1,1,0.9989,adaptive,0.1615,0.0615,1,0.0615,0,0,0,0
3ctzs0mzw49c1.webp,1,5,4,4,1.0,adaptive,0.1986,0.0979,2,0.0979,1,0,0,0
3ctzs0mzw49c1.webp,1,8,5,5,1.0,adaptive,0.1355,0.0452,4,0.0452,3,0,0,0
3ctzs0mzw49c1.webp,1,9,7,7,1.0,adaptive,0.1682,0.0733,1,0.0733,0,0,0,0
3ctzs0mzw49c1.webp,2,2,5,5,1.0,adaptive,0.1591,0.0992,1,0.0992,0,0,0,0
3ctzs0mzw49c1.webp,2,6,7,7,1.0,adaptive,0.1583,0.0712,1,0.0712,0,0,0,0
3ctzs0mzw49c1.webp,2,7,2,2,0.9999,adaptive,0.1902,0.0896,1,0.0896,0,0,0,0
3ctzs0mzw49c1.webp,2,9,4,4,1.0,adaptive,0.2047,0.1029,1,0.1029,0,0,0,0
3ctzs0mzw49c1.webp,3,4,5,5,1.0,adaptive,0.153,0.0526,2,0.0526,1,0,0,0
3ctzs0mzw49c1.webp,3,5,8,8,1.0,adaptive,0.2216,0.1232,1,0.1232,0,0,0,0
3ctzs0mzw49c1.webp,4,1,5,5,1.0,adaptive,0.186,0.0969,1,0.0969,0,0,0,0
3ctzs0mzw49c1.webp,4,3,2,2,0.9999,adaptive,0.2009,0.0893,1,0.0893,0,0,0,0
3ctzs0mzw49c1.webp,4,4,7,7,0.9999,adaptive,0.1568,0.0437,1,0.0437,0,0,0,0
3ctzs0mzw49c1.webp,4,5,1,1,0.9891,adaptive,0.1395,0.0265,1,0.0265,0,0,0,0
3ctzs0mzw49c1.webp,4,8,4,4,1.0,adaptive,0.1956,0.0991,1,0.0991,0,0,0,0
3ctzs0mzw49c1.webp,5,4,4,4,1.0,adaptive,0.2015,0.0986,1,0.0986,0,0,0,0
3ctzs0mzw49c1.webp,5,5,5,5,1.0,adaptive,0.1612,0.0514,2,0.0514,1,0,0,0
3ctzs0mzw49c1.webp,5,6,8,8,1.0,adaptive,0.2359,0.1248,1,0.1248,0,0,0,0
3ctzs0mzw49c1.webp,5,8,2,2,0.9995,adaptive,0.1329,0.0452,1,0.0452,0,0,0,0
3ctzs0mzw49c1.webp,6,2,4,4,1.0,adaptive,0.1927,0.104,1,0.104,0,0,0,0
3ctzs0mzw49c1.webp,6,5,2,2,0.997,adaptive,0.1443,0.0396,2,0.0396,1,0,0,0
3ctzs0mzw49c1.webp,6,7,7,7,1.0,adaptive,0.1689,0.0695,1,0.0695,0,0,0,0
3ctzs0mzw49c1.webp,6,9,5,5,1.0,adaptive,0.2105,0.0971,1,0.0971,0,0,0,0
3ctzs0mzw49c1.webp,7,5,3,3,1.0,adaptive,0.1884,0.0905,1,0.0905,0,0,0,0
3ctzs0mzw49c1.webp,7,6,1,1,0.9042,adaptive,0.1325,0.0223,5,0.0223,4,0,0,0
3ctzs0mzw49c1.webp,7,8,7,7,0.9999,adaptive,0.1305,0.0416,3,0.0416,2,0,0,0
3ctzs0mzw49c1.webp,8,1,1,1,0.9989,adaptive,0.1416,0.0563,4,0.0563,3,0,0,0
3ctzs0mzw49c1.webp,8,2,7,7,0.9999,adaptive,0.1302,0.0429,5,0.0429,4,0,0,0
3ctzs0mzw49c1.webp,8,3,8,8,1.0,adaptive,0.2212,0.1255,1,0.1255,0,0,0,0
3ctzs0mzw49c1.webp,8,4,2,2,1.0,adaptive,0.1909,0.0889,1,0.0889,0,0,0,0
3ctzs0mzw49c1.webp,8,6,5,5,1.0,adaptive,0.1418,0.0525,3,0.0525,2,0,0,0
3ctzs0mzw49c1.webp,8,7,4,4,0.9942,adaptive,0.1318,0.0441,1,0.0441,0,0,0,0
3ctzs0mzw49c1.webp,8,8,3,3,1.0,adaptive,0.1818,0.0969,1,0.0969,0,0,0,0
3ctzs0mzw49c1.webp,9,1,6,6,0.9961,adaptive,0.198,0.1116,1,0.1116,0,0,0,0
3ctzs0mzw49c1.webp,9,5,7,7,1.0,adaptive,0.1827,0.0728,1,0.0728,0,0,0,0
3ctzs0mzw49c1.webp,9,6,4,4,1.0,adaptive,0.2045,0.0958,1,0.0958,0,0,0,0
3ctzs0mzw49c1.webp,9,9,2,2,1.0,adaptive,0.1807,0.0907,1,0.0907,0,0,0,0
3dh0e5agwxbc1.webp,1,1,0,0,0.992,adaptive,0.0726,0.0,0,0.0,0,0,0,0
3dh0e5agwxbc1.webp,1,2,7,7,1.0,adaptive,0.1429,0.0631,1,0.0631,0,0,0,0
3dh0e5agwxbc1.webp,1,3,0,0,0.992,adaptive,0.0842,0.0,0,0.0,0,0,0,0
3dh0e5agwxbc1.webp,1,4,4,4,1.0,adaptive,0.1577,0.0755,1,0.0755,0,0,0,0
3dh0e5agwxbc1.webp,1,5,8,8,1.0,adaptive,0.1748,0.0948,1,0.0948,0,0,0,0
3dh0e5agwxbc1.webp,1,6,0,0,0.992,adaptive,0.0967,0.0,0,0.0,0,0,0,0
3dh0e5agwxbc1.webp,1,7,1,1,1.0,adaptive,0.1546,0.0601,1,0.0601,0,0,0,0
3dh0e5agwxbc1.webp,1,8,3,3,1.0,adaptive,0.1549,0.0839,1,0.0839,0,0,0,0
3dh0e5agwxbc1.webp,1,9,0,0,0.992,adaptive,0.1007,0.0,0,0.0,0,0,0,0
3dh0e5agwxbc1.webp,2,1,0,0,0.992,adaptive,0.0948,0.0,0,0.0,0,0,0,0
3dh0e5agwxbc1.webp,2,2,0,0,0.992,adaptive,0.0801,0.0,0,0.0,0,0,0,0
3dh0e5agwxbc1.webp,2,3,0,0,0.992,adaptive,0.0832,0.0,0,0.0,0,0,0,0
3dh0e5agwxbc1.webp,2,4,0,0,0.992,adaptive,0.083,0.0,0,0.0,0,0,0,0
3dh0e5agwxbc1.webp,2,5,0,0,0.992,adaptive,0.093,0.0,0,0.0,0,0,0,0
3dh0e5agwxbc1.webp,2,6,0,0,0.992,adaptive,0.0952,0.0,0,0.0,0,0,0,0
3dh0e5agwxbc1.webp,2,7,0,0,0.992,adaptive,0.0938,0.0,0,0.0,0,0,0,0
3dh0e5agwxbc1.webp,2,8,0,0,0.992,adaptive,0.0824,0.0,0,0.0,0,0,0,0
3dh0e5agwxbc1.webp,2,9,0,0,0.992,adaptive,0.095,0.0,0,0.0,0,0,0,0
3dh0e5agwxbc1.webp,3,1,0,0,0.992,adaptive,0.1005,0.0,0,0.0,0,0,0,0
3dh0e5agwxbc1.webp,3,2,0,0,0.992,adaptive,0.0972,0.0,0,0.0,0,0,0,0
3dh0e5agwxbc1.webp,3,3,0,0,0.992,adaptive,0.0982,0.0,0,0.0,0,0,0,0
3dh0e5agwxbc1.webp,3,4,5,5,1.0,adaptive,0.1836,0.0864,1,0.0864,0,0,0,0
3dh0e5agwxbc1.webp,3,5,6,6,0.9999,adaptive,0.1872,0.0909,1,0.0909,0,0,0,0
3dh0e5agwxbc1.webp,3,6,0,0,0.992,adaptive,0.1116,0.0,0,0.0,0,0,0,0
3dh0e5agwxbc1.webp,3,7,0,0,0.992,adaptive,0.1114,0.0,0,0.0,0,0,0,0
3dh0e5agwxbc1.webp,3,8,8,8,1.0,adaptive,0.1805,0.0963,1,0.0963,0,0,0,0
3dh0e5agwxbc1.webp,3,9,0,0,0.992,adaptive,0.1116,0.0,0,0.0,0,0,0,0
3dh0e5agwxbc1.webp,4,1,0,0,0.992,adaptive,0.0969,0.0,0,0.0,0,0,0,0
3dh0e5agwxbc1.webp,4,2,6,6,1.0,adaptive,0.1685,0.0896,1,0.0896,0,0,0,0
3dh0e5agwxbc1.webp,4,3,0,0,0.992,adaptive,0.0962,0.0,0,0.0,0,0,0,0
3dh0e5agwxbc1.webp,4,4,0,0,0.992,adaptive,0.0936,0.0,0,0.0,0,0,0,0
3dh0e5agwxbc1.webp,4,5,0,0,0.992,adaptive,0.0936,0.0,0,0.0,0,0,0,0
3dh0e5agwxbc1.webp,4,6,8,8,1.0,adaptive,0.1891,0.0924,1,0.0924,0,0,0,0
3dh0e5agwxbc1.webp,4,7,0,0,0.992,adaptive,0.1083,0.0,0,0.0,0,0,0,0
3dh0e5agwxbc1.webp,4,8,7,7,1.0,adaptive,0.1346,0.0645,1,0.0645,0,0,0,0
3dh0e5agwxbc1.webp,4,9,0,0,0.992,adaptive,0.11,0.0,0,0.0,0,0,0,0
3dh0e5agwxbc1.webp,5,1,0,0,0.992,adaptive,0.0706,0.0,0,0.0,0,0,0,0
3dh0e5agwxbc1.webp,5,2,4,4,1.0,adaptive,0.1426,0.0776,1,0.0776,0,0,0,0
3dh0e5agwxbc1.webp,5,3,1,1,0.9999,adaptive,0.1316,0.0615,1,0.0615,0,0,0,0
3dh0e5agwxbc1.webp,5,4,0,0,0.992,adaptive,0.0728,0.0,0,0.0,0,0,0,0
3dh0e5agwxbc1.webp,5,5,0,0,0.992,adaptive,0.0702,0.0,0,0.0,0,0,0,0
3dh0e5agwxbc1.webp,5,6,6,6,1.0,adaptive,0.1725,0.0884,1,0.0884,0,0,0,0
3dh0e5agwxbc1.webp,5,7,0,0,0.992,adaptive,0.0839,0.0,0,0.0,0,0,0,0
3dh0e5agwxbc1.webp,5,8,0,0,0.992,adaptive,0.0815,0.0,0,0.0,0,0,0,0
3dh0e5agwxbc1.webp,5,9,0,0,0.992,adaptive,0.0857,0.0,0,0.0,0,0,0,0
3dh0e5agwxbc1.webp,6,1,0,0,0.992,adaptive,0.0973,0.0,0,0.0,0,0,0,0
3dh0e5agwxbc1.webp,6,2,0,0,0.992,adaptive,0.0995,0.0,0,0.0,0,0,0,0
3dh0e5agwxbc1.webp,6,3,8,8,1.0,adaptive,0.1916,0.0931,1,0.0931,0,0,0,0
3dh0e5agwxbc1.webp,6,4,0,0,0.992,adaptive,0.0996,0.0,0,0.0,0,0,0,0
3dh0e5agwxbc1.webp,6,5,0,0,0.992,adaptive,0.1108,0.0,0,0.0,0,0,0,0
3dh0e5agwxbc1.webp,6,6,0,0,0.992,adaptive,0.1114,0.0,0,0.0,0,0,0,0
3dh0e5agwxbc1.webp,6,7,0,0,0.992,adaptive,0.1123,0.0,0,0.0,0,0,0,0
3dh0e5agwxbc1.webp,6,8,1,1,1.0,adaptive,0.1465,0.0604,1,0.0604,0,0,0,0
3dh0e5agwxbc1.webp,6,9,0,0,0.992,adaptive,0.1121,0.0,0,0.0,0,0,0,0
3dh0e5agwxbc1.webp,7,1,0,0,0.992,adaptive,0.0951,0.0,0,0.0,0,0,0,0
3dh0e5agwxbc1.webp,7,2,9,9,1.0,adaptive,0.1762,0.0896,1,0.0896,0,0,0,0
3dh0e5agwxbc1.webp,7,3,0,0,0.992,adaptive,0.0994,0.0,0,0.0,0,0,0,0
3dh0e5agwxbc1.webp,7,4,3,3,1.0,adaptive,0.1755,0.0818,1,0.0818,0,0,0,0
3dh0e5agwxbc1.webp,7,5,0,0,0.992,adaptive,0.1067,0.0,0,0.0,0,0,0,0
3dh0e5agwxbc1.webp,7,6,0,0,0.992,adaptive,0.1096,0.0,0,0.0,0,0,0,0
3dh0e5agwxbc1.webp,7,7,2,2,1.0,adaptive,0.1762,0.0822,1,0.0822,0,0,0,0
3dh0e5agwxbc1.webp,7,8,0,0,0.992,adaptive,0.1074,0.0,0,0.0,0,0,0,0
3dh0e5agwxbc1.webp,7,9,8,8,1.0,adaptive,0.1914,0.094,1,0.094,0,0,0,0
3dh0e5agwxbc1.webp,8,1,0,0,0.992,adaptive,0.0844,0.0,0,0.0,0,0,0,0
3dh0e5agwxbc1.webp,8,2,0,0,0.992,adaptive,0.0721,0.0,0,0.0,0,0,0,0
3dh0e5agwxbc1.webp,8,3,5,5,1.0,adaptive,0.1581,0.0862,1,0.0862,0,0,0,0
3dh0e5agwxbc1.webp,8,4,0,0,0.992,adaptive,0.081,0.0,0,0.0,0,0,0,0
3dh0e5agwxbc1.webp,8,5,0,0,0.992,adaptive,0.0714,0.0,0,0.0,0,0,0,0
3dh0e5agwxbc1.webp,8,6,2,2,1.0,adaptive,0.166,0.0825,1,0.0825,0,0,0,0
3dh0e5agwxbc1.webp,8,7,0,0,0.992,adaptive,0.0841,0.0,0,0.0,0,0,0,0
3dh0e5agwxbc1.webp,8,8,0,0,0.992,adaptive,0.0705,0.0,0,0.0,0,0,0,0
3dh0e5agwxbc1.webp,8,9,0,0,0.992,adaptive,0.0902,0.0,0,0.0,0,0,0,0
3dh0e5agwxbc1.webp,9,1,4,4,1.0,adaptive,0.1751,0.0746,1,0.0746,0,0,0,0
3dh0e5agwxbc1.webp,9,2,0,0,0.992,adaptive,0.0981,0.0,0,0.0,0,0,0,0
3dh0e5agwxbc1.webp,9,3,0,0,0.992,adaptive,0.0989,0.0,0,0.0,0,0,0,0
3dh0e5agwxbc1.webp,9,4,0,0,0.992,adaptive,0.0994,0.0,0,0.0,0,0,0,0
3dh0e5agwxbc1.webp,9,5,7,7,1.0,adaptive,0.1502,0.064,1,0.064,0,0,0,0
3dh0e5agwxbc1.webp,9,6,0,0,0.992,adaptive,0.1112,0.0,0,0.0,0,0,0,0
3dh0e5agwxbc1.webp,9,7,5,5,1.0,adaptive,0.1963,0.0853,1,0.0853,0,0,0,0
3dh0e5agwxbc1.webp,9,8,0,0,0.992,adaptive,0.0988,0.0,0,0.0,0,0,0,0
3dh0e5agwxbc1.webp,9,9,0,0,0.992,adaptive,0.1245,0.0,0,0.0,0,0,0,0
3k1nn0qr3m8c1.webp,1,1,5,5,1.0,adaptive,0.1653,0.0806,1,0.0806,0,0,0,0
3k1nn0qr3m8c1.webp,1,2,3,3,1.0,adaptive,0.1321,0.0751,1,0.0751,0,0,0,0
3k1nn0qr3m8c1.webp,1,3,1,1,0.9987,adaptive,0.1236,0.0401,1,0.0401,0,0,0,0
3k1nn0qr3m8c1.webp,1,4,7,7,1.0,adaptive,0.1477,0.0517,1,0.0517,0,0,0,0
3k1nn0qr3m8c1.webp,1,5,2,2,1.0,adaptive,0.1284,0.0712,1,0.0712,0,0,0,0
3k1nn0qr3m8c1.webp,1,6,6,6,0.9996,adaptive,0.184,0.0871,1,0.0871,0,0,0,0
3k1nn0qr3m8c1.webp,1,7,9,9,0.9999,adaptive,0.1591,0.0829,1,0.0829,0,0,0,0
3k1nn0qr3m8c1.webp,1,8,8,8,1.0,adaptive,0.1459,0.0877,1,0.0877,0,0,0,0
3k1nn0qr3m8c1.webp,1,9,4,4,1.0,adaptive,0.1657,0.0695,1,0.0695,0,0,0,0
3k1nn0qr3m8c1.webp,2,3,7,7,1.0,adaptive,0.1038,0.0518,1,0.0518,0,0,0,0
3k1nn0qr3m8c1.webp,2,5,9,9,1.0,adaptive,0.118,0.0888,1,0.0888,0,0,0,0
3k1nn0qr3m8c1.webp,3,3,9,9,1.0,adaptive,0.1417,0.0829,1,0.0829,0,0,0,0
3k1nn0qr3m8c1.webp,3,4,3,3,1.0,adaptive,0.1584,0.0746,1,0.0746,0,0,0,0
3k1nn0qr3m8c1.webp,3,8,5,5,1.0,adaptive,0.1257,0.0825,1,0.0825,0,0,0,0
3k1nn0qr3m8c1.webp,4,1,4,4,1.0,adaptive,0.1626,0.0659,1,0.0659,0,0,0,0
3k1nn0qr3m8c1.webp,4,3,6,6,0.9993,adaptive,0.17,0.0858,1,0.0858,0,0,0,0
3k1nn0qr3m8c1.webp,4,5,7,7,1.0,adaptive,0.1251,0.0531,1,0.0531,0,0,0,0
3k1nn0qr3m8c1.webp,4,6,1,1,0.9961,adaptive,0.1557,0.0459,1,0.0459,0,0,0,0
3k1nn0qr3m8c1.webp,4,7,8,8,1.0,adaptive,0.1697,0.086,1,0.086,0,0,0,0
3k1nn0qr3m8c1.webp,5,1,7,7,1.0,adaptive,0.1085,0.0511,1,0.0511,0,0,0,0
3k1nn0qr3m8c1.webp,5,3,3,3,1.0,adaptive,0.1178,0.0742,1,0.0742,0,0,0,0
3k1nn0qr3m8c1.webp,5,9,6,6,1.0,adaptive,0.1456,0.0875,1,0.0875,0,0,0,0
3k1nn0qr3m8c1.webp,6,1,2,2,1.0,adaptive,0.1559,0.072,1,0.072,0,0,0,0
3k1nn0qr3m8c1.webp,6,2,1,1,0.9992,adaptive,0.0977,0.0407,1,0.0407,0,0,0,0
3k1nn0qr3m8c1.webp,6,3,8,8,1.0,adaptive,0.1555,0.0838,1,0.0838,0,0,0,0
3k1nn0qr3m8c1.webp,6,4,9,9,1.0,adaptive,0.1813,0.0849,1,0.0849,0,0,0,0
3k1nn0qr3m8c1.webp,6,5,6,6,0.9991,adaptive,0.1418,0.0844,1,0.0844,0,0,0,0
3k1nn0qr3m8c1.webp,6,6,3,3,1.0,adaptive,0.1697,0.0728,1,0.0728,0,0,0,0
3k1nn0qr3m8c1.webp,6,8,4,4,1.0,adaptive,0.1242,0.0672,1,0.0672,0,0,0,0
3k1nn0qr3m8c1.webp,7,1,9,9,1.0,adaptive,0.1682,0.084,1,0.084,0,0,0,0
3k1nn0qr3m8c1.webp,7,3,2,2,1.0,adaptive,0.1374,0.0664,1,0.0664,0,0,0,0
3k1nn0qr3m8c1.webp,7,8,7,7,1.0,adaptive,0.1092,0.052,1,0.052,0,0,0,0
3k1nn0qr3m8c1.webp,8,1,3,3,1.0,adaptive,0.135,0.0755,1,0.0755,0,0,0,0
3k1nn0qr3m8c1.webp,8,3,4,4,1.0,adaptive,0.1135,0.0706,1,0.0706,0,0,0,0
3k1nn0qr3m8c1.webp,8,8,6,6,0.9999,adaptive,0.1162,0.0868,1,0.0868,0,0,0,0
3k1nn0qr3m8c1.webp,9,1,1,1,0.9981,adaptive,0.1381,0.041,1,0.041,0,0,0,0
3k1nn0qr3m8c1.webp,9,3,5,5,1.0,adaptive,0.1521,0.0793,1,0.0793,0,0,0,0
3q0zct7igerc1.webp,1,1,9,9,1.0,adaptive,0.2038,0.0695,15,0.0695,14,0,0,0
3q0zct7igerc1.webp,1,2,4,4,0.9997,adaptive,0.1712,0.0588,26,0.0588,25,0,0,0
3q0zct7igerc1.webp,1,3,8,8,1.0,adaptive,0.2147,0.078,24,0.078,23,0,0,0
3q0zct7igerc1.webp,1,4,3,3,1.0,adaptive,0.1856,0.0606,37,0.0606,36,0,0,0
3q0zct7igerc1.webp,1,5,7,7,0.9999,adaptive,0.1735,0.0491,40,0.0491,39,0,0,0
3q0zct7igerc1.webp,1,6,2,2,1.0,adaptive,0.2245,0.0586,42,0.0586,41,0,0,0
3q0zct7igerc1.webp,1,7,6,6,0.6579,adaptive,0.2321,0.0742,55,0.0679,53,0,0,0
3q0zct7igerc1.webp,1,8,1,1,0.9975,adaptive,0.2123,0.0545,58,0.0468,56,0,0,1
3q0zct7igerc1.webp,1,9,5,5,1.0,adaptive,0.2005,0.0653,28,0.0653,27,0,0,0
3q0zct7igerc1.webp,2,1,3,3,1.0,adaptive,0.1676,0.0599,22,0.0599,21,0,0,0
3q0zct7igerc1.webp,2,2,7,7,1.0,adaptive,0.1423,0.0491,30,0.0491,29,0,0,0
3q0zct7igerc1.webp,2,3,2,2,1.0,adaptive,0.1721,0.059,39,0.059,38,0,0,0
3q0zct7igerc1.webp,2,4,6,6,0.9706,adaptive,0.1814,0.069,45,0.069,44,0,0,0
3q0zct7igerc1.webp,2,5,1,1,0.9999,adaptive,0.1765,0.0461,56,0.0461,55,0,0,0
3q0zct7igerc1.webp,2,6,5,5,1.0,adaptive,0.2494,0.071,48,0.0651,46,0,0,0
3q0zct7igerc1.webp,2,7,9,9,1.0,adaptive,0.2372,0.0706,42,0.0706,41,0,0,0
3q0zct7igerc1.webp,2,8,4,4,0.9993,adaptive,0.2041,0.0585,61,0.0585,60,0,0,0
3q0zct7igerc1.webp,2,9,8,8,1.0,adaptive,0.1915,0.0742,36,0.0742,35,0,0,0
3q0zct7igerc1.webp,3,1,6,6,0.9862,adaptive,0.1909,0.0671,35,0.0671,34,0,0,0
3q0zct7igerc1.webp,3,2,1,1,1.0,adaptive,0.1538,0.0459,47,0.0459,46,0,0,0
3q0zct7igerc1.webp,3,3,5,5,1.0,adaptive,0.1867,0.0642,42,0.0642,41,0,0,0
3q0zct7igerc1.webp,3,4,9,9,1.0,adaptive,0.1715,0.0684,37,0.0684,36,0,0,0
3q0zct7igerc1.webp,3,5,4,4,0.9999,adaptive,0.1999,0.062,62,0.062,61,0,0,0
3q0zct7igerc1.webp,3,6,8,8,1.0,adaptive,0.2638,0.076,47,0.076,46,0,0,0
3q0zct7igerc1.webp,3,7,3,3,1.0,adaptive,0.2312,0.0655,57,0.0593,55,0,0,0
3q0zct7igerc1.webp,3,8,7,7,0.9999,adaptive,0.2092,0.0484,64,0.0484,63,0,0,0
3q0zct7igerc1.webp,3,9,2,2,1.0,adaptive,0.2038,0.0593,45,0.0593,44,0,0,0
3q0zct7igerc1.webp,4,1,4,4,0.9999,adaptive,0.1689,0.0601,33,0.0601,32,0,0,0
3q0zct7igerc1.webp,4,2,8,8,1.0,adaptive,0.173,0.076,41,0.076,40,0,0,0
3q0zct7igerc1.webp,4,3,3,3,1.0,adaptive,0.1842,0.0595,48,0.0595,47,0,0,0
3q0zct7igerc1.webp,4,4,7,7,0.9999,adaptive,0.1564,0.0477,49,0.0477,48,0,0,0
3q0zct7igerc1.webp,4,5,2,2,1.0,adaptive,0.1798,0.0577,60,0.0577,59,0,0,0
3q0zct7igerc1.webp,4,6,6,6,0.9927,adaptive,0.254,0.0664,51,0.0664,50,0,0,0
3q0zct7igerc1.webp,4,7,1,1,0.9998,adaptive,0.2243,0.0495,61,0.0443,59,0,0,0
3q0zct7igerc1.webp,4,8,5,5,1.0,adaptive,0.2146,0.0617,53,0.0617,52,0,0,0
3q0zct7igerc1.webp,4,9,9,9,1.0,adaptive,0.2014,0.0688,36,0.0688,35,0,0,0
3q0zct7igerc1.webp,5,1,7,7,0.9999,adaptive,0.1524,0.0475,28,0.0475,27,0,0,0
3q0zct7igerc1.webp,5,2,2,2,1.0,adaptive,0.1623,0.0576,52,0.0576,51,0,0,0
3q0zct7igerc1.webp,5,3,6,6,0.9686,adaptive,0.1938,0.0687,48,0.0687,47,0,0,0
3q0zct7igerc1.webp,5,4,1,1,0.9999,adaptive,0.1601,0.0486,55,0.0486,54,0,0,0
3q0zct7igerc1.webp,5,5,5,5,1.0,adaptive,0.1674,0.0638,45,0.0638,44,0,0,0
3q0zct7igerc1.webp,5,6,9,9,1.0,adaptive,0.2309,0.0683,51,0.0683,50,0,0,0
3q0zct7igerc1.webp,5,7,4,4,1.0,adaptive,0.2237,0.0572,63,0.0572,62,0,0,0
3q0zct7igerc1.webp,5,8,8,8,1.0,adaptive,0.2275,0.0742,47,0.0742,46,0,0,0
3q0zct7igerc1.webp,5,9,3,3,1.0,adaptive,0.1859,0.0602,38,0.0602,37,0,0,0
3q0zct7igerc1.webp,6,1,1,1,0.9999,adaptive,0.1597,0.0437,20,0.0437,19,0,0,0
3q0zct7igerc1.webp,6,2,5,5,1.0,adaptive,0.1696,0.0622,32,0.0622,31,0,0,0
3q0zct7igerc1.webp,6,3,9,9,1.0,adaptive,0.1963,0.0666,40,0.0666,39,0,0,0
3q0zct7igerc1.webp,6,4,4,4,0.9997,adaptive,0.1711,0.0555,34,0.0555,33,0,0,0
3q0zct7igerc1.webp,6,5,8,8,1.0,adaptive,0.1848,0.0744,26,0.0744,25,0,0,0
3q0zct7igerc1.webp,6,6,3,3,1.0,adaptive,0.2056,0.0573,37,0.0573,36,0,0,0
3q0zct7igerc1.webp,6,7,7,7,0.9999,adaptive,0.194,0.0461,42,0.0461,41,0,0,0
3q0zct7igerc1.webp,6,8,2,2,1.0,adaptive,0.1904,0.057,48,0.057,47,0,0,0
3q0zct7igerc1.webp,6,9,6,6,0.9922,adaptive,0.1827,0.0666,20,0.0666,19,0,0,0
3q0zct7igerc1.webp,7,1,8,8,1.0,adaptive,0.1793,0.0711,9,0.0711,8,0,0,0
3q0zct7igerc1.webp,7,2,3,3,1.0,adaptive,0.147,0.0581,25,0.0581,24,0,0,0
3q0zct7igerc1.webp,7,3,7,7,1.0,adaptive,0.1479,0.0472,36,0.0472,35,0,0,0
3q0zct7igerc1.webp,7,4,2,2,1.0,adaptive,0.153,0.0537,34,0.0537,33,0,0,0
3q0zct7igerc1.webp,7,5,6,6,0.9923,adaptive,0.1407,0.0681,23,0.0681,22,0,0,0
3q0zct7igerc1.webp,7,6,1,1,0.9999,adaptive,0.1702,0.0434,29,0.0434,28,0,0,0
3q0zct7igerc1.webp,7,7,5,5,1.0,adaptive,0.1729,0.0619,26,0.0619,25,0,0,0
3q0zct7igerc1.webp,7,8,9,9,1.0,adaptive,0.1556,0.0645,26,0.0645,25,0,0,0
3q0zct7igerc1.webp,7,9,4,4,0.9997,adaptive,0.1615,0.0573,21,0.0573,20,0,0,0
3q0zct7igerc1.webp,8,1,2,2,1.0,adaptive,0.1438,0.055,1,0.055,0,0,0,0
3q0zct7igerc1.webp,8,2,6,6,0.9831,adaptive,0.1341,0.067,3,0.067,2,0,0,0
3q0zct7igerc1.webp,8,3,1,1,0.9999,adaptive,0.1291,0.0448,6,0.0448,5,0,0,0
3q0zct7igerc1.webp,8,4,5,5,1.0,adaptive,0.1425,0.0629,8,0.0629,7,0,0,0
3q0zct7igerc1.webp,8,5,9,9,1.0,adaptive,0.146,0.0689,14,0.0689,13,0,0,0
3q0zct7igerc1.webp,8,6,4,4,0.9999,adaptive,0.1551,0.0588,19,0.0588,18,0,0,0
3q0zct7igerc1.webp,8,7,8,8,1.0,adaptive,0.1635,0.0739,29,0.0739,28,0,0,0
3q0zct7igerc1.webp,8,8,3,3,1.0,adaptive,0.1306,0.0595,19,0.0595,18,0,0,0
3q0zct7igerc1.webp,8,9,7,7,0.9999,adaptive,0.1474,0.0482,28,0.0482,27,0,0,0
3q0zct7igerc1.webp,9,1,5,5,1.0,adaptive,0.1689,0.0573,1,0.0573,0,0,0,0
3q0zct7igerc1.webp,9,2,9,9,1.0,adaptive,0.1395,0.0647,1,0.0647,0,0,0,0
3q0zct7igerc1.webp,9,3,4,4,0.9997,adaptive,0.1539,0.0552,1,0.0552,0,0,0,0
3q0zct7igerc1.webp,9,4,8,8,1.0,adaptive,0.149,0.0728,1,0.0728,0,0,0,0
3q0zct7igerc1.webp,9,5,3,3,1.0,adaptive,0.133,0.0572,3,0.0572,2,0,0,0
3q0zct7igerc1.webp,9,6,7,7,0.9999,adaptive,0.1343,0.0452,9,0.0452,8,0,0,0
3q0zct7igerc1.webp,9,7,2,2,1.0,adaptive,0.1386,0.0541,15,0.0541,14,0,0,0
3q0zct7igerc1.webp,9,8,6,6,0.9922,adaptive,0.1465,0.0645,7,0.0645,6,0,0,0
3q0zct7igerc1.webp,9,9,1,1,1.0,adaptive,0.1484,0.0439,13,0.0439,12,0,0,0
48ylf5ehzxnc1.webp,1,1,3,3,1.0,adaptive,0.1303,0.0715,1,0.0715,0,0,0,0
48ylf5ehzxnc1.webp,1,2,9,9,1.0,adaptive,0.1413,0.0848,1,0.0848,0,0,0,0
48ylf5ehzxnc1.webp,1,3,8,8,1.0,adaptive,0.1706,0.0871,1,0.0871,0,0,0,0
48ylf5ehzxnc1.webp,1,4,6,6,1.0,adaptive,0.1824,0.0862,1,0.0862,0,0,0,0
48ylf5ehzxnc1.webp,1,6,7,7,1.0,adaptive,0.147,0.0499,1,0.0499,0,0,0,0
48ylf5ehzxnc1.webp,2,1,2,2,1.0,adaptive,0.1092,0.0706,1,0.0706,0,0,0,0
48ylf5ehzxnc1.webp,2,2,1,1,0.9986,adaptive,0.0549,0.0404,1,0.0404,0,0,0,0
48ylf5ehzxnc1.webp,2,3,7,7,1.0,adaptive,0.1097,0.0538,1,0.0538,0,0,0,0
48ylf5ehzxnc1.webp,2,5,5,5,1.0,adaptive,0.0983,0.0826,1,0.0826,0,0,0,0
48ylf5ehzxnc1.webp,2,7,9,9,1.0,adaptive,0.1309,0.0864,1,0.0864,0,0,0,0
48ylf5ehzxnc1.webp,2,8,6,6,1.0,adaptive,0.1077,0.0872,1,0.0872,0,0,0,0
48ylf5ehzxnc1.webp,2,9,8,8,1.0,adaptive,0.1312,0.0862,1,0.0862,0,0,0,0
48ylf5ehzxnc1.webp,3,1,6,6,0.9999,adaptive,0.1557,0.0822,1,0.0822,0,0,0,0
48ylf5ehzxnc1.webp,3,2,5,5,1.0,adaptive,0.135,0.0789,1,0.0789,0,0,0,0
48ylf5ehzxnc1.webp,3,3,4,4,1.0,adaptive,0.1535,0.0697,1,0.0697,0,0,0,0
48ylf5ehzxnc1.webp,3,6,9,9,1.0,adaptive,0.1827,0.0853,1,0.0853,0,0,0,0
48ylf5ehzxnc1.webp,3,8,3,3,1.0,adaptive,0.1327,0.0753,1,0.0753,0,0,0,0
48ylf5ehzxnc1.webp,4,1,5,5,1.0,adaptive,0.1617,0.0793,1,0.0793,0,0,0,0
48ylf5ehzxnc1.webp,4,2,2,2,1.0,adaptive,0.135,0.0703,1,0.0703,0,0,0,0
48ylf5ehzxnc1.webp,4,3,9,9,0.9999,adaptive,0.1782,0.0855,1,0.0855,0,0,0,0
48ylf5ehzxnc1.webp,4,5,7,7,1.0,adaptive,0.1237,0.0536,1,0.0536,0,0,0,0
48ylf5ehzxnc1.webp,4,6,6,6,0.9999,adaptive,0.1934,0.0842,1,0.0842,0,0,0,0
48ylf5ehzxnc1.webp,4,7,3,3,1.0,adaptive,0.1568,0.074,1,0.074,0,0,0,0
48ylf5ehzxnc1.webp,4,9,1,1,0.9988,adaptive,0.137,0.0401,1,0.0401,0,0,0,0
48ylf5ehzxnc1.webp,5,1,1,1,0.9985,adaptive,0.0821,0.0398,1,0.0398,0,0,0,0
48ylf5ehzxnc1.webp,5,2,4,4,1.0,adaptive,0.0888,0.0732,1,0.0732,0,0,0,0
48ylf5ehzxnc1.webp,5,3,6,6,0.9999,adaptive,0.1409,0.0839,1,0.0839,0,0,0,0
48ylf5ehzxnc1.webp,6,1,8,8,1.0,adaptive,0.1544,0.084,1,0.084,0,0,0,0
48ylf5ehzxnc1.webp,6,2,7,7,1.0,adaptive,0.0961,0.0511,1,0.0511,0,0,0,0
48ylf5ehzxnc1.webp,6,3,3,3,1.0,adaptive,0.1566,0.0726,1,0.0726,0,0,0,0
48ylf5ehzxnc1.webp,6,4,1,1,0.997,adaptive,0.1421,0.0452,1,0.0452,0,0,0,0
48ylf5ehzxnc1.webp,6,9,6,6,0.9999,adaptive,0.1711,0.0851,1,0.0851,0,0,0,0
48ylf5ehzxnc1.webp,7,2,8,8,1.0,adaptive,0.1262,0.0864,1,0.0864,0,0,0,0
48ylf5ehzxnc1.webp,7,5,6,6,0.9998,adaptive,0.1232,0.0821,1,0.0821,0,0,0,0
48ylf5ehzxnc1.webp,7,7,2,2,1.0,adaptive,0.1377,0.0708,1,0.0708,0,0,0,0
48ylf5ehzxnc1.webp,8,2,3,3,1.0,adaptive,0.09,0.0755,1,0.0755,0,0,0,0
48ylf5ehzxnc1.webp,8,5,4,4,1.0,adaptive,0.1022,0.0725,1,0.0725,0,0,0,0
48ylf5ehzxnc1.webp,8,7,6,6,1.0,adaptive,0.1429,0.0857,1,0.0857,0,0,0,0
48ylf5ehzxnc1.webp,9,1,4,4,1.0,adaptive,0.139,0.0673,1,0.0673,0,0,0,0
48ylf5ehzxnc1.webp,9,2,6,6,0.9999,adaptive,0.1262,0.0816,1,0.0816,0,0,0,0
48ylf5ehzxnc1.webp,9,3,2,2,1.0,adaptive,0.1439,0.072,1,0.072,0,0,0,0
48ylf5ehzxnc1.webp,9,4,7,7,1.0,adaptive,0.1495,0.0524,1,0.0524,0,0,0,0
48ylf5ehzxnc1.webp,9,8,1,1,0.9978,adaptive,0.0988,0.0414,1,0.0414,0,0,0,0
4b20ujol35zc1.webp,1,1,8,8,1.0,adaptive,0.1983,0.1662,3,0.1063,0,0,0,1
4b20ujol35zc1.webp,1,2,5,5,1.0,adaptive,0.1655,0.1463,1,0.1463,0,0,0,0
4b20ujol35zc1.webp,1,5,2,2,1.0,adaptive,0.1526,0.1373,1,0.1373,0,0,0,0
4b20ujol35zc1.webp,1,6,9,9,0.9999,adaptive,0.1994,0.1535,2,0.1165,0,0,0,0
4b20ujol35zc1.webp,1,7,7,7,1.0,adaptive,0.1203,0.1025,1,0.1025,0,0,0,0
4b20ujol35zc1.webp,1,8,6,6,1.0,adaptive,0.1497,0.1348,2,0.1006,0,0,0,0
4b20ujol35zc1.webp,2,1,2,2,1.0,adaptive,0.1524,0.1375,1,0.1375,0,0,0,0
4b20ujol35zc1.webp,2,3,7,7,1.0,adaptive,0.1318,0.1045,1,0.1045,0,0,0,0
4b20ujol35zc1.webp,2,4,6,6,1.0,adaptive,0.1658,0.1513,2,0.1156,0,0,0,0
4b20ujol35zc1.webp,2,6,8,8,1.0,adaptive,0.182,0.1556,3,0.097,0,0,0,1
4b20ujol35zc1.webp,2,7,5,5,1.0,adaptive,0.1653,0.1635,1,0.1635,0,0,0,0
4b20ujol35zc1.webp,2,9,9,9,1.0,adaptive,0.166,0.1382,2,0.1036,0,0,0,0
4b20ujol35zc1.webp,3,1,6,6,1.0,adaptive,0.1615,0.1332,2,0.0994,0,0,0,0
4b20ujol35zc1.webp,3,4,7,7,1.0,adaptive,0.1472,0.1192,1,0.1192,0,0,0,0
4b20ujol35zc1.webp,3,6,5,5,1.0,adaptive,0.1905,0.1417,1,0.1417,0,0,0,0
4b20ujol35zc1.webp,3,8,2,2,1.0,adaptive,0.1637,0.1379,1,0.1379,0,0,0,0
4b20ujol35zc1.webp,3,9,8,8,1.0,adaptive,0.1907,0.1528,3,0.0951,0,0,0,1
4b20ujol35zc1.webp,4,1,9,9,1.0,adaptive,0.1802,0.1519,2,0.1154,0,0,0,0
4b20ujol35zc1.webp,4,2,7,7,1.0,adaptive,0.1203,0.1054,1,0.1054,0,0,0,0
4b20ujol35zc1.webp,4,3,2,2,1.0,adaptive,0.1713,0.1328,1,0.1328,0,0,0,0
4b20ujol35zc1.webp,4,4,8,8,1.0,adaptive,0.1784,0.1542,3,0.0947,0,0,0,1
4b20ujol35zc1.webp,4,7,6,6,1.0,adaptive,0.1633,0.1493,2,0.1143,0,0,0,0
4b20ujol35zc1.webp,4,9,5,5,1.0,adaptive,0.1831,0.1437,1,0.1437,0,0,0,0
4b20ujol35zc1.webp,5,1,3,3,0.9999,adaptive,0.1583,0.1434,1,0.1434,0,0,0,0
4b20ujol35zc1.webp,5,2,8,8,1.0,adaptive,0.155,0.1577,3,0.0978,0,0,0,1
4b20ujol35zc1.webp,5,4,5,5,1.0,adaptive,0.1798,0.1649,1,0.1649,0,0,0,0
4b20ujol35zc1.webp,5,5,6,6,1.0,adaptive,0.1371,0.1371,2,0.1024,0,0,0,0
4b20ujol35zc1.webp,5,7,2,2,1.0,adaptive,0.1617,0.1617,1,0.1617,0,0,0,0
4b20ujol35zc1.webp,5,8,9,9,1.0,adaptive,0.1426,0.1426,2,0.1063,0,0,0,0
4b20ujol35zc1.webp,5,9,7,7,1.0,adaptive,0.1343,0.1061,1,0.1061,0,0,0,0
4b20ujol35zc1.webp,6,1,5,5,1.0,adaptive,0.1858,0.1444,1,0.1444,0,0,0,0
4b20ujol35zc1.webp,6,3,6,6,1.0,adaptive,0.1889,0.1357,2,0.1022,0,0,0,0
4b20ujol35zc1.webp,6,4,9,9,1.0,adaptive,0.1775,0.1359,2,0.1018,0,0,0,0
4b20ujol35zc1.webp,6,5,7,7,1.0,adaptive,0.1488,0.1192,1,0.1192,0,0,0,0
4b20ujol35zc1.webp,6,6,2,2,1.0,adaptive,0.1927,0.1379,1,0.1379,0,0,0,0
4b20ujol35zc1.webp,6,8,8,8,1.0,adaptive,0.1825,0.1554,3,0.0975,0,0,0,1
4b20ujol35zc1.webp,7,2,2,2,1.0,adaptive,0.1664,0.156,1,0.156,0,0,0,0
4b20ujol35zc1.webp,7,3,5,5,1.0,adaptive,0.2003,0.1637,1,0.1637,0,0,0,0
4b20ujol35zc1.webp,7,5,9,9,1.0,adaptive,0.1398,0.1384,2,0.1038,0,0,0,0
4b20ujol35zc1.webp,7,7,8,8,1.0,adaptive,0.1481,0.1508,3,0.0936,0,0,0,1
4b20ujol35zc1.webp,7,8,7,7,1.0,adaptive,0.1262,0.1253,1,0.1253,0,0,0,0
4b20ujol35zc1.webp,7,9,6,6,1.0,adaptive,0.1646,0.1354,2,0.1011,0,0,0,0
4b20ujol35zc1.webp,8,2,6,6,1.0,adaptive,0.1566,0.1566,2,0.1198,0,0,0,0
4b20ujol35zc1.webp,8,3,8,8,1.0,adaptive,0.1762,0.1529,3,0.0934,0,0,0,1
4b20ujol35zc1.webp,8,5,5,5,1.0,adaptive,0.1474,0.1474,1,0.1474,0,0,0,0
4b20ujol35zc1.webp,8,6,7,7,1.0,adaptive,0.137,0.1072,1,0.1072,0,0,0,0
4b20ujol35zc1.webp,8,7,9,9,1.0,adaptive,0.1375,0.1373,2,0.1018,0,0,0,0
4b20ujol35zc1.webp,8,8,3,3,0.9998,adaptive,0.1678,0.1678,1,0.1678,0,0,0,0
4b20ujol35zc1.webp,8,9,2,2,1.0,adaptive,0.1644,0.1355,1,0.1355,0,0,0,0
4b20ujol35zc1.webp,9,1,7,7,1.0,adaptive,0.1383,0.1022,1,0.1022,0,0,0,0
4b20ujol35zc1.webp,9,4,2,2,1.0,adaptive,0.1628,0.1348,1,0.1348,0,0,0,0
4b20ujol35zc1.webp,9,5,8,8,1.0,adaptive,0.1961,0.1735,3,0.1131,0,0,0,1
4b20ujol35zc1.webp,9,6,6,6,1.0,adaptive,0.1862,0.1343,2,0.1,0,0,0,0
4b20ujol35zc1.webp,9,7,1,1,1.0,adaptive,0.1435,0.0584,3,0.0483,1,0,0,0
4b20ujol35zc1.webp,9,8,5,5,1.0,adaptive,0.1615,0.145,1,0.145,0,0,0,0
4b20ujol35zc1.webp,9,9,4,4,1.0,adaptive,0.1682,0.1225,2,0.1011,0,0,0,0
4qm37dkpcmkc1.webp,1,1,3,3,0.9998,adaptive,0.1475,0.0838,1,0.0838,0,0,0,0
4qm37dkpcmkc1.webp,1,2,0,0,0.992,adaptive,0.0407,0.0,0,0.0,0,0,0,0
4qm37dkpcmkc1.webp,1,3,6,6,0.9999,adaptive,0.1851,0.1112,1,0.1112,0,0,0,0
4qm37dkpcmkc1.webp,1,4,0,0,0.992,adaptive,0.0684,0.0,0,0.0,0,0,0,0
4qm37dkpcmkc1.webp,1,5,9,9,0.9903,adaptive,0.1619,0.1135,1,0.1135,0,0,0,0
4qm37dkpcmkc1.webp,1,6,0,0,0.992,adaptive,0.0697,0.0,0,0.0,0,0,0,0
4qm37dkpcmkc1.webp,1,7,8,8,0.9999,adaptive,0.1671,0.1161,1,0.1161,0,0,0,0
4qm37dkpcmkc1.webp,1,8,0,0,0.992,adaptive,0.045,0.0,0,0.0,0,0,0,0
4qm37dkpcmkc1.webp,1,9,4,4,1.0,adaptive,0.184,0.1087,1,0.1087,0,0,0,0
4qm37dkpcmkc1.webp,2,1,0,0,0.992,adaptive,0.0303,0.0,0,0.0,0,0,0,0
4qm37dkpcmkc1.webp,2,2,9,9,0.9774,adaptive,0.1249,0.1116,1,0.1116,0,0,0,0
4qm37dkpcmkc1.webp,2,3,0,0,0.992,adaptive,0.0303,0.0,0,0.0,0,0,0,0
4qm37dkpcmkc1.webp,2,4,4,4,1.0,adaptive,0.1472,0.1097,1,0.1097,0,0,0,0
4qm37dkpcmkc1.webp,2,5,6,6,0.9998,adaptive,0.1267,0.1164,1,0.1164,0,0,0,0
4qm37dkpcmkc1.webp,2,6,0,0,0.992,adaptive,0.0301,0.0,0,0.0,0,0,0,0
4qm37dkpcmkc1.webp,2,7,2,2,0.9999,adaptive,0.1511,0.0927,1,0.0927,0,0,0,0
4qm37dkpcmkc1.webp,2,8,0,0,0.992,adaptive,0.2612,0.0,0,0.0,0,0,0,0
4qm37dkpcmkc1.webp,2,9,0,0,0.992,adaptive,0.0448,0.0,0,0.0,0,0,0,0
4qm37dkpcmkc1.webp,3,1,0,0,0.992,adaptive,0.0586,0.0,0,0.0,0,0,0,0
4qm37dkpcmkc1.webp,3,2,0,0,0.992,adaptive,0.0303,0.0,0,0.0,0,0,0,0
4qm37dkpcmkc1.webp,3,3,0,0,0.992,adaptive,0.0588,0.0,0,0.0,0,0,0,0
4qm37dkpcmkc1.webp,3,4,0,0,0.992,adaptive,0.0586,0.0,0,0.0,0,0,0,0
4qm37dkpcmkc1.webp,3,5,0,0,0.992,adaptive,0.0303,0.0,0,0.0,0,0,0,0
4qm37dkpcmkc1.webp,3,6,0,0,0.992,adaptive,0.0588,0.0,0,0.0,0,0,0,0
4qm37dkpcmkc1.webp,3,7,0,0,0.992,adaptive,0.0443,0.0,0,0.0,0,0,0,0
4qm37dkpcmkc1.webp,3,8,0,0,0.992,adaptive,0.0507,0.0,0,0.0,0,0,0,0
4qm37dkpcmkc1.webp,3,9,5,5,0.9966,adaptive,0.1738,0.0893,1,0.0893,0,0,0,0
4qm37dkpcmkc1.webp,4,1,0,0,0.992,adaptive,0.0595,0.0,0,0.0,0,0,0,0
4qm37dkpcmkc1.webp,4,2,0,0,0.992,adaptive,0.031,0.0,0,0.0,0,0,0,0
4qm37dkpcmkc1.webp,4,3,0,0,0.992,adaptive,0.0586,0.0,0,0.0,0,0,0,0
4qm37dkpcmkc1.webp,4,4,0,0,0.992,adaptive,0.0648,0.0,0,0.0,0,0,0,0
4qm37dkpcmkc1.webp,4,5,1,1,0.9669,adaptive,0.1033,0.064,1,0.064,0,0,0,0
4qm37dkpcmkc1.webp,4,6,6,6,0.9999,adaptive,0.1858,0.1127,1,0.1127,0,0,0,0
4qm37dkpcmkc1.webp,4,7,5,5,0.9931,adaptive,0.1557,0.0871,1,0.0871,0,0,0,0
4qm37dkpcmkc1.webp,4,8,0,0,0.992,adaptive,0.0427,0.0,0,0.0,0,0,0,0
4qm37dkpcmkc1.webp,4,9,0,0,0.992,adaptive,0.084,0.0,0,0.0,0,0,0,0
4qm37dkpcmkc1.webp,5,1,0,0,0.992,adaptive,0.0312,0.0,0,0.0,0,0,0,0
4qm37dkpcmkc1.webp,5,2,0,0,0.992,adaptive,0.0005,0.0,0,0.0,0,0,0,0
4qm37dkpcmkc1.webp,5,3,0,0,0.992,adaptive,0.0305,0.0,0,0.0,0,0,0,0
4qm37dkpcmkc1.webp,5,4,2,2,0.9999,adaptive,0.1418,0.0936,2,0.0848,0,0,0,0
4qm37dkpcmkc1.webp,5,5,8,8,0.9999,adaptive,0.1359,0.1198,1,0.1198,0,0,0,0
4qm37dkpcmkc1.webp,5,6,0,0,0.992,adaptive,0.0301,0.0,0,0.0,0,0,0,0
4qm37dkpcmkc1.webp,5,7,4,4,1.0,adaptive,0.1402,0.1047,1,0.1047,0,0,0,0
4qm37dkpcmkc1.webp,5,8,0,0,0.992,adaptive,0.0009,0.0,0,0.0,0,0,0,0
4qm37dkpcmkc1.webp,5,9,0,0,0.992,adaptive,0.045,0.0,0,0.0,0,0,0,0
4qm37dkpcmkc1.webp,6,1,7,7,0.9993,adaptive,0.1388,0.0615,1,0.0615,0,0,0,0
4qm37dkpcmkc1.webp,6,2,0,0,0.992,adaptive,0.0301,0.0,0,0.0,0,0,0,0
4qm37dkpcmkc1.webp,6,3,0,0,0.992,adaptive,0.059,0.0,0,0.0,0,0,0,0
4qm37dkpcmkc1.webp,6,4,0,0,0.992,adaptive,0.0586,0.0,0,0.0,0,0,0,0
4qm37dkpcmkc1.webp,6,5,0,0,0.992,adaptive,0.0301,0.0,0,0.0,0,0,0,0
4qm37dkpcmkc1.webp,6,6,0,0,0.992,adaptive,0.059,0.0,0,0.0,0,0,0,0
4qm37dkpcmkc1.webp,6,7,0,0,0.992,adaptive,0.0561,0.0,0,0.0,0,0,0,0
4qm37dkpcmkc1.webp,6,8,0,0,0.992,adaptive,0.0308,0.0,0,0.0,0,0,0,0
4qm37dkpcmkc1.webp,6,9,0,0,0.992,adaptive,0.0728,0.0,0,0.0,0,0,0,0
4qm37dkpcmkc1.webp,7,1,5,5,0.9934,adaptive,0.149,0.086,1,0.086,0,0,0,0
4qm37dkpcmkc1.webp,7,2,4,4,1.0,adaptive,0.1447,0.1108,1,0.1108,0,0,0,0
4qm37dkpcmkc1.webp,7,3,0,0,0.992,adaptive,0.0566,0.0,0,0.0,0,0,0,0
4qm37dkpcmkc1.webp,7,4,0,0,0.992,adaptive,0.0561,0.0,0,0.0,0,0,0,0
4qm37dkpcmkc1.webp,7,5,0,0,0.992,adaptive,0.0287,0.0,0,0.0,0,0,0,0
4qm37dkpcmkc1.webp,7,6,0,0,0.992,adaptive,0.0506,0.0,0,0.0,0,0,0,0
4qm37dkpcmkc1.webp,7,7,0,0,0.992,adaptive,0.053,0.0,0,0.0,0,0,0,0
4qm37dkpcmkc1.webp,7,8,0,0,0.992,adaptive,0.0283,0.0,0,0.0,0,0,0,0
4qm37dkpcmkc1.webp,7,9,8,8,0.9999,adaptive,0.1956,0.1154,1,0.1154,0,0,0,0
4qm37dkpcmkc1.webp,8,1,6,6,0.9999,adaptive,0.168,0.114,1,0.114,0,0,0,0
4qm37dkpcmkc1.webp,8,2,0,0,0.992,adaptive,0.0135,0.0,0,0.0,0,0,0,0
4qm37dkpcmkc1.webp,8,3,0,0,0.992,adaptive,0.0416,0.0,0,0.0,0,0,0,0
4qm37dkpcmkc1.webp,8,4,0,0,0.992,adaptive,0.0412,0.0,0,0.0,0,0,0,0
4qm37dkpcmkc1.webp,8,5,0,0,0.992,adaptive,0.0032,0.0,0,0.0,0,0,0,0
4qm37dkpcmkc1.webp,8,6,0,0,0.992,adaptive,0.0364,0.0,0,0.0,0,0,0,0
4qm37dkpcmkc1.webp,8,7,0,0,0.992,adaptive,0.0344,0.0,0,0.0,0,0,0,0
4qm37dkpcmkc1.webp,8,8,0,0,0.992,adaptive,0.0067,0.0,0,0.0,0,0,0,0
4qm37dkpcmkc1.webp,8,9,0,0,0.992,adaptive,0.05,0.0,0,0.0,0,0,0,0
4qm37dkpcmkc1.webp,9,1,0,0,0.992,adaptive,0.0586,0.0,0,0.0,0,0,0,0
4qm37dkpcmkc1.webp,9,2,0,0,0.992,adaptive,0.0299,0.0,0,0.0,0,0,0,0
4qm37dkpcmkc1.webp,9,3,7,7,0.9991,adaptive,0.1415,0.0593,1,0.0593,0,0,0,0
4qm37dkpcmkc1.webp,9,4,0,0,0.992,adaptive,0.0584,0.0,0,0.0,0,0,0,0
4qm37dkpcmkc1.webp,9,5,0,0,0.992,adaptive,0.0299,0.0,0,0.0,0,0,0,0
4qm37dkpcmkc1.webp,9,6,2,2,0.9998,adaptive,0.1651,0.0907,1,0.0907,0,0,0,0
4qm37dkpcmkc1.webp,9,7,0,0,0.992,adaptive,0.0702,0.0,0,0.0,0,0,0,0
4qm37dkpcmkc1.webp,9,8,0,0,0.992,adaptive,0.0452,0.0,0,0.0,0,0,0,0
4qm37dkpcmkc1.webp,9,9,9,9,0.9816,adaptive,0.2098,0.1105,1,0.1105,0,0,0,0
4so2hcvzcicc1.webp,1,7,4,4,1.0,adaptive,0.186,0.0742,1,0.0742,0,0,0,0
4so2hcvzcicc1.webp,1,8,9,9,0.9999,adaptive,0.19,0.09,1,0.09,0,0,0,0
4so2hcvzcicc1.webp,1,9,1,1,1.0,adaptive,0.1722,0.0581,1,0.0581,0,0,0,0
4so2hcvzcicc1.webp,2,1,8,8,1.0,adaptive,0.1913,0.0938,1,0.0938,0,0,0,0
4so2hcvzcicc1.webp,2,2,9,9,0.9999,adaptive,0.1747,0.0898,1,0.0898,0,0,0,0
4so2hcvzcicc1.webp,2,3,1,1,0.9999,adaptive,0.1585,0.0606,1,0.0606,0,0,0,0
4so2hcvzcicc1.webp,2,4,3,3,1.0,adaptive,0.1811,0.0819,1,0.0819,0,0,0,0
4so2hcvzcicc1.webp,2,5,4,4,1.0,adaptive,0.1618,0.0774,1,0.0774,0,0,0,0
4so2hcvzcicc1.webp,2,6,7,7,1.0,adaptive,0.1592,0.0611,1,0.0611,0,0,0,0
4so2hcvzcicc1.webp,2,7,6,6,1.0,adaptive,0.199,0.0886,1,0.0886,0,0,0,0
4so2hcvzcicc1.webp,2,8,2,2,1.0,adaptive,0.1818,0.0833,1,0.0833,0,0,0,0
4so2hcvzcicc1.webp,2,9,5,5,1.0,adaptive,0.185,0.0862,1,0.0862,0,0,0,0
4so2hcvzcicc1.webp,3,1,6,6,0.9999,adaptive,0.1862,0.0887,1,0.0887,0,0,0,0
4so2hcvzcicc1.webp,3,3,4,4,1.0,adaptive,0.1865,0.0744,1,0.0744,0,0,0,0
4so2hcvzcicc1.webp,3,7,8,8,1.0,adaptive,0.2049,0.0931,1,0.0931,0,0,0,0
4so2hcvzcicc1.webp,3,8,7,7,1.0,adaptive,0.1624,0.064,1,0.064,0,0,0,0
4so2hcvzcicc1.webp,3,9,3,3,1.0,adaptive,0.1911,0.0793,1,0.0793,0,0,0,0
4so2hcvzcicc1.webp,4,1,3,3,1.0,adaptive,0.166,0.0809,1,0.0809,0,0,0,0
4so2hcvzcicc1.webp,4,4,4,4,1.0,adaptive,0.1811,0.0717,1,0.0717,0,0,0,0
4so2hcvzcicc1.webp,4,5,9,9,0.9999,adaptive,0.1757,0.0893,1,0.0893,0,0,0,0
4so2hcvzcicc1.webp,4,6,5,5,1.0,adaptive,0.1963,0.0844,1,0.0844,0,0,0,0
4so2hcvzcicc1.webp,4,7,2,2,1.0,adaptive,0.1775,0.0798,1,0.0798,0,0,0,0
4so2hcvzcicc1.webp,4,8,1,1,0.9999,adaptive,0.159,0.0604,1,0.0604,0,0,0,0
4so2hcvzcicc1.webp,4,9,6,6,0.9999,adaptive,0.186,0.0871,1,0.0871,0,0,0,0
4so2hcvzcicc1.webp,5,1,4,4,1.0,adaptive,0.182,0.0742,1,0.0742,0,0,0,0
4so2hcvzcicc1.webp,5,3,5,5,1.0,adaptive,0.1832,0.0855,1,0.0855,0,0,0,0
4so2hcvzcicc1.webp,5,5,7,7,1.0,adaptive,0.1618,0.0634,1,0.0634,0,0,0,0
4so2hcvzcicc1.webp,5,7,3,3,1.0,adaptive,0.1777,0.0796,1,0.0796,0,0,0,0
4so2hcvzcicc1.webp,5,8,8,8,1.0,adaptive,0.191,0.0937,1,0.0937,0,0,0,0
4so2hcvzcicc1.webp,5,9,9,9,1.0,adaptive,0.2008,0.0896,1,0.0896,0,0,0,0
4so2hcvzcicc1.webp,6,1,9,9,0.9999,adaptive,0.1862,0.0882,1,0.0882,0,0,0,0
4so2hcvzcicc1.webp,6,2,1,1,0.9998,adaptive,0.1576,0.059,1,0.059,0,0,0,0
4so2hcvzcicc1.webp,6,5,3,3,1.0,adaptive,0.1825,0.0814,1,0.0814,0,0,0,0
4so2hcvzcicc1.webp,6,6,8,8,1.0,adaptive,0.2029,0.092,1,0.092,0,0,0,0
4so2hcvzcicc1.webp,6,7,7,7,1.0,adaptive,0.1751,0.0624,1,0.0624,0,0,0,0
4so2hcvzcicc1.webp,6,8,5,5,1.0,adaptive,0.1852,0.085,1,0.085,0,0,0,0
4so2hcvzcicc1.webp,6,9,4,4,1.0,adaptive,0.1853,0.0733,1,0.0733,0,0,0,0
4so2hcvzcicc1.webp,7,2,4,4,1.0,adaptive,0.1626,0.0764,1,0.0764,0,0,0,0
4so2hcvzcicc1.webp,7,5,2,2,1.0,adaptive,0.1698,0.081,1,0.081,0,0,0,0
4so2hcvzcicc1.webp,7,8,3,3,1.0,adaptive,0.1807,0.081,1,0.081,0,0,0,0
4so2hcvzcicc1.webp,7,9,7,7,1.0,adaptive,0.1726,0.0601,1,0.0601,0,0,0,0
4so2hcvzcicc1.webp,8,4,7,7,1.0,adaptive,0.1621,0.0633,1,0.0633,0,0,0,0
4so2hcvzcicc1.webp,8,6,3,3,1.0,adaptive,0.1811,0.0814,1,0.0814,0,0,0,0
4so2hcvzcicc1.webp,8,7,9,9,0.9999,adaptive,0.1875,0.0884,1,0.0884,0,0,0,0
4so2hcvzcicc1.webp,8,8,4,4,1.0,adaptive,0.1635,0.076,1,0.076,0,0,0,0
4so2hcvzcicc1.webp,8,9,8,8,1.0,adaptive,0.1929,0.0934,1,0.0934,0,0,0,0
4so2hcvzcicc1.webp,9,1,7,7,1.0,adaptive,0.1767,0.0626,1,0.0626,0,0,0,0
4so2hcvzcicc1.webp,9,6,4,4,1.0,adaptive,0.1789,0.072,1,0.072,0,0,0,0
4so2hcvzcicc1.webp,9,8,6,6,1.0,adaptive,0.1884,0.0898,1,0.0898,0,0,0,0
4so2hcvzcicc1.webp,9,9,2,2,1.0,adaptive,0.1994,0.0806,1,0.0806,0,0,0,0
5kkwnia2v9yc1.webp,1,1,8,8,1.0,adaptive,0.3377,0.2504,10,0.1909,7,0,0,1
5kkwnia2v9yc1.webp,1,2,7,7,0.9988,adaptive,0.2938,0.2087,17,0.2087,16,0,0,0
5kkwnia2v9yc1.webp,1,5,1,1,0.9996,adaptive,0.284,0.1732,20,0.1556,18,0,0,0
5kkwnia2v9yc1.webp,1,6,3,3,0.999,adaptive,0.3366,0.2339,9,0.2145,7,0,0,0
5kkwnia2v9yc1.webp,1,7,9,9,0.997,adaptive,0.3729,0.2299,16,0.184,12,0,0,1
5kkwnia2v9yc1.webp,1,8,2,2,0.9999,adaptive,0.3281,0.2218,18,0.2101,15,0,0,0
5kkwnia2v9yc1.webp,2,1,2,2,0.9995,adaptive,0.3514,0.2101,11,0.1637,9,0,0,0
5kkwnia2v9yc1.webp,2,3,9,9,0.9999,adaptive,0.3354,0.2117,13,0.1578,9,0,0,0
5kkwnia2v9yc1.webp,2,4,7,7,1.0,adaptive,0.3338,0.1671,27,0.1296,22,0,0,1
5kkwnia2v9yc1.webp,2,6,6,6,0.9999,adaptive,0.3611,0.2166,17,0.1583,13,0,0,1
5kkwnia2v9yc1.webp,2,8,3,3,0.9942,adaptive,0.3574,0.2096,16,0.1791,10,1,0,1
5kkwnia2v9yc1.webp,2,9,8,8,0.9997,adaptive,0.3648,0.2105,16,0.133,11,1,0,1
5kkwnia2v9yc1.webp,3,4,2,2,0.9962,adaptive,0.3362,0.2192,14,0.1517,11,0,0,1
5kkwnia2v9yc1.webp,3,5,8,8,0.9998,adaptive,0.3327,0.1986,18,0.1049,12,1,0,1
5kkwnia2v9yc1.webp,3,6,9,9,0.9983,adaptive,0.3148,0.2321,11,0.133,6,0,0,1
5kkwnia2v9yc1.webp,3,8,7,7,0.9996,adaptive,0.2931,0.1499,19,0.1153,14,1,0,1
5kkwnia2v9yc1.webp,4,1,9,9,0.999,adaptive,0.3493,0.2388,12,0.2098,10,0,0,0
5kkwnia2v9yc1.webp,4,2,2,2,0.9999,adaptive,0.3412,0.2239,15,0.204,13,0,0,0
5kkwnia2v9yc1.webp,4,3,4,4,0.9999,adaptive,0.2945,0.1869,14,0.1706,12,0,0,0
5kkwnia2v9yc1.webp,4,4,1,1,0.9995,adaptive,0.3007,0.1642,20,0.1432,17,0,0,0
5kkwnia2v9yc1.webp,4,5,6,6,0.9999,adaptive,0.3593,0.2463,13,0.1922,10,0,0,0
5kkwnia2v9yc1.webp,4,6,7,7,0.9987,adaptive,0.2983,0.1916,11,0.1729,9,0,0,0
5kkwnia2v9yc1.webp,4,7,8,8,0.9987,adaptive,0.3622,0.2368,8,0.1686,4,0,0,1
5kkwnia2v9yc1.webp,4,8,5,5,1.0,adaptive,0.3616,0.2402,11,0.2248,9,0,0,0
5kkwnia2v9yc1.webp,4,9,3,3,0.9997,adaptive,0.3308,0.2346,6,0.2346,5,0,0,0
5kkwnia2v9yc1.webp,5,3,8,8,0.9994,adaptive,0.3379,0.2216,11,0.1633,8,0,0,1
5kkwnia2v9yc1.webp,5,5,3,3,0.9991,adaptive,0.3664,0.2247,16,0.205,14,0,0,0
5kkwnia2v9yc1.webp,5,6,2,2,0.9997,adaptive,0.3336,0.2067,10,0.187,8,0,0,0
5kkwnia2v9yc1.webp,5,8,9,9,0.9973,adaptive,0.377,0.2266,15,0.1655,11,0,0,0
5kkwnia2v9yc1.webp,5,9,7,7,0.9998,adaptive,0.3078,0.1845,13,0.1764,11,0,0,0
5kkwnia2v9yc1.webp,6,3,7,7,0.9997,adaptive,0.2885,0.1865,18,0.119,14,0,0,1
5kkwnia2v9yc1.webp,6,4,9,9,0.9991,adaptive,0.3486,0.2375,16,0.1368,9,0,0,1
5kkwnia2v9yc1.webp,6,6,8,8,0.9997,adaptive,0.3094,0.2263,10,0.1187,5,0,0,1
5kkwnia2v9yc1.webp,6,8,1,1,0.991,adaptive,0.2845,0.126,23,0.0961,19,1,0,0
5kkwnia2v9yc1.webp,6,9,2,2,0.999,adaptive,0.3092,0.2254,9,0.1479,7,0,0,0
5kkwnia2v9yc1.webp,7,1,4,4,0.9993,adaptive,0.3221,0.2047,13,0.1889,11,0,0,0
5kkwnia2v9yc1.webp,7,2,9,9,0.9987,adaptive,0.3713,0.2488,11,0.2001,8,0,0,0
5kkwnia2v9yc1.webp,7,3,3,3,0.9995,adaptive,0.3375,0.2283,10,0.2098,8,0,0,0
5kkwnia2v9yc1.webp,7,4,6,6,1.0,adaptive,0.3665,0.2357,12,0.1827,9,0,0,0
5kkwnia2v9yc1.webp,7,5,2,2,0.9995,adaptive,0.3566,0.2282,15,0.2092,13,0,0,0
5kkwnia2v9yc1.webp,7,6,1,1,0.9979,adaptive,0.2798,0.1697,10,0.1504,8,0,0,0
5kkwnia2v9yc1.webp,7,7,7,7,0.9999,adaptive,0.3299,0.1938,14,0.1702,12,0,0,0
5kkwnia2v9yc1.webp,7,8,8,8,0.9999,adaptive,0.3578,0.2458,12,0.1852,9,0,0,1
5kkwnia2v9yc1.webp,7,9,5,5,0.9999,adaptive,0.3529,0.2437,10,0.2437,9,0,0,0
5kkwnia2v9yc1.webp,8,1,6,6,0.9999,adaptive,0.3722,0.2433,10,0.2092,8,0,0,0
5kkwnia2v9yc1.webp,8,2,8,8,0.9996,adaptive,0.3655,0.2346,13,0.1745,10,0,0,1
5kkwnia2v9yc1.webp,8,3,1,1,0.9992,adaptive,0.2922,0.1585,23,0.14,21,0,0,0
5kkwnia2v9yc1.webp,8,4,3,3,0.9998,adaptive,0.3686,0.2255,16,0.1805,12,0,0,1
5kkwnia2v9yc1.webp,8,5,7,7,0.9998,adaptive,0.332,0.1917,20,0.1715,18,0,0,0
5kkwnia2v9yc1.webp,8,6,5,5,0.9999,adaptive,0.3564,0.2255,9,0.2051,7,0,0,0
5kkwnia2v9yc1.webp,8,7,2,2,0.9996,adaptive,0.3693,0.2128,13,0.1884,10,0,0,0
5kkwnia2v9yc1.webp,8,8,4,4,0.9994,adaptive,0.3356,0.1949,20,0.1788,18,0,0,0
5kkwnia2v9yc1.webp,8,9,9,9,0.9992,adaptive,0.3458,0.2379,7,0.2087,5,0,0,0
5kkwnia2v9yc1.webp,9,1,7,7,0.9999,adaptive,0.3036,0.1579,16,0.1198,13,1,0,1
5kkwnia2v9yc1.webp,9,2,5,5,0.9999,adaptive,0.346,0.1967,14,0.1653,10,1,0,1
5kkwnia2v9yc1.webp,9,3,2,2,0.9983,adaptive,0.321,0.2292,11,0.1526,7,0,0,1
5kkwnia2v9yc1.webp,9,4,8,8,0.9995,adaptive,0.3558,0.2032,14,0.1196,7,1,0,1
5kkwnia2v9yc1.webp,9,5,9,9,0.9996,adaptive,0.3503,0.199,20,0.1346,15,1,0,1
5kkwnia2v9yc1.webp,9,6,4,4,0.9997,adaptive,0.2907,0.1905,12,0.1221,8,0,0,1
5kkwnia2v9yc1.webp,9,7,3,3,0.9986,adaptive,0.3513,0.1983,11,0.1588,6,1,0,1
5kkwnia2v9yc1.webp,9,8,6,6,0.9999,adaptive,0.3639,0.2038,17,0.1547,13,1,0,0
5kkwnia2v9yc1.webp,9,9,1,1,0.9999,adaptive,0.264,0.1704,15,0.0936,12,0,0,0
5levn2dsa29c1.webp,1,1,6,6,1.0,adaptive,0.1562,0.0884,1,0.0884,0,0,0,0
5levn2dsa29c1.webp,1,2,7,7,1.0,adaptive,0.0932,0.0507,1,0.0507,0,0,0,0
5levn2dsa29c1.webp,1,3,4,4,1.0,adaptive,0.1366,0.0671,1,0.0671,0,0,0,0
5levn2dsa29c1.webp,1,4,2,2,1.0,adaptive,0.1513,0.0691,1,0.0691,0,0,0,0
5levn2dsa29c1.webp,1,5,9,9,0.9999,adaptive,0.1452,0.0891,1,0.0891,0,0,0,0
5levn2dsa29c1.webp,1,6,8,8,1.0,adaptive,0.1591,0.0889,1,0.0889,0,0,0,0
5levn2dsa29c1.webp,1,9,5,5,1.0,adaptive,0.1631,0.0802,1,0.0802,0,0,0,0
5levn2dsa29c1.webp,2,1,2,2,1.0,adaptive,0.1108,0.0681,1,0.0681,0,0,0,0
5levn2dsa29c1.webp,2,2,1,1,0.9997,adaptive,0.0546,0.0399,1,0.0399,0,0,0,0
5levn2dsa29c1.webp,2,4,7,7,1.0,adaptive,0.1083,0.0518,1,0.0518,0,0,0,0
5levn2dsa29c1.webp,2,5,5,5,1.0,adaptive,0.1109,0.0826,1,0.0826,0,0,0,0
5levn2dsa29c1.webp,2,7,4,4,1.0,adaptive,0.1085,0.0663,1,0.0663,0,0,0,0
5levn2dsa29c1.webp,2,9,9,9,1.0,adaptive,0.1459,0.0882,1,0.0882,0,0,0,0
5levn2dsa29c1.webp,3,1,5,5,1.0,adaptive,0.139,0.0804,1,0.0804,0,0,0,0
5levn2dsa29c1.webp,3,3,9,9,0.9999,adaptive,0.1468,0.0882,1,0.0882,0,0,0,0
5levn2dsa29c1.webp,3,4,1,1,0.9996,adaptive,0.1114,0.0403,1,0.0403,0,0,0,0
5levn2dsa29c1.webp,3,6,4,4,1.0,adaptive,0.1272,0.0686,1,0.0686,0,0,0,0
5levn2dsa29c1.webp,3,8,2,2,1.0,adaptive,0.1126,0.0697,1,0.0697,0,0,0,0
5levn2dsa29c1.webp,3,9,7,7,1.0,adaptive,0.1152,0.0517,1,0.0517,0,0,0,0
5levn2dsa29c1.webp,4,2,9,9,0.9999,adaptive,0.1386,0.0859,1,0.0859,0,0,0,0
5levn2dsa29c1.webp,4,5,4,4,1.0,adaptive,0.1135,0.0703,1,0.0703,0,0,0,0
5levn2dsa29c1.webp,4,6,1,1,0.9995,adaptive,0.0987,0.0408,1,0.0408,0,0,0,0
5levn2dsa29c1.webp,4,7,2,2,1.0,adaptive,0.1243,0.0675,1,0.0675,0,0,0,0
5levn2dsa29c1.webp,4,9,3,3,1.0,adaptive,0.1452,0.0746,1,0.0746,0,0,0,0
5levn2dsa29c1.webp,5,3,2,2,1.0,adaptive,0.1117,0.0681,1,0.0681,0,0,0,0
5levn2dsa29c1.webp,5,6,9,9,1.0,adaptive,0.1307,0.0873,1,0.0873,0,0,0,0
5levn2dsa29c1.webp,5,9,4,4,1.0,adaptive,0.1262,0.0683,1,0.0683,0,0,0,0
5levn2dsa29c1.webp,6,2,4,4,1.0,adaptive,0.1135,0.0676,1,0.0676,0,0,0,0
5levn2dsa29c1.webp,6,6,2,2,1.0,adaptive,0.1234,0.0646,1,0.0646,0,0,0,0
5levn2dsa29c1.webp,6,8,9,9,0.9999,adaptive,0.128,0.0848,1,0.0848,0,0,0,0
5levn2dsa29c1.webp,6,9,8,8,1.0,adaptive,0.1591,0.0871,1,0.0871,0,0,0,0
5levn2dsa29c1.webp,7,1,4,4,1.0,adaptive,0.1334,0.0653,1,0.0653,0,0,0,0
5levn2dsa29c1.webp,7,2,2,2,1.0,adaptive,0.1242,0.0706,1,0.0706,0,0,0,0
5levn2dsa29c1.webp,7,6,5,5,1.0,adaptive,0.1439,0.0746,1,0.0746,0,0,0,0
5levn2dsa29c1.webp,7,7,9,9,1.0,adaptive,0.1504,0.086,1,0.086,0,0,0,0
5levn2dsa29c1.webp,7,8,7,7,1.0,adaptive,0.0923,0.0475,1,0.0475,0,0,0,0
5levn2dsa29c1.webp,7,9,1,1,0.9997,adaptive,0.1005,0.0425,1,0.0425,0,0,0,0
5levn2dsa29c1.webp,8,1,9,9,0.9999,adaptive,0.1427,0.0875,1,0.0875,0,0,0,0
5levn2dsa29c1.webp,8,2,5,5,1.0,adaptive,0.1214,0.0817,1,0.0817,0,0,0,0
5levn2dsa29c1.webp,8,3,1,1,0.9998,adaptive,0.0905,0.0353,1,0.0353,0,0,0,0
5levn2dsa29c1.webp,8,4,4,4,1.0,adaptive,0.1402,0.0721,1,0.0721,0,0,0,0
5levn2dsa29c1.webp,8,5,2,2,1.0,adaptive,0.1164,0.0746,1,0.0746,0,0,0,0
5levn2dsa29c1.webp,8,6,7,7,1.0,adaptive,0.1038,0.0477,1,0.0477,0,0,0,0
5levn2dsa29c1.webp,8,9,6,6,0.9999,adaptive,0.1379,0.0884,1,0.0884,0,0,0,0
5levn2dsa29c1.webp,9,4,9,9,0.9999,adaptive,0.1744,0.0891,1,0.0891,0,0,0,0
5levn2dsa29c1.webp,9,5,1,1,0.9997,adaptive,0.0986,0.0407,1,0.0407,0,0,0,0
5levn2dsa29c1.webp,9,7,5,5,1.0,adaptive,0.1466,0.0751,1,0.0751,0,0,0,0
5levn2dsa29c1.webp,9,8,4,4,1.0,adaptive,0.128,0.0701,1,0.0701,0,0,0,0
5levn2dsa29c1.webp,9,9,2,2,1.0,adaptive,0.1417,0.0693,1,0.0693,0,0,0,0
5nvtt5361hpc1.webp,1,1,5,5,1.0,adaptive,0.164,0.0806,1,0.0806,0,0,0,0
5nvtt5361hpc1.webp,1,2,1,1,0.9961,adaptive,0.0966,0.04,1,0.04,0,0,0,0
5nvtt5361hpc1.webp,1,3,3,3,1.0,adaptive,0.1562,0.0724,1,0.0724,0,0,0,0
5nvtt5361hpc1.webp,1,4,6,6,1.0,adaptive,0.1408,0.0831,1,0.0831,0,0,0,0
5nvtt5361hpc1.webp,1,5,7,7,1.0,adaptive,0.1074,0.0504,1,0.0504,0,0,0,0
5nvtt5361hpc1.webp,1,6,2,2,1.0,adaptive,0.1408,0.0697,1,0.0697,0,0,0,0
5nvtt5361hpc1.webp,1,7,9,9,1.0,adaptive,0.1642,0.0818,1,0.0818,0,0,0,0
5nvtt5361hpc1.webp,1,8,8,8,1.0,adaptive,0.1422,0.0848,1,0.0848,0,0,0,0
5nvtt5361hpc1.webp,1,9,4,4,1.0,adaptive,0.1528,0.0691,1,0.0691,0,0,0,0
5nvtt5361hpc1.webp,2,1,6,6,1.0,adaptive,0.1131,0.0832,1,0.0832,0,0,0,0
5nvtt5361hpc1.webp,2,2,9,9,0.9999,adaptive,0.1001,0.0856,1,0.0856,0,0,0,0
5nvtt5361hpc1.webp,2,3,4,4,1.0,adaptive,0.111,0.0669,1,0.0669,0,0,0,0
5nvtt5361hpc1.webp,2,4,8,8,1.0,adaptive,0.1434,0.0848,1,0.0848,0,0,0,0
5nvtt5361hpc1.webp,2,5,3,3,1.0,adaptive,0.0879,0.0732,1,0.0732,0,0,0,0
5nvtt5361hpc1.webp,2,6,1,1,0.9971,adaptive,0.0796,0.0412,1,0.0412,0,0,0,0
5nvtt5361hpc1.webp,2,7,2,2,1.0,adaptive,0.1131,0.0685,1,0.0685,0,0,0,0
5nvtt5361hpc1.webp,2,8,5,5,1.0,adaptive,0.1088,0.0799,1,0.0799,0,0,0,0
5nvtt5361hpc1.webp,2,9,7,7,1.0,adaptive,0.0977,0.0525,1,0.0525,0,0,0,0
5nvtt5361hpc1.webp,3,1,8,8,1.0,adaptive,0.1684,0.0844,1,0.0844,0,0,0,0
5nvtt5361hpc1.webp,3,2,7,7,1.0,adaptive,0.107,0.0504,1,0.0504,0,0,0,0
5nvtt5361hpc1.webp,3,3,2,2,1.0,adaptive,0.1519,0.0677,1,0.0677,0,0,0,0
5nvtt5361hpc1.webp,3,4,5,5,1.0,adaptive,0.1733,0.0773,1,0.0773,0,0,0,0
5nvtt5361hpc1.webp,3,5,4,4,1.0,adaptive,0.1246,0.0676,1,0.0676,0,0,0,0
5nvtt5361hpc1.webp,3,6,9,9,1.0,adaptive,0.1604,0.0829,1,0.0829,0,0,0,0
5nvtt5361hpc1.webp,3,7,6,6,1.0,adaptive,0.1256,0.082,1,0.082,0,0,0,0
5nvtt5361hpc1.webp,3,8,1,1,0.9984,adaptive,0.0979,0.0405,1,0.0405,0,0,0,0
5nvtt5361hpc1.webp,3,9,3,3,1.0,adaptive,0.1559,0.0722,1,0.0722,0,0,0,0
5nvtt5361hpc1.webp,4,1,4,4,1.0,adaptive,0.1608,0.0648,1,0.0648,0,0,0,0
5nvtt5361hpc1.webp,4,2,0,0,0.992,adaptive,0.0697,0.0,0,0.0,0,0,0,0
5nvtt5361hpc1.webp,4,3,9,9,0.9999,adaptive,0.1773,0.0815,1,0.0815,0,0,0,0
5nvtt5361hpc1.webp,4,4,1,1,0.997,adaptive,0.1274,0.0441,1,0.0441,0,0,0,0
5nvtt5361hpc1.webp,4,5,5,5,1.0,adaptive,0.1232,0.0782,1,0.0782,0,0,0,0
5nvtt5361hpc1.webp,4,6,7,7,1.0,adaptive,0.1308,0.0486,1,0.0486,0,0,0,0
5nvtt5361hpc1.webp,4,7,8,8,1.0,adaptive,0.1762,0.0815,1,0.0815,0,0,0,0
5nvtt5361hpc1.webp,4,8,0,0,0.992,adaptive,0.0717,0.0,0,0.0,0,0,0,0
5nvtt5361hpc1.webp,4,9,2,2,1.0,adaptive,0.1651,0.0677,1,0.0677,0,0,0,0
5nvtt5361hpc1.webp,5,1,2,2,1.0,adaptive,0.1097,0.0663,1,0.0663,0,0,0,0
5nvtt5361hpc1.webp,5,2,8,8,1.0,adaptive,0.0875,0.087,1,0.087,0,0,0,0
5nvtt5361hpc1.webp,5,3,1,1,0.9982,adaptive,0.0796,0.04,1,0.04,0,0,0,0
5nvtt5361hpc1.webp,5,4,3,3,1.0,adaptive,0.1171,0.0724,1,0.0724,0,0,0,0
5nvtt5361hpc1.webp,5,5,9,9,1.0,adaptive,0.0918,0.0868,1,0.0868,0,0,0,0
5nvtt5361hpc1.webp,5,6,6,6,0.9999,adaptive,0.1131,0.0832,1,0.0832,0,0,0,0
5nvtt5361hpc1.webp,5,7,7,7,1.0,adaptive,0.0816,0.0504,1,0.0504,0,0,0,0
5nvtt5361hpc1.webp,5,8,4,4,1.0,adaptive,0.0856,0.0705,1,0.0705,0,0,0,0
5nvtt5361hpc1.webp,5,9,5,5,1.0,adaptive,0.1219,0.0787,1,0.0787,0,0,0,0
5nvtt5361hpc1.webp,6,1,7,7,1.0,adaptive,0.1334,0.0497,1,0.0497,0,0,0,0
5nvtt5361hpc1.webp,6,2,0,0,0.992,adaptive,0.0559,0.0,0,0.0,0,0,0,0
5nvtt5361hpc1.webp,6,3,5,5,1.0,adaptive,0.1628,0.0791,1,0.0791,0,0,0,0
5nvtt5361hpc1.webp,6,4,2,2,1.0,adaptive,0.1513,0.0673,1,0.0673,0,0,0,0
5nvtt5361hpc1.webp,6,5,8,8,1.0,adaptive,0.1264,0.0825,1,0.0825,0,0,0,0
5nvtt5361hpc1.webp,6,6,4,4,1.0,adaptive,0.1441,0.0653,1,0.0653,0,0,0,0
5nvtt5361hpc1.webp,6,7,1,1,0.9991,adaptive,0.1225,0.0401,1,0.0401,0,0,0,0
5nvtt5361hpc1.webp,6,8,9,9,0.9999,adaptive,0.1404,0.0834,1,0.0834,0,0,0,0
5nvtt5361hpc1.webp,6,9,0,0,0.992,adaptive,0.0847,0.0,0,0.0,0,0,0,0
5nvtt5361hpc1.webp,7,1,9,9,1.0,adaptive,0.1657,0.0829,1,0.0829,0,0,0,0
5nvtt5361hpc1.webp,7,2,2,2,1.0,adaptive,0.1251,0.0687,1,0.0687,0,0,0,0
5nvtt5361hpc1.webp,7,3,6,6,0.9998,adaptive,0.1239,0.08,1,0.08,0,0,0,0
5nvtt5361hpc1.webp,7,4,4,4,1.0,adaptive,0.1637,0.0688,1,0.0688,0,0,0,0
5nvtt5361hpc1.webp,7,5,1,1,0.9986,adaptive,0.097,0.0396,1,0.0396,0,0,0,0
5nvtt5361hpc1.webp,7,6,5,5,1.0,adaptive,0.1548,0.0762,1,0.0762,0,0,0,0
5nvtt5361hpc1.webp,7,7,3,3,1.0,adaptive,0.1546,0.072,1,0.072,0,0,0,0
5nvtt5361hpc1.webp,7,8,7,7,1.0,adaptive,0.1092,0.0513,1,0.0513,0,0,0,0
5nvtt5361hpc1.webp,7,9,8,8,1.0,adaptive,0.1682,0.0849,1,0.0849,0,0,0,0
5nvtt5361hpc1.webp,8,1,1,1,0.997,adaptive,0.0979,0.0403,1,0.0403,0,0,0,0
5nvtt5361hpc1.webp,8,2,5,5,1.0,adaptive,0.1049,0.0803,1,0.0803,0,0,0,0
5nvtt5361hpc1.webp,8,3,8,8,1.0,adaptive,0.1427,0.085,1,0.085,0,0,0,0
5nvtt5361hpc1.webp,8,4,7,7,1.0,adaptive,0.1221,0.0504,1,0.0504,0,0,0,0
5nvtt5361hpc1.webp,8,5,6,6,1.0,adaptive,0.0843,0.0843,1,0.0843,0,0,0,0
5nvtt5361hpc1.webp,8,6,3,3,1.0,adaptive,0.1298,0.0735,1,0.0735,0,0,0,0
5nvtt5361hpc1.webp,8,7,4,4,1.0,adaptive,0.1262,0.0687,1,0.0687,0,0,0,0
5nvtt5361hpc1.webp,8,8,2,2,1.0,adaptive,0.1012,0.0716,1,0.0716,0,0,0,0
5nvtt5361hpc1.webp,8,9,9,9,1.0,adaptive,0.1395,0.0828,1,0.0828,0,0,0,0
5nvtt5361hpc1.webp,9,1,3,3,1.0,adaptive,0.1457,0.0708,1,0.0708,0,0,0,0
5nvtt5361hpc1.webp,9,2,4,4,1.0,adaptive,0.1142,0.0699,1,0.0699,0,0,0,0
5nvtt5361hpc1.webp,9,3,7,7,1.0,adaptive,0.1276,0.0506,1,0.0506,0,0,0,0
5nvtt5361hpc1.webp,9,4,9,9,1.0,adaptive,0.1789,0.082,1,0.082,0,0,0,0
5nvtt5361hpc1.webp,9,5,2,2,1.0,adaptive,0.1264,0.0697,1,0.0697,0,0,0,0
5nvtt5361hpc1.webp,9,6,8,8,1.0,adaptive,0.1669,0.0833,1,0.0833,0,0,0,0
5nvtt5361hpc1.webp,9,7,5,5,1.0,adaptive,0.1626,0.0786,1,0.0786,0,0,0,0
5nvtt5361hpc1.webp,9,8,6,6,0.9998,adaptive,0.1257,0.081,1,0.081,0,0,0,0
5nvtt5361hpc1.webp,9,9,1,1,0.9977,adaptive,0.1245,0.039,1,0.039,0,0,0,0
5wh6lxdeiwsc1.webp,1,1,2,6,0.6494,adaptive,0.2651,0.1865,2,0.1459,0,0,0,0
5wh6lxdeiwsc1.webp,1,2,3,3,0.9931,adaptive,0.254,0.1816,3,0.1147,1,0,0,0
5wh6lxdeiwsc1.webp,1,3,9,9,0.9897,adaptive,0.2439,0.1642,13,0.108,10,0,0,0
5wh6lxdeiwsc1.webp,1,4,1,1,0.9964,adaptive,0.2043,0.0446,20,0.0446,18,1,0,0
5wh6lxdeiwsc1.webp,1,5,5,5,1.0,adaptive,0.2488,0.0871,22,0.0871,20,1,0,0
5wh6lxdeiwsc1.webp,1,6,8,8,0.9999,adaptive,0.2085,0.0702,21,0.0702,20,0,0,0
5wh6lxdeiwsc1.webp,1,7,7,7,0.9989,adaptive,0.2299,0.0691,25,0.0691,23,1,0,0
5wh6lxdeiwsc1.webp,1,8,6,6,0.9992,adaptive,0.2827,0.0877,21,0.0877,19,1,0,0
5wh6lxdeiwsc1.webp,1,9,4,4,0.9905,adaptive,0.2887,0.1617,15,0.1047,13,0,0,0
5wh6lxdeiwsc1.webp,2,1,7,7,0.9815,adaptive,0.2406,0.1479,2,0.1049,0,0,0,0
5wh6lxdeiwsc1.webp,2,2,5,5,0.9994,adaptive,0.2174,0.1715,3,0.0925,1,0,0,0
5wh6lxdeiwsc1.webp,2,3,4,4,0.8619,adaptive,0.2637,0.1694,13,0.1011,11,0,0,0
5wh6lxdeiwsc1.webp,2,4,9,9,0.9998,adaptive,0.2372,0.0753,12,0.0753,10,1,0,0
5wh6lxdeiwsc1.webp,2,5,3,3,1.0,adaptive,0.2495,0.0826,18,0.0826,16,1,0,0
5wh6lxdeiwsc1.webp,2,6,6,6,0.9999,adaptive,0.2166,0.0624,32,0.0624,31,0,0,0
5wh6lxdeiwsc1.webp,2,7,1,1,0.5606,adaptive,0.2166,0.0253,36,0.0253,34,1,0,0
5wh6lxdeiwsc1.webp,2,8,2,2,1.0,adaptive,0.2266,0.0767,22,0.0767,20,1,0,0
5wh6lxdeiwsc1.webp,2,9,8,8,1.0,adaptive,0.2397,0.0721,16,0.0721,14,1,0,0
5wh6lxdeiwsc1.webp,3,1,1,1,0.4399,adaptive,0.2303,0.1399,3,0.1072,1,0,0,0
5wh6lxdeiwsc1.webp,3,2,6,9,0.7724,adaptive,0.2374,0.1628,6,0.0823,4,0,0,0
5wh6lxdeiwsc1.webp,3,3,8,3,0.5409,adaptive,0.2978,0.072,10,0.072,7,2,0,0
5wh6lxdeiwsc1.webp,3,4,4,4,1.0,adaptive,0.2595,0.0735,10,0.0735,8,1,0,0
5wh6lxdeiwsc1.webp,3,5,7,7,0.5489,adaptive,0.2553,0.0717,24,0.0635,22,0,0,0
5wh6lxdeiwsc1.webp,3,6,2,2,1.0,adaptive,0.2464,0.0786,22,0.0786,21,0,0,0
5wh6lxdeiwsc1.webp,3,7,9,9,0.992,adaptive,0.2548,0.0539,26,0.0539,24,1,0,0
5wh6lxdeiwsc1.webp,3,8,5,5,1.0,adaptive,0.2397,0.0758,21,0.0758,19,1,0,0
5wh6lxdeiwsc1.webp,3,9,3,3,1.0,adaptive,0.2283,0.0677,18,0.0677,16,1,0,0
5wh6lxdeiwsc1.webp,4,1,0,0,0.8909,adaptive,0.2217,0.1,2,0.1,1,0,0,0
5wh6lxdeiwsc1.webp,4,2,7,4,0.9015,adaptive,0.1886,0.1325,5,0.0796,3,0,0,0
5wh6lxdeiwsc1.webp,4,3,3,3,0.996,adaptive,0.262,0.1896,6,0.1156,4,0,0,0
5wh6lxdeiwsc1.webp,4,4,6,6,0.9986,adaptive,0.2457,0.072,20,0.072,18,1,0,0
5wh6lxdeiwsc1.webp,4,5,0,0,0.992,adaptive,0.1879,0.0,43,0.0,43,0,0,0
5wh6lxdeiwsc1.webp,4,6,4,4,1.0,adaptive,0.2105,0.072,19,0.072,17,1,0,0
5wh6lxdeiwsc1.webp,4,7,5,5,1.0,adaptive,0.2649,0.0809,25,0.0809,23,1,0,0
5wh6lxdeiwsc1.webp,4,8,1,1,0.9991,adaptive,0.1936,0.0427,23,0.0427,21,1,0,0
5wh6lxdeiwsc1.webp,4,9,2,2,1.0,adaptive,0.247,0.0688,16,0.0688,14,1,0,0
5wh6lxdeiwsc1.webp,5,1,5,5,1.0,adaptive,0.2702,0.0663,2,0.0663,0,1,0,0
5wh6lxdeiwsc1.webp,5,2,4,4,0.9994,adaptive,0.2165,0.0576,5,0.0576,3,1,0,0
5wh6lxdeiwsc1.webp,5,3,1,1,0.8048,adaptive,0.2526,0.1515,7,0.1036,5,0,0,0
5wh6lxdeiwsc1.webp,5,4,7,7,1.0,adaptive,0.223,0.0611,16,0.0611,14,1,0,0
5wh6lxdeiwsc1.webp,5,5,2,2,1.0,adaptive,0.2523,0.0826,15,0.0826,14,0,0,0
5wh6lxdeiwsc1.webp,5,6,3,3,0.9996,adaptive,0.2223,0.0602,24,0.0602,23,0,0,0
5wh6lxdeiwsc1.webp,5,7,6,6,0.9981,adaptive,0.2546,0.066,21,0.066,20,0,0,0
5wh6lxdeiwsc1.webp,5,8,8,8,1.0,adaptive,0.2461,0.0879,14,0.0879,13,0,0,0
5wh6lxdeiwsc1.webp,5,9,9,9,0.9934,adaptive,0.2469,0.0577,25,0.0577,24,0,0,0
5wh6lxdeiwsc1.webp,6,1,0,0,0.9,adaptive,0.1876,0.076,5,0.076,4,0,0,0
5wh6lxdeiwsc1.webp,6,2,2,2,1.0,adaptive,0.2311,0.0635,2,0.0635,0,1,0,0
5wh6lxdeiwsc1.webp,6,3,6,6,0.82,adaptive,0.2762,0.1693,4,0.0962,2,0,0,0
5wh6lxdeiwsc1.webp,6,4,5,5,1.0,adaptive,0.2535,0.0818,6,0.0818,4,1,0,0
5wh6lxdeiwsc1.webp,6,5,0,0,0.992,adaptive,0.1784,0.0,17,0.0,17,0,0,0
5wh6lxdeiwsc1.webp,6,6,1,1,0.9989,adaptive,0.2221,0.0497,21,0.0497,20,0,0,0
5wh6lxdeiwsc1.webp,6,7,4,4,1.0,adaptive,0.2602,0.072,17,0.072,16,0,0,0
5wh6lxdeiwsc1.webp,6,8,3,3,1.0,adaptive,0.2241,0.062,19,0.062,18,0,0,0
5wh6lxdeiwsc1.webp,6,9,7,7,1.0,adaptive,0.2203,0.0524,18,0.0524,16,1,0,0
5wh6lxdeiwsc1.webp,7,1,4,4,0.9975,adaptive,0.247,0.1468,3,0.0889,1,0,0,0
5wh6lxdeiwsc1.webp,7,2,9,9,0.9609,adaptive,0.2304,0.0527,3,0.0527,1,1,0,0
5wh6lxdeiwsc1.webp,7,3,2,2,1.0,adaptive,0.2905,0.0771,6,0.0771,3,2,0,0
5wh6lxdeiwsc1.webp,7,4,3,3,1.0,adaptive,0.27,0.0795,7,0.0795,5,1,0,0
5wh6lxdeiwsc1.webp,7,5,6,6,0.9995,adaptive,0.2673,0.0803,10,0.0803,9,0,0,0
5wh6lxdeiwsc1.webp,7,6,5,5,1.0,adaptive,0.2577,0.0851,6,0.0851,5,0,0,0
5wh6lxdeiwsc1.webp,7,7,8,8,0.9999,adaptive,0.2716,0.0733,22,0.0733,21,0,0,0
5wh6lxdeiwsc1.webp,7,8,7,7,1.0,adaptive,0.239,0.0606,13,0.0552,11,0,0,0
5wh6lxdeiwsc1.webp,7,9,1,1,0.9979,adaptive,0.235,0.0419,11,0.0419,9,1,0,0
5wh6lxdeiwsc1.webp,8,1,3,3,0.9997,adaptive,0.2379,0.168,2,0.1072,0,0,0,0
5wh6lxdeiwsc1.webp,8,2,1,1,0.9992,adaptive,0.1869,0.0413,5,0.0413,2,2,0,0
5wh6lxdeiwsc1.webp,8,3,5,5,0.9934,adaptive,0.2517,0.1669,6,0.1024,4,0,0,0
5wh6lxdeiwsc1.webp,8,4,8,8,0.9605,adaptive,0.23,0.0812,4,0.0812,2,1,0,0
5wh6lxdeiwsc1.webp,8,5,4,4,1.0,adaptive,0.2107,0.0751,9,0.0751,8,0,0,0
5wh6lxdeiwsc1.webp,8,6,7,7,0.9873,adaptive,0.2026,0.0649,7,0.0649,6,0,0,0
5wh6lxdeiwsc1.webp,8,7,2,2,1.0,adaptive,0.2334,0.0771,10,0.0771,9,0,0,0
5wh6lxdeiwsc1.webp,8,8,9,9,0.9745,adaptive,0.2135,0.067,8,0.067,6,1,0,0
5wh6lxdeiwsc1.webp,8,9,6,6,0.9996,adaptive,0.2393,0.0491,13,0.0491,11,1,0,0
5wh6lxdeiwsc1.webp,9,1,6,5,0.7387,adaptive,0.2918,0.2052,3,0.1446,0,0,0,0
5wh6lxdeiwsc1.webp,9,2,8,9,0.6728,adaptive,0.246,0.1753,2,0.1022,0,0,0,0
5wh6lxdeiwsc1.webp,9,3,7,2,0.4868,adaptive,0.2339,0.1606,5,0.1038,3,0,0,0
5wh6lxdeiwsc1.webp,9,4,2,2,1.0,adaptive,0.2386,0.0789,5,0.0789,3,1,0,0
5wh6lxdeiwsc1.webp,9,5,1,1,0.9287,adaptive,0.1938,0.0495,8,0.0495,7,0,0,0
5wh6lxdeiwsc1.webp,9,6,9,9,1.0,adaptive,0.2212,0.0909,6,0.0909,5,0,0,0
5wh6lxdeiwsc1.webp,9,7,3,3,1.0,adaptive,0.2165,0.0699,9,0.0699,7,1,0,0
5wh6lxdeiwsc1.webp,9,8,4,4,1.0,adaptive,0.268,0.0683,6,0.0683,4,1,0,0
5wh6lxdeiwsc1.webp,9,9,5,5,0.9797,adaptive,0.2867,0.1715,7,0.1045,5,0,0,0
6070g9b8v6rc1.webp,1,1,0,0,0.992,adaptive,0.0575,0.0,0,0.0,0,0,0,0
6070g9b8v6rc1.webp,1,2,0,0,0.992,adaptive,0.0303,0.0,0,0.0,0,0,0,0
6070g9b8v6rc1.webp,1,3,0,0,0.992,adaptive,0.0702,0.0,0,0.0,0,0,0,0
6070g9b8v6rc1.webp,1,4,0,0,0.992,adaptive,0.0566,0.0,0,0.0,0,0,0,0
6070g9b8v6rc1.webp,1,5,1,1,1.0,adaptive,0.0923,0.0624,1,0.0624,0,0,0,0
6070g9b8v6rc1.webp,1,6,4,4,0.9998,adaptive,0.1361,0.0782,1,0.0782,0,0,0,0
6070g9b8v6rc1.webp,1,7,0,0,0.992,adaptive,0.057,0.0,0,0.0,0,0,0,0
6070g9b8v6rc1.webp,1,8,0,0,0.992,adaptive,0.0301,0.0,0,0.0,0,0,0,0
6070g9b8v6rc1.webp,1,9,3,3,1.0,adaptive,0.1363,0.0782,1,0.0782,0,0,0,0
6070g9b8v6rc1.webp,2,1,0,0,0.992,adaptive,0.0301,0.0,0,0.0,0,0,0,0
6070g9b8v6rc1.webp,2,2,0,0,0.992,adaptive,0.0007,0.0,0,0.0,0,0,0,0
6070g9b8v6rc1.webp,2,3,0,0,0.992,adaptive,0.0439,0.0,0,0.0,0,0,0,0
6070g9b8v6rc1.webp,2,4,3,3,1.0,adaptive,0.1081,0.0791,1,0.0791,0,0,0,0
6070g9b8v6rc1.webp,2,5,9,9,1.0,adaptive,0.1003,0.1003,1,0.1003,0,0,0,0
6070g9b8v6rc1.webp,2,6,0,0,0.992,adaptive,0.0301,0.0,0,0.0,0,0,0,0
6070g9b8v6rc1.webp,2,7,8,8,1.0,adaptive,0.1384,0.1085,1,0.1085,0,0,0,0
6070g9b8v6rc1.webp,2,8,0,0,0.992,adaptive,0.0014,0.0,0,0.0,0,0,0,0
6070g9b8v6rc1.webp,2,9,0,0,0.992,adaptive,0.0303,0.0,0,0.0,0,0,0,0
6070g9b8v6rc1.webp,3,1,0,0,0.992,adaptive,0.0699,0.0,0,0.0,0,0,0,0
6070g9b8v6rc1.webp,3,2,6,6,0.9989,adaptive,0.1429,0.1002,1,0.1002,0,0,0,0
6070g9b8v6rc1.webp,3,3,0,0,0.992,adaptive,0.0804,0.0,0,0.0,0,0,0,0
6070g9b8v6rc1.webp,3,4,0,0,0.992,adaptive,0.0675,0.0,0,0.0,0,0,0,0
6070g9b8v6rc1.webp,3,5,0,0,0.992,adaptive,0.0443,0.0,0,0.0,0,0,0,0
6070g9b8v6rc1.webp,3,6,0,0,0.992,adaptive,0.0677,0.0,0,0.0,0,0,0,0
6070g9b8v6rc1.webp,3,7,0,0,0.992,adaptive,0.0617,0.0,0,0.0,0,0,0,0
6070g9b8v6rc1.webp,3,8,0,0,0.992,adaptive,0.0432,0.0,0,0.0,0,0,0,0
6070g9b8v6rc1.webp,3,9,0,0,0.992,adaptive,0.0686,0.0,0,0.0,0,0,0,0
6070g9b8v6rc1.webp,4,1,1,1,1.0,adaptive,0.1183,0.0608,1,0.0608,0,0,0,0
6070g9b8v6rc1.webp,4,2,0,0,0.992,adaptive,0.0303,0.0,0,0.0,0,0,0,0
6070g9b8v6rc1.webp,4,3,0,0,0.992,adaptive,0.0699,0.0,0,0.0,0,0,0,0
6070g9b8v6rc1.webp,4,4,0,0,0.992,adaptive,0.0564,0.0,0,0.0,0,0,0,0
6070g9b8v6rc1.webp,4,5,3,3,1.0,adaptive,0.1097,0.0798,1,0.0798,0,0,0,0
6070g9b8v6rc1.webp,4,6,0,0,0.992,adaptive,0.0577,0.0,0,0.0,0,0,0,0
6070g9b8v6rc1.webp,4,7,0,0,0.992,adaptive,0.0568,0.0,0,0.0,0,0,0,0
6070g9b8v6rc1.webp,4,8,0,0,0.992,adaptive,0.0301,0.0,0,0.0,0,0,0,0
6070g9b8v6rc1.webp,4,9,0,0,0.992,adaptive,0.0581,0.0,0,0.0,0,0,0,0
6070g9b8v6rc1.webp,5,1,2,2,1.0,adaptive,0.116,0.0859,1,0.0859,0,0,0,0
6070g9b8v6rc1.webp,5,2,0,0,0.992,adaptive,0.0002,0.0,0,0.0,0,0,0,0
6070g9b8v6rc1.webp,5,3,6,6,0.9997,adaptive,0.1436,0.0993,1,0.0993,0,0,0,0
6070g9b8v6rc1.webp,5,4,0,0,0.992,adaptive,0.0242,0.0,0,0.0,0,0,0,0
6070g9b8v6rc1.webp,5,5,7,7,1.0,adaptive,0.0725,0.0725,1,0.0725,0,0,0,0
6070g9b8v6rc1.webp,5,6,0,0,0.992,adaptive,0.0299,0.0,0,0.0,0,0,0,0
6070g9b8v6rc1.webp,5,7,0,0,0.992,adaptive,0.0299,0.0,0,0.0,0,0,0,0
6070g9b8v6rc1.webp,5,8,0,0,0.992,adaptive,0.0005,0.0,0,0.0,0,0,0,0
6070g9b8v6rc1.webp,5,9,0,0,0.992,adaptive,0.0299,0.0,0,0.0,0,0,0,0
6070g9b8v6rc1.webp,6,1,0,0,0.992,adaptive,0.0577,0.0,0,0.0,0,0,0,0
6070g9b8v6rc1.webp,6,2,0,0,0.992,adaptive,0.0301,0.0,0,0.0,0,0,0,0
6070g9b8v6rc1.webp,6,3,3,3,1.0,adaptive,0.1477,0.078,1,0.078,0,0,0,0
6070g9b8v6rc1.webp,6,4,2,2,1.0,adaptive,0.1321,0.088,1,0.088,0,0,0,0
6070g9b8v6rc1.webp,6,5,0,0,0.992,adaptive,0.0299,0.0,0,0.0,0,0,0,0
6070g9b8v6rc1.webp,6,6,9,9,1.0,adaptive,0.1557,0.098,1,0.098,0,0,0,0
6070g9b8v6rc1.webp,6,7,0,0,0.992,adaptive,0.0568,0.0,0,0.0,0,0,0,0
6070g9b8v6rc1.webp,6,8,6,6,0.9996,adaptive,0.1296,0.0995,1,0.0995,0,0,0,0
6070g9b8v6rc1.webp,6,9,0,0,0.992,adaptive,0.0579,0.0,0,0.0,0,0,0,0
6070g9b8v6rc1.webp,7,1,9,9,1.0,adaptive,0.1662,0.0969,1,0.0969,0,0,0,0
6070g9b8v6rc1.webp,7,2,1,1,0.9999,adaptive,0.1106,0.0667,1,0.0667,0,0,0,0
6070g9b8v6rc1.webp,7,3,0,0,0.992,adaptive,0.0811,0.0,0,0.0,0,0,0,0
6070g9b8v6rc1.webp,7,4,0,0,0.992,adaptive,0.0564,0.0,0,0.0,0,0,0,0
6070g9b8v6rc1.webp,7,5,0,0,0.992,adaptive,0.0443,0.0,0,0.0,0,0,0,0
6070g9b8v6rc1.webp,7,6,0,0,0.992,adaptive,0.0695,0.0,0,0.0,0,0,0,0
6070g9b8v6rc1.webp,7,7,0,0,0.992,adaptive,0.0682,0.0,0,0.0,0,0,0,0
6070g9b8v6rc1.webp,7,8,7,7,1.0,adaptive,0.1133,0.0692,1,0.0692,0,0,0,0
6070g9b8v6rc1.webp,7,9,0,0,0.992,adaptive,0.0704,0.0,0,0.0,0,0,0,0
6070g9b8v6rc1.webp,8,1,0,0,0.992,adaptive,0.0308,0.0,0,0.0,0,0,0,0
6070g9b8v6rc1.webp,8,2,0,0,0.992,adaptive,0.0005,0.0,0,0.0,0,0,0,0
6070g9b8v6rc1.webp,8,3,8,8,1.0,adaptive,0.1502,0.1065,1,0.1065,0,0,0,0
6070g9b8v6rc1.webp,8,4,0,0,0.992,adaptive,0.0156,0.0,0,0.0,0,0,0,0
6070g9b8v6rc1.webp,8,5,0,0,0.992,adaptive,0.0005,0.0,0,0.0,0,0,0,0
6070g9b8v6rc1.webp,8,6,7,7,1.0,adaptive,0.1015,0.0715,1,0.0715,0,0,0,0
6070g9b8v6rc1.webp,8,7,0,0,0.992,adaptive,0.0296,0.0,0,0.0,0,0,0,0
6070g9b8v6rc1.webp,8,8,2,2,1.0,adaptive,0.0886,0.0879,1,0.0879,0,0,0,0
6070g9b8v6rc1.webp,8,9,9,9,1.0,adaptive,0.1298,0.0997,1,0.0997,0,0,0,0
6070g9b8v6rc1.webp,9,1,5,5,1.0,adaptive,0.1379,0.0802,1,0.0802,0,0,0,0
6070g9b8v6rc1.webp,9,2,0,0,0.992,adaptive,0.0301,0.0,0,0.0,0,0,0,0
6070g9b8v6rc1.webp,9,3,7,7,1.0,adaptive,0.1359,0.0666,1,0.0666,0,0,0,0
6070g9b8v6rc1.webp,9,4,0,0,0.992,adaptive,0.045,0.0,0,0.0,0,0,0,0
6070g9b8v6rc1.webp,9,5,0,0,0.992,adaptive,0.0299,0.0,0,0.0,0,0,0,0
6070g9b8v6rc1.webp,9,6,0,0,0.992,adaptive,0.0581,0.0,0,0.0,0,0,0,0
6070g9b8v6rc1.webp,9,7,3,3,1.0,adaptive,0.1359,0.0789,1,0.0789,0,0,0,0
6070g9b8v6rc1.webp,9,8,8,8,1.0,adaptive,0.137,0.107,1,0.107,0,0,0,0
6070g9b8v6rc1.webp,9,9,0,0,0.992,adaptive,0.059,0.0,0,0.0,0,0,0,0
621i3yw935yc1.webp,1,1,8,8,1.0,adaptive,0.2049,0.0945,1,0.0945,0,0,0,0
621i3yw935yc1.webp,1,2,5,5,1.0,adaptive,0.1716,0.0877,1,0.0877,0,0,0,0
621i3yw935yc1.webp,1,5,1,1,1.0,adaptive,0.1413,0.0592,1,0.0592,0,0,0,0
621i3yw935yc1.webp,1,6,7,7,1.0,adaptive,0.1466,0.0624,1,0.0624,0,0,0,0
621i3yw935yc1.webp,2,1,1,1,1.0,adaptive,0.1479,0.0624,1,0.0624,0,0,0,0
621i3yw935yc1.webp,2,4,2,2,1.0,adaptive,0.1545,0.0825,1,0.0825,0,0,0,0
621i3yw935yc1.webp,2,8,5,5,1.0,adaptive,0.1591,0.0875,1,0.0875,0,0,0,0
621i3yw935yc1.webp,2,9,8,8,1.0,adaptive,0.1757,0.0948,1,0.0948,0,0,0,0
621i3yw935yc1.webp,3,5,5,5,1.0,adaptive,0.1701,0.0855,1,0.0855,0,0,0,0
621i3yw935yc1.webp,3,6,8,8,1.0,adaptive,0.178,0.0931,1,0.0931,0,0,0,0
621i3yw935yc1.webp,3,7,4,4,1.0,adaptive,0.1591,0.0737,1,0.0737,0,0,0,0
621i3yw935yc1.webp,4,1,5,5,1.0,adaptive,0.1831,0.086,1,0.086,0,0,0,0
621i3yw935yc1.webp,4,3,7,7,1.0,adaptive,0.1472,0.0628,1,0.0628,0,0,0,0
621i3yw935yc1.webp,4,4,1,1,1.0,adaptive,0.1461,0.061,1,0.061,0,0,0,0
621i3yw935yc1.webp,4,6,9,9,0.9999,adaptive,0.1613,0.0898,1,0.0898,0,0,0,0
621i3yw935yc1.webp,4,7,3,3,1.0,adaptive,0.1657,0.0811,1,0.0811,0,0,0,0
621i3yw935yc1.webp,5,2,6,6,0.9999,adaptive,0.1499,0.0916,1,0.0916,0,0,0,0
621i3yw935yc1.webp,5,6,2,2,1.0,adaptive,0.1669,0.0844,1,0.0844,0,0,0,0
621i3yw935yc1.webp,5,7,1,1,1.0,adaptive,0.1318,0.0602,1,0.0602,0,0,0,0
621i3yw935yc1.webp,5,9,5,5,1.0,adaptive,0.1588,0.0868,1,0.0868,0,0,0,0
621i3yw935yc1.webp,6,1,2,2,1.0,adaptive,0.1767,0.0804,1,0.0804,0,0,0,0
621i3yw935yc1.webp,6,3,1,1,0.9999,adaptive,0.1579,0.061,1,0.061,0,0,0,0
621i3yw935yc1.webp,6,6,5,5,1.0,adaptive,0.1938,0.0851,1,0.0851,0,0,0,0
621i3yw935yc1.webp,6,9,9,9,0.9999,adaptive,0.1738,0.0887,1,0.0887,0,0,0,0
621i3yw935yc1.webp,7,1,4,4,1.0,adaptive,0.1702,0.0764,1,0.0764,0,0,0,0
621i3yw935yc1.webp,7,2,1,1,1.0,adaptive,0.1318,0.0597,1,0.0597,0,0,0,0
621i3yw935yc1.webp,7,5,7,7,1.0,adaptive,0.135,0.0626,1,0.0626,0,0,0,0
621i3yw935yc1.webp,7,7,5,5,1.0,adaptive,0.1724,0.0867,1,0.0867,0,0,0,0
621i3yw935yc1.webp,8,2,3,3,1.0,adaptive,0.1538,0.0836,1,0.0836,0,0,0,0
621i3yw935yc1.webp,8,3,5,5,1.0,adaptive,0.1701,0.0857,1,0.0857,0,0,0,0
621i3yw935yc1.webp,8,4,8,8,1.0,adaptive,0.1796,0.0952,1,0.0952,0,0,0,0
621i3yw935yc1.webp,8,6,4,4,1.0,adaptive,0.1599,0.0789,1,0.0789,0,0,0,0
621i3yw935yc1.webp,8,7,6,6,1.0,adaptive,0.1728,0.0891,1,0.0891,0,0,0,0
621i3yw935yc1.webp,9,4,5,5,1.0,adaptive,0.1715,0.0869,1,0.0869,0,0,0,0
621i3yw935yc1.webp,9,6,1,1,1.0,adaptive,0.1464,0.0615,1,0.0615,0,0,0,0
64580592jqzc1.webp,1,1,0,0,0.992,adaptive,0.0586,0.0,0,0.0,0,0,0,0
64580592jqzc1.webp,1,2,9,9,1.0,adaptive,0.1284,0.0984,1,0.0984,0,0,0,0
64580592jqzc1.webp,1,3,0,0,0.992,adaptive,0.059,0.0,0,0.0,0,0,0,0
64580592jqzc1.webp,1,4,5,5,1.0,adaptive,0.1535,0.084,1,0.084,0,0,0,0
64580592jqzc1.webp,1,5,0,0,0.992,adaptive,0.0303,0.0,0,0.0,0,0,0,0
64580592jqzc1.webp,1,6,0,0,0.992,adaptive,0.059,0.0,0,0.0,0,0,0,0
64580592jqzc1.webp,1,7,0,0,0.992,adaptive,0.0568,0.0,0,0.0,0,0,0,0
64580592jqzc1.webp,1,8,3,3,1.0,adaptive,0.1095,0.0791,1,0.0791,0,0,0,0
64580592jqzc1.webp,1,9,0,0,0.992,adaptive,0.059,0.0,0,0.0,0,0,0,0
64580592jqzc1.webp,2,1,0,0,0.992,adaptive,0.0301,0.0,0,0.0,0,0,0,0
64580592jqzc1.webp,2,2,0,0,0.992,adaptive,0.0,0.0,0,0.0,0,0,0,0
64580592jqzc1.webp,2,3,0,0,0.992,adaptive,0.0301,0.0,0,0.0,0,0,0,0
64580592jqzc1.webp,2,4,0,0,0.992,adaptive,0.043,0.0,0,0.0,0,0,0,0
64580592jqzc1.webp,2,5,0,0,0.992,adaptive,0.0002,0.0,0,0.0,0,0,0,0
64580592jqzc1.webp,2,6,6,6,0.9993,adaptive,0.1287,0.0986,1,0.0986,0,0,0,0
64580592jqzc1.webp,2,7,0,0,0.992,adaptive,0.0299,0.0,0,0.0,0,0,0,0
64580592jqzc1.webp,2,8,2,2,1.0,adaptive,0.0865,0.0863,1,0.0863,0,0,0,0
64580592jqzc1.webp,2,9,1,1,0.9999,adaptive,0.0938,0.064,1,0.064,0,0,0,0
64580592jqzc1.webp,3,1,4,4,0.9995,adaptive,0.1363,0.0777,1,0.0777,0,0,0,0
64580592jqzc1.webp,3,2,0,0,0.992,adaptive,0.0301,0.0,0,0.0,0,0,0,0
64580592jqzc1.webp,3,3,3,3,1.0,adaptive,0.1361,0.0771,1,0.0771,0,0,0,0
64580592jqzc1.webp,3,4,0,0,0.992,adaptive,0.0695,0.0,0,0.0,0,0,0,0
64580592jqzc1.webp,3,5,0,0,0.992,adaptive,0.0303,0.0,0,0.0,0,0,0,0
64580592jqzc1.webp,3,6,0,0,0.992,adaptive,0.0593,0.0,0,0.0,0,0,0,0
64580592jqzc1.webp,3,7,0,0,0.992,adaptive,0.057,0.0,0,0.0,0,0,0,0
64580592jqzc1.webp,3,8,0,0,0.992,adaptive,0.0303,0.0,0,0.0,0,0,0,0
64580592jqzc1.webp,3,9,0,0,0.992,adaptive,0.059,0.0,0,0.0,0,0,0,0
64580592jqzc1.webp,4,1,0,0,0.992,adaptive,0.0586,0.0,0,0.0,0,0,0,0
64580592jqzc1.webp,4,2,0,0,0.992,adaptive,0.031,0.0,0,0.0,0,0,0,0
64580592jqzc1.webp,4,3,1,1,0.9998,adaptive,0.1167,0.0584,1,0.0584,0,0,0,0
64580592jqzc1.webp,4,4,0,0,0.992,adaptive,0.0581,0.0,0,0.0,0,0,0,0
64580592jqzc1.webp,4,5,7,7,1.0,adaptive,0.1013,0.0708,1,0.0708,0,0,0,0
64580592jqzc1.webp,4,6,3,3,1.0,adaptive,0.1363,0.0777,1,0.0777,0,0,0,0
64580592jqzc1.webp,4,7,5,5,1.0,adaptive,0.1395,0.0822,1,0.0822,0,0,0,0
64580592jqzc1.webp,4,8,0,0,0.992,adaptive,0.0312,0.0,0,0.0,0,0,0,0
64580592jqzc1.webp,4,9,0,0,0.992,adaptive,0.0586,0.0,0,0.0,0,0,0,0
64580592jqzc1.webp,5,1,0,0,0.992,adaptive,0.031,0.0,0,0.0,0,0,0,0
64580592jqzc1.webp,5,2,0,0,0.992,adaptive,0.0,0.0,0,0.0,0,0,0,0
64580592jqzc1.webp,5,3,0,0,0.992,adaptive,0.0303,0.0,0,0.0,0,0,0,0
64580592jqzc1.webp,5,4,0,0,0.992,adaptive,0.0308,0.0,0,0.0,0,0,0,0
64580592jqzc1.webp,5,5,0,0,0.992,adaptive,0.0005,0.0,0,0.0,0,0,0,0
64580592jqzc1.webp,5,6,0,0,0.992,adaptive,0.0305,0.0,0,0.0,0,0,0,0
64580592jqzc1.webp,5,7,0,0,0.992,adaptive,0.0296,0.0,0,0.0,0,0,0,0
64580592jqzc1.webp,5,8,0,0,0.992,adaptive,0.0005,0.0,0,0.0,0,0,0,0
64580592jqzc1.webp,5,9,0,0,0.992,adaptive,0.0303,0.0,0,0.0,0,0,0,0
64580592jqzc1.webp,6,1,0,0,0.992,adaptive,0.0588,0.0,0,0.0,0,0,0,0
64580592jqzc1.webp,6,2,3,3,1.0,adaptive,0.1095,0.0791,1,0.0791,0,0,0,0
64580592jqzc1.webp,6,3,0,0,0.992,adaptive,0.0586,0.0,0,0.0,0,0,0,0
64580592jqzc1.webp,6,4,0,0,0.992,adaptive,0.0584,0.0,0,0.0,0,0,0,0
64580592jqzc1.webp,6,5,0,0,0.992,adaptive,0.0305,0.0,0,0.0,0,0,0,0
64580592jqzc1.webp,6,6,9,9,1.0,adaptive,0.1564,0.0973,1,0.0973,0,0,0,0
64580592jqzc1.webp,6,7,2,2,1.0,adaptive,0.1417,0.0849,1,0.0849,0,0,0,0
64580592jqzc1.webp,6,8,0,0,0.992,adaptive,0.0305,0.0,0,0.0,0,0,0,0
64580592jqzc1.webp,6,9,0,0,0.992,adaptive,0.059,0.0,0,0.0,0,0,0,0
64580592jqzc1.webp,7,1,0,0,0.992,adaptive,0.0566,0.0,0,0.0,0,0,0,0
64580592jqzc1.webp,7,2,0,0,0.992,adaptive,0.0299,0.0,0,0.0,0,0,0,0
64580592jqzc1.webp,7,3,0,0,0.992,adaptive,0.0566,0.0,0,0.0,0,0,0,0
64580592jqzc1.webp,7,4,0,0,0.992,adaptive,0.0677,0.0,0,0.0,0,0,0,0
64580592jqzc1.webp,7,5,0,0,0.992,adaptive,0.0296,0.0,0,0.0,0,0,0,0
64580592jqzc1.webp,7,6,7,7,1.0,adaptive,0.1283,0.0704,1,0.0704,0,0,0,0
64580592jqzc1.webp,7,7,9,9,1.0,adaptive,0.1515,0.0965,1,0.0965,0,0,0,0
64580592jqzc1.webp,7,8,0,0,0.992,adaptive,0.0294,0.0,0,0.0,0,0,0,0
64580592jqzc1.webp,7,9,0,0,0.992,adaptive,0.0566,0.0,0,0.0,0,0,0,0
64580592jqzc1.webp,8,1,5,5,1.0,adaptive,0.1099,0.0796,1,0.0796,0,0,0,0
64580592jqzc1.webp,8,2,6,6,0.9994,adaptive,0.0996,0.0994,1,0.0994,0,0,0,0
64580592jqzc1.webp,8,3,0,0,0.992,adaptive,0.0301,0.0,0,0.0,0,0,0,0
64580592jqzc1.webp,8,4,0,0,0.992,adaptive,0.043,0.0,0,0.0,0,0,0,0
64580592jqzc1.webp,8,5,4,4,0.9994,adaptive,0.079,0.0783,1,0.0783,0,0,0,0
64580592jqzc1.webp,8,6,2,2,0.9999,adaptive,0.1174,0.0871,1,0.0871,0,0,0,0
64580592jqzc1.webp,8,7,3,3,1.0,adaptive,0.1099,0.0801,1,0.0801,0,0,0,0
64580592jqzc1.webp,8,8,8,8,1.0,adaptive,0.1111,0.1097,1,0.1097,0,0,0,0
64580592jqzc1.webp,8,9,0,0,0.992,adaptive,0.0301,0.0,0,0.0,0,0,0,0
64580592jqzc1.webp,9,1,0,0,0.992,adaptive,0.059,0.0,0,0.0,0,0,0,0
64580592jqzc1.webp,9,2,8,8,1.0,adaptive,0.1391,0.109,1,0.109,0,0,0,0
64580592jqzc1.webp,9,3,0,0,0.992,adaptive,0.059,0.0,0,0.0,0,0,0,0
64580592jqzc1.webp,9,4,0,0,0.992,adaptive,0.0691,0.0,0,0.0,0,0,0,0
64580592jqzc1.webp,9,5,0,0,0.992,adaptive,0.0301,0.0,0,0.0,0,0,0,0
64580592jqzc1.webp,9,6,0,0,0.992,adaptive,0.059,0.0,0,0.0,0,0,0,0
64580592jqzc1.webp,9,7,0,0,0.992,adaptive,0.057,0.0,0,0.0,0,0,0,0
64580592jqzc1.webp,9,8,0,0,0.992,adaptive,0.0301,0.0,0,0.0,0,0,0,0
64580592jqzc1.webp,9,9,0,0,0.992,adaptive,0.059,0.0,0,0.0,0,0,0,0
66x50a25unbc1.webp,1,1,4,4,1.0,adaptive,0.1526,0.0682,1,0.0682,0,0,0,0
66x50a25unbc1.webp,1,2,9,9,1.0,adaptive,0.1284,0.0832,1,0.0832,0,0,0,0
66x50a25unbc1.webp,1,3,6,6,0.9999,adaptive,0.1682,0.0838,1,0.0838,0,0,0,0
66x50a25unbc1.webp,1,7,1,1,0.9993,adaptive,0.1341,0.0388,1,0.0388,0,0,0,0
66x50a25unbc1.webp,1,8,7,7,1.0,adaptive,0.1076,0.0502,1,0.0502,0,0,0,0
66x50a25unbc1.webp,1,9,0,0,0.992,adaptive,0.0724,0.0,0,0.0,0,0,0,0
66x50a25unbc1.webp,2,1,2,2,1.0,adaptive,0.0952,0.0654,1,0.0654,0,0,0,0
66x50a25unbc1.webp,2,2,1,1,0.9984,adaptive,0.0585,0.0409,1,0.0409,0,0,0,0
66x50a25unbc1.webp,2,3,8,8,1.0,adaptive,0.1416,0.0855,1,0.0855,0,0,0,0
66x50a25unbc1.webp,2,4,7,7,1.0,adaptive,0.1081,0.0509,1,0.0509,0,0,0,0
66x50a25unbc1.webp,3,1,7,7,1.0,adaptive,0.1323,0.0495,1,0.0495,0,0,0,0
66x50a25unbc1.webp,3,2,5,5,1.0,adaptive,0.1167,0.0771,1,0.0771,0,0,0,0
66x50a25unbc1.webp,3,3,3,3,1.0,adaptive,0.1423,0.0708,1,0.0708,0,0,0,0
66x50a25unbc1.webp,3,4,1,1,0.9975,adaptive,0.1234,0.0401,1,0.0401,0,0,0,0
66x50a25unbc1.webp,3,5,9,9,1.0,adaptive,0.1266,0.0834,1,0.0834,0,0,0,0
66x50a25unbc1.webp,3,9,0,0,0.992,adaptive,0.059,0.0,0,0.0,0,0,0,0
66x50a25unbc1.webp,4,1,5,5,1.0,adaptive,0.1617,0.0782,1,0.0782,0,0,0,0
66x50a25unbc1.webp,4,2,3,3,1.0,adaptive,0.1171,0.0724,1,0.0724,0,0,0,0
66x50a25unbc1.webp,4,3,1,1,0.9981,adaptive,0.1232,0.0399,1,0.0399,0,0,0,0
66x50a25unbc1.webp,4,4,9,9,1.0,adaptive,0.1671,0.0833,1,0.0833,0,0,0,0
66x50a25unbc1.webp,4,7,6,6,1.0,adaptive,0.1693,0.0826,1,0.0826,0,0,0,0
66x50a25unbc1.webp,4,9,7,7,1.0,adaptive,0.1138,0.0503,1,0.0503,0,0,0,0
66x50a25unbc1.webp,5,1,6,6,0.9999,adaptive,0.1404,0.0839,1,0.0839,0,0,0,0
66x50a25unbc1.webp,5,2,4,4,1.0,adaptive,0.0861,0.0714,1,0.0714,0,0,0,0
66x50a25unbc1.webp,5,3,9,9,1.0,adaptive,0.1413,0.0846,1,0.0846,0,0,0,0
66x50a25unbc1.webp,5,5,5,5,1.0,adaptive,0.1067,0.0781,1,0.0781,0,0,0,0
66x50a25unbc1.webp,5,6,7,7,1.0,adaptive,0.0938,0.0502,1,0.0502,0,0,0,0
66x50a25unbc1.webp,6,1,8,8,1.0,adaptive,0.1651,0.0824,1,0.0824,0,0,0,0
66x50a25unbc1.webp,6,2,2,2,1.0,adaptive,0.0972,0.0674,1,0.0674,0,0,0,0
66x50a25unbc1.webp,6,3,7,7,1.0,adaptive,0.1328,0.0501,1,0.0501,0,0,0,0
66x50a25unbc1.webp,6,4,6,6,1.0,adaptive,0.164,0.084,1,0.084,0,0,0,0
66x50a25unbc1.webp,6,5,1,1,0.9989,adaptive,0.083,0.0398,1,0.0398,0,0,0,0
66x50a25unbc1.webp,6,6,3,3,1.0,adaptive,0.1314,0.0722,1,0.0722,0,0,0,0
66x50a25unbc1.webp,7,1,9,9,1.0,adaptive,0.1691,0.0835,1,0.0835,0,0,0,0
66x50a25unbc1.webp,7,2,6,6,1.0,adaptive,0.1422,0.0844,1,0.0844,0,0,0,0
66x50a25unbc1.webp,7,3,2,2,1.0,adaptive,0.1241,0.0668,1,0.0668,0,0,0,0
66x50a25unbc1.webp,7,4,3,3,1.0,adaptive,0.1764,0.0724,1,0.0724,0,0,0,0
66x50a25unbc1.webp,7,5,7,7,1.0,adaptive,0.1212,0.0509,1,0.0509,0,0,0,0
66x50a25unbc1.webp,7,6,8,8,1.0,adaptive,0.1669,0.0844,1,0.0844,0,0,0,0
66x50a25unbc1.webp,7,7,0,0,0.992,adaptive,0.0973,0.0,0,0.0,0,0,0,0
66x50a25unbc1.webp,8,1,1,1,0.9983,adaptive,0.0975,0.0398,1,0.0398,0,0,0,0
66x50a25unbc1.webp,8,2,8,8,1.0,adaptive,0.1017,0.0863,1,0.0863,0,0,0,0
66x50a25unbc1.webp,8,3,5,5,1.0,adaptive,0.1373,0.0796,1,0.0796,0,0,0,0
66x50a25unbc1.webp,8,4,4,4,1.0,adaptive,0.1253,0.0669,1,0.0669,0,0,0,0
66x50a25unbc1.webp,8,5,2,2,1.0,adaptive,0.0836,0.0691,1,0.0691,0,0,0,0
66x50a25unbc1.webp,8,6,9,9,0.9999,adaptive,0.1273,0.0834,1,0.0834,0,0,0,0
66x50a25unbc1.webp,8,7,7,7,1.0,adaptive,0.1343,0.052,1,0.052,0,0,0,0
66x50a25unbc1.webp,8,8,3,3,1.0,adaptive,0.1162,0.0737,1,0.0737,0,0,0,0
66x50a25unbc1.webp,8,9,6,6,1.0,adaptive,0.14,0.0839,1,0.0839,0,0,0,0
66x50a25unbc1.webp,9,1,3,3,1.0,adaptive,0.1566,0.0711,1,0.0711,0,0,0,0
66x50a25unbc1.webp,9,2,7,7,1.0,adaptive,0.0963,0.0511,1,0.0511,0,0,0,0
66x50a25unbc1.webp,9,3,4,4,1.0,adaptive,0.1533,0.0679,1,0.0679,0,0,0,0
66x50a25unbc1.webp,9,4,5,5,1.0,adaptive,0.1635,0.0773,1,0.0773,0,0,0,0
66x50a25unbc1.webp,9,5,6,6,1.0,adaptive,0.1429,0.0853,1,0.0853,0,0,0,0
66x50a25unbc1.webp,9,6,1,1,0.9984,adaptive,0.1132,0.0399,1,0.0399,0,0,0,0
66x50a25unbc1.webp,9,7,9,9,1.0,adaptive,0.1787,0.0824,1,0.0824,0,0,0,0
677wx8idvsmc1.webp,1,1,0,0,0.992,adaptive,0.0855,0.0,0,0.0,0,0,0,0
677wx8idvsmc1.webp,1,2,7,7,1.0,adaptive,0.1275,0.0825,1,0.0825,0,0,0,0
677wx8idvsmc1.webp,1,3,0,0,0.992,adaptive,0.0726,0.0,0,0.0,0,0,0,0
677wx8idvsmc1.webp,1,4,0,0,0.992,adaptive,0.0853,0.0,0,0.0,0,0,0,0
677wx8idvsmc1.webp,1,5,8,8,1.0,adaptive,0.1805,0.1386,3,0.0791,0,0,0,1
677wx8idvsmc1.webp,1,6,0,0,0.992,adaptive,0.0853,0.0,0,0.0,0,0,0,0
677wx8idvsmc1.webp,1,7,5,5,1.0,adaptive,0.1731,0.096,2,0.0481,0,0,0,0
677wx8idvsmc1.webp,1,8,0,0,0.992,adaptive,0.0445,0.0,0,0.0,0,0,0,0
677wx8idvsmc1.webp,1,9,0,0,0.992,adaptive,0.0849,0.0,0,0.0,0,0,0,0
677wx8idvsmc1.webp,2,1,0,0,0.992,adaptive,0.0452,0.0,0,0.0,0,0,0,0
677wx8idvsmc1.webp,2,2,0,0,0.992,adaptive,0.0,0.0,0,0.0,0,0,0,0
677wx8idvsmc1.webp,2,3,9,9,1.0,adaptive,0.1653,0.1355,2,0.1022,0,0,0,0
677wx8idvsmc1.webp,2,4,0,0,0.992,adaptive,0.045,0.0,0,0.0,0,0,0,0
677wx8idvsmc1.webp,2,5,0,0,0.992,adaptive,0.0002,0.0,0,0.0,0,0,0,0
677wx8idvsmc1.webp,2,6,0,0,0.992,adaptive,0.0457,0.0,0,0.0,0,0,0,0
677wx8idvsmc1.webp,2,7,3,3,0.9999,adaptive,0.1617,0.1174,1,0.1174,0,0,0,0
677wx8idvsmc1.webp,2,8,0,0,0.992,adaptive,0.0,0.0,0,0.0,0,0,0,0
677wx8idvsmc1.webp,2,9,0,0,0.992,adaptive,0.045,0.0,0,0.0,0,0,0,0
677wx8idvsmc1.webp,3,1,0,0,0.992,adaptive,0.0637,0.0,0,0.0,0,0,0,0
677wx8idvsmc1.webp,3,2,0,0,0.992,adaptive,0.0289,0.0,0,0.0,0,0,0,0
677wx8idvsmc1.webp,3,3,0,0,0.992,adaptive,0.0573,0.0,0,0.0,0,0,0,0
677wx8idvsmc1.webp,3,4,0,0,0.992,adaptive,0.0722,0.0,0,0.0,0,0,0,0
677wx8idvsmc1.webp,3,5,0,0,0.992,adaptive,0.0301,0.0,0,0.0,0,0,0,0
677wx8idvsmc1.webp,3,6,0,0,0.992,adaptive,0.0726,0.0,0,0.0,0,0,0,0
677wx8idvsmc1.webp,3,7,1,1,0.9999,adaptive,0.137,0.0662,1,0.0662,0,0,0,0
677wx8idvsmc1.webp,3,8,0,0,0.992,adaptive,0.0296,0.0,0,0.0,0,0,0,0
677wx8idvsmc1.webp,3,9,0,0,0.992,adaptive,0.0722,0.0,0,0.0,0,0,0,0
677wx8idvsmc1.webp,4,1,1,1,1.0,adaptive,0.1457,0.0604,1,0.0604,0,0,0,0
677wx8idvsmc1.webp,4,2,0,0,0.992,adaptive,0.0452,0.0,0,0.0,0,0,0,0
677wx8idvsmc1.webp,4,3,7,7,1.0,adaptive,0.1352,0.0624,2,0.0356,0,0,0,0
677wx8idvsmc1.webp,4,4,0,0,0.992,adaptive,0.0862,0.0,0,0.0,0,0,0,0
677wx8idvsmc1.webp,4,5,0,0,0.992,adaptive,0.0457,0.0,0,0.0,0,0,0,0
677wx8idvsmc1.webp,4,6,0,0,0.992,adaptive,0.0858,0.0,0,0.0,0,0,0,0
677wx8idvsmc1.webp,4,7,9,9,1.0,adaptive,0.2212,0.1361,2,0.102,0,0,0,0
677wx8idvsmc1.webp,4,8,0,0,0.992,adaptive,0.0459,0.0,0,0.0,0,0,0,0
677wx8idvsmc1.webp,4,9,0,0,0.992,adaptive,0.0851,0.0,0,0.0,0,0,0,0
677wx8idvsmc1.webp,5,1,9,9,1.0,adaptive,0.1578,0.1128,2,0.083,0,0,0,0
677wx8idvsmc1.webp,5,2,0,0,0.992,adaptive,0.0,0.0,0,0.0,0,0,0,0
677wx8idvsmc1.webp,5,3,0,0,0.992,adaptive,0.0303,0.0,0,0.0,0,0,0,0
677wx8idvsmc1.webp,5,4,2,2,1.0,adaptive,0.156,0.1115,1,0.1115,0,0,0,0
677wx8idvsmc1.webp,5,5,6,6,1.0,adaptive,0.1384,0.1377,2,0.1035,0,0,0,0
677wx8idvsmc1.webp,5,6,0,0,0.992,adaptive,0.0452,0.0,0,0.0,0,0,0,0
677wx8idvsmc1.webp,5,7,7,7,1.0,adaptive,0.1063,0.0649,3,0.0425,0,0,0,1
677wx8idvsmc1.webp,5,8,0,0,0.992,adaptive,0.0005,0.0,0,0.0,0,0,0,0
677wx8idvsmc1.webp,5,9,0,0,0.992,adaptive,0.0452,0.0,0,0.0,0,0,0,0
677wx8idvsmc1.webp,6,1,0,0,0.992,adaptive,0.0853,0.0,0,0.0,0,0,0,0
677wx8idvsmc1.webp,6,2,0,0,0.992,adaptive,0.045,0.0,0,0.0,0,0,0,0
677wx8idvsmc1.webp,6,3,0,0,0.992,adaptive,0.0726,0.0,0,0.0,0,0,0,0
677wx8idvsmc1.webp,6,4,7,7,1.0,adaptive,0.1662,0.0806,1,0.0806,0,0,0,0
677wx8idvsmc1.webp,6,5,9,9,1.0,adaptive,0.1551,0.1099,2,0.0816,0,0,0,0
677wx8idvsmc1.webp,6,6,0,0,0.992,adaptive,0.0862,0.0,0,0.0,0,0,0,0
677wx8idvsmc1.webp,6,7,8,8,1.0,adaptive,0.1967,0.1138,3,0.0606,0,0,0,1
677wx8idvsmc1.webp,6,8,0,0,0.992,adaptive,0.0455,0.0,0,0.0,0,0,0,0
677wx8idvsmc1.webp,6,9,0,0,0.992,adaptive,0.0851,0.0,0,0.0,0,0,0,0
677wx8idvsmc1.webp,7,1,7,7,1.0,adaptive,0.1488,0.0617,3,0.035,1,0,0,0
677wx8idvsmc1.webp,7,2,2,2,1.0,adaptive,0.1592,0.1128,1,0.1128,0,0,0,0
677wx8idvsmc1.webp,7,3,0,0,0.992,adaptive,0.0731,0.0,0,0.0,0,0,0,0
677wx8idvsmc1.webp,7,4,4,4,1.0,adaptive,0.1836,0.0969,2,0.0711,0,0,0,0
677wx8idvsmc1.webp,7,5,0,0,0.992,adaptive,0.0457,0.0,0,0.0,0,0,0,0
677wx8idvsmc1.webp,7,6,0,0,0.992,adaptive,0.0855,0.0,0,0.0,0,0,0,0
677wx8idvsmc1.webp,7,7,6,6,1.0,adaptive,0.1949,0.1089,2,0.0804,0,0,0,0
677wx8idvsmc1.webp,7,8,9,9,1.0,adaptive,0.156,0.1104,2,0.081,0,0,0,0
677wx8idvsmc1.webp,7,9,5,5,1.0,adaptive,0.2101,0.1254,1,0.1254,0,0,0,0
677wx8idvsmc1.webp,8,1,3,3,0.9999,adaptive,0.1628,0.1174,1,0.1174,0,0,0,0
677wx8idvsmc1.webp,8,2,9,9,1.0,adaptive,0.115,0.1141,2,0.0856,0,0,0,0
677wx8idvsmc1.webp,8,3,0,0,0.992,adaptive,0.0303,0.0,0,0.0,0,0,0,0
677wx8idvsmc1.webp,8,4,0,0,0.992,adaptive,0.0455,0.0,0,0.0,0,0,0,0
677wx8idvsmc1.webp,8,5,0,0,0.992,adaptive,0.0285,0.0,0,0.0,0,0,0,0
677wx8idvsmc1.webp,8,6,0,0,0.992,adaptive,0.0452,0.0,0,0.0,0,0,0,0
677wx8idvsmc1.webp,8,7,0,0,0.992,adaptive,0.0457,0.0,0,0.0,0,0,0,0
677wx8idvsmc1.webp,8,8,8,8,1.0,adaptive,0.138,0.1389,3,0.0781,0,0,0,1
677wx8idvsmc1.webp,8,9,1,1,0.9976,adaptive,0.0954,0.0522,5,0.045,2,0,0,1
677wx8idvsmc1.webp,9,1,0,0,0.992,adaptive,0.0853,0.0,0,0.0,0,0,0,0
677wx8idvsmc1.webp,9,2,0,0,0.992,adaptive,0.0448,0.0,0,0.0,0,0,0,0
677wx8idvsmc1.webp,9,3,0,0,0.992,adaptive,0.072,0.0,0,0.0,0,0,0,0
677wx8idvsmc1.webp,9,4,0,0,0.992,adaptive,0.0853,0.0,0,0.0,0,0,0,0
677wx8idvsmc1.webp,9,5,0,0,0.992,adaptive,0.0018,0.0,0,0.0,0,0,0,0
677wx8idvsmc1.webp,9,6,9,9,1.0,adaptive,0.2183,0.1334,2,0.1007,0,0,0,0
677wx8idvsmc1.webp,9,7,0,0,0.992,adaptive,0.0853,0.0,0,0.0,0,0,0,0
677wx8idvsmc1.webp,9,8,7,7,1.0,adaptive,0.1253,0.0801,1,0.0801,0,0,0,0
677wx8idvsmc1.webp,9,9,3,3,0.9981,adaptive,0.1697,0.0873,5,0.0446,2,0,0,1
6e0o3wuvlboc1.webp,1,2,5,5,1.0,adaptive,0.2761,0.1766,1,0.1766,0,0,0,0
6e0o3wuvlboc1.webp,1,3,1,1,0.9976,adaptive,0.2067,0.1054,1,0.1054,0,0,0,0
6e0o3wuvlboc1.webp,1,4,7,7,1.0,adaptive,0.2199,0.1201,1,0.1201,0,0,0,0
6e0o3wuvlboc1.webp,1,5,8,8,1.0,adaptive,0.2897,0.1904,1,0.1904,0,0,0,0
6e0o3wuvlboc1.webp,1,8,6,6,1.0,adaptive,0.2996,0.1891,1,0.1891,0,0,0,0
6e0o3wuvlboc1.webp,2,2,8,8,1.0,adaptive,0.2805,0.1942,1,0.1942,0,0,0,0
6e0o3wuvlboc1.webp,2,3,2,2,1.0,adaptive,0.2596,0.1725,1,0.1725,0,0,0,0
6e0o3wuvlboc1.webp,2,4,5,5,1.0,adaptive,0.2607,0.1744,1,0.1744,0,0,0,0
6e0o3wuvlboc1.webp,2,5,4,4,1.0,adaptive,0.2466,0.1596,1,0.1596,0,0,0,0
6e0o3wuvlboc1.webp,2,8,1,1,0.9987,adaptive,0.2062,0.1084,1,0.1084,0,0,0,0
6e0o3wuvlboc1.webp,2,9,7,7,1.0,adaptive,0.2232,0.1232,1,0.1232,0,0,0,0
6e0o3wuvlboc1.webp,3,1,7,7,0.9997,adaptive,0.2341,0.1216,1,0.1216,0,0,0,0
6e0o3wuvlboc1.webp,3,2,9,9,1.0,adaptive,0.2881,0.1893,1,0.1893,0,0,0,0
6e0o3wuvlboc1.webp,3,4,1,1,0.9984,adaptive,0.198,0.1065,1,0.1065,0,0,0,0
6e0o3wuvlboc1.webp,3,5,3,3,1.0,adaptive,0.2481,0.1576,1,0.1576,0,0,0,0
6e0o3wuvlboc1.webp,4,2,6,6,0.9999,adaptive,0.2879,0.1879,1,0.1879,0,0,0,0
6e0o3wuvlboc1.webp,4,3,9,9,1.0,adaptive,0.2867,0.1858,1,0.1858,0,0,0,0
6e0o3wuvlboc1.webp,4,6,3,3,1.0,adaptive,0.2664,0.1542,1,0.1542,0,0,0,0
6e0o3wuvlboc1.webp,4,9,1,1,0.9975,adaptive,0.2237,0.1112,1,0.1112,0,0,0,0
6e0o3wuvlboc1.webp,5,1,8,8,1.0,adaptive,0.2895,0.1895,1,0.1895,0,0,0,0
6e0o3wuvlboc1.webp,5,4,9,9,1.0,adaptive,0.275,0.1888,1,0.1888,0,0,0,0
6e0o3wuvlboc1.webp,5,5,1,1,0.9983,adaptive,0.2101,0.1136,1,0.1136,0,0,0,0
6e0o3wuvlboc1.webp,5,6,5,5,1.0,adaptive,0.2736,0.1741,1,0.1741,0,0,0,0
6e0o3wuvlboc1.webp,5,7,6,6,1.0,adaptive,0.2858,0.187,1,0.187,0,0,0,0
6e0o3wuvlboc1.webp,5,8,2,2,1.0,adaptive,0.2684,0.1713,1,0.1713,0,0,0,0
6e0o3wuvlboc1.webp,5,9,4,4,1.0,adaptive,0.2587,0.159,1,0.159,0,0,0,0
6e0o3wuvlboc1.webp,6,1,1,1,0.9987,adaptive,0.2234,0.1096,1,0.1096,0,0,0,0
6e0o3wuvlboc1.webp,6,4,6,6,1.0,adaptive,0.2869,0.1865,1,0.1865,0,0,0,0
6e0o3wuvlboc1.webp,6,8,9,9,0.9999,adaptive,0.3017,0.1891,1,0.1891,0,0,0,0
6e0o3wuvlboc1.webp,6,9,3,3,1.0,adaptive,0.266,0.1524,1,0.1524,0,0,0,0
6e0o3wuvlboc1.webp,7,5,9,9,1.0,adaptive,0.2879,0.1884,1,0.1884,0,0,0,0
6e0o3wuvlboc1.webp,7,6,7,7,1.0,adaptive,0.233,0.1207,1,0.1207,0,0,0,0
6e0o3wuvlboc1.webp,7,7,1,1,0.9971,adaptive,0.2225,0.1105,1,0.1105,0,0,0,0
6e0o3wuvlboc1.webp,8,1,9,9,0.9999,adaptive,0.2874,0.1879,1,0.1879,0,0,0,0
6e0o3wuvlboc1.webp,8,5,6,6,0.9999,adaptive,0.2888,0.1908,1,0.1908,0,0,0,0
6e0o3wuvlboc1.webp,8,6,1,1,0.9987,adaptive,0.2189,0.1085,1,0.1085,0,0,0,0
6e0o3wuvlboc1.webp,8,7,2,2,1.0,adaptive,0.27,0.1692,1,0.1692,0,0,0,0
6e0o3wuvlboc1.webp,8,8,3,3,1.0,adaptive,0.2709,0.1605,1,0.1605,0,0,0,0
6e0o3wuvlboc1.webp,9,2,1,1,0.9949,adaptive,0.2166,0.1153,1,0.1153,0,0,0,0
6e0o3wuvlboc1.webp,9,5,5,5,1.0,adaptive,0.2748,0.1737,1,0.1737,0,0,0,0
6e0o3wuvlboc1.webp,9,8,7,7,0.9997,adaptive,0.2356,0.1219,1,0.1219,0,0,0,0
6ewz4o68rcsc1.webp,1,3,7,7,1.0,adaptive,0.1655,0.0633,1,0.0633,0,0,0,0
6ewz4o68rcsc1.webp,1,5,8,8,1.0,adaptive,0.1922,0.0961,1,0.0961,0,0,0,0
6ewz4o68rcsc1.webp,1,6,9,9,1.0,adaptive,0.1842,0.0869,1,0.0869,0,0,0,0
6ewz4o68rcsc1.webp,1,9,1,1,1.0,adaptive,0.1461,0.059,1,0.059,0,0,0,0
6ewz4o68rcsc1.webp,2,5,3,3,1.0,adaptive,0.154,0.0826,1,0.0826,0,0,0,0
6ewz4o68rcsc1.webp,2,6,4,4,1.0,adaptive,0.147,0.0755,1,0.0755,0,0,0,0
6ewz4o68rcsc1.webp,2,9,7,7,1.0,adaptive,0.135,0.0635,1,0.0635,0,0,0,0
6ewz4o68rcsc1.webp,3,4,2,2,1.0,adaptive,0.1666,0.082,1,0.082,0,0,0,0
6ewz4o68rcsc1.webp,3,5,7,7,1.0,adaptive,0.1474,0.0638,1,0.0638,0,0,0,0
6ewz4o68rcsc1.webp,3,6,1,1,0.9999,adaptive,0.1504,0.0579,1,0.0579,0,0,0,0
6ewz4o68rcsc1.webp,3,7,6,6,1.0,adaptive,0.1744,0.0898,1,0.0898,0,0,0,0
6ewz4o68rcsc1.webp,3,8,9,9,0.9999,adaptive,0.1746,0.0909,1,0.0909,0,0,0,0
6ewz4o68rcsc1.webp,4,2,2,2,1.0,adaptive,0.1542,0.0825,1,0.0825,0,0,0,0
6ewz4o68rcsc1.webp,4,5,6,6,1.0,adaptive,0.1759,0.0916,1,0.0916,0,0,0,0
6ewz4o68rcsc1.webp,4,7,4,4,1.0,adaptive,0.1611,0.076,1,0.076,0,0,0,0
6ewz4o68rcsc1.webp,5,3,5,5,1.0,adaptive,0.1574,0.0864,1,0.0864,0,0,0,0
6ewz4o68rcsc1.webp,5,8,6,6,1.0,adaptive,0.1637,0.0927,1,0.0927,0,0,0,0
6ewz4o68rcsc1.webp,6,1,7,7,1.0,adaptive,0.1597,0.0622,1,0.0622,0,0,0,0
6ewz4o68rcsc1.webp,6,2,6,6,0.9999,adaptive,0.163,0.0905,1,0.0905,0,0,0,0
6ewz4o68rcsc1.webp,6,3,4,4,1.0,adaptive,0.162,0.0775,1,0.0775,0,0,0,0
6ewz4o68rcsc1.webp,6,5,5,5,1.0,adaptive,0.166,0.0862,1,0.0862,0,0,0,0
6ewz4o68rcsc1.webp,6,6,3,3,1.0,adaptive,0.1669,0.0833,1,0.0833,0,0,0,0
6ewz4o68rcsc1.webp,7,1,9,9,0.9999,adaptive,0.1873,0.0898,1,0.0898,0,0,0,0
6ewz4o68rcsc1.webp,7,4,3,3,1.0,adaptive,0.1669,0.0811,1,0.0811,0,0,0,0
6ewz4o68rcsc1.webp,7,6,5,5,1.0,adaptive,0.1706,0.0864,1,0.0864,0,0,0,0
6ewz4o68rcsc1.webp,8,1,5,5,1.0,adaptive,0.1818,0.0841,1,0.0841,0,0,0,0
6ewz4o68rcsc1.webp,8,2,7,7,1.0,adaptive,0.1357,0.0657,1,0.0657,0,0,0,0
6ewz4o68rcsc1.webp,8,6,6,6,0.9998,adaptive,0.1721,0.0902,1,0.0902,0,0,0,0
6ewz4o68rcsc1.webp,8,8,8,8,1.0,adaptive,0.1777,0.0957,1,0.0957,0,0,0,0
6ewz4o68rcsc1.webp,8,9,3,3,1.0,adaptive,0.1655,0.0823,1,0.0823,0,0,0,0
6ewz4o68rcsc1.webp,9,7,5,5,1.0,adaptive,0.1713,0.0867,1,0.0867,0,0,0,0
6r6emgcjxddc1.webp,1,3,9,9,1.0,adaptive,0.2094,0.1192,2,0.1192,1,0,0,0
6r6emgcjxddc1.webp,1,4,7,7,1.0,adaptive,0.1666,0.0798,1,0.0798,0,0,0,0
6r6emgcjxddc1.webp,1,5,4,4,0.7332,adaptive,0.1581,0.0563,4,0.0563,3,0,0,0
6r6emgcjxddc1.webp,1,6,6,6,0.9796,adaptive,0.1753,0.0704,3,0.0704,2,0,0,0
6r6emgcjxddc1.webp,1,7,8,8,1.0,adaptive,0.1773,0.0822,2,0.0822,1,0,0,0
6r6emgcjxddc1.webp,1,8,5,5,1.0,adaptive,0.1796,0.1122,1,0.1122,0,0,0,0
6r6emgcjxddc1.webp,1,9,2,2,0.9955,adaptive,0.1591,0.0706,6,0.0706,5,0,0,0
6r6emgcjxddc1.webp,2,4,8,8,0.9958,adaptive,0.1976,0.0819,4,0.0819,3,0,0,0
6r6emgcjxddc1.webp,2,5,5,5,1.0,adaptive,0.1786,0.0723,6,0.0657,4,0,0,0
6r6emgcjxddc1.webp,2,6,1,1,0.9914,adaptive,0.1651,0.0651,1,0.0651,0,0,0,0
6r6emgcjxddc1.webp,2,7,3,3,1.0,adaptive,0.2065,0.1083,1,0.1083,0,0,0,0
6r6emgcjxddc1.webp,2,8,9,9,0.9987,adaptive,0.1334,0.059,1,0.059,0,0,0,0
6r6emgcjxddc1.webp,2,9,6,6,0.9898,adaptive,0.1549,0.069,1,0.069,0,0,0,0
6r6emgcjxddc1.webp,3,1,5,5,1.0,adaptive,0.2168,0.1038,1,0.1038,0,0,0,0
6r6emgcjxddc1.webp,3,2,6,6,0.9999,adaptive,0.2133,0.1131,2,0.1131,1,0,0,0
6r6emgcjxddc1.webp,3,3,8,8,0.9871,adaptive,0.188,0.0826,6,0.0826,5,0,0,0
6r6emgcjxddc1.webp,3,4,9,9,0.9999,adaptive,0.2156,0.1143,1,0.1143,0,0,0,0
6r6emgcjxddc1.webp,3,5,3,3,1.0,adaptive,0.1597,0.066,1,0.066,0,0,0,0
6r6emgcjxddc1.webp,3,6,2,2,1.0,adaptive,0.1787,0.0695,2,0.0695,1,0,0,0
6r6emgcjxddc1.webp,3,9,4,4,1.0,adaptive,0.1876,0.0969,1,0.0969,0,0,0,0
6r6emgcjxddc1.webp,4,2,8,8,1.0,adaptive,0.2241,0.1153,1,0.1153,0,0,0,0
6r6emgcjxddc1.webp,4,5,2,2,0.9998,adaptive,0.1995,0.0728,5,0.0728,4,0,0,0
6r6emgcjxddc1.webp,4,7,5,5,1.0,adaptive,0.2375,0.102,2,0.102,1,0,0,0
6r6emgcjxddc1.webp,4,8,4,4,1.0,adaptive,0.204,0.0925,1,0.0925,0,0,0,0
6r6emgcjxddc1.webp,4,9,3,3,1.0,adaptive,0.1771,0.0717,1,0.0717,0,0,0,0
6r6emgcjxddc1.webp,5,1,2,2,1.0,adaptive,0.1913,0.1063,1,0.1063,0,0,0,0
6r6emgcjxddc1.webp,5,3,5,5,0.9999,adaptive,0.1775,0.0796,1,0.0796,0,0,0,0
6r6emgcjxddc1.webp,5,4,4,4,1.0,adaptive,0.1809,0.0945,1,0.0945,0,0,0,0
6r6emgcjxddc1.webp,5,5,8,8,0.9998,adaptive,0.1621,0.0781,1,0.0781,0,0,0,0
6r6emgcjxddc1.webp,5,6,3,3,1.0,adaptive,0.2074,0.1049,1,0.1049,0,0,0,0
6r6emgcjxddc1.webp,5,7,6,6,0.9701,adaptive,0.1728,0.062,8,0.0552,6,0,0,0
6r6emgcjxddc1.webp,5,9,9,9,1.0,adaptive,0.2295,0.1176,2,0.1176,1,0,0,0
6r6emgcjxddc1.webp,6,2,4,4,1.0,adaptive,0.1578,0.0991,1,0.0991,0,0,0,0
6r6emgcjxddc1.webp,6,3,3,3,1.0,adaptive,0.2168,0.1098,1,0.1098,0,0,0,0
6r6emgcjxddc1.webp,6,4,5,5,0.9989,adaptive,0.2007,0.0858,6,0.078,4,0,0,0
6r6emgcjxddc1.webp,6,7,2,2,0.9998,adaptive,0.1862,0.0702,12,0.0524,10,0,0,0
6r6emgcjxddc1.webp,6,8,8,8,1.0,adaptive,0.22,0.1264,2,0.1264,1,0,0,0
6r6emgcjxddc1.webp,7,1,8,8,1.0,adaptive,0.2043,0.1254,1,0.1254,0,0,0,0
6r6emgcjxddc1.webp,7,6,4,4,1.0,adaptive,0.1896,0.0942,1,0.0942,0,0,0,0
6r6emgcjxddc1.webp,7,8,6,6,0.9999,adaptive,0.1999,0.1221,1,0.1221,0,0,0,0
6r6emgcjxddc1.webp,7,9,5,5,1.0,adaptive,0.2219,0.1141,1,0.1141,0,0,0,0
6r6emgcjxddc1.webp,8,3,7,7,1.0,adaptive,0.1585,0.0846,1,0.0846,0,0,0,0
6r6emgcjxddc1.webp,8,4,2,2,1.0,adaptive,0.2031,0.1092,1,0.1092,0,0,0,0
6r6emgcjxddc1.webp,8,6,5,5,1.0,adaptive,0.1787,0.0715,1,0.0715,0,0,0,0
6r6emgcjxddc1.webp,8,7,4,4,0.9934,adaptive,0.163,0.0737,1,0.0737,0,0,0,0
6r6emgcjxddc1.webp,8,8,3,3,0.9997,adaptive,0.1641,0.0691,6,0.0691,5,0,0,0
6r6emgcjxddc1.webp,8,9,8,8,1.0,adaptive,0.1549,0.0782,2,0.0782,1,0,0,0
6r6emgcjxddc1.webp,9,2,5,5,1.0,adaptive,0.1861,0.1131,2,0.1131,1,0,0,0
6r6emgcjxddc1.webp,9,6,8,8,1.0,adaptive,0.2279,0.1254,1,0.1254,0,0,0,0
6r6emgcjxddc1.webp,9,7,9,9,1.0,adaptive,0.2259,0.1198,5,0.1198,4,0,0,0
6r6emgcjxddc1.webp,9,8,2,2,1.0,adaptive,0.1603,0.0658,7,0.0658,6,0,0,0
6zc6yw85b7rc1.webp,1,1,2,2,1.0,adaptive,0.1194,0.0341,1,0.0341,0,0,0,0
6zc6yw85b7rc1.webp,1,2,5,5,1.0,adaptive,0.1201,0.0353,1,0.0353,0,0,0,0
6zc6yw85b7rc1.webp,1,4,6,6,0.9951,adaptive,0.1212,0.0352,1,0.0352,0,0,0,0
6zc6yw85b7rc1.webp,1,7,3,3,1.0,adaptive,0.121,0.035,1,0.035,0,0,0,0
6zc6yw85b7rc1.webp,1,8,7,7,0.9999,adaptive,0.0986,0.0265,1,0.0265,0,0,0,0
6zc6yw85b7rc1.webp,2,4,7,7,1.0,adaptive,0.109,0.0246,1,0.0246,0,0,0,0
6zc6yw85b7rc1.webp,2,7,8,8,1.0,adaptive,0.1237,0.0396,1,0.0396,0,0,0,0
6zc6yw85b7rc1.webp,3,3,7,7,1.0,adaptive,0.1031,0.0258,1,0.0258,0,0,0,0
6zc6yw85b7rc1.webp,3,7,4,4,1.0,adaptive,0.1036,0.0314,1,0.0314,0,0,0,0
6zc6yw85b7rc1.webp,4,1,6,6,0.9954,adaptive,0.1219,0.0365,1,0.0365,0,0,0,0
6zc6yw85b7rc1.webp,4,2,7,7,0.9999,adaptive,0.1104,0.0262,1,0.0262,0,0,0,0
6zc6yw85b7rc1.webp,4,4,2,2,1.0,adaptive,0.1198,0.0341,1,0.0341,0,0,0,0
6zc6yw85b7rc1.webp,5,5,4,4,1.0,adaptive,0.1031,0.0331,1,0.0331,0,0,0,0
6zc6yw85b7rc1.webp,5,6,6,6,0.9939,adaptive,0.1104,0.036,1,0.036,0,0,0,0
6zc6yw85b7rc1.webp,5,7,9,9,1.0,adaptive,0.1081,0.0355,1,0.0355,0,0,0,0
6zc6yw85b7rc1.webp,5,8,3,3,1.0,adaptive,0.0941,0.0351,1,0.0351,0,0,0,0
6zc6yw85b7rc1.webp,5,9,7,7,0.9999,adaptive,0.0963,0.0262,1,0.0262,0,0,0,0
6zc6yw85b7rc1.webp,6,1,3,3,1.0,adaptive,0.1187,0.035,1,0.035,0,0,0,0
6zc6yw85b7rc1.webp,6,5,7,7,1.0,adaptive,0.0844,0.0258,1,0.0258,0,0,0,0
6zc6yw85b7rc1.webp,6,7,6,6,0.9955,adaptive,0.1072,0.0345,1,0.0345,0,0,0,0
6zc6yw85b7rc1.webp,7,1,7,7,0.9999,adaptive,0.1114,0.0256,1,0.0256,0,0,0,0
6zc6yw85b7rc1.webp,7,4,4,4,1.0,adaptive,0.1174,0.0312,1,0.0312,0,0,0,0
6zc6yw85b7rc1.webp,7,8,6,6,0.9702,adaptive,0.1081,0.0355,1,0.0355,0,0,0,0
6zc6yw85b7rc1.webp,7,9,3,3,1.0,adaptive,0.1069,0.035,1,0.035,0,0,0,0
6zc6yw85b7rc1.webp,8,4,3,3,1.0,adaptive,0.1178,0.0344,1,0.0344,0,0,0,0
6zc6yw85b7rc1.webp,8,5,8,8,1.0,adaptive,0.1111,0.0404,1,0.0404,0,0,0,0
6zc6yw85b7rc1.webp,8,6,9,9,0.9998,adaptive,0.119,0.0346,1,0.0346,0,0,0,0
6zc6yw85b7rc1.webp,8,7,7,7,1.0,adaptive,0.109,0.0253,1,0.0253,0,0,0,0
6zc6yw85b7rc1.webp,9,5,6,6,0.9854,adaptive,0.0932,0.0344,1,0.0344,0,0,0,0
6zc6yw85b7rc1.webp,9,6,7,7,0.9999,adaptive,0.096,0.0247,1,0.0247,0,0,0,0
6zc6yw85b7rc1.webp,9,7,2,2,1.0,adaptive,0.1043,0.0321,1,0.0321,0,0,0,0
73mww3hut9pc1.webp,1,1,0,0,0.992,adaptive,0.1566,0.0,2,0.0,2,0,0,0
73mww3hut9pc1.webp,1,2,0,0,0.992,adaptive,0.1427,0.0,2,0.0,2,0,0,0
73mww3hut9pc1.webp,1,3,0,0,0.992,adaptive,0.1976,0.0,2,0.0,2,0,0,0
73mww3hut9pc1.webp,1,4,0,0,0.992,adaptive,0.1651,0.0,2,0.0,2,0,0,0
73mww3hut9pc1.webp,1,5,0,0,0.992,adaptive,0.1502,0.0,2,0.0,2,0,0,0
73mww3hut9pc1.webp,1,6,0,0,0.992,adaptive,0.1704,0.0,1,0.0,1,0,0,0
73mww3hut9pc1.webp,1,7,3,3,1.0,adaptive,0.2698,0.0855,1,0.0855,0,0,0,0
73mww3hut9pc1.webp,1,8,8,8,1.0,adaptive,0.2635,0.0957,2,0.0957,1,0,0,0
73mww3hut9pc1.webp,1,9,9,9,1.0,adaptive,0.2571,0.0893,1,0.0893,0,0,0,0
73mww3hut9pc1.webp,2,1,1,1,0.9859,adaptive,0.2121,0.0459,8,0.0459,7,0,0,0
73mww3hut9pc1.webp,2,2,0,0,0.992,adaptive,0.1492,0.0,6,0.0,6,0,0,0
73mww3hut9pc1.webp,2,3,8,8,1.0,adaptive,0.2797,0.0975,2,0.0975,1,0,0,0
73mww3hut9pc1.webp,2,4,0,0,0.992,adaptive,0.1522,0.0,1,0.0,1,0,0,0
73mww3hut9pc1.webp,2,5,4,4,1.0,adaptive,0.2215,0.0774,2,0.0774,1,0,0,0
73mww3hut9pc1.webp,2,6,0,0,0.992,adaptive,0.1735,0.0,4,0.0,4,0,0,0
73mww3hut9pc1.webp,2,7,0,0,0.992,adaptive,0.1904,0.0,5,0.0,5,0,0,0
73mww3hut9pc1.webp,2,8,7,7,1.0,adaptive,0.2179,0.0599,3,0.0599,2,0,0,0
73mww3hut9pc1.webp,2,9,0,0,0.992,adaptive,0.1669,0.0,0,0.0,0,0,0,0
73mww3hut9pc1.webp,3,1,0,0,0.992,adaptive,0.1983,0.0,12,0.0,12,0,0,0
73mww3hut9pc1.webp,3,2,2,2,1.0,adaptive,0.2739,0.0834,8,0.0834,7,0,0,0
73mww3hut9pc1.webp,3,3,0,0,0.992,adaptive,0.2263,0.0,7,0.0,7,0,0,0
73mww3hut9pc1.webp,3,4,0,0,0.992,adaptive,0.1914,0.0,4,0.0,4,0,0,0
73mww3hut9pc1.webp,3,5,0,0,0.992,adaptive,0.206,0.0,8,0.0,8,0,0,0
73mww3hut9pc1.webp,3,6,5,5,1.0,adaptive,0.2874,0.086,2,0.086,1,0,0,0
73mww3hut9pc1.webp,3,7,0,0,0.992,adaptive,0.2125,0.0,8,0.0,8,0,0,0
73mww3hut9pc1.webp,3,8,0,0,0.992,adaptive,0.1834,0.0,2,0.0,2,0,0,0
73mww3hut9pc1.webp,3,9,0,0,0.992,adaptive,0.1889,0.0,1,0.0,1,0,0,0
73mww3hut9pc1.webp,4,1,0,0,0.992,adaptive,0.1769,0.0,28,0.0,28,0,0,0
73mww3hut9pc1.webp,4,2,0,0,0.992,adaptive,0.1649,0.0,12,0.0,12,0,0,0
73mww3hut9pc1.webp,4,3,0,0,0.992,adaptive,0.1958,0.0,3,0.0,3,0,0,0
73mww3hut9pc1.webp,4,4,7,7,1.0,adaptive,0.2355,0.0584,6,0.0584,5,0,0,0
73mww3hut9pc1.webp,4,5,0,0,0.992,adaptive,0.1886,0.0,3,0.0,3,0,0,0
73mww3hut9pc1.webp,4,6,1,1,0.9506,adaptive,0.2446,0.0472,5,0.0472,4,0,0,0
73mww3hut9pc1.webp,4,7,0,0,0.992,adaptive,0.2181,0.0,6,0.0,6,0,0,0
73mww3hut9pc1.webp,4,8,6,6,0.9999,adaptive,0.289,0.0975,5,0.0975,4,0,0,0
73mww3hut9pc1.webp,4,9,0,0,0.992,adaptive,0.2018,0.0,0,0.0,0,0,0,0
73mww3hut9pc1.webp,5,1,7,7,0.9999,adaptive,0.2214,0.0608,15,0.0608,14,0,0,0
73mww3hut9pc1.webp,5,2,0,0,0.992,adaptive,0.1609,0.0,19,0.0,19,0,0,0
73mww3hut9pc1.webp,5,3,1,1,0.9985,adaptive,0.235,0.0457,7,0.0457,6,0,0,0
73mww3hut9pc1.webp,5,4,0,0,0.992,adaptive,0.1671,0.0,6,0.0,6,0,0,0
73mww3hut9pc1.webp,5,5,0,0,0.992,adaptive,0.1589,0.0,15,0.0,15,0,0,0
73mww3hut9pc1.webp,5,6,0,0,0.992,adaptive,0.1725,0.0,8,0.0,8,0,0,0
73mww3hut9pc1.webp,5,7,0,0,0.992,adaptive,0.1922,0.0,3,0.0,3,0,0,0
73mww3hut9pc1.webp,5,8,0,0,0.992,adaptive,0.1534,0.0,3,0.0,3,0,0,0
73mww3hut9pc1.webp,5,9,0,0,0.992,adaptive,0.1755,0.0,2,0.0,2,0,0,0
73mww3hut9pc1.webp,6,1,2,2,1.0,adaptive,0.2644,0.0844,2,0.0844,1,0,0,0
73mww3hut9pc1.webp,6,2,0,0,0.992,adaptive,0.1995,0.0,19,0.0,19,0,0,0
73mww3hut9pc1.webp,6,3,0,0,0.992,adaptive,0.2018,0.0,8,0.0,8,0,0,0
73mww3hut9pc1.webp,6,4,0,0,0.992,adaptive,0.194,0.0,6,0.0,6,0,0,0
73mww3hut9pc1.webp,6,5,0,0,0.992,adaptive,0.1628,0.0,6,0.0,6,0,0,0
73mww3hut9pc1.webp,6,6,0,0,0.992,adaptive,0.1671,0.0,4,0.0,4,0,0,0
73mww3hut9pc1.webp,6,7,0,0,0.992,adaptive,0.1994,0.0,3,0.0,3,0,0,0
73mww3hut9pc1.webp,6,8,0,0,0.992,adaptive,0.163,0.0,6,0.0,6,0,0,0
73mww3hut9pc1.webp,6,9,0,0,0.992,adaptive,0.1669,0.0,4,0.0,4,0,0,0
73mww3hut9pc1.webp,7,1,0,0,0.992,adaptive,0.1983,0.0,10,0.0,10,0,0,0
73mww3hut9pc1.webp,7,2,7,7,0.9999,adaptive,0.2587,0.0608,6,0.0608,5,0,0,0
73mww3hut9pc1.webp,7,3,0,0,0.992,adaptive,0.2074,0.0,2,0.0,2,0,0,0
73mww3hut9pc1.webp,7,4,6,6,1.0,adaptive,0.3001,0.094,1,0.094,0,0,0,0
73mww3hut9pc1.webp,7,5,0,0,0.992,adaptive,0.1893,0.0,1,0.0,1,0,0,0
73mww3hut9pc1.webp,7,6,0,0,0.992,adaptive,0.1978,0.0,4,0.0,4,0,0,0
73mww3hut9pc1.webp,7,7,5,5,1.0,adaptive,0.3007,0.0884,1,0.0884,0,0,0,0
73mww3hut9pc1.webp,7,8,0,0,0.992,adaptive,0.1848,0.0,6,0.0,6,0,0,0
73mww3hut9pc1.webp,7,9,0,0,0.992,adaptive,0.1887,0.0,1,0.0,1,0,0,0
73mww3hut9pc1.webp,8,1,0,0,0.992,adaptive,0.1716,0.0,17,0.0,17,0,0,0
73mww3hut9pc1.webp,8,2,0,0,0.992,adaptive,0.1706,0.0,8,0.0,8,0,0,0
73mww3hut9pc1.webp,8,3,0,0,0.992,adaptive,0.1744,0.0,5,0.0,5,0,0,0
73mww3hut9pc1.webp,8,4,9,9,1.0,adaptive,0.2834,0.0963,3,0.0963,2,0,0,0
73mww3hut9pc1.webp,8,5,0,0,0.992,adaptive,0.1552,0.0,5,0.0,5,0,0,0
73mww3hut9pc1.webp,8,6,0,0,0.992,adaptive,0.1574,0.0,7,0.0,7,0,0,0
73mww3hut9pc1.webp,8,7,0,0,0.992,adaptive,0.1863,0.0,10,0.0,10,0,0,0
73mww3hut9pc1.webp,8,8,0,0,0.992,adaptive,0.1469,0.0,4,0.0,4,0,0,0
73mww3hut9pc1.webp,8,9,3,3,1.0,adaptive,0.2311,0.0859,1,0.0859,0,0,0,0
73mww3hut9pc1.webp,9,1,3,3,1.0,adaptive,0.231,0.0842,3,0.0842,2,0,0,0
73mww3hut9pc1.webp,9,2,4,4,1.0,adaptive,0.2225,0.0692,4,0.0692,3,0,0,0
73mww3hut9pc1.webp,9,3,5,5,1.0,adaptive,0.2562,0.0838,1,0.0838,0,0,0,0
73mww3hut9pc1.webp,9,4,0,0,0.992,adaptive,0.1865,0.0,5,0.0,5,0,0,0
73mww3hut9pc1.webp,9,5,0,0,0.992,adaptive,0.1594,0.0,5,0.0,5,0,0,0
73mww3hut9pc1.webp,9,6,2,2,1.0,adaptive,0.2424,0.0842,2,0.0842,1,0,0,0
73mww3hut9pc1.webp,9,7,0,0,0.992,adaptive,0.1856,0.0,2,0.0,2,0,0,0
73mww3hut9pc1.webp,9,8,0,0,0.992,adaptive,0.1526,0.0,6,0.0,6,0,0,0
73mww3hut9pc1.webp,9,9,0,0,0.992,adaptive,0.1366,0.0,3,0.0,3,0,0,0
7c599uqa9iec1.webp,1,1,8,8,1.0,adaptive,0.0951,0.0969,3,0.0675,0,0,0,1
7c599uqa9iec1.webp,1,2,3,3,0.9999,adaptive,0.0925,0.0925,1,0.0925,0,0,0,0
7c599uqa9iec1.webp,1,3,9,9,0.988,adaptive,0.1506,0.09,3,0.0704,1,0,0,0
7c599uqa9iec1.webp,1,4,7,7,1.0,adaptive,0.0757,0.0757,1,0.0757,0,0,0,0
7c599uqa9iec1.webp,1,5,6,6,0.9998,adaptive,0.0918,0.0918,2,0.0701,0,0,0,0
7c599uqa9iec1.webp,1,6,1,1,0.999,adaptive,0.1528,0.0639,2,0.0639,0,1,0,0
7c599uqa9iec1.webp,1,7,4,4,0.9996,adaptive,0.072,0.072,2,0.0635,0,0,0,0
7c599uqa9iec1.webp,1,8,5,5,1.0,adaptive,0.1065,0.1065,1,0.1065,0,0,0,0
7c599uqa9iec1.webp,1,9,2,2,0.9987,adaptive,0.1,0.1,1,0.1,0,0,0,0
7c599uqa9iec1.webp,2,1,2,2,0.9997,adaptive,0.0902,0.09,1,0.09,0,0,0,0
7c599uqa9iec1.webp,2,2,6,6,0.9995,adaptive,0.0891,0.0875,2,0.0659,0,0,0,0
7c599uqa9iec1.webp,2,3,4,4,0.9997,adaptive,0.137,0.0726,4,0.064,2,0,0,0
7c599uqa9iec1.webp,2,4,9,9,0.9962,adaptive,0.0907,0.0907,2,0.071,0,0,0,0
7c599uqa9iec1.webp,2,5,8,8,1.0,adaptive,0.0969,0.0989,3,0.0682,0,0,0,1
7c599uqa9iec1.webp,2,6,5,5,1.0,adaptive,0.197,0.1081,2,0.1081,0,1,0,0
7c599uqa9iec1.webp,2,7,7,7,0.9998,adaptive,0.0749,0.0749,1,0.0749,0,0,0,0
7c599uqa9iec1.webp,2,8,3,3,1.0,adaptive,0.1049,0.1049,1,0.1049,0,0,0,0
7c599uqa9iec1.webp,2,9,1,1,0.9998,adaptive,0.0667,0.0667,1,0.0667,0,0,0,0
7c599uqa9iec1.webp,3,3,1,1,0.9994,adaptive,0.1542,0.0648,1,0.0648,0,0,0,0
7c599uqa9iec1.webp,3,4,2,2,0.9992,adaptive,0.145,0.0998,1,0.0998,0,0,0,0
7c599uqa9iec1.webp,3,5,4,4,0.9987,adaptive,0.1246,0.0798,2,0.0703,0,0,0,0
7c599uqa9iec1.webp,3,6,3,3,0.9999,adaptive,0.2239,0.1005,2,0.1005,0,1,0,0
7c599uqa9iec1.webp,3,7,6,6,0.9998,adaptive,0.1381,0.0933,2,0.0722,0,0,0,0
7c599uqa9iec1.webp,3,8,9,9,0.9985,adaptive,0.1411,0.0862,3,0.0663,1,0,0,0
7c599uqa9iec1.webp,3,9,8,8,0.9999,adaptive,0.1593,0.1043,3,0.0733,0,0,0,1
7c599uqa9iec1.webp,4,1,3,3,0.9999,adaptive,0.1722,0.1002,1,0.1002,0,0,0,0
7c599uqa9iec1.webp,4,2,1,1,0.9993,adaptive,0.1339,0.0611,4,0.0611,3,0,0,0
7c599uqa9iec1.webp,4,3,2,2,0.9994,adaptive,0.2239,0.1031,2,0.1031,1,0,0,0
7c599uqa9iec1.webp,4,4,6,6,0.9995,adaptive,0.1533,0.0922,2,0.0708,0,0,0,0
7c599uqa9iec1.webp,4,5,7,7,1.0,adaptive,0.1323,0.0665,1,0.0665,0,0,0,0
7c599uqa9iec1.webp,4,6,9,9,0.9957,adaptive,0.2297,0.0893,3,0.0702,0,1,0,0
7c599uqa9iec1.webp,4,7,8,8,0.9999,adaptive,0.1613,0.0996,4,0.0688,1,0,0,1
7c599uqa9iec1.webp,4,8,4,4,0.9995,adaptive,0.1389,0.0791,2,0.0706,0,0,0,0
7c599uqa9iec1.webp,4,9,5,5,1.0,adaptive,0.1546,0.0973,1,0.0973,0,0,0,0
7c599uqa9iec1.webp,5,3,5,5,1.0,adaptive,0.1664,0.1067,1,0.1067,0,0,0,0
7c599uqa9iec1.webp,5,4,4,4,0.9994,adaptive,0.0782,0.0782,2,0.0699,0,0,0,0
7c599uqa9iec1.webp,5,5,3,3,0.9999,adaptive,0.1047,0.1047,1,0.1047,0,0,0,0
7c599uqa9iec1.webp,5,6,8,8,0.9995,adaptive,0.1866,0.1095,4,0.0776,0,1,0,1
7c599uqa9iec1.webp,5,7,2,2,0.999,adaptive,0.1029,0.1029,1,0.1029,0,0,0,0
7c599uqa9iec1.webp,5,8,1,1,0.9996,adaptive,0.0659,0.0659,1,0.0659,0,0,0,0
7c599uqa9iec1.webp,5,9,6,6,0.9997,adaptive,0.092,0.092,2,0.0708,0,0,0,0
7c599uqa9iec1.webp,6,1,6,6,0.9997,adaptive,0.1586,0.0862,4,0.065,2,0,0,0
7c599uqa9iec1.webp,6,2,4,4,0.9986,adaptive,0.1526,0.0785,2,0.0701,0,0,0,0
7c599uqa9iec1.webp,6,3,8,8,0.9998,adaptive,0.2176,0.1069,4,0.0757,1,0,0,1
7c599uqa9iec1.webp,6,4,5,5,1.0,adaptive,0.1648,0.1045,1,0.1045,0,0,0,0
7c599uqa9iec1.webp,6,5,1,1,0.9993,adaptive,0.1194,0.0586,3,0.0586,2,0,0,0
7c599uqa9iec1.webp,6,6,2,2,0.9998,adaptive,0.2199,0.09,4,0.09,2,1,0,0
7c599uqa9iec1.webp,6,7,3,3,0.9998,adaptive,0.1615,0.1018,1,0.1018,0,0,0,0
7c599uqa9iec1.webp,6,8,7,7,1.0,adaptive,0.1318,0.069,3,0.069,2,0,0,0
7c599uqa9iec1.webp,6,9,9,9,0.9893,adaptive,0.1486,0.0884,2,0.0693,0,0,0,0
7c599uqa9iec1.webp,7,1,4,4,0.9989,adaptive,0.1065,0.0766,2,0.0682,0,0,0,0
7c599uqa9iec1.webp,7,3,6,6,0.9989,adaptive,0.1778,0.0911,2,0.0704,0,0,0,0
7c599uqa9iec1.webp,7,4,8,8,0.9999,adaptive,0.1192,0.1049,3,0.0742,0,0,0,1
7c599uqa9iec1.webp,7,5,9,9,0.9986,adaptive,0.1058,0.0864,2,0.0665,0,0,0,0
7c599uqa9iec1.webp,7,6,7,7,0.9999,adaptive,0.1617,0.0737,2,0.0737,0,1,0,0
7c599uqa9iec1.webp,7,7,1,1,0.996,adaptive,0.078,0.063,1,0.063,0,0,0,0
7c599uqa9iec1.webp,7,8,2,2,0.9991,adaptive,0.1147,0.0948,1,0.0948,0,0,0,0
7c599uqa9iec1.webp,7,9,3,3,0.9997,adaptive,0.102,0.0996,1,0.0996,0,0,0,0
7c599uqa9iec1.webp,8,1,1,1,0.9994,adaptive,0.0556,0.0552,1,0.0552,0,0,0,0
7c599uqa9iec1.webp,8,3,7,7,1.0,adaptive,0.1325,0.0694,3,0.0694,2,0,0,0
7c599uqa9iec1.webp,8,4,3,3,0.9999,adaptive,0.1065,0.0948,1,0.0948,0,0,0,0
7c599uqa9iec1.webp,8,6,6,6,0.9997,adaptive,0.1673,0.0927,3,0.0715,0,1,0,0
7c599uqa9iec1.webp,8,8,8,8,0.9999,adaptive,0.1074,0.1102,3,0.0781,0,0,0,1
7c599uqa9iec1.webp,8,9,4,4,0.9994,adaptive,0.0787,0.0787,2,0.0697,0,0,0,0
7c599uqa9iec1.webp,9,2,8,8,0.9998,adaptive,0.1031,0.1058,3,0.0744,0,0,0,1
7c599uqa9iec1.webp,9,3,3,3,0.9999,adaptive,0.1586,0.0987,1,0.0987,0,0,0,0
7c599uqa9iec1.webp,9,4,1,1,0.9985,adaptive,0.0662,0.0546,1,0.0546,0,0,0,0
7c599uqa9iec1.webp,9,6,4,4,0.9996,adaptive,0.1444,0.072,3,0.063,0,1,0,0
7c599uqa9iec1.webp,9,8,6,6,0.9997,adaptive,0.0884,0.0884,2,0.0667,0,0,0,0
7c599uqa9iec1.webp,9,9,7,7,1.0,adaptive,0.0657,0.0657,1,0.0657,0,0,0,0
7rq636vyigac1.webp,1,4,2,2,1.0,adaptive,0.2045,0.094,1,0.094,0,0,0,0
7rq636vyigac1.webp,1,5,4,4,1.0,adaptive,0.1999,0.1029,1,0.1029,0,0,0,0
7rq636vyigac1.webp,1,6,5,5,1.0,adaptive,0.2078,0.1087,1,0.1087,0,0,0,0
7rq636vyigac1.webp,1,7,0,0,0.992,adaptive,0.0864,0.0,0,0.0,0,0,0,0
7rq636vyigac1.webp,2,2,0,0,0.992,adaptive,0.0852,0.0,0,0.0,0,0,0,0
7rq636vyigac1.webp,2,3,0,0,0.992,adaptive,0.0717,0.0,0,0.0,0,0,0,0
7rq636vyigac1.webp,2,4,3,3,1.0,adaptive,0.1938,0.0975,1,0.0975,0,0,0,0
7rq636vyigac1.webp,2,5,6,6,1.0,adaptive,0.1839,0.1111,1,0.1111,0,0,0,0
7rq636vyigac1.webp,2,6,9,9,0.9999,adaptive,0.194,0.1088,1,0.1088,0,0,0,0
7rq636vyigac1.webp,3,3,0,0,0.992,adaptive,0.0579,0.0,0,0.0,0,0,0,0
7rq636vyigac1.webp,3,4,1,1,0.9246,adaptive,0.1517,0.0657,1,0.0657,0,0,0,0
7rq636vyigac1.webp,3,5,7,7,1.0,adaptive,0.1341,0.0755,1,0.0755,0,0,0,0
7rq636vyigac1.webp,3,6,8,8,1.0,adaptive,0.1878,0.1158,1,0.1158,0,0,0,0
7rq636vyigac1.webp,3,8,3,3,1.0,adaptive,0.1802,0.0968,1,0.0968,0,0,0,0
7rq636vyigac1.webp,4,1,0,0,0.992,adaptive,0.0849,0.0,0,0.0,0,0,0,0
7rq636vyigac1.webp,4,2,1,1,0.9641,adaptive,0.1468,0.0615,1,0.0615,0,0,0,0
7rq636vyigac1.webp,4,3,0,0,0.992,adaptive,0.0715,0.0,0,0.0,0,0,0,0
7rq636vyigac1.webp,4,4,0,0,0.992,adaptive,0.0991,0.0,0,0.0,0,0,0,0
7rq636vyigac1.webp,4,5,0,0,0.992,adaptive,0.073,0.0,0,0.0,0,0,0,0
7rq636vyigac1.webp,4,6,6,6,0.9999,adaptive,0.1898,0.1051,1,0.1051,0,0,0,0
7rq636vyigac1.webp,4,8,8,8,1.0,adaptive,0.2019,0.1156,1,0.1156,0,0,0,0
7rq636vyigac1.webp,4,9,0,0,0.992,adaptive,0.0864,0.0,0,0.0,0,0,0,0
7rq636vyigac1.webp,5,2,5,5,1.0,adaptive,0.1961,0.1104,1,0.1104,0,0,0,0
7rq636vyigac1.webp,5,5,9,9,0.9999,adaptive,0.1823,0.1109,1,0.1109,0,0,0,0
7rq636vyigac1.webp,5,8,6,6,0.9999,adaptive,0.1839,0.11,1,0.11,0,0,0,0
7rq636vyigac1.webp,5,9,2,2,1.0,adaptive,0.1694,0.097,1,0.097,0,0,0,0
7rq636vyigac1.webp,6,1,7,7,1.0,adaptive,0.1593,0.0737,1,0.0737,0,0,0,0
7rq636vyigac1.webp,6,2,0,0,0.992,adaptive,0.0859,0.0,0,0.0,0,0,0,0
7rq636vyigac1.webp,6,3,6,6,0.9998,adaptive,0.1778,0.1063,1,0.1063,0,0,0,0
7rq636vyigac1.webp,6,4,8,8,1.0,adaptive,0.2152,0.1163,1,0.1163,0,0,0,0
7rq636vyigac1.webp,6,5,0,0,0.992,adaptive,0.0717,0.0,0,0.0,0,0,0,0
7rq636vyigac1.webp,6,7,0,0,0.992,adaptive,0.0824,0.0,0,0.0,0,0,0,0
7rq636vyigac1.webp,6,9,0,0,0.992,adaptive,0.0733,0.0,0,0.0,0,0,0,0
7rq636vyigac1.webp,7,1,3,3,1.0,adaptive,0.168,0.0953,1,0.0953,0,0,0,0
7rq636vyigac1.webp,7,3,1,1,0.9756,adaptive,0.1241,0.0657,1,0.0657,0,0,0,0
7rq636vyigac1.webp,7,4,6,6,1.0,adaptive,0.1922,0.1054,1,0.1054,0,0,0,0
7rq636vyigac1.webp,7,5,8,8,1.0,adaptive,0.1759,0.1167,1,0.1167,0,0,0,0
7rq636vyigac1.webp,7,7,9,9,0.9998,adaptive,0.1784,0.1072,1,0.1072,0,0,0,0
7rq636vyigac1.webp,7,8,5,5,1.0,adaptive,0.1958,0.1092,1,0.1092,0,0,0,0
7rq636vyigac1.webp,7,9,7,7,1.0,adaptive,0.1591,0.0737,1,0.0737,0,0,0,0
7rq636vyigac1.webp,8,1,6,6,1.0,adaptive,0.194,0.1088,1,0.1088,0,0,0,0
7rq636vyigac1.webp,8,3,5,5,1.0,adaptive,0.1789,0.107,1,0.107,0,0,0,0
7rq636vyigac1.webp,8,5,1,1,0.9737,adaptive,0.1361,0.0627,1,0.0627,0,0,0,0
7rq636vyigac1.webp,8,7,8,8,1.0,adaptive,0.2126,0.1178,1,0.1178,0,0,0,0
7rq636vyigac1.webp,8,8,2,2,1.0,adaptive,0.1871,0.0987,1,0.0987,0,0,0,0
7rq636vyigac1.webp,8,9,3,3,1.0,adaptive,0.1843,0.0977,1,0.0977,0,0,0,0
7rq636vyigac1.webp,9,2,8,8,1.0,adaptive,0.2028,0.1169,1,0.1169,0,0,0,0
7rq636vyigac1.webp,9,7,6,6,1.0,adaptive,0.1931,0.1076,1,0.1076,0,0,0,0
7rq636vyigac1.webp,9,8,4,4,1.0,adaptive,0.1875,0.1009,1,0.1009,0,0,0,0
7rq636vyigac1.webp,9,9,1,1,0.9964,adaptive,0.1488,0.0615,1,0.0615,0,0,0,0
7vkqbnbij5nc1.webp,1,1,5,5,1.0,adaptive,0.2372,0.1533,1,0.1533,0,0,0,0
7vkqbnbij5nc1.webp,1,3,7,7,1.0,adaptive,0.1985,0.1178,1,0.1178,0,0,0,0
7vkqbnbij5nc1.webp,2,1,9,9,1.0,adaptive,0.2017,0.1565,2,0.1149,0,0,0,0
7vkqbnbij5nc1.webp,2,3,6,6,0.9997,adaptive,0.1551,0.1221,3,0.0868,1,0,0,0
7vkqbnbij5nc1.webp,2,4,8,8,1.0,adaptive,0.227,0.1829,3,0.1106,0,0,0,1
7vkqbnbij5nc1.webp,2,7,7,7,1.0,adaptive,0.1296,0.0941,2,0.0527,0,0,0,0
7vkqbnbij5nc1.webp,3,4,7,7,1.0,adaptive,0.1686,0.0942,1,0.0942,0,0,0,0
7vkqbnbij5nc1.webp,3,6,6,6,1.0,adaptive,0.2399,0.1553,2,0.1147,0,0,0,0
7vkqbnbij5nc1.webp,3,7,9,9,1.0,adaptive,0.2168,0.1312,2,0.0945,0,0,0,0
7vkqbnbij5nc1.webp,4,1,4,4,1.0,adaptive,0.219,0.1317,2,0.1029,0,0,0,0
7vkqbnbij5nc1.webp,4,8,7,7,1.0,adaptive,0.1741,0.1156,1,0.1156,0,0,0,0
7vkqbnbij5nc1.webp,4,9,5,5,1.0,adaptive,0.2569,0.1646,1,0.1646,0,0,0,0
7vkqbnbij5nc1.webp,5,2,6,6,0.9999,adaptive,0.1575,0.1568,2,0.1157,0,0,0,0
7vkqbnbij5nc1.webp,5,4,3,3,0.9999,adaptive,0.2056,0.1617,1,0.1617,0,0,0,0
7vkqbnbij5nc1.webp,6,4,2,2,1.0,adaptive,0.2399,0.153,1,0.153,0,0,0,0
7vkqbnbij5nc1.webp,6,8,9,9,1.0,adaptive,0.2166,0.1583,2,0.1162,0,0,0,0
7vkqbnbij5nc1.webp,6,9,3,3,0.9997,adaptive,0.2179,0.1299,1,0.1299,0,0,0,0
7vkqbnbij5nc1.webp,7,2,8,8,1.0,adaptive,0.2022,0.175,3,0.1045,0,0,0,1
7vkqbnbij5nc1.webp,7,7,3,3,0.9998,adaptive,0.2417,0.1597,1,0.1597,0,0,0,0
7vkqbnbij5nc1.webp,8,5,7,7,1.0,adaptive,0.1292,0.1196,1,0.1196,0,0,0,0
7vkqbnbij5nc1.webp,8,6,3,3,0.9996,adaptive,0.178,0.1303,2,0.1029,0,0,0,0
7vkqbnbij5nc1.webp,8,7,8,8,1.0,adaptive,0.2397,0.1796,3,0.1074,0,0,0,1
7vkqbnbij5nc1.webp,9,5,9,9,1.0,adaptive,0.2187,0.161,2,0.119,0,0,0,0
7vkqbnbij5nc1.webp,9,6,8,8,1.0,adaptive,0.2486,0.1528,3,0.0873,0,0,0,1
7vkqbnbij5nc1.webp,9,7,5,5,1.0,adaptive,0.2448,0.1328,1,0.1328,0,0,0,0
7xzctzycq0qc1.webp,1,1,7,7,1.0,adaptive,0.0994,0.0546,1,0.0546,0,0,0,0
7xzctzycq0qc1.webp,1,3,4,4,1.0,adaptive,0.1132,0.0697,1,0.0697,0,0,0,0
7xzctzycq0qc1.webp,1,4,2,2,1.0,adaptive,0.1025,0.0726,1,0.0726,0,0,0,0
7xzctzycq0qc1.webp,1,5,1,1,0.9927,adaptive,0.0611,0.0459,1,0.0459,0,0,0,0
7xzctzycq0qc1.webp,1,6,9,9,1.0,adaptive,0.1227,0.0789,1,0.0789,0,0,0,0
7xzctzycq0qc1.webp,1,7,5,5,1.0,adaptive,0.0904,0.0751,1,0.0751,0,0,0,0
7xzctzycq0qc1.webp,1,8,8,8,1.0,adaptive,0.1183,0.0898,1,0.0898,0,0,0,0
7xzctzycq0qc1.webp,2,3,8,8,1.0,adaptive,0.1327,0.0907,1,0.0907,0,0,0,0
7xzctzycq0qc1.webp,2,4,7,7,1.0,adaptive,0.0846,0.0552,1,0.0552,0,0,0,0
7xzctzycq0qc1.webp,2,6,4,4,1.0,adaptive,0.1065,0.0764,1,0.0764,0,0,0,0
7xzctzycq0qc1.webp,2,7,1,1,0.9938,adaptive,0.0484,0.0484,1,0.0484,0,0,0,0
7xzctzycq0qc1.webp,2,8,2,2,1.0,adaptive,0.0742,0.0742,1,0.0742,0,0,0,0
7xzctzycq0qc1.webp,3,5,8,8,1.0,adaptive,0.1192,0.0902,1,0.0902,0,0,0,0
7xzctzycq0qc1.webp,3,6,5,5,1.0,adaptive,0.135,0.078,1,0.078,0,0,0,0
7xzctzycq0qc1.webp,3,8,9,9,1.0,adaptive,0.0954,0.0796,1,0.0796,0,0,0,0
7xzctzycq0qc1.webp,4,2,8,8,1.0,adaptive,0.1194,0.0891,1,0.0891,0,0,0,0
7xzctzycq0qc1.webp,4,3,3,3,1.0,adaptive,0.1468,0.0755,1,0.0755,0,0,0,0
7xzctzycq0qc1.webp,4,4,1,1,0.9974,adaptive,0.1092,0.0425,1,0.0425,0,0,0,0
7xzctzycq0qc1.webp,4,5,9,9,0.9999,adaptive,0.1284,0.0769,1,0.0769,0,0,0,0
7xzctzycq0qc1.webp,4,6,7,7,1.0,adaptive,0.1239,0.0555,1,0.0555,0,0,0,0
7xzctzycq0qc1.webp,4,8,4,4,1.0,adaptive,0.142,0.0782,1,0.0782,0,0,0,0
7xzctzycq0qc1.webp,4,9,5,5,1.0,adaptive,0.1479,0.0777,1,0.0777,0,0,0,0
7xzctzycq0qc1.webp,5,2,1,1,0.9904,adaptive,0.0583,0.0438,1,0.0438,0,0,0,0
7xzctzycq0qc1.webp,5,5,4,4,1.0,adaptive,0.101,0.0753,1,0.0753,0,0,0,0
7xzctzycq0qc1.webp,5,8,7,7,1.0,adaptive,0.1033,0.0613,1,0.0613,0,0,0,0
7xzctzycq0qc1.webp,5,9,8,8,1.0,adaptive,0.1323,0.0875,1,0.0875,0,0,0,0
7xzctzycq0qc1.webp,6,1,4,4,1.0,adaptive,0.1314,0.0737,1,0.0737,0,0,0,0
7xzctzycq0qc1.webp,6,4,5,5,1.0,adaptive,0.1328,0.076,1,0.076,0,0,0,0
7xzctzycq0qc1.webp,6,6,8,8,1.0,adaptive,0.1475,0.0893,1,0.0893,0,0,0,0
7xzctzycq0qc1.webp,6,7,9,9,1.0,adaptive,0.1083,0.0782,1,0.0782,0,0,0,0
7xzctzycq0qc1.webp,6,8,3,3,1.0,adaptive,0.133,0.0773,1,0.0773,0,0,0,0
7xzctzycq0qc1.webp,6,9,1,1,0.9907,adaptive,0.1138,0.0417,1,0.0417,0,0,0,0
7xzctzycq0qc1.webp,7,3,6,6,0.998,adaptive,0.1305,0.0755,1,0.0755,0,0,0,0
7xzctzycq0qc1.webp,7,4,4,4,1.0,adaptive,0.1141,0.0722,1,0.0722,0,0,0,0
7xzctzycq0qc1.webp,7,7,8,8,1.0,adaptive,0.1158,0.0889,1,0.0889,0,0,0,0
7xzctzycq0qc1.webp,7,8,1,1,0.9897,adaptive,0.0941,0.0482,1,0.0482,0,0,0,0
7xzctzycq0qc1.webp,8,2,4,4,1.0,adaptive,0.0868,0.0753,1,0.0753,0,0,0,0
7xzctzycq0qc1.webp,8,4,8,8,1.0,adaptive,0.1368,0.0896,1,0.0896,0,0,0,0
7xzctzycq0qc1.webp,8,8,6,6,0.9945,adaptive,0.1205,0.0794,1,0.0794,0,0,0,0
7xzctzycq0qc1.webp,9,1,8,8,1.0,adaptive,0.1486,0.0891,1,0.0891,0,0,0,0
7xzctzycq0qc1.webp,9,4,9,9,1.0,adaptive,0.1481,0.0782,1,0.0782,0,0,0,0
7xzctzycq0qc1.webp,9,8,5,5,1.0,adaptive,0.1511,0.0801,1,0.0801,0,0,0,0
83224jwmt8qc1.jpeg,1,1,0,0,0.992,adaptive,0.1412,0.0,0,0.0,0,0,0,0
83224jwmt8qc1.jpeg,1,2,0,0,0.992,adaptive,0.0941,0.0,0,0.0,0,0,0,0
83224jwmt8qc1.jpeg,1,3,0,0,0.992,adaptive,0.1506,0.0,0,0.0,0,0,0,0
83224jwmt8qc1.jpeg,1,4,0,0,0.992,adaptive,0.1372,0.0,0,0.0,0,0,0,0
83224jwmt8qc1.jpeg,1,5,2,2,1.0,adaptive,0.1979,0.0853,1,0.0853,0,0,0,0
83224jwmt8qc1.jpeg,1,6,0,0,0.992,adaptive,0.1501,0.0,0,0.0,0,0,0,0
83224jwmt8qc1.jpeg,1,7,0,0,0.992,adaptive,0.1504,0.0,0,0.0,0,0,0,0
83224jwmt8qc1.jpeg,1,8,3,3,1.0,adaptive,0.2015,0.0875,1,0.0875,0,0,0,0
83224jwmt8qc1.jpeg,1,9,0,0,0.992,adaptive,0.1517,0.0,0,0.0,0,0,0,0
83224jwmt8qc1.jpeg,2,1,0,0,0.992,adaptive,0.1108,0.0,0,0.0,0,0,0,0
83224jwmt8qc1.jpeg,2,2,0,0,0.992,adaptive,0.0666,0.0,0,0.0,0,0,0,0
83224jwmt8qc1.jpeg,2,3,0,0,0.992,adaptive,0.1113,0.0,0,0.0,0,0,0,0
83224jwmt8qc1.jpeg,2,4,7,7,1.0,adaptive,0.159,0.0629,1,0.0629,0,0,0,0
83224jwmt8qc1.jpeg,2,5,8,8,1.0,adaptive,0.1701,0.1008,1,0.1008,0,0,0,0
83224jwmt8qc1.jpeg,2,6,5,5,1.0,adaptive,0.1997,0.0889,1,0.0889,0,0,0,0
83224jwmt8qc1.jpeg,2,7,4,4,1.0,adaptive,0.175,0.0751,1,0.0751,0,0,0,0
83224jwmt8qc1.jpeg,2,8,2,2,1.0,adaptive,0.1462,0.0872,1,0.0872,0,0,0,0
83224jwmt8qc1.jpeg,2,9,0,0,0.992,adaptive,0.1009,0.0,0,0.0,0,0,0,0
83224jwmt8qc1.jpeg,3,1,0,0,0.992,adaptive,0.1403,0.0,0,0.0,0,0,0,0
83224jwmt8qc1.jpeg,3,2,5,5,1.0,adaptive,0.1834,0.0853,1,0.0853,0,0,0,0
83224jwmt8qc1.jpeg,3,3,0,0,0.992,adaptive,0.1399,0.0,0,0.0,0,0,0,0
83224jwmt8qc1.jpeg,3,4,0,0,0.992,adaptive,0.1274,0.0,0,0.0,0,0,0,0
83224jwmt8qc1.jpeg,3,5,0,0,0.992,adaptive,0.1002,0.0,0,0.0,0,0,0,0
83224jwmt8qc1.jpeg,3,6,4,4,1.0,adaptive,0.2152,0.0755,1,0.0755,0,0,0,0
83224jwmt8qc1.jpeg,3,7,0,0,0.992,adaptive,0.1392,0.0,0,0.0,0,0,0,0
83224jwmt8qc1.jpeg,3,8,0,0,0.992,adaptive,0.1013,0.0,0,0.0,0,0,0,0
83224jwmt8qc1.jpeg,3,9,0,0,0.992,adaptive,0.1401,0.0,0,0.0,0,0,0,0
83224jwmt8qc1.jpeg,4,1,6,6,0.9998,adaptive,0.2372,0.0971,1,0.0971,0,0,0,0
83224jwmt8qc1.jpeg,4,2,1,1,0.9981,adaptive,0.1488,0.05,1,0.05,0,0,0,0
83224jwmt8qc1.jpeg,4,3,4,4,1.0,adaptive,0.2127,0.0726,1,0.0726,0,0,0,0
83224jwmt8qc1.jpeg,4,4,0,0,0.992,adaptive,0.129,0.0,0,0.0,0,0,0,0
83224jwmt8qc1.jpeg,4,5,0,0,0.992,adaptive,0.1004,0.0,0,0.0,0,0,0,0
83224jwmt8qc1.jpeg,4,6,0,0,0.992,adaptive,0.1403,0.0,0,0.0,0,0,0,0
83224jwmt8qc1.jpeg,4,7,0,0,0.992,adaptive,0.1397,0.0,0,0.0,0,0,0,0
83224jwmt8qc1.jpeg,4,8,0,0,0.992,adaptive,0.1015,0.0,0,0.0,0,0,0,0
83224jwmt8qc1.jpeg,4,9,7,7,1.0,adaptive,0.2012,0.0606,1,0.0606,0,0,0,0
83224jwmt8qc1.jpeg,5,1,0,0,0.992,adaptive,0.1108,0.0,0,0.0,0,0,0,0
83224jwmt8qc1.jpeg,5,2,3,3,1.0,adaptive,0.1577,0.0877,1,0.0877,0,0,0,0
83224jwmt8qc1.jpeg,5,3,0,0,0.992,adaptive,0.1117,0.0,0,0.0,0,0,0,0
83224jwmt8qc1.jpeg,5,4,0,0,0.992,adaptive,0.1097,0.0,0,0.0,0,0,0,0
83224jwmt8qc1.jpeg,5,5,0,0,0.992,adaptive,0.0714,0.0,0,0.0,0,0,0,0
83224jwmt8qc1.jpeg,5,6,0,0,0.992,adaptive,0.1117,0.0,0,0.0,0,0,0,0
83224jwmt8qc1.jpeg,5,7,0,0,0.992,adaptive,0.1113,0.0,0,0.0,0,0,0,0
83224jwmt8qc1.jpeg,5,8,6,6,0.9997,adaptive,0.169,0.0969,1,0.0969,0,0,0,0
83224jwmt8qc1.jpeg,5,9,0,0,0.992,adaptive,0.1131,0.0,0,0.0,0,0,0,0
83224jwmt8qc1.jpeg,6,1,7,7,1.0,adaptive,0.2114,0.061,1,0.061,0,0,0,0
83224jwmt8qc1.jpeg,6,2,0,0,0.992,adaptive,0.1115,0.0,0,0.0,0,0,0,0
83224jwmt8qc1.jpeg,6,3,0,0,0.992,adaptive,0.1495,0.0,0,0.0,0,0,0,0
83224jwmt8qc1.jpeg,6,4,0,0,0.992,adaptive,0.1381,0.0,0,0.0,0,0,0,0
83224jwmt8qc1.jpeg,6,5,0,0,0.992,adaptive,0.1009,0.0,0,0.0,0,0,0,0
83224jwmt8qc1.jpeg,6,6,0,0,0.992,adaptive,0.1397,0.0,0,0.0,0,0,0,0
83224jwmt8qc1.jpeg,6,7,5,5,1.0,adaptive,0.2281,0.0878,1,0.0878,0,0,0,0
83224jwmt8qc1.jpeg,6,8,1,1,0.9976,adaptive,0.1506,0.0491,1,0.0491,0,0,0,0
83224jwmt8qc1.jpeg,6,9,3,3,1.0,adaptive,0.227,0.0871,1,0.0871,0,0,0,0
83224jwmt8qc1.jpeg,7,1,0,0,0.992,adaptive,0.1392,0.0,0,0.0,0,0,0,0
83224jwmt8qc1.jpeg,7,2,0,0,0.992,adaptive,0.0981,0.0,0,0.0,0,0,0,0
83224jwmt8qc1.jpeg,7,3,0,0,0.992,adaptive,0.139,0.0,0,0.0,0,0,0,0
83224jwmt8qc1.jpeg,7,4,1,1,0.9978,adaptive,0.1853,0.049,1,0.049,0,0,0,0
83224jwmt8qc1.jpeg,7,5,0,0,0.992,adaptive,0.095,0.0,0,0.0,0,0,0,0
83224jwmt8qc1.jpeg,7,6,0,0,0.992,adaptive,0.1268,0.0,0,0.0,0,0,0,0
83224jwmt8qc1.jpeg,7,7,0,0,0.992,adaptive,0.127,0.0,0,0.0,0,0,0,0
83224jwmt8qc1.jpeg,7,8,7,7,1.0,adaptive,0.1502,0.0624,1,0.0624,0,0,0,0
83224jwmt8qc1.jpeg,7,9,0,0,0.992,adaptive,0.1268,0.0,0,0.0,0,0,0,0
83224jwmt8qc1.jpeg,8,1,0,0,0.992,adaptive,0.1002,0.0,0,0.0,0,0,0,0
83224jwmt8qc1.jpeg,8,2,6,6,0.9999,adaptive,0.1559,0.098,1,0.098,0,0,0,0
83224jwmt8qc1.jpeg,8,3,8,8,1.0,adaptive,0.2004,0.1002,1,0.1002,0,0,0,0
83224jwmt8qc1.jpeg,8,4,2,2,1.0,adaptive,0.1877,0.0882,1,0.0882,0,0,0,0
83224jwmt8qc1.jpeg,8,5,5,5,1.0,adaptive,0.1478,0.0893,1,0.0893,0,0,0,0
83224jwmt8qc1.jpeg,8,6,7,7,1.0,adaptive,0.1615,0.0608,1,0.0608,0,0,0,0
83224jwmt8qc1.jpeg,8,7,0,0,0.992,adaptive,0.1,0.0,0,0.0,0,0,0,0
83224jwmt8qc1.jpeg,8,8,0,0,0.992,adaptive,0.0588,0.0,0,0.0,0,0,0,0
83224jwmt8qc1.jpeg,8,9,0,0,0.992,adaptive,0.1011,0.0,0,0.0,0,0,0,0
83224jwmt8qc1.jpeg,9,1,0,0,0.992,adaptive,0.1395,0.0,0,0.0,0,0,0,0
83224jwmt8qc1.jpeg,9,2,4,4,1.0,adaptive,0.1725,0.0733,1,0.0733,0,0,0,0
83224jwmt8qc1.jpeg,9,3,0,0,0.992,adaptive,0.139,0.0,0,0.0,0,0,0,0
83224jwmt8qc1.jpeg,9,4,0,0,0.992,adaptive,0.1392,0.0,0,0.0,0,0,0,0
83224jwmt8qc1.jpeg,9,5,3,3,1.0,adaptive,0.1861,0.0859,1,0.0859,0,0,0,0
83224jwmt8qc1.jpeg,9,6,0,0,0.992,adaptive,0.139,0.0,0,0.0,0,0,0,0
83224jwmt8qc1.jpeg,9,7,0,0,0.992,adaptive,0.1397,0.0,0,0.0,0,0,0,0
83224jwmt8qc1.jpeg,9,8,0,0,0.992,adaptive,0.1011,0.0,0,0.0,0,0,0,0
83224jwmt8qc1.jpeg,9,9,0,0,0.992,adaptive,0.1397,0.0,0,0.0,0,0,0,0
86urvepydosc1.webp,1,2,5,5,1.0,adaptive,0.1232,0.0787,1,0.0787,0,0,0,0
86urvepydosc1.webp,1,5,7,7,1.0,adaptive,0.1178,0.0495,1,0.0495,0,0,0,0
86urvepydosc1.webp,1,6,9,9,1.0,adaptive,0.1408,0.082,1,0.082,0,0,0,0
86urvepydosc1.webp,2,3,7,7,1.0,adaptive,0.0957,0.0513,1,0.0513,0,0,0,0
86urvepydosc1.webp,2,5,6,6,1.0,adaptive,0.1244,0.0852,1,0.0852,0,0,0,0
86urvepydosc1.webp,2,6,2,2,1.0,adaptive,0.1307,0.0692,1,0.0692,0,0,0,0
86urvepydosc1.webp,2,7,5,5,1.0,adaptive,0.1359,0.0787,1,0.0787,0,0,0,0
86urvepydosc1.webp,3,2,9,9,1.0,adaptive,0.1128,0.0828,1,0.0828,0,0,0,0
86urvepydosc1.webp,3,3,2,2,1.0,adaptive,0.1379,0.0668,1,0.0668,0,0,0,0
86urvepydosc1.webp,3,4,5,5,1.0,adaptive,0.1484,0.0764,1,0.0764,0,0,0,0
86urvepydosc1.webp,3,5,3,3,1.0,adaptive,0.107,0.0721,1,0.0721,0,0,0,0
86urvepydosc1.webp,3,6,8,8,1.0,adaptive,0.1423,0.0833,1,0.0833,0,0,0,0
86urvepydosc1.webp,3,7,7,7,0.9999,adaptive,0.1203,0.049,1,0.049,0,0,0,0
86urvepydosc1.webp,3,8,6,6,1.0,adaptive,0.126,0.0844,1,0.0844,0,0,0,0
86urvepydosc1.webp,4,2,8,8,1.0,adaptive,0.1269,0.0823,1,0.0823,0,0,0,0
86urvepydosc1.webp,4,4,9,9,1.0,adaptive,0.1379,0.08,1,0.08,0,0,0,0
86urvepydosc1.webp,4,5,1,1,0.9967,adaptive,0.1128,0.0445,1,0.0445,0,0,0,0
86urvepydosc1.webp,4,6,3,3,1.0,adaptive,0.153,0.0695,1,0.0695,0,0,0,0
86urvepydosc1.webp,4,7,4,4,1.0,adaptive,0.149,0.0653,1,0.0653,0,0,0,0
86urvepydosc1.webp,4,8,2,2,1.0,adaptive,0.1264,0.0692,1,0.0692,0,0,0,0
86urvepydosc1.webp,4,9,7,7,1.0,adaptive,0.1332,0.0506,1,0.0506,0,0,0,0
86urvepydosc1.webp,5,2,2,2,1.0,adaptive,0.0767,0.0673,1,0.0673,0,0,0,0
86urvepydosc1.webp,5,4,6,6,0.9998,adaptive,0.1389,0.0819,1,0.0819,0,0,0,0
86urvepydosc1.webp,5,5,8,8,1.0,adaptive,0.1283,0.0865,1,0.0865,0,0,0,0
86urvepydosc1.webp,5,6,7,7,1.0,adaptive,0.1076,0.0507,1,0.0507,0,0,0,0
86urvepydosc1.webp,5,8,1,1,0.9974,adaptive,0.0684,0.0395,1,0.0395,0,0,0,0
86urvepydosc1.webp,5,9,5,5,1.0,adaptive,0.1323,0.0764,1,0.0764,0,0,0,0
86urvepydosc1.webp,6,2,7,7,1.0,adaptive,0.0801,0.05,1,0.05,0,0,0,0
86urvepydosc1.webp,6,4,2,2,1.0,adaptive,0.153,0.0688,1,0.0688,0,0,0,0
86urvepydosc1.webp,6,5,5,5,1.0,adaptive,0.1431,0.0773,1,0.0773,0,0,0,0
86urvepydosc1.webp,6,6,4,4,1.0,adaptive,0.1517,0.0682,1,0.0682,0,0,0,0
86urvepydosc1.webp,6,8,8,8,1.0,adaptive,0.1384,0.0821,1,0.0821,0,0,0,0
86urvepydosc1.webp,7,1,2,2,1.0,adaptive,0.1519,0.0679,1,0.0679,0,0,0,0
86urvepydosc1.webp,7,5,4,4,1.0,adaptive,0.1379,0.0692,1,0.0692,0,0,0,0
86urvepydosc1.webp,8,3,8,8,1.0,adaptive,0.1434,0.0853,1,0.0853,0,0,0,0
86urvepydosc1.webp,8,5,2,2,1.0,adaptive,0.1123,0.0709,1,0.0709,0,0,0,0
86urvepydosc1.webp,9,1,7,7,1.0,adaptive,0.1461,0.049,1,0.049,0,0,0,0
86urvepydosc1.webp,9,2,3,3,1.0,adaptive,0.1289,0.0703,1,0.0703,0,0,0,0
86urvepydosc1.webp,9,4,8,8,1.0,adaptive,0.1811,0.0831,1,0.0831,0,0,0,0
86urvepydosc1.webp,9,5,9,9,1.0,adaptive,0.1278,0.083,1,0.083,0,0,0,0
86urvepydosc1.webp,9,6,1,1,0.9988,adaptive,0.1368,0.0394,1,0.0394,0,0,0,0
8a3c701z78pc1.webp,1,1,5,5,1.0,adaptive,0.1704,0.0858,1,0.0858,0,0,0,0
8a3c701z78pc1.webp,1,5,7,7,1.0,adaptive,0.1438,0.0629,1,0.0629,0,0,0,0
8a3c701z78pc1.webp,1,9,6,6,0.9999,adaptive,0.1802,0.0896,1,0.0896,0,0,0,0
8a3c701z78pc1.webp,2,5,1,1,1.0,adaptive,0.132,0.0606,1,0.0606,0,0,0,0
8a3c701z78pc1.webp,2,6,2,2,1.0,adaptive,0.1578,0.0855,1,0.0855,0,0,0,0
8a3c701z78pc1.webp,2,8,5,5,1.0,adaptive,0.1462,0.0877,1,0.0877,0,0,0,0
8a3c701z78pc1.webp,3,1,1,1,0.9999,adaptive,0.1435,0.0601,1,0.0601,0,0,0,0
8a3c701z78pc1.webp,3,3,3,3,1.0,adaptive,0.1787,0.0806,1,0.0806,0,0,0,0
8a3c701z78pc1.webp,3,4,5,5,1.0,adaptive,0.1722,0.0869,1,0.0869,0,0,0,0
8a3c701z78pc1.webp,3,5,6,6,0.9999,adaptive,0.1777,0.0918,1,0.0918,0,0,0,0
8a3c701z78pc1.webp,3,6,4,4,1.0,adaptive,0.1746,0.0777,1,0.0777,0,0,0,0
8a3c701z78pc1.webp,3,7,8,8,1.0,adaptive,0.192,0.0945,1,0.0945,0,0,0,0
8a3c701z78pc1.webp,3,9,9,9,1.0,adaptive,0.1726,0.0884,1,0.0884,0,0,0,0
8a3c701z78pc1.webp,4,3,9,9,1.0,adaptive,0.1628,0.0907,1,0.0907,0,0,0,0
8a3c701z78pc1.webp,4,4,7,7,1.0,adaptive,0.1486,0.0633,1,0.0633,0,0,0,0
8a3c701z78pc1.webp,4,5,4,4,1.0,adaptive,0.1599,0.0746,1,0.0746,0,0,0,0
8a3c701z78pc1.webp,4,6,3,3,1.0,adaptive,0.1669,0.0813,1,0.0813,0,0,0,0
8a3c701z78pc1.webp,4,9,5,5,1.0,adaptive,0.1695,0.0851,1,0.0851,0,0,0,0
8a3c701z78pc1.webp,5,1,2,2,1.0,adaptive,0.163,0.081,1,0.081,0,0,0,0
8a3c701z78pc1.webp,5,3,4,4,1.0,adaptive,0.154,0.0794,1,0.0794,0,0,0,0
8a3c701z78pc1.webp,5,4,1,1,1.0,adaptive,0.1468,0.0626,1,0.0626,0,0,0,0
8a3c701z78pc1.webp,6,1,3,3,1.0,adaptive,0.1653,0.0813,1,0.0813,0,0,0,0
8a3c701z78pc1.webp,6,4,6,6,0.9998,adaptive,0.1749,0.0887,1,0.0887,0,0,0,0
8a3c701z78pc1.webp,6,5,2,2,1.0,adaptive,0.1701,0.0839,1,0.0839,0,0,0,0
8a3c701z78pc1.webp,6,9,4,4,1.0,adaptive,0.1584,0.074,1,0.074,0,0,0,0
8a3c701z78pc1.webp,7,1,9,9,1.0,adaptive,0.1709,0.0884,1,0.0884,0,0,0,0
8a3c701z78pc1.webp,7,2,3,3,1.0,adaptive,0.1637,0.0823,1,0.0823,0,0,0,0
8a3c701z78pc1.webp,7,6,1,1,0.9999,adaptive,0.1564,0.0606,1,0.0606,0,0,0,0
8a3c701z78pc1.webp,8,6,6,6,0.9999,adaptive,0.1644,0.092,1,0.092,0,0,0,0
8a3c701z78pc1.webp,8,8,3,3,1.0,adaptive,0.1552,0.0843,1,0.0843,0,0,0,0
8a3c701z78pc1.webp,8,9,1,1,1.0,adaptive,0.1334,0.062,1,0.062,0,0,0,0
8a3c701z78pc1.webp,9,5,3,3,1.0,adaptive,0.1687,0.0839,1,0.0839,0,0,0,0
8a3c701z78pc1.webp,9,6,7,7,1.0,adaptive,0.1608,0.0633,1,0.0633,0,0,0,0
8a3c701z78pc1.webp,9,7,9,9,0.9999,adaptive,0.1744,0.0896,1,0.0896,0,0,0,0
8w1pbb15bxkc1.webp,1,1,0,0,0.992,adaptive,0.084,0.0,0,0.0,0,0,0,0
8w1pbb15bxkc1.webp,1,2,0,0,0.992,adaptive,0.0821,0.0,0,0.0,0,0,0,0
8w1pbb15bxkc1.webp,1,3,2,2,1.0,adaptive,0.164,0.0815,1,0.0815,0,0,0,0
8w1pbb15bxkc1.webp,1,4,0,0,0.992,adaptive,0.084,0.0,0,0.0,0,0,0,0
8w1pbb15bxkc1.webp,1,5,0,0,0.992,adaptive,0.0832,0.0,0,0.0,0,0,0,0
8w1pbb15bxkc1.webp,1,6,5,5,1.0,adaptive,0.1677,0.0838,1,0.0838,0,0,0,0
8w1pbb15bxkc1.webp,1,7,0,0,0.992,adaptive,0.0962,0.0,0,0.0,0,0,0,0
8w1pbb15bxkc1.webp,1,8,8,8,1.0,adaptive,0.1651,0.0941,1,0.0941,0,0,0,0
8w1pbb15bxkc1.webp,1,9,0,0,0.992,adaptive,0.1054,0.0,0,0.0,0,0,0,0
8w1pbb15bxkc1.webp,2,1,0,0,0.992,adaptive,0.083,0.0,0,0.0,0,0,0,0
8w1pbb15bxkc1.webp,2,2,7,7,1.0,adaptive,0.1226,0.0647,1,0.0647,0,0,0,0
8w1pbb15bxkc1.webp,2,3,0,0,0.992,adaptive,0.0966,0.0,0,0.0,0,0,0,0
8w1pbb15bxkc1.webp,2,4,0,0,0.992,adaptive,0.0837,0.0,0,0.0,0,0,0,0
8w1pbb15bxkc1.webp,2,5,9,9,1.0,adaptive,0.1593,0.0895,1,0.0895,0,0,0,0
8w1pbb15bxkc1.webp,2,6,8,8,1.0,adaptive,0.1692,0.0968,1,0.0968,0,0,0,0
8w1pbb15bxkc1.webp,2,7,2,2,1.0,adaptive,0.1653,0.083,1,0.083,0,0,0,0
8w1pbb15bxkc1.webp,2,8,0,0,0.992,adaptive,0.0597,0.0,0,0.0,0,0,0,0
8w1pbb15bxkc1.webp,2,9,1,1,0.9999,adaptive,0.1346,0.0626,1,0.0626,0,0,0,0
8w1pbb15bxkc1.webp,3,1,0,0,0.992,adaptive,0.0833,0.0,0,0.0,0,0,0,0
8w1pbb15bxkc1.webp,3,2,0,0,0.992,adaptive,0.0724,0.0,0,0.0,0,0,0,0
8w1pbb15bxkc1.webp,3,3,0,0,0.992,adaptive,0.1029,0.0,0,0.0,0,0,0,0
8w1pbb15bxkc1.webp,3,4,3,3,1.0,adaptive,0.166,0.082,1,0.082,0,0,0,0
8w1pbb15bxkc1.webp,3,5,0,0,0.992,adaptive,0.0963,0.0,0,0.0,0,0,0,0
8w1pbb15bxkc1.webp,3,6,0,0,0.992,adaptive,0.0987,0.0,0,0.0,0,0,0,0
8w1pbb15bxkc1.webp,3,7,5,5,1.0,adaptive,0.1798,0.0844,1,0.0844,0,0,0,0
8w1pbb15bxkc1.webp,3,8,0,0,0.992,adaptive,0.0715,0.0,0,0.0,0,0,0,0
8w1pbb15bxkc1.webp,3,9,0,0,0.992,adaptive,0.0858,0.0,0,0.0,0,0,0,0
8w1pbb15bxkc1.webp,4,1,0,0,0.992,adaptive,0.0831,0.0,0,0.0,0,0,0,0
8w1pbb15bxkc1.webp,4,2,0,0,0.992,adaptive,0.073,0.0,0,0.0,0,0,0,0
8w1pbb15bxkc1.webp,4,3,3,3,1.0,adaptive,0.1646,0.0809,1,0.0809,0,0,0,0
8w1pbb15bxkc1.webp,4,4,0,0,0.992,adaptive,0.0864,0.0,0,0.0,0,0,0,0
8w1pbb15bxkc1.webp,4,5,2,2,1.0,adaptive,0.1664,0.083,1,0.083,0,0,0,0
8w1pbb15bxkc1.webp,4,6,1,1,1.0,adaptive,0.1441,0.0588,1,0.0588,0,0,0,0
8w1pbb15bxkc1.webp,4,7,0,0,0.992,adaptive,0.0982,0.0,0,0.0,0,0,0,0
8w1pbb15bxkc1.webp,4,8,0,0,0.992,adaptive,0.0733,0.0,0,0.0,0,0,0,0
8w1pbb15bxkc1.webp,4,9,0,0,0.992,adaptive,0.0853,0.0,0,0.0,0,0,0,0
8w1pbb15bxkc1.webp,5,1,0,0,0.992,adaptive,0.083,0.0,0,0.0,0,0,0,0
8w1pbb15bxkc1.webp,5,2,0,0,0.992,adaptive,0.0712,0.0,0,0.0,0,0,0,0
8w1pbb15bxkc1.webp,5,3,0,0,0.992,adaptive,0.0972,0.0,0,0.0,0,0,0,0
8w1pbb15bxkc1.webp,5,4,0,0,0.992,adaptive,0.085,0.0,0,0.0,0,0,0,0
8w1pbb15bxkc1.webp,5,5,6,6,0.9998,adaptive,0.1729,0.0911,1,0.0911,0,0,0,0
8w1pbb15bxkc1.webp,5,6,9,9,0.9999,adaptive,0.1762,0.0905,1,0.0905,0,0,0,0
8w1pbb15bxkc1.webp,5,7,0,0,0.992,adaptive,0.0979,0.0,0,0.0,0,0,0,0
8w1pbb15bxkc1.webp,5,8,0,0,0.992,adaptive,0.0728,0.0,0,0.0,0,0,0,0
8w1pbb15bxkc1.webp,5,9,0,0,0.992,adaptive,0.0848,0.0,0,0.0,0,0,0,0
8w1pbb15bxkc1.webp,6,1,6,6,0.9999,adaptive,0.1726,0.0891,1,0.0891,0,0,0,0
8w1pbb15bxkc1.webp,6,2,0,0,0.992,adaptive,0.073,0.0,0,0.0,0,0,0,0
8w1pbb15bxkc1.webp,6,3,0,0,0.992,adaptive,0.0991,0.0,0,0.0,0,0,0,0
8w1pbb15bxkc1.webp,6,4,0,0,0.992,adaptive,0.0864,0.0,0,0.0,0,0,0,0
8w1pbb15bxkc1.webp,6,5,0,0,0.992,adaptive,0.0864,0.0,0,0.0,0,0,0,0
8w1pbb15bxkc1.webp,6,6,0,0,0.992,adaptive,0.0864,0.0,0,0.0,0,0,0,0
8w1pbb15bxkc1.webp,6,7,4,4,1.0,adaptive,0.1729,0.0751,1,0.0751,0,0,0,0
8w1pbb15bxkc1.webp,6,8,0,0,0.992,adaptive,0.073,0.0,0,0.0,0,0,0,0
8w1pbb15bxkc1.webp,6,9,0,0,0.992,adaptive,0.0851,0.0,0,0.0,0,0,0,0
8w1pbb15bxkc1.webp,7,1,0,0,0.992,adaptive,0.0951,0.0,0,0.0,0,0,0,0
8w1pbb15bxkc1.webp,7,2,0,0,0.992,adaptive,0.0848,0.0,0,0.0,0,0,0,0
8w1pbb15bxkc1.webp,7,3,0,0,0.992,adaptive,0.1096,0.0,0,0.0,0,0,0,0
8w1pbb15bxkc1.webp,7,4,0,0,0.992,adaptive,0.098,0.0,0,0.0,0,0,0,0
8w1pbb15bxkc1.webp,7,5,0,0,0.992,adaptive,0.0977,0.0,0,0.0,0,0,0,0
8w1pbb15bxkc1.webp,7,6,0,0,0.992,adaptive,0.0996,0.0,0,0.0,0,0,0,0
8w1pbb15bxkc1.webp,7,7,8,8,1.0,adaptive,0.1891,0.0936,1,0.0936,0,0,0,0
8w1pbb15bxkc1.webp,7,8,6,6,1.0,adaptive,0.1612,0.0891,1,0.0891,0,0,0,0
8w1pbb15bxkc1.webp,7,9,0,0,0.992,adaptive,0.098,0.0,0,0.0,0,0,0,0
8w1pbb15bxkc1.webp,8,1,9,9,0.9999,adaptive,0.1615,0.0911,1,0.0911,0,0,0,0
8w1pbb15bxkc1.webp,8,2,0,0,0.992,adaptive,0.0592,0.0,0,0.0,0,0,0,0
8w1pbb15bxkc1.webp,8,3,0,0,0.992,adaptive,0.0846,0.0,0,0.0,0,0,0,0
8w1pbb15bxkc1.webp,8,4,0,0,0.992,adaptive,0.0726,0.0,0,0.0,0,0,0,0
8w1pbb15bxkc1.webp,8,5,3,3,1.0,adaptive,0.1543,0.0833,1,0.0833,0,0,0,0
8w1pbb15bxkc1.webp,8,6,0,0,0.992,adaptive,0.0855,0.0,0,0.0,0,0,0,0
8w1pbb15bxkc1.webp,8,7,7,7,1.0,adaptive,0.1459,0.0624,1,0.0624,0,0,0,0
8w1pbb15bxkc1.webp,8,8,0,0,0.992,adaptive,0.0595,0.0,0,0.0,0,0,0,0
8w1pbb15bxkc1.webp,8,9,0,0,0.992,adaptive,0.0742,0.0,0,0.0,0,0,0,0
8w1pbb15bxkc1.webp,9,1,0,0,0.992,adaptive,0.086,0.0,0,0.0,0,0,0,0
8w1pbb15bxkc1.webp,9,2,0,0,0.992,adaptive,0.0715,0.0,0,0.0,0,0,0,0
8w1pbb15bxkc1.webp,9,3,8,8,1.0,adaptive,0.1773,0.0933,1,0.0933,0,0,0,0
8w1pbb15bxkc1.webp,9,4,0,0,0.992,adaptive,0.0847,0.0,0,0.0,0,0,0,0
8w1pbb15bxkc1.webp,9,5,0,0,0.992,adaptive,0.0846,0.0,0,0.0,0,0,0,0
8w1pbb15bxkc1.webp,9,6,7,7,1.0,adaptive,0.1472,0.0628,1,0.0628,0,0,0,0
8w1pbb15bxkc1.webp,9,7,0,0,0.992,adaptive,0.0978,0.0,0,0.0,0,0,0,0
8w1pbb15bxkc1.webp,9,8,5,5,1.0,adaptive,0.1578,0.0864,1,0.0864,0,0,0,0
8w1pbb15bxkc1.webp,9,9,0,0,0.992,adaptive,0.0869,0.0,0,0.0,0,0,0,0
8woqatxossoc1.webp,1,2,5,5,1.0,adaptive,0.2019,0.1332,1,0.1332,0,0,0,0
8woqatxossoc1.webp,1,3,1,1,0.9748,adaptive,0.1611,0.0791,1,0.0791,0,0,0,0
8woqatxossoc1.webp,1,4,9,9,1.0,adaptive,0.215,0.1395,1,0.1395,0,0,0,0
8woqatxossoc1.webp,1,7,8,8,1.0,adaptive,0.225,0.1421,1,0.1421,0,0,0,0
8woqatxossoc1.webp,1,9,6,6,0.9999,adaptive,0.2248,0.1406,1,0.1406,0,0,0,0
8woqatxossoc1.webp,2,1,6,6,0.9999,adaptive,0.2133,0.1431,1,0.1431,0,0,0,0
8woqatxossoc1.webp,2,2,4,4,1.0,adaptive,0.1701,0.1141,1,0.1141,0,0,0,0
8woqatxossoc1.webp,2,3,8,8,1.0,adaptive,0.2137,0.1438,1,0.1438,0,0,0,0
8woqatxossoc1.webp,2,4,1,1,0.9759,adaptive,0.1355,0.0798,1,0.0798,0,0,0,0
8woqatxossoc1.webp,2,8,5,5,1.0,adaptive,0.1924,0.1345,1,0.1345,0,0,0,0
8woqatxossoc1.webp,2,9,9,9,1.0,adaptive,0.2144,0.1425,1,0.1425,0,0,0,0
8woqatxossoc1.webp,3,1,9,9,1.0,adaptive,0.2212,0.1386,1,0.1386,0,0,0,0
8woqatxossoc1.webp,3,2,2,2,1.0,adaptive,0.1983,0.1289,1,0.1289,0,0,0,0
8woqatxossoc1.webp,3,4,8,8,1.0,adaptive,0.213,0.1439,1,0.1439,0,0,0,0
8woqatxossoc1.webp,3,5,6,6,1.0,adaptive,0.2087,0.1402,1,0.1402,0,0,0,0
8woqatxossoc1.webp,3,6,5,5,1.0,adaptive,0.1969,0.1272,1,0.1272,0,0,0,0
8woqatxossoc1.webp,3,9,1,1,0.9787,adaptive,0.17,0.0855,1,0.0855,0,0,0,0
8woqatxossoc1.webp,4,1,4,4,1.0,adaptive,0.1873,0.1076,1,0.1076,0,0,0,0
8woqatxossoc1.webp,4,2,7,7,1.0,adaptive,0.1474,0.0911,1,0.0911,0,0,0,0
8woqatxossoc1.webp,4,3,9,9,1.0,adaptive,0.2081,0.1388,1,0.1388,0,0,0,0
8woqatxossoc1.webp,4,6,2,2,0.9999,adaptive,0.198,0.1263,1,0.1263,0,0,0,0
8woqatxossoc1.webp,4,8,6,6,1.0,adaptive,0.2126,0.1434,1,0.1434,0,0,0,0
8woqatxossoc1.webp,4,9,8,8,1.0,adaptive,0.2221,0.1408,1,0.1408,0,0,0,0
8woqatxossoc1.webp,5,1,8,8,1.0,adaptive,0.2022,0.1456,1,0.1456,0,0,0,0
8woqatxossoc1.webp,5,2,3,3,1.0,adaptive,0.1618,0.1304,1,0.1304,0,0,0,0
8woqatxossoc1.webp,5,3,6,6,1.0,adaptive,0.1979,0.1434,1,0.1434,0,0,0,0
8woqatxossoc1.webp,5,5,9,9,1.0,adaptive,0.2266,0.1465,1,0.1465,0,0,0,0
8woqatxossoc1.webp,5,9,2,2,1.0,adaptive,0.1936,0.1248,1,0.1248,0,0,0,0
8woqatxossoc1.webp,6,1,5,5,1.0,adaptive,0.1976,0.1288,1,0.1288,0,0,0,0
8woqatxossoc1.webp,6,2,1,1,0.9885,adaptive,0.1364,0.0807,1,0.0807,0,0,0,0
8woqatxossoc1.webp,6,3,2,2,1.0,adaptive,0.1807,0.1239,1,0.1239,0,0,0,0
8woqatxossoc1.webp,6,5,8,8,1.0,adaptive,0.2291,0.1472,1,0.1472,0,0,0,0
8woqatxossoc1.webp,6,6,6,6,1.0,adaptive,0.2119,0.1415,1,0.1415,0,0,0,0
8woqatxossoc1.webp,6,8,9,9,1.0,adaptive,0.1986,0.1413,1,0.1413,0,0,0,0
8woqatxossoc1.webp,6,9,4,4,1.0,adaptive,0.1882,0.106,1,0.106,0,0,0,0
8woqatxossoc1.webp,7,2,9,9,1.0,adaptive,0.2146,0.1459,1,0.1459,0,0,0,0
8woqatxossoc1.webp,7,3,4,4,1.0,adaptive,0.1813,0.1098,1,0.1098,0,0,0,0
8woqatxossoc1.webp,7,7,6,6,1.0,adaptive,0.2154,0.1399,1,0.1399,0,0,0,0
8woqatxossoc1.webp,7,8,8,8,1.0,adaptive,0.2051,0.1459,1,0.1459,0,0,0,0
8woqatxossoc1.webp,7,9,7,7,1.0,adaptive,0.1713,0.0909,1,0.0909,0,0,0,0
8woqatxossoc1.webp,8,2,8,8,1.0,adaptive,0.202,0.1467,1,0.1467,0,0,0,0
8woqatxossoc1.webp,8,3,5,5,1.0,adaptive,0.2026,0.1339,1,0.1339,0,0,0,0
8woqatxossoc1.webp,8,4,6,6,1.0,adaptive,0.1988,0.1425,1,0.1425,0,0,0,0
8woqatxossoc1.webp,8,6,9,9,1.0,adaptive,0.1852,0.1413,1,0.1413,0,0,0,0
8woqatxossoc1.webp,8,9,3,3,1.0,adaptive,0.2004,0.1289,1,0.1289,0,0,0,0
8woqatxossoc1.webp,9,2,6,6,1.0,adaptive,0.1997,0.1422,1,0.1422,0,0,0,0
8woqatxossoc1.webp,9,6,8,8,1.0,adaptive,0.1974,0.1408,1,0.1408,0,0,0,0
8woqatxossoc1.webp,9,7,9,9,1.0,adaptive,0.2143,0.1426,1,0.1426,0,0,0,0
8woqatxossoc1.webp,9,9,5,5,1.0,adaptive,0.1989,0.1274,1,0.1274,0,0,0,0
932ig3k0vuec1.webp,1,1,1,1,0.9882,adaptive,0.0198,0.018,3,0.0116,1,0,0,0
932ig3k0vuec1.webp,1,2,4,4,1.0,adaptive,0.2678,0.107,4,0.0889,2,0,0,0
932ig3k0vuec1.webp,1,3,5,5,1.0,adaptive,0.266,0.1481,2,0.1481,0,1,0,0
932ig3k0vuec1.webp,1,4,9,9,0.9996,adaptive,0.2484,0.1388,4,0.1069,2,0,0,0
932ig3k0vuec1.webp,1,5,7,7,1.0,adaptive,0.0583,0.062,3,0.0382,0,0,0,1
932ig3k0vuec1.webp,1,6,6,6,1.0,adaptive,0.1167,0.0722,3,0.0316,0,0,0,0
932ig3k0vuec1.webp,1,7,8,8,1.0,adaptive,0.1559,0.1281,3,0.0791,0,0,0,1
932ig3k0vuec1.webp,1,8,3,3,1.0,adaptive,0.306,0.1343,3,0.1343,2,0,0,0
932ig3k0vuec1.webp,1,9,2,2,1.0,adaptive,0.1178,0.1178,1,0.1178,0,0,0,0
932ig3k0vuec1.webp,2,1,8,8,1.0,adaptive,0.1273,0.13,3,0.0803,0,0,0,1
932ig3k0vuec1.webp,2,2,3,3,1.0,adaptive,0.2681,0.135,3,0.135,2,0,0,0
932ig3k0vuec1.webp,2,3,7,7,1.0,adaptive,0.107,0.062,3,0.0348,1,0,0,0
932ig3k0vuec1.webp,2,4,5,5,1.0,adaptive,0.235,0.1529,3,0.1529,2,0,0,0
932ig3k0vuec1.webp,2,5,1,1,0.9659,adaptive,0.0142,0.0129,2,0.0129,1,0,0,0
932ig3k0vuec1.webp,2,6,2,2,1.0,adaptive,0.1601,0.1153,1,0.1153,0,0,0,0
932ig3k0vuec1.webp,2,7,4,4,1.0,adaptive,0.272,0.1061,4,0.0877,2,0,0,0
932ig3k0vuec1.webp,2,8,9,9,0.9999,adaptive,0.2629,0.1458,4,0.1118,2,0,0,0
932ig3k0vuec1.webp,2,9,6,6,1.0,adaptive,0.0798,0.0798,2,0.0554,0,0,0,0
932ig3k0vuec1.webp,3,1,9,9,0.9999,adaptive,0.2682,0.1381,3,0.1054,0,1,0,0
932ig3k0vuec1.webp,3,2,2,2,1.0,adaptive,0.1633,0.1165,1,0.1165,0,0,0,0
932ig3k0vuec1.webp,3,3,6,6,1.0,adaptive,0.1758,0.0789,3,0.0546,1,0,0,0
932ig3k0vuec1.webp,3,4,8,8,1.0,adaptive,0.1733,0.1292,3,0.08,0,0,0,1
932ig3k0vuec1.webp,3,5,4,4,1.0,adaptive,0.2759,0.1033,3,0.0864,0,1,0,0
932ig3k0vuec1.webp,3,6,3,3,0.9999,adaptive,0.3161,0.1323,3,0.1323,1,1,0,0
932ig3k0vuec1.webp,3,7,1,4,0.8292,adaptive,0.1065,0.0238,4,0.0238,2,0,0,1
932ig3k0vuec1.webp,3,8,5,5,1.0,adaptive,0.2834,0.1538,2,0.1538,0,1,0,0
932ig3k0vuec1.webp,3,9,7,7,1.0,adaptive,0.1225,0.0639,3,0.0363,1,0,0,0
932ig3k0vuec1.webp,4,2,8,8,1.0,adaptive,0.1321,0.1314,3,0.081,0,0,0,1
932ig3k0vuec1.webp,4,4,1,4,0.9717,adaptive,0.0172,0.0192,4,0.0192,2,0,0,1
932ig3k0vuec1.webp,4,6,7,7,1.0,adaptive,0.1054,0.0639,3,0.0412,0,0,0,1
932ig3k0vuec1.webp,4,7,2,2,1.0,adaptive,0.1591,0.1143,1,0.1143,0,0,0,0
932ig3k0vuec1.webp,4,8,6,6,1.0,adaptive,0.078,0.0778,3,0.0538,1,0,0,0
932ig3k0vuec1.webp,5,1,6,6,1.0,adaptive,0.0794,0.0794,2,0.0563,0,0,0,0
932ig3k0vuec1.webp,5,2,1,1,0.9915,adaptive,0.0239,0.0191,3,0.0122,1,0,0,0
932ig3k0vuec1.webp,5,4,2,2,1.0,adaptive,0.1151,0.1151,1,0.1151,0,0,0,0
932ig3k0vuec1.webp,5,8,7,7,1.0,adaptive,0.0686,0.0686,2,0.0406,0,0,0,0
932ig3k0vuec1.webp,5,9,8,8,1.0,adaptive,0.1289,0.1316,3,0.0812,0,0,0,1
932ig3k0vuec1.webp,6,2,7,7,1.0,adaptive,0.1262,0.0656,3,0.0378,1,0,0,0
932ig3k0vuec1.webp,6,3,2,2,1.0,adaptive,0.2141,0.1165,1,0.1165,0,0,0,0
932ig3k0vuec1.webp,6,4,6,6,1.0,adaptive,0.129,0.0811,2,0.0575,0,0,0,0
932ig3k0vuec1.webp,6,5,8,8,1.0,adaptive,0.1737,0.1316,3,0.0812,0,0,0,1
932ig3k0vuec1.webp,6,8,1,1,0.8944,adaptive,0.0672,0.0219,3,0.0118,1,0,0,0
932ig3k0vuec1.webp,7,1,2,2,1.0,adaptive,0.1435,0.1136,1,0.1136,0,0,0,0
932ig3k0vuec1.webp,7,2,5,5,1.0,adaptive,0.2673,0.1529,3,0.1529,2,0,0,0
932ig3k0vuec1.webp,7,3,1,0,0.992,adaptive,0.0985,0.0,4,0.0087,3,0,0,0
932ig3k0vuec1.webp,7,4,3,3,0.9999,adaptive,0.3154,0.1341,3,0.1341,2,0,0,0
932ig3k0vuec1.webp,7,5,6,6,1.0,adaptive,0.126,0.081,3,0.0568,1,0,0,0
932ig3k0vuec1.webp,7,6,8,8,1.0,adaptive,0.213,0.1301,3,0.0806,0,0,0,1
932ig3k0vuec1.webp,7,7,7,7,1.0,adaptive,0.1501,0.0626,2,0.0626,1,0,0,0
932ig3k0vuec1.webp,7,8,4,4,1.0,adaptive,0.2861,0.1061,5,0.0875,2,1,0,0
932ig3k0vuec1.webp,7,9,9,9,0.9999,adaptive,0.2773,0.1399,4,0.1074,2,0,0,0
932ig3k0vuec1.webp,8,1,7,7,1.0,adaptive,0.0681,0.0672,3,0.038,1,0,0,0
932ig3k0vuec1.webp,8,2,9,9,0.9999,adaptive,0.2415,0.1439,4,0.1107,2,0,0,0
932ig3k0vuec1.webp,8,3,8,8,1.0,adaptive,0.1746,0.1325,3,0.0823,0,0,0,1
932ig3k0vuec1.webp,8,4,4,4,1.0,adaptive,0.261,0.1052,4,0.0875,2,0,0,0
932ig3k0vuec1.webp,8,5,5,5,1.0,adaptive,0.2493,0.1568,2,0.1568,1,0,0,0
932ig3k0vuec1.webp,8,6,1,0,0.8679,adaptive,0.066,0.0118,7,0.0118,6,0,0,0
932ig3k0vuec1.webp,8,7,6,6,1.0,adaptive,0.1244,0.0794,3,0.0552,1,0,0,0
932ig3k0vuec1.webp,8,8,2,2,1.0,adaptive,0.1217,0.1217,1,0.1217,0,0,0,0
932ig3k0vuec1.webp,8,9,3,3,1.0,adaptive,0.3046,0.1359,3,0.1359,2,0,0,0
932ig3k0vuec1.webp,9,1,4,4,1.0,adaptive,0.2631,0.1036,4,0.0862,2,0,0,0
932ig3k0vuec1.webp,9,2,6,6,1.0,adaptive,0.0907,0.081,2,0.057,0,0,0,0
932ig3k0vuec1.webp,9,3,3,3,1.0,adaptive,0.2967,0.1337,2,0.1337,0,1,0,0
932ig3k0vuec1.webp,9,4,7,7,1.0,adaptive,0.0653,0.0668,3,0.029,0,0,0,1
932ig3k0vuec1.webp,9,5,2,2,1.0,adaptive,0.1185,0.1185,1,0.1185,0,0,0,0
932ig3k0vuec1.webp,9,6,9,9,0.9998,adaptive,0.2807,0.1408,4,0.1076,2,0,0,0
932ig3k0vuec1.webp,9,7,5,5,1.0,adaptive,0.2838,0.155,4,0.155,3,0,0,0
932ig3k0vuec1.webp,9,8,8,8,1.0,adaptive,0.1305,0.1332,3,0.0828,0,0,0,1
932ig3k0vuec1.webp,9,9,1,0,0.992,adaptive,0.0151,0.0,3,0.0076,1,0,0,0
99byrh01go9c1.webp,1,3,3,8,0.5133,adaptive,0.1822,0.0769,4,0.0769,3,0,0,0
99byrh01go9c1.webp,1,4,7,7,1.0,adaptive,0.129,0.0448,4,0.0448,3,0,0,0
99byrh01go9c1.webp,1,5,9,9,0.9989,adaptive,0.1692,0.0789,7,0.0721,5,0,0,0
99byrh01go9c1.webp,1,6,4,9,0.5497,adaptive,0.2883,0.1677,5,0.1103,3,0,0,0
99byrh01go9c1.webp,1,7,6,6,0.9954,adaptive,0.2174,0.0847,4,0.0769,1,1,0,1
99byrh01go9c1.webp,1,9,5,5,1.0,adaptive,0.2188,0.1038,2,0.0949,0,0,0,0
99byrh01go9c1.webp,2,2,5,5,1.0,adaptive,0.2984,0.1894,3,0.1217,1,0,0,0
99byrh01go9c1.webp,2,3,6,6,0.9969,adaptive,0.1823,0.0868,5,0.0719,2,0,0,1
99byrh01go9c1.webp,2,4,8,8,1.0,adaptive,0.1526,0.0767,4,0.0767,3,0,0,0
99byrh01go9c1.webp,2,6,2,2,0.9993,adaptive,0.1658,0.0844,3,0.0844,0,0,0,1
99byrh01go9c1.webp,2,8,4,4,0.9998,adaptive,0.183,0.0781,2,0.0624,0,0,0,1
99byrh01go9c1.webp,3,2,4,4,0.891,adaptive,0.201,0.0954,12,0.0954,11,0,0,0
99byrh01go9c1.webp,3,3,7,7,0.9997,adaptive,0.178,0.0601,7,0.0466,4,1,0,0
99byrh01go9c1.webp,3,5,5,5,0.9965,adaptive,0.3313,0.1927,5,0.1095,2,0,0,1
99byrh01go9c1.webp,3,6,6,6,0.9598,adaptive,0.1829,0.0931,2,0.0577,0,0,0,0
99byrh01go9c1.webp,3,7,8,8,1.0,adaptive,0.2838,0.1524,4,0.1172,1,1,0,0
99byrh01go9c1.webp,4,1,6,6,0.9714,adaptive,0.1987,0.1094,5,0.0887,3,0,0,1
99byrh01go9c1.webp,4,2,2,2,0.9919,adaptive,0.1992,0.0959,11,0.0798,7,0,0,1
99byrh01go9c1.webp,4,3,8,8,1.0,adaptive,0.2029,0.0982,13,0.0769,10,0,0,1
99byrh01go9c1.webp,4,4,9,2,0.4246,adaptive,0.2479,0.1468,8,0.078,5,0,0,1
99byrh01go9c1.webp,4,5,4,4,0.8264,adaptive,0.2863,0.1284,5,0.0692,2,0,1,0
99byrh01go9c1.webp,4,7,1,7,0.4,adaptive,0.1343,0.0789,4,0.0548,0,0,0,1
99byrh01go9c1.webp,4,8,5,5,1.0,adaptive,0.1493,0.0685,1,0.0685,0,0,0,0
99byrh01go9c1.webp,5,1,3,8,0.9353,adaptive,0.1863,0.0871,8,0.0871,7,0,0,0
99byrh01go9c1.webp,5,2,9,3,0.682,adaptive,0.2872,0.1614,6,0.0794,3,0,0,1
99byrh01go9c1.webp,5,3,5,8,0.8237,adaptive,0.2001,0.1022,5,0.1022,4,0,0,0
99byrh01go9c1.webp,5,7,4,4,0.9993,adaptive,0.1685,0.1167,5,0.1027,2,0,0,0
99byrh01go9c1.webp,5,9,6,8,0.7092,adaptive,0.1563,0.0934,1,0.0934,0,0,0,0
99byrh01go9c1.webp,6,1,4,8,0.9577,adaptive,0.3003,0.1399,4,0.1399,2,0,1,0
99byrh01go9c1.webp,6,2,7,7,0.9998,adaptive,0.1848,0.0654,18,0.05,16,0,0,0
99byrh01go9c1.webp,6,3,1,1,0.3899,adaptive,0.1818,0.0777,12,0.0488,8,0,0,0
99byrh01go9c1.webp,6,5,6,6,0.994,adaptive,0.242,0.1312,8,0.0758,4,0,0,0
99byrh01go9c1.webp,6,6,5,8,0.4553,adaptive,0.1606,0.0702,3,0.0359,0,0,0,1
99byrh01go9c1.webp,6,7,9,8,0.9849,adaptive,0.2874,0.2056,3,0.1954,1,0,0,0
99byrh01go9c1.webp,6,8,8,8,0.9995,adaptive,0.213,0.1592,3,0.0807,0,0,0,1
99byrh01go9c1.webp,7,1,5,5,0.5931,adaptive,0.2417,0.1495,6,0.0991,2,0,0,1
99byrh01go9c1.webp,7,3,9,9,1.0,adaptive,0.1406,0.0735,5,0.0735,4,0,0,0
99byrh01go9c1.webp,7,4,4,9,0.4688,adaptive,0.2945,0.1954,4,0.1455,2,0,0,0
99byrh01go9c1.webp,7,5,7,7,0.9997,adaptive,0.1275,0.0631,8,0.0498,6,0,0,0
99byrh01go9c1.webp,7,7,2,2,0.9993,adaptive,0.1615,0.1018,3,0.0786,0,0,0,0
99byrh01go9c1.webp,7,8,6,6,0.7549,adaptive,0.1542,0.0801,2,0.0525,0,0,0,0
99byrh01go9c1.webp,8,2,6,6,0.7333,adaptive,0.1387,0.0918,1,0.0918,0,0,0,0
99byrh01go9c1.webp,8,3,2,2,0.9401,adaptive,0.1522,0.1047,4,0.1047,3,0,0,0
99byrh01go9c1.webp,8,4,5,5,0.9999,adaptive,0.1436,0.0837,4,0.0837,3,0,0,0
99byrh01go9c1.webp,8,6,1,7,0.4533,adaptive,0.1253,0.0663,3,0.05,0,0,0,1
99byrh01go9c1.webp,8,8,9,9,1.0,adaptive,0.1391,0.0751,1,0.0751,0,0,0,0
99byrh01go9c1.webp,8,9,4,4,0.9995,adaptive,0.2137,0.1038,3,0.0932,1,0,0,0
99byrh01go9c1.webp,9,3,4,8,0.6731,adaptive,0.284,0.1847,2,0.1283,0,0,0,0
99byrh01go9c1.webp,9,4,6,8,0.7408,adaptive,0.2502,0.1653,4,0.0831,2,0,0,0
99byrh01go9c1.webp,9,5,2,2,0.9999,adaptive,0.1513,0.1018,5,0.0674,1,0,0,1
99byrh01go9c1.webp,9,6,9,9,1.0,adaptive,0.1617,0.074,4,0.074,3,0,0,0
99byrh01go9c1.webp,9,7,5,5,0.9462,adaptive,0.2065,0.1192,5,0.0824,0,0,0,1
9d4rrpmsuvec1.webp,1,1,8,8,1.0,adaptive,0.1294,0.0708,1,0.0708,0,0,0,0
9d4rrpmsuvec1.webp,1,2,4,4,1.0,adaptive,0.1149,0.0583,1,0.0583,0,0,0,0
9d4rrpmsuvec1.webp,1,3,5,5,1.0,adaptive,0.1528,0.0659,1,0.0659,0,0,0,0
9d4rrpmsuvec1.webp,1,4,7,7,1.0,adaptive,0.1038,0.0472,1,0.0472,0,0,0,0
9d4rrpmsuvec1.webp,1,5,3,3,1.0,adaptive,0.1219,0.0658,1,0.0658,0,0,0,0
9d4rrpmsuvec1.webp,1,6,2,2,1.0,adaptive,0.1488,0.0619,1,0.0619,0,0,0,0
9d4rrpmsuvec1.webp,1,7,6,6,0.9985,adaptive,0.1092,0.0646,1,0.0646,0,0,0,0
9d4rrpmsuvec1.webp,1,8,9,9,1.0,adaptive,0.1088,0.0654,1,0.0654,0,0,0,0
9d4rrpmsuvec1.webp,1,9,1,9,0.6418,adaptive,0.2462,0.1729,2,0.1317,0,0,0,0
9d4rrpmsuvec1.webp,2,2,1,9,0.5951,adaptive,0.2337,0.1793,2,0.1414,0,0,0,0
9d4rrpmsuvec1.webp,2,3,2,2,1.0,adaptive,0.1486,0.0631,1,0.0631,0,0,0,0
9d4rrpmsuvec1.webp,2,7,4,4,1.0,adaptive,0.1009,0.0588,1,0.0588,0,0,0,0
9d4rrpmsuvec1.webp,2,9,7,7,1.0,adaptive,0.1147,0.0439,1,0.0439,0,0,0,0
9d4rrpmsuvec1.webp,3,3,7,7,1.0,adaptive,0.1444,0.0441,1,0.0441,0,0,0,0
9d4rrpmsuvec1.webp,3,4,1,9,0.7319,adaptive,0.2457,0.1746,2,0.1381,0,0,0,0
9d4rrpmsuvec1.webp,3,5,4,4,1.0,adaptive,0.1339,0.0629,1,0.0629,0,0,0,0
9d4rrpmsuvec1.webp,3,7,2,2,1.0,adaptive,0.121,0.0633,1,0.0633,0,0,0,0
9d4rrpmsuvec1.webp,3,9,8,8,1.0,adaptive,0.1611,0.0737,1,0.0737,0,0,0,0
9d4rrpmsuvec1.webp,4,1,4,4,1.0,adaptive,0.1584,0.0595,1,0.0595,0,0,0,0
9d4rrpmsuvec1.webp,4,4,2,2,1.0,adaptive,0.1176,0.0615,1,0.0615,0,0,0,0
9d4rrpmsuvec1.webp,4,5,1,9,0.4631,adaptive,0.23,0.1737,2,0.1364,0,0,0,0
9d4rrpmsuvec1.webp,4,6,7,7,1.0,adaptive,0.131,0.0457,1,0.0457,0,0,0,0
9d4rrpmsuvec1.webp,4,8,8,8,1.0,adaptive,0.1309,0.0753,1,0.0753,0,0,0,0
9d4rrpmsuvec1.webp,4,9,6,6,0.9963,adaptive,0.1488,0.0653,1,0.0653,0,0,0,0
9d4rrpmsuvec1.webp,5,1,1,1,0.4853,adaptive,0.2356,0.1725,2,0.1348,0,0,0,0
9d4rrpmsuvec1.webp,5,2,7,7,1.0,adaptive,0.1116,0.0487,1,0.0487,0,0,0,0
9d4rrpmsuvec1.webp,5,3,6,6,0.9993,adaptive,0.1355,0.0629,1,0.0629,0,0,0,0
9d4rrpmsuvec1.webp,5,8,4,4,1.0,adaptive,0.0778,0.0622,1,0.0622,0,0,0,0
9d4rrpmsuvec1.webp,5,9,2,2,1.0,adaptive,0.1171,0.059,1,0.059,0,0,0,0
9d4rrpmsuvec1.webp,6,2,2,2,1.0,adaptive,0.1208,0.0599,1,0.0599,0,0,0,0
9d4rrpmsuvec1.webp,6,3,8,8,1.0,adaptive,0.1842,0.0706,1,0.0706,0,0,0,0
9d4rrpmsuvec1.webp,6,5,6,6,0.9985,adaptive,0.1542,0.0692,1,0.0692,0,0,0,0
9d4rrpmsuvec1.webp,6,6,4,4,1.0,adaptive,0.1724,0.0588,1,0.0588,0,0,0,0
9d4rrpmsuvec1.webp,6,7,7,7,1.0,adaptive,0.1185,0.0463,1,0.0463,0,0,0,0
9d4rrpmsuvec1.webp,6,8,1,9,0.7194,adaptive,0.2454,0.166,2,0.1291,0,0,0,0
9d4rrpmsuvec1.webp,6,9,3,3,1.0,adaptive,0.1635,0.0626,1,0.0626,0,0,0,0
9d4rrpmsuvec1.webp,7,1,2,2,1.0,adaptive,0.0929,0.063,1,0.063,0,0,0,0
9d4rrpmsuvec1.webp,7,3,1,9,0.5329,adaptive,0.2553,0.1706,2,0.1339,0,0,0,0
9d4rrpmsuvec1.webp,7,5,7,7,1.0,adaptive,0.1036,0.0475,1,0.0475,0,0,0,0
9d4rrpmsuvec1.webp,7,7,3,3,1.0,adaptive,0.1036,0.0648,1,0.0648,0,0,0,0
9d4rrpmsuvec1.webp,7,8,6,6,0.9983,adaptive,0.1004,0.0651,1,0.0651,0,0,0,0
9d4rrpmsuvec1.webp,7,9,4,4,1.0,adaptive,0.1165,0.0588,1,0.0588,0,0,0,0
9d4rrpmsuvec1.webp,8,2,8,8,1.0,adaptive,0.1313,0.0755,1,0.0755,0,0,0,0
9d4rrpmsuvec1.webp,8,4,4,4,1.0,adaptive,0.1192,0.0635,1,0.0635,0,0,0,0
9d4rrpmsuvec1.webp,8,5,2,2,1.0,adaptive,0.1205,0.0636,1,0.0636,0,0,0,0
9d4rrpmsuvec1.webp,8,7,1,9,0.42,adaptive,0.2121,0.1703,2,0.1332,0,0,0,0
9d4rrpmsuvec1.webp,8,8,7,7,1.0,adaptive,0.1031,0.0482,1,0.0482,0,0,0,0
9d4rrpmsuvec1.webp,9,1,7,7,1.0,adaptive,0.1147,0.0421,1,0.0421,0,0,0,0
9d4rrpmsuvec1.webp,9,3,4,4,1.0,adaptive,0.1524,0.0595,1,0.0595,0,0,0,0
9d4rrpmsuvec1.webp,9,6,1,9,0.8331,adaptive,0.2671,0.1593,2,0.1232,0,0,0,0
9d4rrpmsuvec1.webp,9,7,8,8,1.0,adaptive,0.1294,0.0717,1,0.0717,0,0,0,0
9d4rrpmsuvec1.webp,9,8,2,2,1.0,adaptive,0.1199,0.062,1,0.062,0,0,0,0
a96qs6aubcvc1.webp,1,2,7,7,1.0,adaptive,0.107,0.0516,1,0.0516,0,0,0,0
a96qs6aubcvc1.webp,1,3,5,5,1.0,adaptive,0.1597,0.0755,1,0.0755,0,0,0,0
a96qs6aubcvc1.webp,1,7,4,4,1.0,adaptive,0.1528,0.0686,1,0.0686,0,0,0,0
a96qs6aubcvc1.webp,1,8,2,2,1.0,adaptive,0.1253,0.0683,1,0.0683,0,0,0,0
a96qs6aubcvc1.webp,1,9,9,9,1.0,adaptive,0.1682,0.0838,1,0.0838,0,0,0,0
a96qs6aubcvc1.webp,2,3,2,2,1.0,adaptive,0.1384,0.0699,1,0.0699,0,0,0,0
a96qs6aubcvc1.webp,2,6,4,4,1.0,adaptive,0.1273,0.0701,1,0.0701,0,0,0,0
a96qs6aubcvc1.webp,2,7,7,7,1.0,adaptive,0.1174,0.0513,1,0.0513,0,0,0,0
a96qs6aubcvc1.webp,2,8,8,8,1.0,adaptive,0.1152,0.0868,1,0.0868,0,0,0,0
a96qs6aubcvc1.webp,2,9,6,6,0.9999,adaptive,0.1404,0.0834,1,0.0834,0,0,0,0
a96qs6aubcvc1.webp,3,1,8,8,1.0,adaptive,0.1693,0.0855,1,0.0855,0,0,0,0
a96qs6aubcvc1.webp,3,4,9,9,1.0,adaptive,0.1673,0.0831,1,0.0831,0,0,0,0
a96qs6aubcvc1.webp,3,5,2,2,1.0,adaptive,0.1031,0.0703,1,0.0703,0,0,0,0
a96qs6aubcvc1.webp,3,6,7,7,1.0,adaptive,0.1334,0.0497,1,0.0497,0,0,0,0
a96qs6aubcvc1.webp,3,7,1,1,0.9985,adaptive,0.0978,0.0401,1,0.0401,0,0,0,0
a96qs6aubcvc1.webp,3,8,3,3,1.0,adaptive,0.1289,0.0726,1,0.0726,0,0,0,0
a96qs6aubcvc1.webp,3,9,5,5,1.0,adaptive,0.1613,0.0775,1,0.0775,0,0,0,0
a96qs6aubcvc1.webp,4,1,6,6,0.9998,adaptive,0.1669,0.0831,1,0.0831,0,0,0,0
a96qs6aubcvc1.webp,4,5,7,7,1.0,adaptive,0.0957,0.0518,1,0.0518,0,0,0,0
a96qs6aubcvc1.webp,4,8,4,4,1.0,adaptive,0.1257,0.069,1,0.069,0,0,0,0
a96qs6aubcvc1.webp,5,1,7,7,1.0,adaptive,0.0941,0.0504,1,0.0504,0,0,0,0
a96qs6aubcvc1.webp,5,5,1,1,0.9975,adaptive,0.0409,0.0409,1,0.0409,0,0,0,0
a96qs6aubcvc1.webp,5,8,9,9,1.0,adaptive,0.0992,0.0863,1,0.0863,0,0,0,0
a96qs6aubcvc1.webp,6,2,5,5,1.0,adaptive,0.1257,0.0803,1,0.0803,0,0,0,0
a96qs6aubcvc1.webp,6,6,3,3,1.0,adaptive,0.1301,0.0711,1,0.0711,0,0,0,0
a96qs6aubcvc1.webp,6,7,6,6,0.9999,adaptive,0.1669,0.0838,1,0.0838,0,0,0,0
a96qs6aubcvc1.webp,6,8,7,7,1.0,adaptive,0.1063,0.0504,1,0.0504,0,0,0,0
a96qs6aubcvc1.webp,6,9,1,1,0.9978,adaptive,0.0982,0.0394,1,0.0394,0,0,0,0
a96qs6aubcvc1.webp,7,1,5,5,1.0,adaptive,0.1631,0.0789,1,0.0789,0,0,0,0
a96qs6aubcvc1.webp,7,3,7,7,1.0,adaptive,0.1343,0.0503,1,0.0503,0,0,0,0
a96qs6aubcvc1.webp,7,4,3,3,1.0,adaptive,0.1568,0.0713,1,0.0713,0,0,0,0
a96qs6aubcvc1.webp,7,5,4,4,1.0,adaptive,0.1153,0.0706,1,0.0706,0,0,0,0
a96qs6aubcvc1.webp,7,7,8,8,1.0,adaptive,0.1684,0.0842,1,0.0842,0,0,0,0
a96qs6aubcvc1.webp,7,8,1,1,0.9977,adaptive,0.0685,0.0387,1,0.0387,0,0,0,0
a96qs6aubcvc1.webp,7,9,2,2,1.0,adaptive,0.1597,0.0666,1,0.0666,0,0,0,0
a96qs6aubcvc1.webp,8,7,3,3,1.0,adaptive,0.1307,0.0728,1,0.0728,0,0,0,0
a96qs6aubcvc1.webp,8,8,6,6,1.0,adaptive,0.1171,0.0882,1,0.0882,0,0,0,0
a96qs6aubcvc1.webp,8,9,7,7,1.0,adaptive,0.1076,0.05,1,0.05,0,0,0,0
a96qs6aubcvc1.webp,9,2,3,3,1.0,adaptive,0.1334,0.0746,1,0.0746,0,0,0,0
a96qs6aubcvc1.webp,9,4,7,7,1.0,adaptive,0.1501,0.0521,1,0.0521,0,0,0,0
a96qs6aubcvc1.webp,9,7,9,9,1.0,adaptive,0.1802,0.0829,1,0.0829,0,0,0,0
a96qs6aubcvc1.webp,9,8,5,5,1.0,adaptive,0.1483,0.0787,1,0.0787,0,0,0,0
a96qs6aubcvc1.webp,9,9,4,4,1.0,adaptive,0.1633,0.0666,1,0.0666,0,0,0,0
a9fwsde2u1tc1.webp,1,1,2,2,0.9999,adaptive,0.3473,0.149,2,0.149,1,0,0,0
a9fwsde2u1tc1.webp,1,2,5,5,0.9999,adaptive,0.3073,0.1735,1,0.1735,0,0,0,0
a9fwsde2u1tc1.webp,1,3,8,8,1.0,adaptive,0.3533,0.1466,5,0.098,2,0,0,1
a9fwsde2u1tc1.webp,1,4,9,9,0.9999,adaptive,0.3533,0.1475,2,0.1167,0,0,0,0
a9fwsde2u1tc1.webp,1,7,7,7,1.0,adaptive,0.2854,0.1056,1,0.1056,0,0,0,0
a9fwsde2u1tc1.webp,1,9,1,1,1.0,adaptive,0.2321,0.0851,5,0.0851,4,0,0,0
a9fwsde2u1tc1.webp,2,3,9,9,0.9602,adaptive,0.3372,0.1757,3,0.1384,0,0,0,0
a9fwsde2u1tc1.webp,2,4,5,5,1.0,adaptive,0.308,0.1474,1,0.1474,0,0,0,0
a9fwsde2u1tc1.webp,2,5,2,2,1.0,adaptive,0.2452,0.138,1,0.138,0,0,0,0
a9fwsde2u1tc1.webp,2,6,1,1,1.0,adaptive,0.2078,0.0862,9,0.0862,8,0,0,0
a9fwsde2u1tc1.webp,3,1,1,1,1.0,adaptive,0.2811,0.088,1,0.088,0,0,0,0
a9fwsde2u1tc1.webp,3,2,6,6,1.0,adaptive,0.2972,0.1542,3,0.1219,1,0,0,0
a9fwsde2u1tc1.webp,3,5,7,7,1.0,adaptive,0.2424,0.1088,7,0.1088,6,0,0,0
a9fwsde2u1tc1.webp,3,7,2,2,1.0,adaptive,0.3148,0.1461,1,0.1461,0,0,0,0
a9fwsde2u1tc1.webp,3,8,9,9,1.0,adaptive,0.3071,0.1529,2,0.1208,0,0,0,0
a9fwsde2u1tc1.webp,3,9,5,5,1.0,adaptive,0.3166,0.1519,2,0.1519,1,0,0,0
a9fwsde2u1tc1.webp,4,2,2,2,1.0,adaptive,0.3071,0.1515,1,0.1515,0,0,0,0
a9fwsde2u1tc1.webp,4,4,6,6,1.0,adaptive,0.35,0.1548,2,0.1223,0,0,0,0
a9fwsde2u1tc1.webp,4,5,5,5,1.0,adaptive,0.2976,0.1597,1,0.1597,0,0,0,0
a9fwsde2u1tc1.webp,4,6,7,7,0.9999,adaptive,0.2747,0.1136,5,0.1136,4,0,0,0
a9fwsde2u1tc1.webp,4,7,8,8,1.0,adaptive,0.3491,0.1559,3,0.1054,0,0,0,1
a9fwsde2u1tc1.webp,4,8,1,1,1.0,adaptive,0.2397,0.0819,6,0.0819,5,0,0,0
a9fwsde2u1tc1.webp,4,9,9,9,0.9999,adaptive,0.3083,0.1559,10,0.1236,8,0,0,0
a9fwsde2u1tc1.webp,5,1,5,5,0.9998,adaptive,0.3021,0.152,2,0.1076,0,0,0,0
a9fwsde2u1tc1.webp,5,2,9,9,0.9999,adaptive,0.2594,0.1561,2,0.1242,0,0,0,0
a9fwsde2u1tc1.webp,5,3,7,7,1.0,adaptive,0.263,0.1065,1,0.1065,0,0,0,0
a9fwsde2u1tc1.webp,5,4,1,1,0.9997,adaptive,0.2404,0.0841,2,0.0565,0,0,0,0
a9fwsde2u1tc1.webp,5,5,8,8,1.0,adaptive,0.2498,0.1556,3,0.1045,0,0,0,1
a9fwsde2u1tc1.webp,5,6,3,3,0.9999,adaptive,0.2621,0.1497,5,0.1497,4,0,0,0
a9fwsde2u1tc1.webp,5,7,6,6,1.0,adaptive,0.2854,0.1479,2,0.1165,0,0,0,0
a9fwsde2u1tc1.webp,5,8,2,2,1.0,adaptive,0.228,0.1492,1,0.1492,0,0,0,0
a9fwsde2u1tc1.webp,5,9,4,4,0.9997,adaptive,0.2117,0.1099,3,0.0857,0,0,0,0
a9fwsde2u1tc1.webp,6,1,8,8,1.0,adaptive,0.3517,0.1475,4,0.0991,1,0,0,1
a9fwsde2u1tc1.webp,6,2,1,1,0.9999,adaptive,0.2182,0.0853,2,0.0565,0,0,0,0
a9fwsde2u1tc1.webp,6,3,6,6,1.0,adaptive,0.3364,0.1562,8,0.1234,6,0,0,0
a9fwsde2u1tc1.webp,6,4,2,2,0.9998,adaptive,0.3179,0.1488,4,0.1488,3,0,0,0
a9fwsde2u1tc1.webp,6,5,4,4,1.0,adaptive,0.2205,0.1122,4,0.0954,2,0,0,0
a9fwsde2u1tc1.webp,6,6,9,9,0.9999,adaptive,0.3041,0.1533,5,0.1216,3,0,0,0
a9fwsde2u1tc1.webp,6,7,5,5,0.9999,adaptive,0.3388,0.1497,2,0.1497,1,0,0,0
a9fwsde2u1tc1.webp,6,8,7,7,0.9999,adaptive,0.2467,0.109,1,0.109,0,0,0,0
a9fwsde2u1tc1.webp,6,9,3,3,0.9962,adaptive,0.2947,0.1388,1,0.1388,0,0,0,0
a9fwsde2u1tc1.webp,7,3,1,1,0.998,adaptive,0.2978,0.0869,8,0.0588,6,0,0,0
a9fwsde2u1tc1.webp,7,5,9,9,0.9997,adaptive,0.3134,0.1572,7,0.1255,5,0,0,0
a9fwsde2u1tc1.webp,7,8,5,5,1.0,adaptive,0.3008,0.1685,4,0.1685,3,0,0,0
a9fwsde2u1tc1.webp,7,9,2,2,0.9981,adaptive,0.3215,0.1582,7,0.0851,3,0,0,1
a9fwsde2u1tc1.webp,8,3,5,5,0.9995,adaptive,0.3014,0.1465,1,0.1465,0,0,0,0
a9fwsde2u1tc1.webp,8,4,4,4,0.9999,adaptive,0.2711,0.1122,2,0.097,0,0,0,0
a9fwsde2u1tc1.webp,8,5,1,1,0.9996,adaptive,0.1855,0.0909,2,0.0627,0,0,0,0
a9fwsde2u1tc1.webp,8,6,2,2,0.9893,adaptive,0.2922,0.1452,3,0.0773,1,0,0,0
a9fwsde2u1tc1.webp,8,7,9,9,0.9999,adaptive,0.2852,0.1418,2,0.1117,0,0,0,0
a9fwsde2u1tc1.webp,8,9,7,7,0.9934,adaptive,0.2266,0.1061,2,0.0733,0,0,0,0
a9fwsde2u1tc1.webp,9,1,9,9,0.9997,adaptive,0.3152,0.1669,5,0.1374,3,0,0,0
a9fwsde2u1tc1.webp,9,3,2,2,0.9984,adaptive,0.3368,0.1562,4,0.0804,2,0,0,0
a9fwsde2u1tc1.webp,9,4,7,7,0.9855,adaptive,0.29,0.1149,5,0.1149,3,0,0,1
a9fwsde2u1tc1.webp,9,6,5,5,0.9974,adaptive,0.333,0.1488,8,0.1031,6,0,0,0
a9fwsde2u1tc1.webp,9,7,1,1,0.9934,adaptive,0.2744,0.0842,9,0.0568,7,0,0,0
ab7m301mbjdc1.webp,1,2,1,1,1.0,adaptive,0.0882,0.0733,1,0.0733,0,0,0,0
ab7m301mbjdc1.webp,1,3,3,3,1.0,adaptive,0.1586,0.1308,1,0.1308,0,0,0,0
ab7m301mbjdc1.webp,1,5,4,4,1.0,adaptive,0.1185,0.1036,2,0.0819,0,0,0,0
ab7m301mbjdc1.webp,1,7,5,5,1.0,adaptive,0.1697,0.1421,1,0.1421,0,0,0,0
ab7m301mbjdc1.webp,1,9,8,8,1.0,adaptive,0.1784,0.1403,3,0.084,0,0,0,1
ab7m301mbjdc1.webp,2,1,2,2,1.0,adaptive,0.1339,0.119,1,0.119,0,0,0,0
ab7m301mbjdc1.webp,2,2,5,5,1.0,adaptive,0.1439,0.1439,1,0.1439,0,0,0,0
ab7m301mbjdc1.webp,2,3,4,4,1.0,adaptive,0.1201,0.1054,2,0.0844,0,0,0,0
ab7m301mbjdc1.webp,2,4,8,8,1.0,adaptive,0.1597,0.1459,3,0.0877,0,0,0,1
ab7m301mbjdc1.webp,2,5,6,6,1.0,adaptive,0.1439,0.1439,2,0.109,0,0,0,0
ab7m301mbjdc1.webp,2,6,3,3,1.0,adaptive,0.1635,0.1355,1,0.1355,0,0,0,0
ab7m301mbjdc1.webp,2,8,9,9,1.0,adaptive,0.1529,0.1529,2,0.1182,0,0,0,0
ab7m301mbjdc1.webp,3,2,8,8,1.0,adaptive,0.1748,0.1477,3,0.0891,0,0,0,1
ab7m301mbjdc1.webp,3,3,7,7,1.0,adaptive,0.1194,0.0896,1,0.0896,0,0,0,0
ab7m301mbjdc1.webp,3,4,1,1,0.9999,adaptive,0.1163,0.0746,1,0.0746,0,0,0,0
ab7m301mbjdc1.webp,3,6,5,5,1.0,adaptive,0.1862,0.1346,1,0.1346,0,0,0,0
ab7m301mbjdc1.webp,4,1,3,3,1.0,adaptive,0.1584,0.1303,1,0.1303,0,0,0,0
ab7m301mbjdc1.webp,4,2,4,4,1.0,adaptive,0.1183,0.1033,2,0.0816,0,0,0,0
ab7m301mbjdc1.webp,4,3,5,5,1.0,adaptive,0.1657,0.1379,1,0.1379,0,0,0,0
ab7m301mbjdc1.webp,4,5,8,8,1.0,adaptive,0.1545,0.1425,3,0.085,0,0,0,1
ab7m301mbjdc1.webp,4,7,9,9,1.0,adaptive,0.1648,0.1381,2,0.106,0,0,0,0
ab7m301mbjdc1.webp,4,9,6,6,1.0,adaptive,0.18,0.1388,2,0.1067,0,0,0,0
ab7m301mbjdc1.webp,5,1,7,7,1.0,adaptive,0.1079,0.0929,1,0.0929,0,0,0,0
ab7m301mbjdc1.webp,5,4,4,4,1.0,adaptive,0.1174,0.102,2,0.081,0,0,0,0
ab7m301mbjdc1.webp,5,5,3,3,1.0,adaptive,0.1348,0.1348,1,0.1348,0,0,0,0
ab7m301mbjdc1.webp,5,7,8,8,1.0,adaptive,0.1556,0.1438,3,0.0859,0,0,0,1
ab7m301mbjdc1.webp,5,8,5,5,1.0,adaptive,0.1515,0.1515,1,0.1515,0,0,0,0
ab7m301mbjdc1.webp,6,1,8,8,1.0,adaptive,0.1713,0.1448,3,0.0864,0,0,0,1
ab7m301mbjdc1.webp,6,4,5,5,1.0,adaptive,0.1702,0.1386,1,0.1386,0,0,0,0
ab7m301mbjdc1.webp,6,7,4,4,1.0,adaptive,0.1439,0.1036,2,0.082,0,0,0,0
ab7m301mbjdc1.webp,6,8,7,7,1.0,adaptive,0.0979,0.0979,1,0.0979,0,0,0,0
ab7m301mbjdc1.webp,6,9,3,3,1.0,adaptive,0.1849,0.1303,1,0.1303,0,0,0,0
ab7m301mbjdc1.webp,7,1,4,4,1.0,adaptive,0.1281,0.0998,2,0.0795,0,0,0,0
ab7m301mbjdc1.webp,7,2,7,7,1.0,adaptive,0.1033,0.0884,1,0.0884,0,0,0,0
ab7m301mbjdc1.webp,7,3,9,9,1.0,adaptive,0.1613,0.1339,2,0.102,0,0,0,0
ab7m301mbjdc1.webp,7,4,3,3,1.0,adaptive,0.1715,0.1312,1,0.1312,0,0,0,0
ab7m301mbjdc1.webp,7,5,1,1,1.0,adaptive,0.0866,0.0717,1,0.0717,0,0,0,0
ab7m301mbjdc1.webp,7,6,2,2,1.0,adaptive,0.1584,0.1174,1,0.1174,0,0,0,0
ab7m301mbjdc1.webp,7,7,6,6,1.0,adaptive,0.1461,0.1461,2,0.1121,0,0,0,0
ab7m301mbjdc1.webp,7,8,8,8,1.0,adaptive,0.1504,0.1531,3,0.0934,0,0,0,1
ab7m301mbjdc1.webp,7,9,5,5,1.0,adaptive,0.1488,0.1488,1,0.1488,0,0,0,0
ab7m301mbjdc1.webp,8,1,1,1,0.9999,adaptive,0.0893,0.0744,1,0.0744,0,0,0,0
ab7m301mbjdc1.webp,8,2,6,6,1.0,adaptive,0.1433,0.1433,2,0.109,0,0,0,0
ab7m301mbjdc1.webp,8,3,2,2,1.0,adaptive,0.1382,0.1232,1,0.1232,0,0,0,0
ab7m301mbjdc1.webp,8,4,9,9,1.0,adaptive,0.1725,0.1447,2,0.1106,0,0,0,0
ab7m301mbjdc1.webp,8,5,5,5,1.0,adaptive,0.1419,0.1419,1,0.1419,0,0,0,0
ab7m301mbjdc1.webp,8,6,8,8,1.0,adaptive,0.1723,0.1456,3,0.0877,0,0,0,1
ab7m301mbjdc1.webp,9,1,5,5,1.0,adaptive,0.1475,0.1475,1,0.1475,0,0,0,0
ab7m301mbjdc1.webp,9,2,3,3,1.0,adaptive,0.1411,0.1411,1,0.1411,0,0,0,0
ab7m301mbjdc1.webp,9,3,8,8,1.0,adaptive,0.1448,0.1481,3,0.0907,0,0,0,1
ab7m301mbjdc1.webp,9,4,6,6,1.0,adaptive,0.1426,0.1419,2,0.1094,0,0,0,0
ab7m301mbjdc1.webp,9,5,7,7,1.0,adaptive,0.1009,0.1009,1,0.1009,0,0,0,0
ab7m301mbjdc1.webp,9,6,4,4,1.0,adaptive,0.106,0.106,2,0.0862,0,0,0,0
ab7m301mbjdc1.webp,9,9,9,9,1.0,adaptive,0.1457,0.1457,2,0.1123,0,0,0,0
abgql6m5k51d1.webp,1,1,8,8,0.9999,adaptive,0.2424,0.1718,1,0.1718,0,0,0,0
abgql6m5k51d1.webp,1,2,0,0,0.992,adaptive,0.0303,0.0,0,0.0,0,0,0,0
abgql6m5k51d1.webp,1,3,0,0,0.992,adaptive,0.0584,0.0,0,0.0,0,0,0,0
abgql6m5k51d1.webp,1,4,0,0,0.992,adaptive,0.0443,0.0,0,0.0,0,0,0,0
abgql6m5k51d1.webp,1,5,5,5,1.0,adaptive,0.1884,0.1465,1,0.1465,0,0,0,0
abgql6m5k51d1.webp,1,6,0,0,0.992,adaptive,0.0728,0.0,0,0.0,0,0,0,0
abgql6m5k51d1.webp,1,7,0,0,0.992,adaptive,0.0437,0.0,0,0.0,0,0,0,0
abgql6m5k51d1.webp,1,8,0,0,0.992,adaptive,0.0303,0.0,0,0.0,0,0,0,0
abgql6m5k51d1.webp,1,9,4,4,1.0,adaptive,0.2105,0.1357,1,0.1357,0,0,0,0
abgql6m5k51d1.webp,2,1,0,0,0.992,adaptive,0.0425,0.0,0,0.0,0,0,0,0
abgql6m5k51d1.webp,2,2,3,3,0.9993,adaptive,0.1651,0.1488,1,0.1488,0,0,0,0
abgql6m5k51d1.webp,2,3,0,0,0.992,adaptive,0.0301,0.0,0,0.0,0,0,0,0
abgql6m5k51d1.webp,2,4,4,4,1.0,adaptive,0.164,0.1425,1,0.1425,0,0,0,0
abgql6m5k51d1.webp,2,5,1,1,0.9686,adaptive,0.0856,0.081,1,0.081,0,0,0,0
abgql6m5k51d1.webp,2,6,2,2,0.9993,adaptive,0.2067,0.1465,1,0.1465,0,0,0,0
abgql6m5k51d1.webp,2,7,0,0,0.992,adaptive,0.0154,0.0,0,0.0,0,0,0,0
abgql6m5k51d1.webp,2,8,6,6,0.9906,adaptive,0.1869,0.1726,1,0.1726,0,0,0,0
abgql6m5k51d1.webp,2,9,0,0,0.992,adaptive,0.0448,0.0,0,0.0,0,0,0,0
abgql6m5k51d1.webp,3,1,0,0,0.992,adaptive,0.0684,0.0,0,0.0,0,0,0,0
abgql6m5k51d1.webp,3,2,0,0,0.992,adaptive,0.0301,0.0,0,0.0,0,0,0,0
abgql6m5k51d1.webp,3,3,7,7,0.9996,adaptive,0.1675,0.0835,1,0.0835,0,0,0,0
abgql6m5k51d1.webp,3,4,0,0,0.992,adaptive,0.0441,0.0,0,0.0,0,0,0,0
abgql6m5k51d1.webp,3,5,0,0,0.992,adaptive,0.0301,0.0,0,0.0,0,0,0,0
abgql6m5k51d1.webp,3,6,0,0,0.992,adaptive,0.0733,0.0,0,0.0,0,0,0,0
abgql6m5k51d1.webp,3,7,2,2,0.9993,adaptive,0.2023,0.1472,1,0.1472,0,0,0,0
abgql6m5k51d1.webp,3,8,0,0,0.992,adaptive,0.0301,0.0,0,0.0,0,0,0,0
abgql6m5k51d1.webp,3,9,0,0,0.992,adaptive,0.0724,0.0,0,0.0,0,0,0,0
abgql6m5k51d1.webp,4,1,0,0,0.992,adaptive,0.0452,0.0,0,0.0,0,0,0,0
abgql6m5k51d1.webp,4,2,0,0,0.992,adaptive,0.0152,0.0,0,0.0,0,0,0,0
abgql6m5k51d1.webp,4,3,0,0,0.992,adaptive,0.0443,0.0,0,0.0,0,0,0,0
abgql6m5k51d1.webp,4,4,9,9,0.9995,adaptive,0.2043,0.1626,1,0.1626,0,0,0,0
abgql6m5k51d1.webp,4,5,0,0,0.992,adaptive,0.0152,0.0,0,0.0,0,0,0,0
abgql6m5k51d1.webp,4,6,0,0,0.992,adaptive,0.0586,0.0,0,0.0,0,0,0,0
abgql6m5k51d1.webp,4,7,0,0,0.992,adaptive,0.0294,0.0,0,0.0,0,0,0,0
abgql6m5k51d1.webp,4,8,0,0,0.992,adaptive,0.0152,0.0,0,0.0,0,0,0,0
abgql6m5k51d1.webp,4,9,0,0,0.992,adaptive,0.0579,0.0,0,0.0,0,0,0,0
abgql6m5k51d1.webp,5,1,6,6,0.9919,adaptive,0.2123,0.1649,1,0.1649,0,0,0,0
abgql6m5k51d1.webp,5,2,4,4,1.0,adaptive,0.1444,0.1368,1,0.1368,0,0,0,0
abgql6m5k51d1.webp,5,3,0,0,0.992,adaptive,0.0299,0.0,0,0.0,0,0,0,0
abgql6m5k51d1.webp,5,4,0,0,0.992,adaptive,0.0152,0.0,0,0.0,0,0,0,0
abgql6m5k51d1.webp,5,5,3,3,0.9988,adaptive,0.1637,0.1444,1,0.1444,0,0,0,0
abgql6m5k51d1.webp,5,6,0,0,0.992,adaptive,0.0448,0.0,0,0.0,0,0,0,0
abgql6m5k51d1.webp,5,7,0,0,0.992,adaptive,0.0154,0.0,0,0.0,0,0,0,0
abgql6m5k51d1.webp,5,8,5,5,0.9999,adaptive,0.1706,0.1428,1,0.1428,0,0,0,0
abgql6m5k51d1.webp,5,9,9,9,0.9989,adaptive,0.2273,0.1649,1,0.1649,0,0,0,0
abgql6m5k51d1.webp,6,1,0,0,0.992,adaptive,0.0724,0.0,0,0.0,0,0,0,0
abgql6m5k51d1.webp,6,2,0,0,0.992,adaptive,0.045,0.0,0,0.0,0,0,0,0
abgql6m5k51d1.webp,6,3,0,0,0.992,adaptive,0.0728,0.0,0,0.0,0,0,0,0
abgql6m5k51d1.webp,6,4,0,0,0.992,adaptive,0.0586,0.0,0,0.0,0,0,0,0
abgql6m5k51d1.webp,6,5,0,0,0.992,adaptive,0.0448,0.0,0,0.0,0,0,0,0
abgql6m5k51d1.webp,6,6,1,1,0.9755,adaptive,0.1796,0.0871,1,0.0871,0,0,0,0
abgql6m5k51d1.webp,6,7,0,0,0.992,adaptive,0.0579,0.0,0,0.0,0,0,0,0
abgql6m5k51d1.webp,6,8,0,0,0.992,adaptive,0.0448,0.0,0,0.0,0,0,0,0
abgql6m5k51d1.webp,6,9,0,0,0.992,adaptive,0.086,0.0,0,0.0,0,0,0,0
abgql6m5k51d1.webp,7,1,0,0,0.992,adaptive,0.0443,0.0,0,0.0,0,0,0,0
abgql6m5k51d1.webp,7,2,0,0,0.992,adaptive,0.0154,0.0,0,0.0,0,0,0,0
abgql6m5k51d1.webp,7,3,5,5,0.9998,adaptive,0.2005,0.139,1,0.139,0,0,0,0
abgql6m5k51d1.webp,7,4,0,0,0.992,adaptive,0.0296,0.0,0,0.0,0,0,0,0
abgql6m5k51d1.webp,7,5,0,0,0.992,adaptive,0.0154,0.0,0,0.0,0,0,0,0
abgql6m5k51d1.webp,7,6,0,0,0.992,adaptive,0.0581,0.0,0,0.0,0,0,0,0
abgql6m5k51d1.webp,7,7,3,3,0.9988,adaptive,0.1836,0.1415,1,0.1415,0,0,0,0
abgql6m5k51d1.webp,7,8,0,0,0.992,adaptive,0.0154,0.0,0,0.0,0,0,0,0
abgql6m5k51d1.webp,7,9,0,0,0.992,adaptive,0.0577,0.0,0,0.0,0,0,0,0
abgql6m5k51d1.webp,8,1,0,0,0.992,adaptive,0.0421,0.0,0,0.0,0,0,0,0
abgql6m5k51d1.webp,8,2,8,8,0.9998,adaptive,0.1924,0.1715,1,0.1715,0,0,0,0
abgql6m5k51d1.webp,8,3,0,0,0.992,adaptive,0.0301,0.0,0,0.0,0,0,0,0
abgql6m5k51d1.webp,8,4,1,1,0.9566,adaptive,0.109,0.0875,1,0.0875,0,0,0,0
abgql6m5k51d1.webp,8,5,7,7,0.9977,adaptive,0.1111,0.0707,1,0.0707,0,0,0,0
abgql6m5k51d1.webp,8,6,5,5,0.9996,adaptive,0.2126,0.1373,1,0.1373,0,0,0,0
abgql6m5k51d1.webp,8,7,0,0,0.992,adaptive,0.0154,0.0,0,0.0,0,0,0,0
abgql6m5k51d1.webp,8,8,9,9,0.9903,adaptive,0.1802,0.1593,1,0.1593,0,0,0,0
abgql6m5k51d1.webp,8,9,0,0,0.992,adaptive,0.0448,0.0,0,0.0,0,0,0,0
abgql6m5k51d1.webp,9,1,9,9,0.9981,adaptive,0.2386,0.1611,1,0.1611,0,0,0,0
abgql6m5k51d1.webp,9,2,0,0,0.992,adaptive,0.0299,0.0,0,0.0,0,0,0,0
abgql6m5k51d1.webp,9,3,0,0,0.992,adaptive,0.0588,0.0,0,0.0,0,0,0,0
abgql6m5k51d1.webp,9,4,0,0,0.992,adaptive,0.0439,0.0,0,0.0,0,0,0,0
abgql6m5k51d1.webp,9,5,6,6,0.9933,adaptive,0.2119,0.1649,1,0.1649,0,0,0,0
abgql6m5k51d1.webp,9,6,0,0,0.992,adaptive,0.0733,0.0,0,0.0,0,0,0,0
abgql6m5k51d1.webp,9,7,0,0,0.992,adaptive,0.043,0.0,0,0.0,0,0,0,0
abgql6m5k51d1.webp,9,8,0,0,0.992,adaptive,0.0299,0.0,0,0.0,0,0,0,0
abgql6m5k51d1.webp,9,9,8,8,0.9999,adaptive,0.256,0.1657,1,0.1657,0,0,0,0
adeeysnmemec1.webp,1,1,7,7,1.0,adaptive,0.2025,0.0675,1,0.0675,0,0,0,0
adeeysnmemec1.webp,1,5,1,1,0.9886,adaptive,0.156,0.0599,2,0.0599,1,0,0,0
adeeysnmemec1.webp,1,6,2,2,0.9997,adaptive,0.1811,0.0711,1,0.0711,0,0,0,0
adeeysnmemec1.webp,1,7,0,0,0.992,adaptive,0.1136,0.0,3,0.0,3,0,0,0
adeeysnmemec1.webp,1,8,0,0,0.992,adaptive,0.0995,0.0,2,0.0,2,0,0,0
adeeysnmemec1.webp,1,9,0,0,0.992,adaptive,0.1457,0.0,4,0.0,4,0,0,0
adeeysnmemec1.webp,2,2,1,1,0.9954,adaptive,0.1334,0.0234,3,0.0234,2,0,0,0
adeeysnmemec1.webp,2,3,9,9,1.0,adaptive,0.2207,0.095,1,0.095,0,0,0,0
adeeysnmemec1.webp,2,6,8,8,0.9575,adaptive,0.2126,0.1,2,0.1,0,0,0,1
adeeysnmemec1.webp,2,7,0,0,0.992,adaptive,0.1212,0.0,2,0.0,2,0,0,0
adeeysnmemec1.webp,2,9,2,2,1.0,adaptive,0.199,0.0868,3,0.0868,2,0,0,0
adeeysnmemec1.webp,3,2,6,6,0.9987,adaptive,0.2162,0.0977,1,0.0977,0,0,0,0
adeeysnmemec1.webp,3,3,2,2,0.9999,adaptive,0.2299,0.0815,1,0.0815,0,0,0,0
adeeysnmemec1.webp,3,6,4,4,1.0,adaptive,0.2081,0.0842,3,0.0842,2,0,0,0
adeeysnmemec1.webp,3,7,7,7,1.0,adaptive,0.1902,0.0695,1,0.0695,0,0,0,0
adeeysnmemec1.webp,3,9,1,1,0.9816,adaptive,0.1842,0.0584,3,0.0584,2,0,0,0
adeeysnmemec1.webp,4,2,2,2,0.9954,adaptive,0.1915,0.0853,4,0.0853,3,0,0,0
adeeysnmemec1.webp,4,3,1,1,0.9388,adaptive,0.1951,0.0568,2,0.0568,1,0,0,0
adeeysnmemec1.webp,4,5,8,8,1.0,adaptive,0.2137,0.1097,2,0.1097,1,0,0,0
adeeysnmemec1.webp,4,7,0,0,0.992,adaptive,0.125,0.0,3,0.0,3,0,0,0
adeeysnmemec1.webp,4,8,0,0,0.992,adaptive,0.1099,0.0,2,0.0,2,0,0,0
adeeysnmemec1.webp,4,9,7,7,1.0,adaptive,0.1992,0.0686,1,0.0686,0,0,0,0
adeeysnmemec1.webp,5,3,6,6,0.9996,adaptive,0.2096,0.0902,3,0.0902,2,0,0,0
adeeysnmemec1.webp,5,4,2,2,1.0,adaptive,0.2035,0.0864,2,0.0864,1,0,0,0
adeeysnmemec1.webp,5,5,3,3,1.0,adaptive,0.1713,0.0888,2,0.0888,1,0,0,0
adeeysnmemec1.webp,5,6,7,7,1.0,adaptive,0.1922,0.0715,3,0.0715,2,0,0,0
adeeysnmemec1.webp,5,7,4,4,1.0,adaptive,0.2035,0.0866,1,0.0866,0,0,0,0
adeeysnmemec1.webp,5,8,1,1,0.994,adaptive,0.1033,0.0243,1,0.0243,0,0,0,0
adeeysnmemec1.webp,6,1,0,0,0.992,adaptive,0.1312,0.0,2,0.0,2,0,0,0
adeeysnmemec1.webp,6,2,7,7,0.9908,adaptive,0.1805,0.0672,5,0.0561,3,0,0,1
adeeysnmemec1.webp,6,5,0,0,0.992,adaptive,0.102,0.0,0,0.0,0,0,0,0
adeeysnmemec1.webp,6,9,0,0,0.992,adaptive,0.147,0.0,7,0.0,7,0,0,0
adeeysnmemec1.webp,7,1,1,1,0.9398,adaptive,0.1709,0.0575,5,0.0575,4,0,0,0
adeeysnmemec1.webp,7,2,4,4,1.0,adaptive,0.1744,0.088,2,0.088,1,0,0,0
adeeysnmemec1.webp,7,4,5,5,1.0,adaptive,0.1965,0.0882,1,0.0882,0,0,0,0
adeeysnmemec1.webp,7,7,0,0,0.992,adaptive,0.1466,0.0,4,0.0,4,0,0,0
adeeysnmemec1.webp,7,8,0,0,0.992,adaptive,0.1336,0.0,8,0.0,8,0,0,0
adeeysnmemec1.webp,7,9,0,0,0.992,adaptive,0.1521,0.0,4,0.0,4,0,0,0
adeeysnmemec1.webp,8,1,2,2,0.9999,adaptive,0.1841,0.0882,2,0.0882,1,0,0,0
adeeysnmemec1.webp,8,2,3,3,1.0,adaptive,0.1669,0.0888,1,0.0888,0,0,0,0
adeeysnmemec1.webp,8,5,9,9,0.9999,adaptive,0.1905,0.1038,1,0.1038,0,0,0,0
adeeysnmemec1.webp,8,7,5,5,1.0,adaptive,0.192,0.088,2,0.088,1,0,0,0
adeeysnmemec1.webp,8,8,0,0,0.992,adaptive,0.1001,0.0,7,0.0,7,0,0,0
adeeysnmemec1.webp,8,9,0,0,0.992,adaptive,0.1348,0.0,5,0.0,5,0,0,0
adeeysnmemec1.webp,9,1,6,6,0.9845,adaptive,0.1845,0.0764,8,0.0764,7,0,0,0
adeeysnmemec1.webp,9,2,9,9,0.9999,adaptive,0.1483,0.0742,1,0.0742,0,0,0,0
adeeysnmemec1.webp,9,3,5,5,1.0,adaptive,0.2036,0.0911,4,0.0911,3,0,0,0
adeeysnmemec1.webp,9,4,8,8,1.0,adaptive,0.2288,0.1112,4,0.1112,3,0,0,0
adeeysnmemec1.webp,9,7,1,1,0.9703,adaptive,0.1617,0.0365,2,0.0365,1,0,0,0
adeeysnmemec1.webp,9,9,0,0,0.992,adaptive,0.1564,0.0,2,0.0,2,0,0,0
aga4jujqn1ac1.webp,1,2,9,9,1.0,adaptive,0.1565,0.0995,1,0.0995,0,0,0,0
aga4jujqn1ac1.webp,1,3,2,2,1.0,adaptive,0.1773,0.08,1,0.08,0,0,0,0
aga4jujqn1ac1.webp,1,4,8,8,1.0,adaptive,0.198,0.1027,1,0.1027,0,0,0,0
aga4jujqn1ac1.webp,1,5,7,7,1.0,adaptive,0.1208,0.0635,1,0.0635,0,0,0,0
aga4jujqn1ac1.webp,1,6,6,6,1.0,adaptive,0.1865,0.0998,1,0.0998,0,0,0,0
aga4jujqn1ac1.webp,1,7,3,3,1.0,adaptive,0.182,0.086,1,0.086,0,0,0,0
aga4jujqn1ac1.webp,1,9,1,1,0.9988,adaptive,0.1397,0.0535,1,0.0535,0,0,0,0
aga4jujqn1ac1.webp,2,1,1,1,0.9948,adaptive,0.1095,0.0522,1,0.0522,0,0,0,0
aga4jujqn1ac1.webp,2,4,9,9,1.0,adaptive,0.1658,0.1036,1,0.1036,0,0,0,0
aga4jujqn1ac1.webp,2,5,3,3,1.0,adaptive,0.1152,0.0861,1,0.0861,0,0,0,0
aga4jujqn1ac1.webp,2,6,2,2,1.0,adaptive,0.1384,0.081,1,0.081,0,0,0,0
aga4jujqn1ac1.webp,2,7,6,6,1.0,adaptive,0.1725,0.1013,1,0.1013,0,0,0,0
aga4jujqn1ac1.webp,3,4,4,4,1.0,adaptive,0.1789,0.0815,1,0.0815,0,0,0,0
aga4jujqn1ac1.webp,3,5,5,5,1.0,adaptive,0.1626,0.0907,1,0.0907,0,0,0,0
aga4jujqn1ac1.webp,3,6,1,1,0.999,adaptive,0.1499,0.0508,1,0.0508,0,0,0,0
aga4jujqn1ac1.webp,3,8,2,2,1.0,adaptive,0.152,0.0805,1,0.0805,0,0,0,0
aga4jujqn1ac1.webp,4,1,7,7,1.0,adaptive,0.1457,0.0606,1,0.0606,0,0,0,0
aga4jujqn1ac1.webp,4,2,1,1,0.9972,adaptive,0.1108,0.0534,1,0.0534,0,0,0,0
aga4jujqn1ac1.webp,4,4,3,3,1.0,adaptive,0.1686,0.0835,1,0.0835,0,0,0,0
aga4jujqn1ac1.webp,4,5,9,9,1.0,adaptive,0.1574,0.1002,1,0.1002,0,0,0,0
aga4jujqn1ac1.webp,4,6,8,8,1.0,adaptive,0.1867,0.1002,1,0.1002,0,0,0,0
aga4jujqn1ac1.webp,4,9,2,2,1.0,adaptive,0.1642,0.0777,1,0.0777,0,0,0,0
aga4jujqn1ac1.webp,5,5,2,2,1.0,adaptive,0.1127,0.0836,1,0.0836,0,0,0,0
aga4jujqn1ac1.webp,5,6,7,7,1.0,adaptive,0.1321,0.0608,1,0.0608,0,0,0,0
aga4jujqn1ac1.webp,6,1,2,2,1.0,adaptive,0.1664,0.0798,1,0.0798,0,0,0,0
aga4jujqn1ac1.webp,6,5,4,4,1.0,adaptive,0.1402,0.0823,1,0.0823,0,0,0,0
aga4jujqn1ac1.webp,6,6,5,5,1.0,adaptive,0.1764,0.0896,1,0.0896,0,0,0,0
aga4jujqn1ac1.webp,6,8,7,7,1.0,adaptive,0.1255,0.0649,1,0.0649,0,0,0,0
aga4jujqn1ac1.webp,6,9,8,8,1.0,adaptive,0.1905,0.102,1,0.102,0,0,0,0
aga4jujqn1ac1.webp,7,1,6,6,0.9999,adaptive,0.1833,0.0973,1,0.0973,0,0,0,0
aga4jujqn1ac1.webp,7,2,5,5,1.0,adaptive,0.1526,0.0875,1,0.0875,0,0,0,0
aga4jujqn1ac1.webp,7,3,1,1,0.9955,adaptive,0.1446,0.0512,1,0.0512,0,0,0,0
aga4jujqn1ac1.webp,7,4,7,7,1.0,adaptive,0.1559,0.0606,1,0.0606,0,0,0,0
aga4jujqn1ac1.webp,7,5,8,8,1.0,adaptive,0.1759,0.1056,1,0.1056,0,0,0,0
aga4jujqn1ac1.webp,7,6,9,9,1.0,adaptive,0.2076,0.0989,1,0.0989,0,0,0,0
aga4jujqn1ac1.webp,7,7,2,2,1.0,adaptive,0.1865,0.08,1,0.08,0,0,0,0
aga4jujqn1ac1.webp,8,3,7,7,1.0,adaptive,0.1185,0.0611,1,0.0611,0,0,0,0
aga4jujqn1ac1.webp,8,5,1,1,0.999,adaptive,0.084,0.0546,1,0.0546,0,0,0,0
aga4jujqn1ac1.webp,8,6,4,4,1.0,adaptive,0.1578,0.0862,1,0.0862,0,0,0,0
aga4jujqn1ac1.webp,8,9,6,6,1.0,adaptive,0.1606,0.1024,1,0.1024,0,0,0,0
aga4jujqn1ac1.webp,9,3,8,8,1.0,adaptive,0.1887,0.1031,1,0.1031,0,0,0,0
aga4jujqn1ac1.webp,9,5,6,6,1.0,adaptive,0.1578,0.1002,1,0.1002,0,0,0,0
aga4jujqn1ac1.webp,9,6,3,3,1.0,adaptive,0.1849,0.086,1,0.086,0,0,0,0
aga4jujqn1ac1.webp,9,7,7,7,1.0,adaptive,0.1597,0.0615,1,0.0615,0,0,0,0
aga4jujqn1ac1.webp,9,8,1,1,0.9978,adaptive,0.1058,0.0479,1,0.0479,0,0,0,0
agfchljy0soc1.webp,1,1,2,2,1.0,adaptive,0.1753,0.1753,1,0.1753,0,0,0,0
agfchljy0soc1.webp,1,4,9,9,1.0,adaptive,0.2092,0.1276,3,0.0913,1,0,0,0
agfchljy0soc1.webp,1,6,1,1,1.0,adaptive,0.11,0.11,1,0.11,0,0,0,0
agfchljy0soc1.webp,1,7,4,4,1.0,adaptive,0.1573,0.1573,2,0.1265,0,0,0,0
agfchljy0soc1.webp,2,1,8,8,1.0,adaptive,0.2352,0.2062,3,0.1269,0,0,0,1
agfchljy0soc1.webp,2,2,6,6,0.9999,adaptive,0.1871,0.1866,2,0.1391,0,0,0,0
agfchljy0soc1.webp,3,1,9,9,1.0,adaptive,0.2448,0.1711,2,0.1268,0,0,0,0
agfchljy0soc1.webp,3,2,5,5,1.0,adaptive,0.2175,0.1931,1,0.1931,0,0,0,0
agfchljy0soc1.webp,4,4,5,5,1.0,adaptive,0.1989,0.1989,1,0.1989,0,0,0,0
agfchljy0soc1.webp,4,5,7,7,1.0,adaptive,0.1413,0.1413,1,0.1413,0,0,0,0
agfchljy0soc1.webp,4,6,0,0,0.992,adaptive,0.029,0.0,0,0.0,0,0,0,0
agfchljy0soc1.webp,4,8,0,0,0.992,adaptive,0.0,0.0,0,0.0,0,0,0,0
agfchljy0soc1.webp,5,1,7,7,1.0,adaptive,0.171,0.135,1,0.135,0,0,0,0
agfchljy0soc1.webp,5,2,0,0,0.992,adaptive,0.0,0.0,0,0.0,0,0,0,0
agfchljy0soc1.webp,5,4,0,0,0.992,adaptive,0.0,0.0,0,0.0,0,0,0,0
agfchljy0soc1.webp,5,5,0,0,0.992,adaptive,0.0,0.0,0,0.0,0,0,0,0
agfchljy0soc1.webp,5,6,0,0,0.992,adaptive,0.0296,0.0,0,0.0,0,0,0,0
agfchljy0soc1.webp,5,7,1,1,1.0,adaptive,0.1284,0.1162,1,0.1162,0,0,0,0
agfchljy0soc1.webp,6,2,0,0,0.992,adaptive,0.0274,0.0,0,0.0,0,0,0,0
agfchljy0soc1.webp,6,4,6,6,1.0,adaptive,0.188,0.188,2,0.1423,0,0,0,0
agfchljy0soc1.webp,6,5,1,1,1.0,adaptive,0.1316,0.102,1,0.102,0,0,0,0
agfchljy0soc1.webp,6,6,0,0,0.992,adaptive,0.055,0.0,0,0.0,0,0,0,0
agfchljy0soc1.webp,7,4,8,8,1.0,adaptive,0.2067,0.2101,3,0.1317,0,0,0,1
agfchljy0soc1.webp,7,5,0,0,0.992,adaptive,0.0,0.0,0,0.0,0,0,0,0
agfchljy0soc1.webp,7,8,6,6,1.0,adaptive,0.1866,0.1866,2,0.1407,0,0,0,0
agfchljy0soc1.webp,7,9,4,4,1.0,adaptive,0.1635,0.139,2,0.1085,0,0,0,0
agfchljy0soc1.webp,8,4,1,1,1.0,adaptive,0.1067,0.1067,1,0.1067,0,0,0,0
agfchljy0soc1.webp,8,5,0,0,0.992,adaptive,0.0,0.0,0,0.0,0,0,0,0
agfchljy0soc1.webp,8,8,9,9,1.0,adaptive,0.2183,0.1742,2,0.1292,0,0,0,0
agfchljy0soc1.webp,8,9,5,5,1.0,adaptive,0.2246,0.1976,1,0.1976,0,0,0,0
agfchljy0soc1.webp,9,1,3,3,0.9996,adaptive,0.2352,0.1914,1,0.1914,0,0,0,0
agfchljy0soc1.webp,9,2,0,0,0.992,adaptive,0.0299,0.0,0,0.0,0,0,0,0
agfchljy0soc1.webp,9,4,0,0,0.992,adaptive,0.0002,0.0,0,0.0,0,0,0,0
agfchljy0soc1.webp,9,5,4,4,1.0,adaptive,0.1866,0.1558,2,0.1242,0,0,0,0
agfchljy0soc1.webp,9,7,0,0,0.992,adaptive,0.0287,0.0,0,0.0,0,0,0,0
aj2j0c95edhc1.jpeg,1,1,0,0,0.992,adaptive,0.1386,0.0,0,0.0,0,0,0,0
aj2j0c95edhc1.jpeg,1,2,0,0,0.992,adaptive,0.0988,0.0,0,0.0,0,0,0,0
aj2j0c95edhc1.jpeg,1,3,9,9,1.0,adaptive,0.2335,0.0942,1,0.0942,0,0,0,0
aj2j0c95edhc1.jpeg,1,4,3,3,1.0,adaptive,0.2143,0.0869,1,0.0869,0,0,0,0
aj2j0c95edhc1.jpeg,1,5,5,5,1.0,adaptive,0.1875,0.088,1,0.088,0,0,0,0
aj2j0c95edhc1.jpeg,1,6,0,0,0.992,adaptive,0.1388,0.0,0,0.0,0,0,0,0
aj2j0c95edhc1.jpeg,1,7,4,4,1.0,adaptive,0.2112,0.0728,1,0.0728,0,0,0,0
aj2j0c95edhc1.jpeg,1,8,8,8,1.0,adaptive,0.1976,0.0972,1,0.0972,0,0,0,0
aj2j0c95edhc1.jpeg,1,9,0,0,0.992,adaptive,0.1392,0.0,0,0.0,0,0,0,0
aj2j0c95edhc1.jpeg,2,1,0,0,0.992,adaptive,0.1085,0.0,0,0.0,0,0,0,0
aj2j0c95edhc1.jpeg,2,2,7,7,1.0,adaptive,0.1157,0.0592,1,0.0592,0,0,0,0
aj2j0c95edhc1.jpeg,2,3,0,0,0.992,adaptive,0.0993,0.0,0,0.0,0,0,0,0
aj2j0c95edhc1.jpeg,2,4,0,0,0.992,adaptive,0.0977,0.0,0,0.0,0,0,0,0
aj2j0c95edhc1.jpeg,2,5,9,9,1.0,adaptive,0.154,0.0962,1,0.0962,0,0,0,0
aj2j0c95edhc1.jpeg,2,6,0,0,0.992,adaptive,0.0995,0.0,0,0.0,0,0,0,0
aj2j0c95edhc1.jpeg,2,7,0,0,0.992,adaptive,0.0993,0.0,0,0.0,0,0,0,0
aj2j0c95edhc1.jpeg,2,8,0,0,0.992,adaptive,0.0588,0.0,0,0.0,0,0,0,0
aj2j0c95edhc1.jpeg,2,9,0,0,0.992,adaptive,0.1009,0.0,0,0.0,0,0,0,0
aj2j0c95edhc1.jpeg,3,1,6,6,0.9999,adaptive,0.2214,0.0951,1,0.0951,0,0,0,0
aj2j0c95edhc1.jpeg,3,2,0,0,0.992,adaptive,0.0762,0.0,0,0.0,0,0,0,0
aj2j0c95edhc1.jpeg,3,3,0,0,0.992,adaptive,0.1265,0.0,0,0.0,0,0,0,0
aj2j0c95edhc1.jpeg,3,4,0,0,0.992,adaptive,0.1268,0.0,0,0.0,0,0,0,0
aj2j0c95edhc1.jpeg,3,5,0,0,0.992,adaptive,0.092,0.0,0,0.0,0,0,0,0
aj2j0c95edhc1.jpeg,3,6,0,0,0.992,adaptive,0.1374,0.0,0,0.0,0,0,0,0
aj2j0c95edhc1.jpeg,3,7,0,0,0.992,adaptive,0.1383,0.0,0,0.0,0,0,0,0
aj2j0c95edhc1.jpeg,3,8,0,0,0.992,adaptive,0.1002,0.0,0,0.0,0,0,0,0
aj2j0c95edhc1.jpeg,3,9,0,0,0.992,adaptive,0.1386,0.0,0,0.0,0,0,0,0
aj2j0c95edhc1.jpeg,4,1,5,5,1.0,adaptive,0.2232,0.0847,1,0.0847,0,0,0,0
aj2j0c95edhc1.jpeg,4,2,0,0,0.992,adaptive,0.0948,0.0,0,0.0,0,0,0,0
aj2j0c95edhc1.jpeg,4,3,4,4,1.0,adaptive,0.2123,0.0735,1,0.0735,0,0,0,0
aj2j0c95edhc1.jpeg,4,4,7,7,1.0,adaptive,0.196,0.0577,1,0.0577,0,0,0,0
aj2j0c95edhc1.jpeg,4,5,0,0,0.992,adaptive,0.0995,0.0,0,0.0,0,0,0,0
aj2j0c95edhc1.jpeg,4,6,0,0,0.992,adaptive,0.1399,0.0,0,0.0,0,0,0,0
aj2j0c95edhc1.jpeg,4,7,0,0,0.992,adaptive,0.139,0.0,0,0.0,0,0,0,0
aj2j0c95edhc1.jpeg,4,8,6,6,0.9999,adaptive,0.197,0.0963,1,0.0963,0,0,0,0
aj2j0c95edhc1.jpeg,4,9,8,8,1.0,adaptive,0.2312,0.0971,1,0.0971,0,0,0,0
aj2j0c95edhc1.jpeg,5,1,0,0,0.992,adaptive,0.0993,0.0,0,0.0,0,0,0,0
aj2j0c95edhc1.jpeg,5,2,0,0,0.992,adaptive,0.0565,0.0,0,0.0,0,0,0,0
aj2j0c95edhc1.jpeg,5,3,0,0,0.992,adaptive,0.0977,0.0,0,0.0,0,0,0,0
aj2j0c95edhc1.jpeg,5,4,0,0,0.992,adaptive,0.0993,0.0,0,0.0,0,0,0,0
aj2j0c95edhc1.jpeg,5,5,4,4,1.0,adaptive,0.1338,0.076,1,0.076,0,0,0,0
aj2j0c95edhc1.jpeg,5,6,0,0,0.992,adaptive,0.109,0.0,0,0.0,0,0,0,0
aj2j0c95edhc1.jpeg,5,7,0,0,0.992,adaptive,0.1022,0.0,0,0.0,0,0,0,0
aj2j0c95edhc1.jpeg,5,8,0,0,0.992,adaptive,0.0712,0.0,0,0.0,0,0,0,0
aj2j0c95edhc1.jpeg,5,9,0,0,0.992,adaptive,0.0984,0.0,0,0.0,0,0,0,0
aj2j0c95edhc1.jpeg,6,1,3,3,1.0,adaptive,0.2248,0.0858,1,0.0858,0,0,0,0
aj2j0c95edhc1.jpeg,6,2,9,9,1.0,adaptive,0.1952,0.0961,1,0.0961,0,0,0,0
aj2j0c95edhc1.jpeg,6,3,0,0,0.992,adaptive,0.129,0.0,0,0.0,0,0,0,0
aj2j0c95edhc1.jpeg,6,4,0,0,0.992,adaptive,0.1392,0.0,0,0.0,0,0,0,0
aj2j0c95edhc1.jpeg,6,5,0,0,0.992,adaptive,0.1022,0.0,0,0.0,0,0,0,0
aj2j0c95edhc1.jpeg,6,6,8,8,1.0,adaptive,0.2384,0.0987,1,0.0987,0,0,0,0
aj2j0c95edhc1.jpeg,6,7,1,1,0.9951,adaptive,0.1758,0.0495,1,0.0495,0,0,0,0
aj2j0c95edhc1.jpeg,6,8,0,0,0.992,adaptive,0.1004,0.0,0,0.0,0,0,0,0
aj2j0c95edhc1.jpeg,6,9,5,5,1.0,adaptive,0.2136,0.086,1,0.086,0,0,0,0
aj2j0c95edhc1.jpeg,7,1,0,0,0.992,adaptive,0.1261,0.0,0,0.0,0,0,0,0
aj2j0c95edhc1.jpeg,7,2,0,0,0.992,adaptive,0.0844,0.0,0,0.0,0,0,0,0
aj2j0c95edhc1.jpeg,7,3,0,0,0.992,adaptive,0.1136,0.0,0,0.0,0,0,0,0
aj2j0c95edhc1.jpeg,7,4,0,0,0.992,adaptive,0.1265,0.0,0,0.0,0,0,0,0
aj2j0c95edhc1.jpeg,7,5,0,0,0.992,adaptive,0.0943,0.0,0,0.0,0,0,0,0
aj2j0c95edhc1.jpeg,7,6,0,0,0.992,adaptive,0.1265,0.0,0,0.0,0,0,0,0
aj2j0c95edhc1.jpeg,7,7,0,0,0.992,adaptive,0.1138,0.0,0,0.0,0,0,0,0
aj2j0c95edhc1.jpeg,7,8,0,0,0.992,adaptive,0.0864,0.0,0,0.0,0,0,0,0
aj2j0c95edhc1.jpeg,7,9,1,1,0.9968,adaptive,0.1718,0.0495,1,0.0495,0,0,0,0
aj2j0c95edhc1.jpeg,8,1,0,0,0.992,adaptive,0.1002,0.0,0,0.0,0,0,0,0
aj2j0c95edhc1.jpeg,8,2,0,0,0.992,adaptive,0.0579,0.0,0,0.0,0,0,0,0
aj2j0c95edhc1.jpeg,8,3,0,0,0.992,adaptive,0.0864,0.0,0,0.0,0,0,0,0
aj2j0c95edhc1.jpeg,8,4,0,0,0.992,adaptive,0.0997,0.0,0,0.0,0,0,0,0
aj2j0c95edhc1.jpeg,8,5,1,1,0.9982,adaptive,0.1093,0.0498,1,0.0498,0,0,0,0
aj2j0c95edhc1.jpeg,8,6,0,0,0.992,adaptive,0.1002,0.0,0,0.0,0,0,0,0
aj2j0c95edhc1.jpeg,8,7,0,0,0.992,adaptive,0.0866,0.0,0,0.0,0,0,0,0
aj2j0c95edhc1.jpeg,8,8,5,5,1.0,adaptive,0.1481,0.0898,1,0.0898,0,0,0,0
aj2j0c95edhc1.jpeg,8,9,0,0,0.992,adaptive,0.0997,0.0,0,0.0,0,0,0,0
aj2j0c95edhc1.jpeg,9,1,0,0,0.992,adaptive,0.1386,0.0,0,0.0,0,0,0,0
aj2j0c95edhc1.jpeg,9,2,5,5,1.0,adaptive,0.1843,0.0859,1,0.0859,0,0,0,0
aj2j0c95edhc1.jpeg,9,3,3,3,1.0,adaptive,0.2105,0.0844,1,0.0844,0,0,0,0
aj2j0c95edhc1.jpeg,9,4,0,0,0.992,adaptive,0.1379,0.0,0,0.0,0,0,0,0
aj2j0c95edhc1.jpeg,9,5,6,6,0.9999,adaptive,0.1929,0.0952,1,0.0952,0,0,0,0
aj2j0c95edhc1.jpeg,9,6,9,9,1.0,adaptive,0.2319,0.0945,1,0.0945,0,0,0,0
aj2j0c95edhc1.jpeg,9,7,2,2,1.0,adaptive,0.2027,0.0838,1,0.0838,0,0,0,0
aj2j0c95edhc1.jpeg,9,8,0,0,0.992,adaptive,0.0873,0.0,0,0.0,0,0,0,0
aj2j0c95edhc1.jpeg,9,9,0,0,0.992,adaptive,0.1265,0.0,0,0.0,0,0,0,0
am00057hvgzc1.webp,1,1,9,9,1.0,adaptive,0.1401,0.0824,1,0.0824,0,0,0,0
am00057hvgzc1.webp,1,4,1,1,0.9982,adaptive,0.0976,0.039,1,0.039,0,0,0,0
am00057hvgzc1.webp,1,5,5,5,1.0,adaptive,0.1205,0.078,1,0.078,0,0,0,0
am00057hvgzc1.webp,1,8,3,3,1.0,adaptive,0.1147,0.0726,1,0.0726,0,0,0,0
am00057hvgzc1.webp,2,1,1,1,0.9975,adaptive,0.0961,0.0407,1,0.0407,0,0,0,0
am00057hvgzc1.webp,2,3,5,5,1.0,adaptive,0.1339,0.0794,1,0.0794,0,0,0,0
am00057hvgzc1.webp,2,8,4,4,1.0,adaptive,0.1001,0.0707,1,0.0707,0,0,0,0
am00057hvgzc1.webp,3,1,3,3,1.0,adaptive,0.1406,0.072,1,0.072,0,0,0,0
am00057hvgzc1.webp,3,4,2,2,1.0,adaptive,0.1383,0.0686,1,0.0686,0,0,0,0
am00057hvgzc1.webp,3,6,9,9,1.0,adaptive,0.1265,0.0831,1,0.0831,0,0,0,0
am00057hvgzc1.webp,3,7,6,6,0.9999,adaptive,0.1648,0.0826,1,0.0826,0,0,0,0
am00057hvgzc1.webp,3,8,5,5,1.0,adaptive,0.1361,0.0791,1,0.0791,0,0,0,0
am00057hvgzc1.webp,4,1,7,7,1.0,adaptive,0.1223,0.0515,1,0.0515,0,0,0,0
am00057hvgzc1.webp,4,2,5,5,1.0,adaptive,0.1088,0.0789,1,0.0789,0,0,0,0
am00057hvgzc1.webp,4,3,3,3,1.0,adaptive,0.1421,0.0715,1,0.0715,0,0,0,0
am00057hvgzc1.webp,4,8,1,1,0.9986,adaptive,0.0828,0.0396,1,0.0396,0,0,0,0
am00057hvgzc1.webp,5,2,1,1,0.9963,adaptive,0.0601,0.0448,1,0.0448,0,0,0,0
am00057hvgzc1.webp,5,5,6,6,0.9999,adaptive,0.1152,0.0856,1,0.0856,0,0,0,0
am00057hvgzc1.webp,5,6,3,3,1.0,adaptive,0.1309,0.0733,1,0.0733,0,0,0,0
am00057hvgzc1.webp,5,9,5,5,1.0,adaptive,0.137,0.0801,1,0.0801,0,0,0,0
am00057hvgzc1.webp,6,2,9,9,1.0,adaptive,0.0979,0.083,1,0.083,0,0,0,0
am00057hvgzc1.webp,6,4,5,5,1.0,adaptive,0.1479,0.0782,1,0.0782,0,0,0,0
am00057hvgzc1.webp,6,5,7,7,1.0,adaptive,0.1076,0.0516,1,0.0516,0,0,0,0
am00057hvgzc1.webp,6,6,1,1,0.9978,adaptive,0.1252,0.0437,1,0.0437,0,0,0,0
am00057hvgzc1.webp,7,4,4,4,1.0,adaptive,0.1283,0.0688,1,0.0688,0,0,0,0
am00057hvgzc1.webp,7,5,9,9,1.0,adaptive,0.1126,0.0828,1,0.0828,0,0,0,0
am00057hvgzc1.webp,7,6,5,5,1.0,adaptive,0.1479,0.0766,1,0.0766,0,0,0,0
am00057hvgzc1.webp,8,1,5,5,1.0,adaptive,0.1364,0.0798,1,0.0798,0,0,0,0
am00057hvgzc1.webp,8,2,3,3,1.0,adaptive,0.0909,0.0753,1,0.0753,0,0,0,0
am00057hvgzc1.webp,8,3,1,1,0.9992,adaptive,0.0975,0.0405,1,0.0405,0,0,0,0
am00057hvgzc1.webp,8,4,7,7,1.0,adaptive,0.0957,0.0511,1,0.0511,0,0,0,0
am00057hvgzc1.webp,8,5,2,2,1.0,adaptive,0.1022,0.0725,1,0.0725,0,0,0,0
am00057hvgzc1.webp,8,9,4,4,1.0,adaptive,0.1257,0.0687,1,0.0687,0,0,0,0
am00057hvgzc1.webp,9,2,4,4,1.0,adaptive,0.1128,0.0687,1,0.0687,0,0,0,0
am00057hvgzc1.webp,9,3,9,9,1.0,adaptive,0.1323,0.0791,1,0.0791,0,0,0,0
am00057hvgzc1.webp,9,5,1,1,0.9979,adaptive,0.097,0.0407,1,0.0407,0,0,0,0
am00057hvgzc1.webp,9,7,5,5,1.0,adaptive,0.1597,0.0775,1,0.0775,0,0,0,0
anlay4elcnkc1.png,1,2,8,8,1.0,adaptive,0.1536,0.0556,1,0.0556,0,0,0,0
anlay4elcnkc1.png,1,4,1,1,0.9994,adaptive,0.1268,0.0327,1,0.0327,0,0,0,0
anlay4elcnkc1.png,1,9,7,7,0.9999,adaptive,0.1499,0.0363,1,0.0363,0,0,0,0
anlay4elcnkc1.png,2,4,5,5,1.0,adaptive,0.1309,0.0466,1,0.0466,0,0,0,0
anlay4elcnkc1.png,2,8,2,2,1.0,adaptive,0.1309,0.045,1,0.045,0,0,0,0
anlay4elcnkc1.png,2,9,6,6,0.9582,adaptive,0.14,0.0513,1,0.0513,0,0,0,0
anlay4elcnkc1.png,3,3,2,2,1.0,adaptive,0.131,0.0443,1,0.0443,0,0,0,0
anlay4elcnkc1.png,3,4,7,7,1.0,adaptive,0.1303,0.033,1,0.033,0,0,0,0
anlay4elcnkc1.png,3,6,4,4,0.9999,adaptive,0.1276,0.0408,1,0.0408,0,0,0,0
anlay4elcnkc1.png,3,9,3,3,1.0,adaptive,0.1501,0.0423,1,0.0423,0,0,0,0
anlay4elcnkc1.png,4,6,1,1,0.9999,adaptive,0.1332,0.0325,1,0.0325,0,0,0,0
anlay4elcnkc1.png,4,9,4,4,1.0,adaptive,0.1557,0.0417,1,0.0417,0,0,0,0
anlay4elcnkc1.png,5,1,1,1,0.9999,adaptive,0.1047,0.033,1,0.033,0,0,0,0
anlay4elcnkc1.png,5,5,4,4,0.9999,adaptive,0.107,0.0448,1,0.0448,0,0,0,0
anlay4elcnkc1.png,6,3,4,4,0.9999,adaptive,0.1303,0.043,1,0.043,0,0,0,0
anlay4elcnkc1.png,6,4,2,2,1.0,adaptive,0.1305,0.0432,1,0.0432,0,0,0,0
anlay4elcnkc1.png,7,3,3,3,1.0,adaptive,0.1308,0.0441,1,0.0441,0,0,0,0
anlay4elcnkc1.png,7,4,9,9,0.9999,adaptive,0.135,0.0495,1,0.0495,0,0,0,0
anlay4elcnkc1.png,7,5,1,1,0.9999,adaptive,0.1187,0.0344,1,0.0344,0,0,0,0
anlay4elcnkc1.png,7,6,5,5,1.0,adaptive,0.1323,0.0457,1,0.0457,0,0,0,0
anlay4elcnkc1.png,7,7,6,6,0.9842,adaptive,0.1495,0.0499,1,0.0499,0,0,0,0
anlay4elcnkc1.png,7,8,7,7,0.9999,adaptive,0.1083,0.0357,1,0.0357,0,0,0,0
anlay4elcnkc1.png,7,9,8,8,1.0,adaptive,0.1542,0.0537,1,0.0537,0,0,0,0
anlay4elcnkc1.png,8,1,7,7,0.9998,adaptive,0.095,0.0357,1,0.0357,0,0,0,0
anlay4elcnkc1.png,8,2,9,9,1.0,adaptive,0.138,0.0512,1,0.0512,0,0,0,0
anlay4elcnkc1.png,8,3,1,1,0.9996,adaptive,0.1208,0.0351,1,0.0351,0,0,0,0
anlay4elcnkc1.png,8,6,3,3,1.0,adaptive,0.128,0.0425,1,0.0425,0,0,0,0
anlay4elcnkc1.png,9,1,8,8,1.0,adaptive,0.1506,0.0532,1,0.0532,0,0,0,0
anlay4elcnkc1.png,9,2,6,6,0.964,adaptive,0.1646,0.0507,1,0.0507,0,0,0,0
anlay4elcnkc1.png,9,3,5,5,1.0,adaptive,0.1488,0.0477,1,0.0477,0,0,0,0
anlay4elcnkc1.png,9,4,4,4,0.9999,adaptive,0.1426,0.0419,1,0.0419,0,0,0,0
anlay4elcnkc1.png,9,7,9,9,0.9999,adaptive,0.1624,0.0488,1,0.0488,0,0,0,0
anlay4elcnkc1.png,9,8,3,3,1.0,adaptive,0.1431,0.0436,1,0.0436,0,0,0,0
anlay4elcnkc1.png,9,9,1,1,0.9994,adaptive,0.1579,0.0339,1,0.0339,0,0,0,0
aoxt3c2nyouc1.webp,1,3,5,5,1.0,adaptive,0.194,0.0829,1,0.0829,0,0,0,0
aoxt3c2nyouc1.webp,1,4,6,6,0.9999,adaptive,0.1858,0.0871,1,0.0871,0,0,0,0
aoxt3c2nyouc1.webp,1,5,3,3,1.0,adaptive,0.1787,0.0794,1,0.0794,0,0,0,0
aoxt3c2nyouc1.webp,1,7,9,9,0.9999,adaptive,0.198,0.0858,1,0.0858,0,0,0,0
aoxt3c2nyouc1.webp,2,3,8,8,1.0,adaptive,0.1954,0.0948,1,0.0948,0,0,0,0
aoxt3c2nyouc1.webp,2,5,5,5,1.0,adaptive,0.1687,0.0822,1,0.0822,0,0,0,0
aoxt3c2nyouc1.webp,2,6,1,1,0.9999,adaptive,0.1542,0.057,1,0.057,0,0,0,0
aoxt3c2nyouc1.webp,2,7,3,3,1.0,adaptive,0.1798,0.0803,1,0.0803,0,0,0,0
aoxt3c2nyouc1.webp,2,9,4,4,1.0,adaptive,0.1866,0.073,1,0.073,0,0,0,0
aoxt3c2nyouc1.webp,3,1,2,2,1.0,adaptive,0.1889,0.0775,1,0.0775,0,0,0,0
aoxt3c2nyouc1.webp,3,2,3,3,1.0,adaptive,0.1918,0.0794,1,0.0794,0,0,0,0
aoxt3c2nyouc1.webp,3,3,1,1,0.9999,adaptive,0.1709,0.0601,1,0.0601,0,0,0,0
aoxt3c2nyouc1.webp,3,4,9,9,1.0,adaptive,0.1858,0.0867,1,0.0867,0,0,0,0
aoxt3c2nyouc1.webp,3,5,4,4,1.0,adaptive,0.1771,0.0769,1,0.0769,0,0,0,0
aoxt3c2nyouc1.webp,3,7,6,6,0.9999,adaptive,0.1983,0.0869,1,0.0869,0,0,0,0
aoxt3c2nyouc1.webp,3,9,5,5,1.0,adaptive,0.2083,0.0833,1,0.0833,0,0,0,0
aoxt3c2nyouc1.webp,4,5,9,9,0.9999,adaptive,0.1872,0.0889,1,0.0889,0,0,0,0
aoxt3c2nyouc1.webp,4,7,8,8,1.0,adaptive,0.2049,0.0927,1,0.0927,0,0,0,0
aoxt3c2nyouc1.webp,4,8,5,5,1.0,adaptive,0.1807,0.083,1,0.083,0,0,0,0
aoxt3c2nyouc1.webp,5,1,8,8,1.0,adaptive,0.1927,0.0934,1,0.0934,0,0,0,0
aoxt3c2nyouc1.webp,5,2,5,5,1.0,adaptive,0.1853,0.0865,1,0.0865,0,0,0,0
aoxt3c2nyouc1.webp,5,3,9,9,0.9999,adaptive,0.1872,0.0882,1,0.0882,0,0,0,0
aoxt3c2nyouc1.webp,5,4,4,4,1.0,adaptive,0.1612,0.0739,1,0.0739,0,0,0,0
aoxt3c2nyouc1.webp,5,5,1,1,1.0,adaptive,0.146,0.0601,1,0.0601,0,0,0,0
aoxt3c2nyouc1.webp,5,7,2,2,1.0,adaptive,0.178,0.0778,1,0.0778,0,0,0,0
aoxt3c2nyouc1.webp,5,9,6,6,0.9999,adaptive,0.1886,0.088,1,0.088,0,0,0,0
aoxt3c2nyouc1.webp,6,4,8,8,1.0,adaptive,0.1911,0.0913,1,0.0913,0,0,0,0
aoxt3c2nyouc1.webp,6,5,6,6,0.9999,adaptive,0.1893,0.0891,1,0.0891,0,0,0,0
aoxt3c2nyouc1.webp,6,6,5,5,1.0,adaptive,0.1925,0.0826,1,0.0826,0,0,0,0
aoxt3c2nyouc1.webp,6,7,4,4,1.0,adaptive,0.1831,0.0722,1,0.0722,0,0,0,0
aoxt3c2nyouc1.webp,7,1,5,5,1.0,adaptive,0.1956,0.0831,1,0.0831,0,0,0,0
aoxt3c2nyouc1.webp,7,5,2,2,1.0,adaptive,0.178,0.078,1,0.078,0,0,0,0
aoxt3c2nyouc1.webp,7,6,4,4,1.0,adaptive,0.1709,0.0726,1,0.0726,0,0,0,0
aoxt3c2nyouc1.webp,7,7,7,7,1.0,adaptive,0.1702,0.0588,1,0.0588,0,0,0,0
aoxt3c2nyouc1.webp,7,9,8,8,1.0,adaptive,0.2032,0.0913,1,0.0913,0,0,0,0
aoxt3c2nyouc1.webp,8,2,8,8,1.0,adaptive,0.1775,0.0937,1,0.0937,0,0,0,0
aoxt3c2nyouc1.webp,8,4,5,5,1.0,adaptive,0.1703,0.0841,1,0.0841,0,0,0,0
aoxt3c2nyouc1.webp,8,5,7,7,1.0,adaptive,0.1515,0.064,1,0.064,0,0,0,0
aoxt3c2nyouc1.webp,8,6,9,9,0.9999,adaptive,0.1891,0.0891,1,0.0891,0,0,0,0
aoxt3c2nyouc1.webp,8,7,1,1,1.0,adaptive,0.1574,0.0579,1,0.0579,0,0,0,0
aoxt3c2nyouc1.webp,8,9,3,3,1.0,adaptive,0.1796,0.0805,1,0.0805,0,0,0,0
aoxt3c2nyouc1.webp,9,5,8,8,1.0,adaptive,0.1918,0.092,1,0.092,0,0,0,0
aoxt3c2nyouc1.webp,9,6,6,6,0.9999,adaptive,0.172,0.0871,1,0.0871,0,0,0,0
aoxt3c2nyouc1.webp,9,7,5,5,1.0,adaptive,0.1971,0.0849,1,0.0849,0,0,0,0
aoxt3c2nyouc1.webp,9,8,4,4,1.0,adaptive,0.173,0.0742,1,0.0742,0,0,0,0
asbd08y85dcc1.webp,1,1,0,0,0.992,adaptive,0.0704,0.0,0,0.0,0,0,0,0
asbd08y85dcc1.webp,1,2,0,0,0.992,adaptive,0.0952,0.0,0,0.0,0,0,0,0
asbd08y85dcc1.webp,1,3,0,0,0.992,adaptive,0.0978,0.0,0,0.0,0,0,0,0
asbd08y85dcc1.webp,1,4,1,1,1.0,adaptive,0.1571,0.0617,1,0.0617,0,0,0,0
asbd08y85dcc1.webp,1,5,5,5,1.0,adaptive,0.182,0.0864,1,0.0864,0,0,0,0
asbd08y85dcc1.webp,1,6,0,0,0.992,adaptive,0.098,0.0,0,0.0,0,0,0,0
asbd08y85dcc1.webp,1,7,0,0,0.992,adaptive,0.0971,0.0,0,0.0,0,0,0,0
asbd08y85dcc1.webp,1,8,0,0,0.992,adaptive,0.0975,0.0,0,0.0,0,0,0,0
asbd08y85dcc1.webp,1,9,6,6,0.9999,adaptive,0.2005,0.0882,1,0.0882,0,0,0,0
asbd08y85dcc1.webp,2,1,0,0,0.992,adaptive,0.083,0.0,0,0.0,0,0,0,0
asbd08y85dcc1.webp,2,2,0,0,0.992,adaptive,0.084,0.0,0,0.0,0,0,0,0
asbd08y85dcc1.webp,2,3,0,0,0.992,adaptive,0.0855,0.0,0,0.0,0,0,0,0
asbd08y85dcc1.webp,2,4,0,0,0.992,adaptive,0.0839,0.0,0,0.0,0,0,0,0
asbd08y85dcc1.webp,2,5,0,0,0.992,adaptive,0.0843,0.0,0,0.0,0,0,0,0
asbd08y85dcc1.webp,2,6,8,8,1.0,adaptive,0.1805,0.0959,1,0.0959,0,0,0,0
asbd08y85dcc1.webp,2,7,0,0,0.992,adaptive,0.0844,0.0,0,0.0,0,0,0,0
asbd08y85dcc1.webp,2,8,3,3,1.0,adaptive,0.1598,0.0847,1,0.0847,0,0,0,0
asbd08y85dcc1.webp,2,9,0,0,0.992,adaptive,0.0993,0.0,0,0.0,0,0,0,0
asbd08y85dcc1.webp,3,1,5,5,1.0,adaptive,0.1686,0.0847,1,0.0847,0,0,0,0
asbd08y85dcc1.webp,3,2,0,0,0.992,adaptive,0.0862,0.0,0,0.0,0,0,0,0
asbd08y85dcc1.webp,3,3,0,0,0.992,adaptive,0.086,0.0,0,0.0,0,0,0,0
asbd08y85dcc1.webp,3,4,0,0,0.992,adaptive,0.0862,0.0,0,0.0,0,0,0,0
asbd08y85dcc1.webp,3,5,0,0,0.992,adaptive,0.0862,0.0,0,0.0,0,0,0,0
asbd08y85dcc1.webp,3,6,0,0,0.992,adaptive,0.086,0.0,0,0.0,0,0,0,0
asbd08y85dcc1.webp,3,7,4,4,1.0,adaptive,0.1602,0.0748,1,0.0748,0,0,0,0
asbd08y85dcc1.webp,3,8,0,0,0.992,adaptive,0.0859,0.0,0,0.0,0,0,0,0
asbd08y85dcc1.webp,3,9,0,0,0.992,adaptive,0.0994,0.0,0,0.0,0,0,0,0
asbd08y85dcc1.webp,4,1,0,0,0.992,adaptive,0.0838,0.0,0,0.0,0,0,0,0
asbd08y85dcc1.webp,4,2,1,1,0.9999,adaptive,0.1447,0.0615,1,0.0615,0,0,0,0
asbd08y85dcc1.webp,4,3,0,0,0.992,adaptive,0.0862,0.0,0,0.0,0,0,0,0
asbd08y85dcc1.webp,4,4,0,0,0.992,adaptive,0.0855,0.0,0,0.0,0,0,0,0
asbd08y85dcc1.webp,4,5,0,0,0.992,adaptive,0.0846,0.0,0,0.0,0,0,0,0
asbd08y85dcc1.webp,4,6,0,0,0.992,adaptive,0.0864,0.0,0,0.0,0,0,0,0
asbd08y85dcc1.webp,4,7,0,0,0.992,adaptive,0.0853,0.0,0,0.0,0,0,0,0
asbd08y85dcc1.webp,4,8,0,0,0.992,adaptive,0.0848,0.0,0,0.0,0,0,0,0
asbd08y85dcc1.webp,4,9,4,4,1.0,adaptive,0.1758,0.0766,1,0.0766,0,0,0,0
asbd08y85dcc1.webp,5,1,0,0,0.992,adaptive,0.0821,0.0,0,0.0,0,0,0,0
asbd08y85dcc1.webp,5,2,0,0,0.992,adaptive,0.084,0.0,0,0.0,0,0,0,0
asbd08y85dcc1.webp,5,3,0,0,0.992,adaptive,0.0853,0.0,0,0.0,0,0,0,0
asbd08y85dcc1.webp,5,4,0,0,0.992,adaptive,0.0841,0.0,0,0.0,0,0,0,0
asbd08y85dcc1.webp,5,5,0,0,0.992,adaptive,0.0845,0.0,0,0.0,0,0,0,0
asbd08y85dcc1.webp,5,6,7,7,1.0,adaptive,0.1343,0.0626,1,0.0626,0,0,0,0
asbd08y85dcc1.webp,5,7,0,0,0.992,adaptive,0.083,0.0,0,0.0,0,0,0,0
asbd08y85dcc1.webp,5,8,0,0,0.992,adaptive,0.084,0.0,0,0.0,0,0,0,0
asbd08y85dcc1.webp,5,9,0,0,0.992,adaptive,0.0984,0.0,0,0.0,0,0,0,0
asbd08y85dcc1.webp,6,1,0,0,0.992,adaptive,0.0958,0.0,0,0.0,0,0,0,0
asbd08y85dcc1.webp,6,2,0,0,0.992,adaptive,0.0984,0.0,0,0.0,0,0,0,0
asbd08y85dcc1.webp,6,3,6,6,1.0,adaptive,0.1867,0.0909,1,0.0909,0,0,0,0
asbd08y85dcc1.webp,6,4,4,4,1.0,adaptive,0.1677,0.0771,1,0.0771,0,0,0,0
asbd08y85dcc1.webp,6,5,0,0,0.992,adaptive,0.0986,0.0,0,0.0,0,0,0,0
asbd08y85dcc1.webp,6,6,0,0,0.992,adaptive,0.0989,0.0,0,0.0,0,0,0,0
asbd08y85dcc1.webp,6,7,0,0,0.992,adaptive,0.0987,0.0,0,0.0,0,0,0,0
asbd08y85dcc1.webp,6,8,7,7,1.0,adaptive,0.1603,0.0633,1,0.0633,0,0,0,0
asbd08y85dcc1.webp,6,9,0,0,0.992,adaptive,0.1114,0.0,0,0.0,0,0,0,0
asbd08y85dcc1.webp,7,1,0,0,0.992,adaptive,0.084,0.0,0,0.0,0,0,0,0
asbd08y85dcc1.webp,7,2,0,0,0.992,adaptive,0.0848,0.0,0,0.0,0,0,0,0
asbd08y85dcc1.webp,7,3,0,0,0.992,adaptive,0.0864,0.0,0,0.0,0,0,0,0
asbd08y85dcc1.webp,7,4,0,0,0.992,adaptive,0.0853,0.0,0,0.0,0,0,0,0
asbd08y85dcc1.webp,7,5,8,8,1.0,adaptive,0.1796,0.0957,1,0.0957,0,0,0,0
asbd08y85dcc1.webp,7,6,0,0,0.992,adaptive,0.0864,0.0,0,0.0,0,0,0,0
asbd08y85dcc1.webp,7,7,0,0,0.992,adaptive,0.0858,0.0,0,0.0,0,0,0,0
asbd08y85dcc1.webp,7,8,2,2,1.0,adaptive,0.168,0.0844,1,0.0844,0,0,0,0
asbd08y85dcc1.webp,7,9,0,0,0.992,adaptive,0.098,0.0,0,0.0,0,0,0,0
asbd08y85dcc1.webp,8,1,4,4,1.0,adaptive,0.147,0.078,1,0.078,0,0,0,0
asbd08y85dcc1.webp,8,2,9,9,0.9999,adaptive,0.1621,0.093,1,0.093,0,0,0,0
asbd08y85dcc1.webp,8,3,0,0,0.992,adaptive,0.0724,0.0,0,0.0,0,0,0,0
asbd08y85dcc1.webp,8,4,0,0,0.992,adaptive,0.0721,0.0,0,0.0,0,0,0,0
asbd08y85dcc1.webp,8,5,1,1,0.9999,adaptive,0.1331,0.0627,1,0.0627,0,0,0,0
asbd08y85dcc1.webp,8,6,0,0,0.992,adaptive,0.0721,0.0,0,0.0,0,0,0,0
asbd08y85dcc1.webp,8,7,0,0,0.992,adaptive,0.0708,0.0,0,0.0,0,0,0,0
asbd08y85dcc1.webp,8,8,0,0,0.992,adaptive,0.0721,0.0,0,0.0,0,0,0,0
asbd08y85dcc1.webp,8,9,3,3,1.0,adaptive,0.1599,0.0819,1,0.0819,0,0,0,0
asbd08y85dcc1.webp,9,1,0,0,0.992,adaptive,0.0996,0.0,0,0.0,0,0,0,0
asbd08y85dcc1.webp,9,2,0,0,0.992,adaptive,0.0993,0.0,0,0.0,0,0,0,0
asbd08y85dcc1.webp,9,3,7,7,1.0,adaptive,0.1602,0.0613,1,0.0613,0,0,0,0
asbd08y85dcc1.webp,9,4,2,2,1.0,adaptive,0.1802,0.0815,1,0.0815,0,0,0,0
asbd08y85dcc1.webp,9,5,6,6,1.0,adaptive,0.1911,0.0925,1,0.0925,0,0,0,0
asbd08y85dcc1.webp,9,6,0,0,0.992,adaptive,0.0994,0.0,0,0.0,0,0,0,0
asbd08y85dcc1.webp,9,7,0,0,0.992,adaptive,0.0994,0.0,0,0.0,0,0,0,0
asbd08y85dcc1.webp,9,8,0,0,0.992,adaptive,0.0993,0.0,0,0.0,0,0,0,0
asbd08y85dcc1.webp,9,9,1,1,0.9999,adaptive,0.162,0.0606,1,0.0606,0,0,0,0
b253x4wlnchc1.webp,1,4,1,1,0.9933,adaptive,0.1348,0.0517,1,0.0517,0,0,0,0
b253x4wlnchc1.webp,1,6,8,8,1.0,adaptive,0.1664,0.0949,1,0.0949,0,0,0,0
b253x4wlnchc1.webp,1,7,7,7,1.0,adaptive,0.1274,0.0573,1,0.0573,0,0,0,0
b253x4wlnchc1.webp,1,8,2,2,1.0,adaptive,0.1438,0.078,1,0.078,0,0,0,0
b253x4wlnchc1.webp,2,2,7,7,1.0,adaptive,0.1093,0.0601,1,0.0601,0,0,0,0
b253x4wlnchc1.webp,2,3,2,2,1.0,adaptive,0.1481,0.0805,1,0.0805,0,0,0,0
b253x4wlnchc1.webp,2,4,9,9,1.0,adaptive,0.1558,0.0862,1,0.0862,0,0,0,0
b253x4wlnchc1.webp,2,6,5,5,1.0,adaptive,0.1407,0.0844,1,0.0844,0,0,0,0
b253x4wlnchc1.webp,3,1,6,6,0.9994,adaptive,0.1537,0.0831,1,0.0831,0,0,0,0
b253x4wlnchc1.webp,3,2,8,8,1.0,adaptive,0.14,0.0959,1,0.0959,0,0,0,0
b253x4wlnchc1.webp,3,4,3,3,1.0,adaptive,0.1515,0.0806,1,0.0806,0,0,0,0
b253x4wlnchc1.webp,3,5,7,7,1.0,adaptive,0.1027,0.059,1,0.059,0,0,0,0
b253x4wlnchc1.webp,3,6,2,2,1.0,adaptive,0.1377,0.0789,1,0.0789,0,0,0,0
b253x4wlnchc1.webp,3,7,5,5,1.0,adaptive,0.1412,0.0831,1,0.0831,0,0,0,0
b253x4wlnchc1.webp,4,1,4,4,1.0,adaptive,0.1611,0.0775,1,0.0775,0,0,0,0
b253x4wlnchc1.webp,4,4,5,5,1.0,adaptive,0.1697,0.0869,1,0.0869,0,0,0,0
b253x4wlnchc1.webp,4,5,3,3,1.0,adaptive,0.1411,0.0832,1,0.0832,0,0,0,0
b253x4wlnchc1.webp,4,6,6,6,0.9971,adaptive,0.1555,0.0844,1,0.0844,0,0,0,0
b253x4wlnchc1.webp,4,9,7,7,1.0,adaptive,0.145,0.0601,1,0.0601,0,0,0,0
b253x4wlnchc1.webp,5,5,8,8,1.0,adaptive,0.1276,0.098,1,0.098,0,0,0,0
b253x4wlnchc1.webp,5,6,9,9,1.0,adaptive,0.128,0.0844,1,0.0844,0,0,0,0
b253x4wlnchc1.webp,5,8,6,6,0.9995,adaptive,0.1304,0.0868,1,0.0868,0,0,0,0
b253x4wlnchc1.webp,6,2,9,9,1.0,adaptive,0.1402,0.0844,1,0.0844,0,0,0,0
b253x4wlnchc1.webp,6,3,6,6,0.998,adaptive,0.1557,0.0847,1,0.0847,0,0,0,0
b253x4wlnchc1.webp,6,5,2,2,1.0,adaptive,0.1235,0.0798,1,0.0798,0,0,0,0
b253x4wlnchc1.webp,6,6,1,1,0.996,adaptive,0.1103,0.0512,1,0.0512,0,0,0,0
b253x4wlnchc1.webp,6,7,3,3,1.0,adaptive,0.1622,0.0818,1,0.0818,0,0,0,0
b253x4wlnchc1.webp,6,8,5,5,1.0,adaptive,0.1441,0.088,1,0.088,0,0,0,0
b253x4wlnchc1.webp,7,1,5,5,1.0,adaptive,0.1666,0.0824,1,0.0824,0,0,0,0
b253x4wlnchc1.webp,7,4,6,6,0.9963,adaptive,0.1657,0.0826,1,0.0826,0,0,0,0
b253x4wlnchc1.webp,7,5,9,9,1.0,adaptive,0.1418,0.085,1,0.085,0,0,0,0
b253x4wlnchc1.webp,7,6,7,7,1.0,adaptive,0.127,0.057,1,0.057,0,0,0,0
b253x4wlnchc1.webp,7,7,1,1,0.9945,adaptive,0.1292,0.0443,1,0.0443,0,0,0,0
b253x4wlnchc1.webp,7,8,8,8,1.0,adaptive,0.1714,0.0941,1,0.0941,0,0,0,0
b253x4wlnchc1.webp,8,4,2,2,1.0,adaptive,0.1339,0.0785,1,0.0785,0,0,0,0
b253x4wlnchc1.webp,8,5,5,5,1.0,adaptive,0.1113,0.0849,1,0.0849,0,0,0,0
b253x4wlnchc1.webp,8,6,3,3,1.0,adaptive,0.1226,0.0794,1,0.0794,0,0,0,0
b253x4wlnchc1.webp,8,8,7,7,1.0,adaptive,0.0872,0.0592,1,0.0592,0,0,0,0
b253x4wlnchc1.webp,9,4,8,8,1.0,adaptive,0.178,0.0947,1,0.0947,0,0,0,0
b253x4wlnchc1.webp,9,5,1,1,0.9917,adaptive,0.0975,0.0511,1,0.0511,0,0,0,0
b253x4wlnchc1.webp,9,6,4,4,1.0,adaptive,0.1475,0.0753,1,0.0753,0,0,0,0
b253x4wlnchc1.webp,9,8,3,3,1.0,adaptive,0.1379,0.0801,1,0.0801,0,0,0,0
b253x4wlnchc1.webp,9,9,5,5,1.0,adaptive,0.1669,0.0815,1,0.0815,0,0,0,0
bp4yjbs7ewtc1.webp,1,1,2,2,1.0,adaptive,0.1419,0.1419,1,0.1419,0,0,0,0
bp4yjbs7ewtc1.webp,1,3,7,7,1.0,adaptive,0.1243,0.1243,1,0.1243,0,0,0,0
bp4yjbs7ewtc1.webp,1,5,6,6,0.9999,adaptive,0.1943,0.1943,2,0.147,0,0,0,0
bp4yjbs7ewtc1.webp,1,9,5,5,1.0,adaptive,0.2018,0.1869,1,0.1869,0,0,0,0
bp4yjbs7ewtc1.webp,2,1,5,5,1.0,adaptive,0.1934,0.1934,1,0.1934,0,0,0,0
bp4yjbs7ewtc1.webp,2,2,1,1,1.0,adaptive,0.1042,0.1042,1,0.1042,0,0,0,0
bp4yjbs7ewtc1.webp,2,4,7,7,1.0,adaptive,0.1289,0.1289,1,0.1289,0,0,0,0
bp4yjbs7ewtc1.webp,2,8,2,2,1.0,adaptive,0.1694,0.1694,1,0.1694,0,0,0,0
bp4yjbs7ewtc1.webp,2,9,9,9,0.9994,adaptive,0.0733,0.071,1,0.071,0,0,0,0
bp4yjbs7ewtc1.webp,3,1,9,9,0.9998,adaptive,0.0688,0.0688,1,0.0688,0,0,0,0
bp4yjbs7ewtc1.webp,3,7,1,1,1.0,adaptive,0.1027,0.1027,1,0.1027,0,0,0,0
bp4yjbs7ewtc1.webp,3,8,7,7,1.0,adaptive,0.1253,0.1253,1,0.1253,0,0,0,0
bp4yjbs7ewtc1.webp,4,2,5,5,1.0,adaptive,0.1952,0.1952,1,0.1952,0,0,0,0
bp4yjbs7ewtc1.webp,4,3,9,9,0.9996,adaptive,0.0693,0.0693,1,0.0693,0,0,0,0
bp4yjbs7ewtc1.webp,4,4,4,4,1.0,adaptive,0.1477,0.1477,2,0.1098,0,0,0,0
bp4yjbs7ewtc1.webp,4,6,8,8,1.0,adaptive,0.1969,0.1989,3,0.1194,0,0,0,1
bp4yjbs7ewtc1.webp,4,9,7,7,1.0,adaptive,0.1292,0.1265,1,0.1265,0,0,0,0
bp4yjbs7ewtc1.webp,5,2,4,4,1.0,adaptive,0.1561,0.1561,2,0.1185,0,0,0,0
bp4yjbs7ewtc1.webp,5,7,9,9,0.9993,adaptive,0.0681,0.0681,1,0.0681,0,0,0,0
bp4yjbs7ewtc1.webp,5,8,5,5,1.0,adaptive,0.2004,0.2004,1,0.2004,0,0,0,0
bp4yjbs7ewtc1.webp,5,9,8,8,1.0,adaptive,0.204,0.2042,3,0.1226,0,0,0,1
bp4yjbs7ewtc1.webp,6,1,8,8,1.0,adaptive,0.2007,0.2034,3,0.1219,0,0,0,1
bp4yjbs7ewtc1.webp,6,2,7,7,1.0,adaptive,0.1264,0.1264,1,0.1264,0,0,0,0
bp4yjbs7ewtc1.webp,6,5,5,5,1.0,adaptive,0.1963,0.1963,1,0.1963,0,0,0,0
bp4yjbs7ewtc1.webp,6,9,3,3,1.0,adaptive,0.1845,0.1818,1,0.1818,0,0,0,0
bp4yjbs7ewtc1.webp,7,2,2,2,1.0,adaptive,0.1698,0.1698,1,0.1698,0,0,0,0
bp4yjbs7ewtc1.webp,7,4,8,8,1.0,adaptive,0.1985,0.2012,3,0.1203,0,0,0,1
bp4yjbs7ewtc1.webp,7,5,9,9,0.9988,adaptive,0.069,0.069,1,0.069,0,0,0,0
bp4yjbs7ewtc1.webp,7,7,5,5,1.0,adaptive,0.1925,0.1925,1,0.1925,0,0,0,0
bp4yjbs7ewtc1.webp,8,3,8,8,1.0,adaptive,0.2006,0.2033,3,0.1219,0,0,0,1
bp4yjbs7ewtc1.webp,8,5,4,4,1.0,adaptive,0.1568,0.1568,2,0.1194,0,0,0,0
bp4yjbs7ewtc1.webp,8,8,9,9,0.9992,adaptive,0.1056,0.0712,1,0.0712,0,0,0,0
bp4yjbs7ewtc1.webp,8,9,2,2,1.0,adaptive,0.171,0.1687,1,0.1687,0,0,0,0
bp4yjbs7ewtc1.webp,9,1,4,4,1.0,adaptive,0.1455,0.1455,2,0.1092,0,0,0,0
bp4yjbs7ewtc1.webp,9,2,9,9,0.9999,adaptive,0.0785,0.0785,1,0.0785,0,0,0,0
bp4yjbs7ewtc1.webp,9,3,5,5,1.0,adaptive,0.1885,0.1885,1,0.1885,0,0,0,0
bp4yjbs7ewtc1.webp,9,4,3,3,1.0,adaptive,0.1755,0.1755,1,0.1755,0,0,0,0
bp4yjbs7ewtc1.webp,9,6,2,2,1.0,adaptive,0.1588,0.1588,1,0.1588,0,0,0,0
bp4yjbs7ewtc1.webp,9,8,8,8,1.0,adaptive,0.2053,0.199,3,0.119,0,0,0,1
byxn4mv30ooc1.webp,1,1,0,0,0.992,adaptive,0.0818,0.0,0,0.0,0,0,0,0
byxn4mv30ooc1.webp,1,2,0,0,0.992,adaptive,0.0439,0.0,0,0.0,0,0,0,0
byxn4mv30ooc1.webp,1,3,6,6,0.9989,adaptive,0.1702,0.1,1,0.1,0,0,0,0
byxn4mv30ooc1.webp,1,4,0,0,0.992,adaptive,0.082,0.0,0,0.0,0,0,0,0
byxn4mv30ooc1.webp,1,5,0,0,0.992,adaptive,0.0441,0.0,0,0.0,0,0,0,0
byxn4mv30ooc1.webp,1,6,0,0,0.992,adaptive,0.0706,0.0,0,0.0,0,0,0,0
byxn4mv30ooc1.webp,1,7,7,7,1.0,adaptive,0.141,0.0728,1,0.0728,0,0,0,0
byxn4mv30ooc1.webp,1,8,0,0,0.992,adaptive,0.0554,0.0,0,0.0,0,0,0,0
byxn4mv30ooc1.webp,1,9,2,2,1.0,adaptive,0.1711,0.088,1,0.088,0,0,0,0
byxn4mv30ooc1.webp,2,1,0,0,0.992,adaptive,0.0441,0.0,0,0.0,0,0,0,0
byxn4mv30ooc1.webp,2,2,0,0,0.992,adaptive,0.0007,0.0,0,0.0,0,0,0,0
byxn4mv30ooc1.webp,2,3,0,0,0.992,adaptive,0.0301,0.0,0,0.0,0,0,0,0
byxn4mv30ooc1.webp,2,4,0,0,0.992,adaptive,0.0445,0.0,0,0.0,0,0,0,0
byxn4mv30ooc1.webp,2,5,0,0,0.992,adaptive,0.0007,0.0,0,0.0,0,0,0,0
byxn4mv30ooc1.webp,2,6,1,1,0.9999,adaptive,0.0981,0.0681,1,0.0681,0,0,0,0
byxn4mv30ooc1.webp,2,7,0,0,0.992,adaptive,0.0299,0.0,0,0.0,0,0,0,0
byxn4mv30ooc1.webp,2,8,0,0,0.992,adaptive,0.0129,0.0,0,0.0,0,0,0,0
byxn4mv30ooc1.webp,2,9,6,6,0.9982,adaptive,0.1348,0.102,1,0.102,0,0,0,0
byxn4mv30ooc1.webp,3,1,2,2,1.0,adaptive,0.1575,0.0873,1,0.0873,0,0,0,0
byxn4mv30ooc1.webp,3,2,0,0,0.992,adaptive,0.0308,0.0,0,0.0,0,0,0,0
byxn4mv30ooc1.webp,3,3,8,8,1.0,adaptive,0.1675,0.1085,1,0.1085,0,0,0,0
byxn4mv30ooc1.webp,3,4,5,5,1.0,adaptive,0.1579,0.0878,1,0.0878,0,0,0,0
byxn4mv30ooc1.webp,3,5,0,0,0.992,adaptive,0.0305,0.0,0,0.0,0,0,0,0
byxn4mv30ooc1.webp,3,6,0,0,0.992,adaptive,0.059,0.0,0,0.0,0,0,0,0
byxn4mv30ooc1.webp,3,7,0,0,0.992,adaptive,0.0599,0.0,0,0.0,0,0,0,0
byxn4mv30ooc1.webp,3,8,0,0,0.992,adaptive,0.0418,0.0,0,0.0,0,0,0,0
byxn4mv30ooc1.webp,3,9,0,0,0.992,adaptive,0.059,0.0,0,0.0,0,0,0,0
byxn4mv30ooc1.webp,4,1,8,8,1.0,adaptive,0.1922,0.1112,1,0.1112,0,0,0,0
byxn4mv30ooc1.webp,4,2,0,0,0.992,adaptive,0.0439,0.0,0,0.0,0,0,0,0
byxn4mv30ooc1.webp,4,3,0,0,0.992,adaptive,0.0699,0.0,0,0.0,0,0,0,0
byxn4mv30ooc1.webp,4,4,0,0,0.992,adaptive,0.0793,0.0,0,0.0,0,0,0,0
byxn4mv30ooc1.webp,4,5,4,4,0.9995,adaptive,0.1232,0.0816,1,0.0816,0,0,0,0
byxn4mv30ooc1.webp,4,6,6,6,0.9982,adaptive,0.1691,0.1009,1,0.1009,0,0,0,0
byxn4mv30ooc1.webp,4,7,0,0,0.992,adaptive,0.0679,0.0,0,0.0,0,0,0,0
byxn4mv30ooc1.webp,4,8,3,3,1.0,adaptive,0.1307,0.0816,1,0.0816,0,0,0,0
byxn4mv30ooc1.webp,4,9,0,0,0.992,adaptive,0.0693,0.0,0,0.0,0,0,0,0
byxn4mv30ooc1.webp,5,1,0,0,0.992,adaptive,0.0554,0.0,0,0.0,0,0,0,0
byxn4mv30ooc1.webp,5,2,6,6,0.9991,adaptive,0.1189,0.1045,1,0.1045,0,0,0,0
byxn4mv30ooc1.webp,5,3,0,0,0.992,adaptive,0.0416,0.0,0,0.0,0,0,0,0
byxn4mv30ooc1.webp,5,4,0,0,0.992,adaptive,0.0554,0.0,0,0.0,0,0,0,0
byxn4mv30ooc1.webp,5,5,0,0,0.992,adaptive,0.0145,0.0,0,0.0,0,0,0,0
byxn4mv30ooc1.webp,5,6,0,0,0.992,adaptive,0.0414,0.0,0,0.0,0,0,0,0
byxn4mv30ooc1.webp,5,7,0,0,0.992,adaptive,0.0416,0.0,0,0.0,0,0,0,0
byxn4mv30ooc1.webp,5,8,7,7,1.0,adaptive,0.0909,0.076,1,0.076,0,0,0,0
byxn4mv30ooc1.webp,5,9,0,0,0.992,adaptive,0.0421,0.0,0,0.0,0,0,0,0
byxn4mv30ooc1.webp,6,1,0,0,0.992,adaptive,0.0702,0.0,0,0.0,0,0,0,0
byxn4mv30ooc1.webp,6,2,4,4,0.9993,adaptive,0.1117,0.0816,1,0.0816,0,0,0,0
byxn4mv30ooc1.webp,6,3,0,0,0.992,adaptive,0.0588,0.0,0,0.0,0,0,0,0
byxn4mv30ooc1.webp,6,4,9,9,1.0,adaptive,0.1715,0.1016,1,0.1016,0,0,0,0
byxn4mv30ooc1.webp,6,5,3,3,1.0,adaptive,0.1124,0.0823,1,0.0823,0,0,0,0
byxn4mv30ooc1.webp,6,6,0,0,0.992,adaptive,0.0588,0.0,0,0.0,0,0,0,0
byxn4mv30ooc1.webp,6,7,0,0,0.992,adaptive,0.0659,0.0,0,0.0,0,0,0,0
byxn4mv30ooc1.webp,6,8,0,0,0.992,adaptive,0.0371,0.0,0,0.0,0,0,0,0
byxn4mv30ooc1.webp,6,9,8,8,1.0,adaptive,0.1686,0.1098,1,0.1098,0,0,0,0
byxn4mv30ooc1.webp,7,1,0,0,0.992,adaptive,0.0601,0.0,0,0.0,0,0,0,0
byxn4mv30ooc1.webp,7,2,0,0,0.992,adaptive,0.0231,0.0,0,0.0,0,0,0,0
byxn4mv30ooc1.webp,7,3,0,0,0.992,adaptive,0.0446,0.0,0,0.0,0,0,0,0
byxn4mv30ooc1.webp,7,4,0,0,0.992,adaptive,0.0559,0.0,0,0.0,0,0,0,0
byxn4mv30ooc1.webp,7,5,0,0,0.992,adaptive,0.0161,0.0,0,0.0,0,0,0,0
byxn4mv30ooc1.webp,7,6,2,2,1.0,adaptive,0.1346,0.09,1,0.09,0,0,0,0
byxn4mv30ooc1.webp,7,7,9,9,1.0,adaptive,0.1548,0.1,1,0.1,0,0,0,0
byxn4mv30ooc1.webp,7,8,0,0,0.992,adaptive,0.0172,0.0,0,0.0,0,0,0,0
byxn4mv30ooc1.webp,7,9,4,4,0.9999,adaptive,0.1252,0.0809,1,0.0809,0,0,0,0
byxn4mv30ooc1.webp,8,1,7,7,1.0,adaptive,0.1271,0.071,1,0.071,0,0,0,0
byxn4mv30ooc1.webp,8,2,0,0,0.992,adaptive,0.0149,0.0,0,0.0,0,0,0,0
byxn4mv30ooc1.webp,8,3,0,0,0.992,adaptive,0.0427,0.0,0,0.0,0,0,0,0
byxn4mv30ooc1.webp,8,4,4,4,0.999,adaptive,0.1361,0.0801,1,0.0801,0,0,0,0
byxn4mv30ooc1.webp,8,5,0,0,0.992,adaptive,0.0147,0.0,0,0.0,0,0,0,0
byxn4mv30ooc1.webp,8,6,0,0,0.992,adaptive,0.0425,0.0,0,0.0,0,0,0,0
byxn4mv30ooc1.webp,8,7,0,0,0.992,adaptive,0.0552,0.0,0,0.0,0,0,0,0
byxn4mv30ooc1.webp,8,8,0,0,0.992,adaptive,0.0149,0.0,0,0.0,0,0,0,0
byxn4mv30ooc1.webp,8,9,0,0,0.992,adaptive,0.0423,0.0,0,0.0,0,0,0,0
byxn4mv30ooc1.webp,9,1,3,3,1.0,adaptive,0.1648,0.0804,1,0.0804,0,0,0,0
byxn4mv30ooc1.webp,9,2,0,0,0.992,adaptive,0.0448,0.0,0,0.0,0,0,0,0
byxn4mv30ooc1.webp,9,3,4,4,0.9997,adaptive,0.1535,0.0811,1,0.0811,0,0,0,0
byxn4mv30ooc1.webp,9,4,0,0,0.992,adaptive,0.084,0.0,0,0.0,0,0,0,0
byxn4mv30ooc1.webp,9,5,0,0,0.992,adaptive,0.045,0.0,0,0.0,0,0,0,0
byxn4mv30ooc1.webp,9,6,0,0,0.992,adaptive,0.0724,0.0,0,0.0,0,0,0,0
byxn4mv30ooc1.webp,9,7,8,8,1.0,adaptive,0.1918,0.1083,1,0.1083,0,0,0,0
byxn4mv30ooc1.webp,9,8,0,0,0.992,adaptive,0.0455,0.0,0,0.0,0,0,0,0
byxn4mv30ooc1.webp,9,9,0,0,0.992,adaptive,0.0722,0.0,0,0.0,0,0,0,0
c0ler3ey6tuc1.webp,1,1,0,0,0.992,adaptive,0.1397,0.0,0,0.0,0,0,0,0
c0ler3ey6tuc1.webp,1,2,0,0,0.992,adaptive,0.0991,0.0,0,0.0,0,0,0,0
c0ler3ey6tuc1.webp,1,3,3,3,1.0,adaptive,0.2239,0.0847,1,0.0847,0,0,0,0
c0ler3ey6tuc1.webp,1,4,0,0,0.992,adaptive,0.1276,0.0,0,0.0,0,0,0,0
c0ler3ey6tuc1.webp,1,5,0,0,0.992,adaptive,0.1006,0.0,0,0.0,0,0,0,0
c0ler3ey6tuc1.webp,1,6,0,0,0.992,adaptive,0.1392,0.0,0,0.0,0,0,0,0
c0ler3ey6tuc1.webp,1,7,0,0,0.992,adaptive,0.1397,0.0,0,0.0,0,0,0,0
c0ler3ey6tuc1.webp,1,8,6,6,0.9997,adaptive,0.197,0.0954,1,0.0954,0,0,0,0
c0ler3ey6tuc1.webp,1,9,0,0,0.992,adaptive,0.1395,0.0,0,0.0,0,0,0,0
c0ler3ey6tuc1.webp,2,1,1,1,0.9981,adaptive,0.1612,0.0498,1,0.0498,0,0,0,0
c0ler3ey6tuc1.webp,2,2,0,0,0.992,adaptive,0.0583,0.0,0,0.0,0,0,0,0
c0ler3ey6tuc1.webp,2,3,0,0,0.992,adaptive,0.1115,0.0,0,0.0,0,0,0,0
c0ler3ey6tuc1.webp,2,4,0,0,0.992,adaptive,0.0972,0.0,0,0.0,0,0,0,0
c0ler3ey6tuc1.webp,2,5,2,2,1.0,adaptive,0.1566,0.0854,1,0.0854,0,0,0,0
c0ler3ey6tuc1.webp,2,6,7,7,1.0,adaptive,0.1707,0.0597,1,0.0597,0,0,0,0
c0ler3ey6tuc1.webp,2,7,0,0,0.992,adaptive,0.1108,0.0,0,0.0,0,0,0,0
c0ler3ey6tuc1.webp,2,8,0,0,0.992,adaptive,0.0721,0.0,0,0.0,0,0,0,0
c0ler3ey6tuc1.webp,2,9,8,8,1.0,adaptive,0.2128,0.0993,1,0.0993,0,0,0,0
c0ler3ey6tuc1.webp,3,1,0,0,0.992,adaptive,0.1397,0.0,0,0.0,0,0,0,0
c0ler3ey6tuc1.webp,3,2,7,7,1.0,adaptive,0.1581,0.0592,1,0.0592,0,0,0,0
c0ler3ey6tuc1.webp,3,3,0,0,0.992,adaptive,0.1383,0.0,0,0.0,0,0,0,0
c0ler3ey6tuc1.webp,3,4,0,0,0.992,adaptive,0.1272,0.0,0,0.0,0,0,0,0
c0ler3ey6tuc1.webp,3,5,4,4,1.0,adaptive,0.1723,0.0724,1,0.0724,0,0,0,0
c0ler3ey6tuc1.webp,3,6,0,0,0.992,adaptive,0.1395,0.0,0,0.0,0,0,0,0
c0ler3ey6tuc1.webp,3,7,0,0,0.992,adaptive,0.1388,0.0,0,0.0,0,0,0,0
c0ler3ey6tuc1.webp,3,8,0,0,0.992,adaptive,0.1009,0.0,0,0.0,0,0,0,0
c0ler3ey6tuc1.webp,3,9,2,2,1.0,adaptive,0.2266,0.0867,1,0.0867,0,0,0,0
c0ler3ey6tuc1.webp,4,1,0,0,0.992,adaptive,0.1399,0.0,0,0.0,0,0,0,0
c0ler3ey6tuc1.webp,4,2,5,5,1.0,adaptive,0.1845,0.0873,1,0.0873,0,0,0,0
c0ler3ey6tuc1.webp,4,3,0,0,0.992,adaptive,0.1388,0.0,0,0.0,0,0,0,0
c0ler3ey6tuc1.webp,4,4,6,6,0.9996,adaptive,0.2196,0.0929,1,0.0929,0,0,0,0
c0ler3ey6tuc1.webp,4,5,3,3,1.0,adaptive,0.1834,0.0841,1,0.0841,0,0,0,0
c0ler3ey6tuc1.webp,4,6,0,0,0.992,adaptive,0.1397,0.0,0,0.0,0,0,0,0
c0ler3ey6tuc1.webp,4,7,0,0,0.992,adaptive,0.1386,0.0,0,0.0,0,0,0,0
c0ler3ey6tuc1.webp,4,8,0,0,0.992,adaptive,0.1006,0.0,0,0.0,0,0,0,0
c0ler3ey6tuc1.webp,4,9,0,0,0.992,adaptive,0.1395,0.0,0,0.0,0,0,0,0
c0ler3ey6tuc1.webp,5,1,0,0,0.992,adaptive,0.0988,0.0,0,0.0,0,0,0,0
c0ler3ey6tuc1.webp,5,2,8,8,1.0,adaptive,0.1524,0.0973,1,0.0973,0,0,0,0
c0ler3ey6tuc1.webp,5,3,0,0,0.992,adaptive,0.0986,0.0,0,0.0,0,0,0,0
c0ler3ey6tuc1.webp,5,4,0,0,0.992,adaptive,0.0853,0.0,0,0.0,0,0,0,0
c0ler3ey6tuc1.webp,5,5,0,0,0.992,adaptive,0.0572,0.0,0,0.0,0,0,0,0
c0ler3ey6tuc1.webp,5,6,0,0,0.992,adaptive,0.0993,0.0,0,0.0,0,0,0,0
c0ler3ey6tuc1.webp,5,7,0,0,0.992,adaptive,0.0993,0.0,0,0.0,0,0,0,0
c0ler3ey6tuc1.webp,5,8,3,3,1.0,adaptive,0.146,0.0877,1,0.0877,0,0,0,0
c0ler3ey6tuc1.webp,5,9,0,0,0.992,adaptive,0.1002,0.0,0,0.0,0,0,0,0
c0ler3ey6tuc1.webp,6,1,0,0,0.992,adaptive,0.1268,0.0,0,0.0,0,0,0,0
c0ler3ey6tuc1.webp,6,2,0,0,0.992,adaptive,0.0848,0.0,0,0.0,0,0,0,0
c0ler3ey6tuc1.webp,6,3,0,0,0.992,adaptive,0.1259,0.0,0,0.0,0,0,0,0
c0ler3ey6tuc1.webp,6,4,0,0,0.992,adaptive,0.1145,0.0,0,0.0,0,0,0,0
c0ler3ey6tuc1.webp,6,5,9,9,1.0,adaptive,0.1811,0.0952,1,0.0952,0,0,0,0
c0ler3ey6tuc1.webp,6,6,2,2,1.0,adaptive,0.2092,0.0829,1,0.0829,0,0,0,0
c0ler3ey6tuc1.webp,6,7,0,0,0.992,adaptive,0.1263,0.0,0,0.0,0,0,0,0
c0ler3ey6tuc1.webp,6,8,5,5,1.0,adaptive,0.1744,0.0871,1,0.0871,0,0,0,0
c0ler3ey6tuc1.webp,6,9,7,7,1.0,adaptive,0.188,0.0617,1,0.0617,0,0,0,0
c0ler3ey6tuc1.webp,7,1,5,5,1.0,adaptive,0.2228,0.0838,1,0.0838,0,0,0,0
c0ler3ey6tuc1.webp,7,2,0,0,0.992,adaptive,0.0981,0.0,0,0.0,0,0,0,0
c0ler3ey6tuc1.webp,7,3,0,0,0.992,adaptive,0.1337,0.0,0,0.0,0,0,0,0
c0ler3ey6tuc1.webp,7,4,0,0,0.992,adaptive,0.1268,0.0,0,0.0,0,0,0,0
c0ler3ey6tuc1.webp,7,5,8,8,1.0,adaptive,0.1972,0.0979,1,0.0979,0,0,0,0
c0ler3ey6tuc1.webp,7,6,0,0,0.992,adaptive,0.1397,0.0,0,0.0,0,0,0,0
c0ler3ey6tuc1.webp,7,7,0,0,0.992,adaptive,0.1386,0.0,0,0.0,0,0,0,0
c0ler3ey6tuc1.webp,7,8,4,4,1.0,adaptive,0.1728,0.0719,1,0.0719,0,0,0,0
c0ler3ey6tuc1.webp,7,9,0,0,0.992,adaptive,0.139,0.0,0,0.0,0,0,0,0
c0ler3ey6tuc1.webp,8,1,4,4,1.0,adaptive,0.1728,0.073,1,0.073,0,0,0,0
c0ler3ey6tuc1.webp,8,2,0,0,0.992,adaptive,0.0567,0.0,0,0.0,0,0,0,0
c0ler3ey6tuc1.webp,8,3,0,0,0.992,adaptive,0.0959,0.0,0,0.0,0,0,0,0
c0ler3ey6tuc1.webp,8,4,5,5,1.0,adaptive,0.1854,0.0884,1,0.0884,0,0,0,0
c0ler3ey6tuc1.webp,8,5,7,7,1.0,adaptive,0.1198,0.0627,1,0.0627,0,0,0,0
c0ler3ey6tuc1.webp,8,6,0,0,0.992,adaptive,0.1,0.0,0,0.0,0,0,0,0
c0ler3ey6tuc1.webp,8,7,0,0,0.992,adaptive,0.0993,0.0,0,0.0,0,0,0,0
c0ler3ey6tuc1.webp,8,8,0,0,0.992,adaptive,0.0691,0.0,0,0.0,0,0,0,0
c0ler3ey6tuc1.webp,8,9,1,1,0.9933,adaptive,0.1502,0.05,1,0.05,0,0,0,0
c0ler3ey6tuc1.webp,9,1,0,0,0.992,adaptive,0.1397,0.0,0,0.0,0,0,0,0
c0ler3ey6tuc1.webp,9,2,9,9,1.0,adaptive,0.1938,0.0952,1,0.0952,0,0,0,0
c0ler3ey6tuc1.webp,9,3,0,0,0.992,adaptive,0.1319,0.0,0,0.0,0,0,0,0
c0ler3ey6tuc1.webp,9,4,0,0,0.992,adaptive,0.1272,0.0,0,0.0,0,0,0,0
c0ler3ey6tuc1.webp,9,5,0,0,0.992,adaptive,0.0988,0.0,0,0.0,0,0,0,0
c0ler3ey6tuc1.webp,9,6,0,0,0.992,adaptive,0.1392,0.0,0,0.0,0,0,0,0
c0ler3ey6tuc1.webp,9,7,8,8,1.0,adaptive,0.2355,0.0962,1,0.0962,0,0,0,0
c0ler3ey6tuc1.webp,9,8,0,0,0.992,adaptive,0.1006,0.0,0,0.0,0,0,0,0
c0ler3ey6tuc1.webp,9,9,0,0,0.992,adaptive,0.135,0.0,0,0.0,0,0,0,0
c4hmcrlmh2qc1.webp,1,1,4,4,1.0,adaptive,0.1497,0.0679,1,0.0679,0,0,0,0
c4hmcrlmh2qc1.webp,1,2,5,5,1.0,adaptive,0.1452,0.0771,1,0.0771,0,0,0,0
c4hmcrlmh2qc1.webp,1,3,9,9,1.0,adaptive,0.1593,0.0742,1,0.0742,0,0,0,0
c4hmcrlmh2qc1.webp,1,5,7,7,1.0,adaptive,0.1228,0.0522,1,0.0522,0,0,0,0
c4hmcrlmh2qc1.webp,1,6,8,8,1.0,adaptive,0.168,0.0833,1,0.0833,0,0,0,0
c4hmcrlmh2qc1.webp,1,7,2,2,1.0,adaptive,0.1395,0.0697,1,0.0697,0,0,0,0
c4hmcrlmh2qc1.webp,1,8,3,3,1.0,adaptive,0.1441,0.0739,1,0.0739,0,0,0,0
c4hmcrlmh2qc1.webp,2,8,8,8,1.0,adaptive,0.1423,0.0861,1,0.0861,0,0,0,0
c4hmcrlmh2qc1.webp,2,9,4,4,1.0,adaptive,0.1273,0.0708,1,0.0708,0,0,0,0
c4hmcrlmh2qc1.webp,3,2,8,8,1.0,adaptive,0.1569,0.0859,1,0.0859,0,0,0,0
c4hmcrlmh2qc1.webp,3,3,2,2,1.0,adaptive,0.1568,0.0706,1,0.0706,0,0,0,0
c4hmcrlmh2qc1.webp,3,6,4,4,1.0,adaptive,0.1573,0.0708,1,0.0708,0,0,0,0
c4hmcrlmh2qc1.webp,3,7,9,9,1.0,adaptive,0.1444,0.0733,1,0.0733,0,0,0,0
c4hmcrlmh2qc1.webp,4,1,8,8,1.0,adaptive,0.1515,0.0844,1,0.0844,0,0,0,0
c4hmcrlmh2qc1.webp,4,3,4,4,1.0,adaptive,0.1372,0.0664,1,0.0664,0,0,0,0
c4hmcrlmh2qc1.webp,4,8,2,2,1.0,adaptive,0.118,0.0687,1,0.0687,0,0,0,0
c4hmcrlmh2qc1.webp,4,9,9,9,1.0,adaptive,0.1346,0.0722,1,0.0722,0,0,0,0
c4hmcrlmh2qc1.webp,5,2,3,3,1.0,adaptive,0.1171,0.0742,1,0.0742,0,0,0,0
c4hmcrlmh2qc1.webp,5,7,4,4,1.0,adaptive,0.1144,0.0706,1,0.0706,0,0,0,0
c4hmcrlmh2qc1.webp,5,9,8,8,1.0,adaptive,0.1445,0.0855,1,0.0855,0,0,0,0
c4hmcrlmh2qc1.webp,6,1,9,9,1.0,adaptive,0.1555,0.0713,1,0.0713,0,0,0,0
c4hmcrlmh2qc1.webp,6,2,2,2,1.0,adaptive,0.1336,0.0678,1,0.0678,0,0,0,0
c4hmcrlmh2qc1.webp,6,3,5,5,1.0,adaptive,0.1595,0.0735,1,0.0735,0,0,0,0
c4hmcrlmh2qc1.webp,6,4,8,8,1.0,adaptive,0.1415,0.0833,1,0.0833,0,0,0,0
c4hmcrlmh2qc1.webp,6,5,4,4,1.0,adaptive,0.14,0.0683,1,0.0683,0,0,0,0
c4hmcrlmh2qc1.webp,6,6,7,7,1.0,adaptive,0.1377,0.0521,1,0.0521,0,0,0,0
c4hmcrlmh2qc1.webp,6,7,1,1,0.9943,adaptive,0.1158,0.0457,1,0.0457,0,0,0,0
c4hmcrlmh2qc1.webp,6,8,6,6,0.9976,adaptive,0.1463,0.0742,1,0.0742,0,0,0,0
c4hmcrlmh2qc1.webp,6,9,3,3,1.0,adaptive,0.1564,0.0715,1,0.0715,0,0,0,0
c4hmcrlmh2qc1.webp,7,2,9,9,1.0,adaptive,0.1165,0.0739,1,0.0739,0,0,0,0
c4hmcrlmh2qc1.webp,7,4,4,4,1.0,adaptive,0.1118,0.0688,1,0.0688,0,0,0,0
c4hmcrlmh2qc1.webp,7,5,6,6,0.999,adaptive,0.1318,0.0742,1,0.0742,0,0,0,0
c4hmcrlmh2qc1.webp,7,6,5,5,1.0,adaptive,0.1448,0.0744,1,0.0744,0,0,0,0
c4hmcrlmh2qc1.webp,7,7,8,8,1.0,adaptive,0.135,0.0842,1,0.0842,0,0,0,0
c4hmcrlmh2qc1.webp,7,8,1,1,0.9891,adaptive,0.1002,0.0459,1,0.0459,0,0,0,0
c4hmcrlmh2qc1.webp,7,9,2,2,1.0,adaptive,0.1352,0.0664,1,0.0664,0,0,0,0
c4hmcrlmh2qc1.webp,8,1,2,2,1.0,adaptive,0.1389,0.069,1,0.069,0,0,0,0
c4hmcrlmh2qc1.webp,8,2,6,6,0.9953,adaptive,0.1201,0.0767,1,0.0767,0,0,0,0
c4hmcrlmh2qc1.webp,8,3,1,1,0.9973,adaptive,0.0979,0.0403,1,0.0403,0,0,0,0
c4hmcrlmh2qc1.webp,8,4,7,7,1.0,adaptive,0.1095,0.0536,1,0.0536,0,0,0,0
c4hmcrlmh2qc1.webp,8,5,8,8,1.0,adaptive,0.143,0.0854,1,0.0854,0,0,0,0
c4hmcrlmh2qc1.webp,8,6,9,9,1.0,adaptive,0.1445,0.0737,1,0.0737,0,0,0,0
c4hmcrlmh2qc1.webp,8,7,3,3,1.0,adaptive,0.1296,0.0721,1,0.0721,0,0,0,0
c4hmcrlmh2qc1.webp,8,8,4,4,1.0,adaptive,0.1272,0.0691,1,0.0691,0,0,0,0
c4hmcrlmh2qc1.webp,8,9,5,5,1.0,adaptive,0.145,0.0749,1,0.0749,0,0,0,0
c4hmcrlmh2qc1.webp,9,1,5,5,1.0,adaptive,0.1444,0.0733,1,0.0733,0,0,0,0
c4hmcrlmh2qc1.webp,9,2,4,4,1.0,adaptive,0.102,0.0697,1,0.0697,0,0,0,0
c4hmcrlmh2qc1.webp,9,3,8,8,1.0,adaptive,0.1542,0.0829,1,0.0829,0,0,0,0
c4hmcrlmh2qc1.webp,9,4,2,2,1.0,adaptive,0.1107,0.0673,1,0.0673,0,0,0,0
c4hmcrlmh2qc1.webp,9,5,3,3,1.0,adaptive,0.1178,0.0728,1,0.0728,0,0,0,0
c4hmcrlmh2qc1.webp,9,6,1,1,0.9944,adaptive,0.1192,0.0468,1,0.0468,0,0,0,0
c4hmcrlmh2qc1.webp,9,7,6,6,0.9971,adaptive,0.1292,0.0728,1,0.0728,0,0,0,0
c4hmcrlmh2qc1.webp,9,8,9,9,1.0,adaptive,0.1307,0.0737,1,0.0737,0,0,0,0
c4hmcrlmh2qc1.webp,9,9,7,7,1.0,adaptive,0.1234,0.0524,1,0.0524,0,0,0,0
c4whl0z76scc1.webp,1,1,6,6,0.9999,adaptive,0.1744,0.09,1,0.09,0,0,0,0
c4whl0z76scc1.webp,1,2,3,3,1.0,adaptive,0.1526,0.0828,1,0.0828,0,0,0,0
c4whl0z76scc1.webp,1,3,0,0,0.992,adaptive,0.0697,0.0,0,0.0,0,0,0,0
c4whl0z76scc1.webp,1,4,0,0,0.992,adaptive,0.0833,0.0,0,0.0,0,0,0,0
c4whl0z76scc1.webp,1,5,8,8,1.0,adaptive,0.1789,0.0968,1,0.0968,0,0,0,0
c4whl0z76scc1.webp,1,6,0,0,0.992,adaptive,0.084,0.0,0,0.0,0,0,0,0
c4whl0z76scc1.webp,1,7,0,0,0.992,adaptive,0.0956,0.0,0,0.0,0,0,0,0
c4whl0z76scc1.webp,1,8,0,0,0.992,adaptive,0.071,0.0,0,0.0,0,0,0,0
c4whl0z76scc1.webp,1,9,0,0,0.992,adaptive,0.0858,0.0,0,0.0,0,0,0,0
c4whl0z76scc1.webp,2,1,8,8,1.0,adaptive,0.1658,0.0952,1,0.0952,0,0,0,0
c4whl0z76scc1.webp,2,2,0,0,0.992,adaptive,0.0588,0.0,0,0.0,0,0,0,0
c4whl0z76scc1.webp,2,3,0,0,0.992,adaptive,0.0844,0.0,0,0.0,0,0,0,0
c4whl0z76scc1.webp,2,4,0,0,0.992,adaptive,0.0726,0.0,0,0.0,0,0,0,0
c4whl0z76scc1.webp,2,5,0,0,0.992,adaptive,0.0719,0.0,0,0.0,0,0,0,0
c4whl0z76scc1.webp,2,6,0,0,0.992,adaptive,0.073,0.0,0,0.0,0,0,0,0
c4whl0z76scc1.webp,2,7,0,0,0.992,adaptive,0.0853,0.0,0,0.0,0,0,0,0
c4whl0z76scc1.webp,2,8,1,1,1.0,adaptive,0.1196,0.0611,1,0.0611,0,0,0,0
c4whl0z76scc1.webp,2,9,0,0,0.992,adaptive,0.0719,0.0,0,0.0,0,0,0,0
c4whl0z76scc1.webp,3,1,0,0,0.992,adaptive,0.0833,0.0,0,0.0,0,0,0,0
c4whl0z76scc1.webp,3,2,0,0,0.992,adaptive,0.083,0.0,0,0.0,0,0,0,0
c4whl0z76scc1.webp,3,3,0,0,0.992,adaptive,0.0985,0.0,0,0.0,0,0,0,0
c4whl0z76scc1.webp,3,4,0,0,0.992,adaptive,0.0942,0.0,0,0.0,0,0,0,0
c4whl0z76scc1.webp,3,5,0,0,0.992,adaptive,0.0957,0.0,0,0.0,0,0,0,0
c4whl0z76scc1.webp,3,6,2,2,1.0,adaptive,0.1653,0.0802,1,0.0802,0,0,0,0
c4whl0z76scc1.webp,3,7,0,0,0.992,adaptive,0.1089,0.0,0,0.0,0,0,0,0
c4whl0z76scc1.webp,3,8,5,5,1.0,adaptive,0.1445,0.0859,1,0.0859,0,0,0,0
c4whl0z76scc1.webp,3,9,0,0,0.992,adaptive,0.0851,0.0,0,0.0,0,0,0,0
c4whl0z76scc1.webp,4,1,0,0,0.992,adaptive,0.0835,0.0,0,0.0,0,0,0,0
c4whl0z76scc1.webp,4,2,0,0,0.992,adaptive,0.0724,0.0,0,0.0,0,0,0,0
c4whl0z76scc1.webp,4,3,2,2,1.0,adaptive,0.1651,0.0818,1,0.0818,0,0,0,0
c4whl0z76scc1.webp,4,4,0,0,0.992,adaptive,0.0858,0.0,0,0.0,0,0,0,0
c4whl0z76scc1.webp,4,5,9,9,0.9999,adaptive,0.1744,0.0905,1,0.0905,0,0,0,0
c4whl0z76scc1.webp,4,6,0,0,0.992,adaptive,0.0867,0.0,0,0.0,0,0,0,0
c4whl0z76scc1.webp,4,7,4,4,1.0,adaptive,0.1724,0.0762,1,0.0762,0,0,0,0
c4whl0z76scc1.webp,4,8,0,0,0.992,adaptive,0.0726,0.0,0,0.0,0,0,0,0
c4whl0z76scc1.webp,4,9,0,0,0.992,adaptive,0.0933,0.0,0,0.0,0,0,0,0
c4whl0z76scc1.webp,5,1,0,0,0.992,adaptive,0.0823,0.0,0,0.0,0,0,0,0
c4whl0z76scc1.webp,5,2,0,0,0.992,adaptive,0.0709,0.0,0,0.0,0,0,0,0
c4whl0z76scc1.webp,5,3,0,0,0.992,adaptive,0.0963,0.0,0,0.0,0,0,0,0
c4whl0z76scc1.webp,5,4,0,0,0.992,adaptive,0.0844,0.0,0,0.0,0,0,0,0
c4whl0z76scc1.webp,5,5,7,7,1.0,adaptive,0.135,0.0647,1,0.0647,0,0,0,0
c4whl0z76scc1.webp,5,6,0,0,0.992,adaptive,0.0859,0.0,0,0.0,0,0,0,0
c4whl0z76scc1.webp,5,7,0,0,0.992,adaptive,0.0975,0.0,0,0.0,0,0,0,0
c4whl0z76scc1.webp,5,8,2,2,1.0,adaptive,0.1511,0.0831,1,0.0831,0,0,0,0
c4whl0z76scc1.webp,5,9,0,0,0.992,adaptive,0.0853,0.0,0,0.0,0,0,0,0
c4whl0z76scc1.webp,6,1,0,0,0.992,adaptive,0.0842,0.0,0,0.0,0,0,0,0
c4whl0z76scc1.webp,6,2,0,0,0.992,adaptive,0.0735,0.0,0,0.0,0,0,0,0
c4whl0z76scc1.webp,6,3,6,6,1.0,adaptive,0.1753,0.09,1,0.09,0,0,0,0
c4whl0z76scc1.webp,6,4,0,0,0.992,adaptive,0.0864,0.0,0,0.0,0,0,0,0
c4whl0z76scc1.webp,6,5,0,0,0.992,adaptive,0.0864,0.0,0,0.0,0,0,0,0
c4whl0z76scc1.webp,6,6,0,0,0.992,adaptive,0.0864,0.0,0,0.0,0,0,0,0
c4whl0z76scc1.webp,6,7,0,0,0.992,adaptive,0.1002,0.0,0,0.0,0,0,0,0
c4whl0z76scc1.webp,6,8,0,0,0.992,adaptive,0.0733,0.0,0,0.0,0,0,0,0
c4whl0z76scc1.webp,6,9,7,7,1.0,adaptive,0.1611,0.0635,1,0.0635,0,0,0,0
c4whl0z76scc1.webp,7,1,0,0,0.992,adaptive,0.0838,0.0,0,0.0,0,0,0,0
c4whl0z76scc1.webp,7,2,0,0,0.992,adaptive,0.0803,0.0,0,0.0,0,0,0,0
c4whl0z76scc1.webp,7,3,4,4,1.0,adaptive,0.1586,0.0744,1,0.0744,0,0,0,0
c4whl0z76scc1.webp,7,4,0,0,0.992,adaptive,0.0971,0.0,0,0.0,0,0,0,0
c4whl0z76scc1.webp,7,5,0,0,0.992,adaptive,0.0957,0.0,0,0.0,0,0,0,0
c4whl0z76scc1.webp,7,6,1,1,1.0,adaptive,0.145,0.0586,1,0.0586,0,0,0,0
c4whl0z76scc1.webp,7,7,3,3,1.0,adaptive,0.1773,0.0806,1,0.0806,0,0,0,0
c4whl0z76scc1.webp,7,8,7,7,1.0,adaptive,0.1373,0.0654,1,0.0654,0,0,0,0
c4whl0z76scc1.webp,7,9,0,0,0.992,adaptive,0.1107,0.0,0,0.0,0,0,0,0
c4whl0z76scc1.webp,8,1,0,0,0.992,adaptive,0.0825,0.0,0,0.0,0,0,0,0
c4whl0z76scc1.webp,8,2,6,6,1.0,adaptive,0.1517,0.0937,1,0.0937,0,0,0,0
c4whl0z76scc1.webp,8,3,0,0,0.992,adaptive,0.0957,0.0,0,0.0,0,0,0,0
c4whl0z76scc1.webp,8,4,5,5,1.0,adaptive,0.1572,0.0855,1,0.0855,0,0,0,0
c4whl0z76scc1.webp,8,5,2,2,1.0,adaptive,0.1531,0.0824,1,0.0824,0,0,0,0
c4whl0z76scc1.webp,8,6,8,8,1.0,adaptive,0.1694,0.0968,1,0.0968,0,0,0,0
c4whl0z76scc1.webp,8,7,9,9,0.9999,adaptive,0.1757,0.0916,1,0.0916,0,0,0,0
c4whl0z76scc1.webp,8,8,0,0,0.992,adaptive,0.0595,0.0,0,0.0,0,0,0,0
c4whl0z76scc1.webp,8,9,0,0,0.992,adaptive,0.0859,0.0,0,0.0,0,0,0,0
c4whl0z76scc1.webp,9,1,5,5,1.0,adaptive,0.1722,0.086,1,0.086,0,0,0,0
c4whl0z76scc1.webp,9,2,0,0,0.992,adaptive,0.0719,0.0,0,0.0,0,0,0,0
c4whl0z76scc1.webp,9,3,0,0,0.992,adaptive,0.0976,0.0,0,0.0,0,0,0,0
c4whl0z76scc1.webp,9,4,0,0,0.992,adaptive,0.0849,0.0,0,0.0,0,0,0,0
c4whl0z76scc1.webp,9,5,0,0,0.992,adaptive,0.0848,0.0,0,0.0,0,0,0,0
c4whl0z76scc1.webp,9,6,0,0,0.992,adaptive,0.0849,0.0,0,0.0,0,0,0,0
c4whl0z76scc1.webp,9,7,0,0,0.992,adaptive,0.0976,0.0,0,0.0,0,0,0,0
c4whl0z76scc1.webp,9,8,0,0,0.992,adaptive,0.0715,0.0,0,0.0,0,0,0,0
c4whl0z76scc1.webp,9,9,0,0,0.992,adaptive,0.0998,0.0,0,0.0,0,0,0,0
cd8yq2dqbspc1.webp,1,2,6,6,1.0,adaptive,0.1538,0.1389,2,0.1056,0,0,0,0
cd8yq2dqbspc1.webp,1,3,9,9,1.0,adaptive,0.1778,0.1361,2,0.1047,0,0,0,0
cd8yq2dqbspc1.webp,1,4,8,8,1.0,adaptive,0.1506,0.1397,3,0.0833,0,0,0,1
cd8yq2dqbspc1.webp,1,8,5,5,1.0,adaptive,0.1556,0.1407,1,0.1407,0,0,0,0
cd8yq2dqbspc1.webp,1,9,3,3,1.0,adaptive,0.1713,0.1305,1,0.1305,0,0,0,0
cd8yq2dqbspc1.webp,2,1,5,5,1.0,adaptive,0.1554,0.1404,1,0.1404,0,0,0,0
cd8yq2dqbspc1.webp,2,3,8,8,1.0,adaptive,0.1725,0.1454,3,0.0866,0,0,0,1
cd8yq2dqbspc1.webp,2,4,3,3,1.0,adaptive,0.135,0.1321,1,0.1321,0,0,0,0
cd8yq2dqbspc1.webp,2,6,9,9,1.0,adaptive,0.1676,0.1384,2,0.1054,0,0,0,0
cd8yq2dqbspc1.webp,2,8,6,6,1.0,adaptive,0.1449,0.1449,2,0.1104,0,0,0,0
cd8yq2dqbspc1.webp,2,9,7,7,1.0,adaptive,0.1092,0.0938,1,0.0938,0,0,0,0
cd8yq2dqbspc1.webp,3,1,7,7,1.0,adaptive,0.1281,0.0884,1,0.0884,0,0,0,0
cd8yq2dqbspc1.webp,3,2,3,3,1.0,adaptive,0.161,0.1341,1,0.1341,0,0,0,0
cd8yq2dqbspc1.webp,3,3,4,4,1.0,adaptive,0.1535,0.1036,2,0.0813,0,0,0,0
cd8yq2dqbspc1.webp,3,4,2,2,1.0,adaptive,0.1366,0.121,1,0.121,0,0,0,0
cd8yq2dqbspc1.webp,3,5,5,5,1.0,adaptive,0.168,0.14,1,0.14,0,0,0,0
cd8yq2dqbspc1.webp,3,6,6,6,1.0,adaptive,0.1838,0.1419,2,0.1089,0,0,0,0
cd8yq2dqbspc1.webp,3,7,9,9,1.0,adaptive,0.1559,0.1406,2,0.1067,0,0,0,0
cd8yq2dqbspc1.webp,3,8,1,1,0.9998,adaptive,0.088,0.0728,1,0.0728,0,0,0,0
cd8yq2dqbspc1.webp,3,9,8,8,1.0,adaptive,0.1706,0.1444,3,0.0858,0,0,0,1
cd8yq2dqbspc1.webp,4,1,6,6,1.0,adaptive,0.1648,0.1372,2,0.1047,0,0,0,0
cd8yq2dqbspc1.webp,4,2,8,8,1.0,adaptive,0.1574,0.1452,3,0.0877,0,0,0,1
cd8yq2dqbspc1.webp,4,4,4,4,1.0,adaptive,0.1141,0.0994,2,0.0795,0,0,0,0
cd8yq2dqbspc1.webp,4,9,9,9,1.0,adaptive,0.1662,0.1357,2,0.1038,0,0,0,0
cd8yq2dqbspc1.webp,5,8,7,7,1.0,adaptive,0.0957,0.0957,1,0.0957,0,0,0,0
cd8yq2dqbspc1.webp,6,2,7,7,1.0,adaptive,0.1187,0.0889,1,0.0889,0,0,0,0
cd8yq2dqbspc1.webp,6,6,3,3,0.9999,adaptive,0.1833,0.1294,1,0.1294,0,0,0,0
cd8yq2dqbspc1.webp,6,7,5,5,1.0,adaptive,0.1691,0.1408,1,0.1408,0,0,0,0
cd8yq2dqbspc1.webp,7,1,8,8,1.0,adaptive,0.1617,0.145,3,0.0862,0,0,0,1
cd8yq2dqbspc1.webp,7,2,5,5,1.0,adaptive,0.154,0.14,1,0.14,0,0,0,0
cd8yq2dqbspc1.webp,7,3,6,6,1.0,adaptive,0.1822,0.1415,2,0.1078,0,0,0,0
cd8yq2dqbspc1.webp,7,4,1,1,1.0,adaptive,0.0869,0.0731,1,0.0731,0,0,0,0
cd8yq2dqbspc1.webp,7,5,3,3,1.0,adaptive,0.1465,0.1323,1,0.1323,0,0,0,0
cd8yq2dqbspc1.webp,7,7,7,7,1.0,adaptive,0.1051,0.0911,1,0.0911,0,0,0,0
cd8yq2dqbspc1.webp,7,8,9,9,1.0,adaptive,0.1463,0.1314,2,0.1002,0,0,0,0
cd8yq2dqbspc1.webp,8,2,4,4,1.0,adaptive,0.1049,0.1049,2,0.0829,0,0,0,0
cd8yq2dqbspc1.webp,8,3,7,7,1.0,adaptive,0.1192,0.0893,1,0.0893,0,0,0,0
cd8yq2dqbspc1.webp,8,4,5,5,1.0,adaptive,0.1413,0.1407,1,0.1407,0,0,0,0
cd8yq2dqbspc1.webp,8,5,9,9,1.0,adaptive,0.1419,0.1419,2,0.1079,0,0,0,0
cd8yq2dqbspc1.webp,8,6,8,8,1.0,adaptive,0.1723,0.1456,3,0.0868,0,0,0,1
cd8yq2dqbspc1.webp,8,7,6,6,1.0,adaptive,0.1404,0.14,2,0.107,0,0,0,0
cd8yq2dqbspc1.webp,8,9,1,1,1.0,adaptive,0.0873,0.0706,1,0.0706,0,0,0,0
cd8yq2dqbspc1.webp,9,2,9,9,1.0,adaptive,0.1707,0.142,2,0.1085,0,0,0,0
cd8yq2dqbspc1.webp,9,4,7,7,1.0,adaptive,0.1198,0.092,1,0.092,0,0,0,0
cd8yq2dqbspc1.webp,9,5,6,6,1.0,adaptive,0.171,0.1416,2,0.1088,0,0,0,0
cd8yq2dqbspc1.webp,9,9,5,5,1.0,adaptive,0.1824,0.1383,1,0.1383,0,0,0,0
ckwljdbs3yhc1.webp,1,1,9,9,1.0,adaptive,0.2134,0.0896,1,0.0896,0,0,0,0
ckwljdbs3yhc1.webp,1,2,0,0,0.992,adaptive,0.1117,0.0,2,0.0,2,0,0,0
ckwljdbs3yhc1.webp,1,3,0,0,0.992,adaptive,0.1441,0.0,2,0.0074,1,0,0,0
ckwljdbs3yhc1.webp,1,4,0,0,0.992,adaptive,0.1294,0.0,2,0.0,1,1,0,0
ckwljdbs3yhc1.webp,1,5,0,0,0.992,adaptive,0.1585,0.0,3,0.0,2,1,0,0
ckwljdbs3yhc1.webp,1,6,5,5,1.0,adaptive,0.2306,0.0742,4,0.0742,1,2,0,0
ckwljdbs3yhc1.webp,1,7,7,7,1.0,adaptive,0.1927,0.0515,2,0.0515,0,1,0,0
ckwljdbs3yhc1.webp,1,8,4,4,1.0,adaptive,0.1789,0.066,5,0.066,4,0,0,0
ckwljdbs3yhc1.webp,1,9,6,6,0.9988,adaptive,0.2096,0.088,2,0.088,1,0,0,0
ckwljdbs3yhc1.webp,2,1,7,7,1.0,adaptive,0.1829,0.0565,4,0.0565,3,0,0,0
ckwljdbs3yhc1.webp,2,2,0,0,0.992,adaptive,0.1217,0.0,2,0.0,2,0,0,0
ckwljdbs3yhc1.webp,2,3,0,0,0.992,adaptive,0.1807,0.0,4,0.0,4,0,0,0
ckwljdbs3yhc1.webp,2,4,0,0,0.992,adaptive,0.1545,0.0,5,0.0068,4,0,0,0
ckwljdbs3yhc1.webp,2,5,0,0,0.992,adaptive,0.1446,0.0,1,0.0,0,1,0,0
ckwljdbs3yhc1.webp,2,6,0,0,0.992,adaptive,0.1499,0.0,11,0.0059,10,0,0,0
ckwljdbs3yhc1.webp,2,7,0,0,0.992,adaptive,0.1701,0.0,1,0.0,1,0,0,0
ckwljdbs3yhc1.webp,2,8,0,0,0.992,adaptive,0.1276,0.0,0,0.0,0,0,0,0
ckwljdbs3yhc1.webp,2,9,2,2,1.0,adaptive,0.2182,0.0816,1,0.0816,0,0,0,0
ckwljdbs3yhc1.webp,3,1,0,0,0.992,adaptive,0.1646,0.0,7,0.0,7,0,0,0
ckwljdbs3yhc1.webp,3,2,0,0,0.992,adaptive,0.1651,0.0,8,0.0,8,0,0,0
ckwljdbs3yhc1.webp,3,3,5,5,1.0,adaptive,0.2673,0.0793,3,0.0793,2,0,0,0
ckwljdbs3yhc1.webp,3,4,0,0,0.992,adaptive,0.1885,0.0,6,0.0,6,0,0,0
ckwljdbs3yhc1.webp,3,5,4,4,1.0,adaptive,0.2372,0.0656,2,0.0656,1,0,0,0
ckwljdbs3yhc1.webp,3,6,6,6,0.9931,adaptive,0.2535,0.0945,8,0.0889,6,0,0,0
ckwljdbs3yhc1.webp,3,7,0,0,0.992,adaptive,0.1963,0.0,7,0.0,7,0,0,0
ckwljdbs3yhc1.webp,3,8,0,0,0.992,adaptive,0.1619,0.0,1,0.0,1,0,0,0
ckwljdbs3yhc1.webp,3,9,0,0,0.992,adaptive,0.1544,0.0,1,0.0,1,0,0,0
ckwljdbs3yhc1.webp,4,1,0,0,0.992,adaptive,0.1428,0.0,12,0.0,12,0,0,0
ckwljdbs3yhc1.webp,4,2,0,0,0.992,adaptive,0.145,0.0,11,0.0,11,0,0,0
ckwljdbs3yhc1.webp,4,3,1,1,0.9977,adaptive,0.2132,0.0452,14,0.0452,13,0,0,0
ckwljdbs3yhc1.webp,4,4,6,6,1.0,adaptive,0.2473,0.0869,7,0.0869,5,1,0,0
ckwljdbs3yhc1.webp,4,5,7,7,1.0,adaptive,0.2013,0.0615,9,0.0554,7,0,0,0
ckwljdbs3yhc1.webp,4,6,0,0,0.992,adaptive,0.1419,0.0,8,0.0,7,1,0,0
ckwljdbs3yhc1.webp,4,7,0,0,0.992,adaptive,0.1706,0.0,9,0.0,9,0,0,0
ckwljdbs3yhc1.webp,4,8,0,0,0.992,adaptive,0.1617,0.0,4,0.0,4,0,0,0
ckwljdbs3yhc1.webp,4,9,3,3,1.0,adaptive,0.2582,0.084,3,0.084,2,0,0,0
ckwljdbs3yhc1.webp,5,1,0,0,0.992,adaptive,0.1502,0.0,10,0.0,10,0,0,0
ckwljdbs3yhc1.webp,5,2,8,8,1.0,adaptive,0.2346,0.0946,5,0.0946,4,0,0,0
ckwljdbs3yhc1.webp,5,3,0,0,0.992,adaptive,0.1737,0.0,13,0.0,13,0,0,0
ckwljdbs3yhc1.webp,5,4,0,0,0.992,adaptive,0.1705,0.0,10,0.0,10,0,0,0
ckwljdbs3yhc1.webp,5,5,3,3,1.0,adaptive,0.2326,0.0815,3,0.0815,2,0,0,0
ckwljdbs3yhc1.webp,5,6,0,0,0.992,adaptive,0.1275,0.0,9,0.0,8,1,0,0
ckwljdbs3yhc1.webp,5,7,0,0,0.992,adaptive,0.164,0.0,10,0.0052,9,0,0,0
ckwljdbs3yhc1.webp,5,8,2,2,1.0,adaptive,0.2135,0.0902,8,0.0902,7,0,0,0
ckwljdbs3yhc1.webp,5,9,9,9,1.0,adaptive,0.2397,0.0914,4,0.0914,3,0,0,0
ckwljdbs3yhc1.webp,6,1,0,0,0.992,adaptive,0.1746,0.0,10,0.0,10,0,0,0
ckwljdbs3yhc1.webp,6,2,0,0,0.992,adaptive,0.1612,0.0,12,0.0,12,0,0,0
ckwljdbs3yhc1.webp,6,3,0,0,0.992,adaptive,0.1845,0.0,8,0.0,8,0,0,0
ckwljdbs3yhc1.webp,6,4,0,0,0.992,adaptive,0.1662,0.0,8,0.0,8,0,0,0
ckwljdbs3yhc1.webp,6,5,0,0,0.992,adaptive,0.1606,0.0,6,0.0,6,0,0,0
ckwljdbs3yhc1.webp,6,6,0,0,0.992,adaptive,0.1337,0.0,9,0.0,8,1,0,0
ckwljdbs3yhc1.webp,6,7,0,0,0.992,adaptive,0.162,0.0,14,0.0,14,0,0,0
ckwljdbs3yhc1.webp,6,8,0,0,0.992,adaptive,0.135,0.0,14,0.0,14,0,0,0
ckwljdbs3yhc1.webp,6,9,5,5,1.0,adaptive,0.2085,0.08,3,0.08,2,0,0,0
ckwljdbs3yhc1.webp,7,1,3,3,1.0,adaptive,0.2457,0.0804,3,0.0804,2,0,0,0
ckwljdbs3yhc1.webp,7,2,0,0,0.992,adaptive,0.1671,0.0,4,0.0,4,0,0,0
ckwljdbs3yhc1.webp,7,3,0,0,0.992,adaptive,0.1769,0.0,11,0.0,11,0,0,0
ckwljdbs3yhc1.webp,7,4,0,0,0.992,adaptive,0.1775,0.0,11,0.0,11,0,0,0
ckwljdbs3yhc1.webp,7,5,0,0,0.992,adaptive,0.1612,0.0,5,0.0,5,0,0,0
ckwljdbs3yhc1.webp,7,6,1,1,0.9901,adaptive,0.1813,0.0443,9,0.0443,7,1,0,0
ckwljdbs3yhc1.webp,7,7,2,2,1.0,adaptive,0.2522,0.0802,6,0.0802,5,0,0,0
ckwljdbs3yhc1.webp,7,8,0,0,0.992,adaptive,0.1603,0.0,14,0.0,14,0,0,0
ckwljdbs3yhc1.webp,7,9,7,7,1.0,adaptive,0.2174,0.0579,6,0.0579,5,0,0,0
ckwljdbs3yhc1.webp,8,1,0,0,0.992,adaptive,0.1547,0.0,2,0.0,2,0,0,0
ckwljdbs3yhc1.webp,8,2,0,0,0.992,adaptive,0.1435,0.0,3,0.0,3,0,0,0
ckwljdbs3yhc1.webp,8,3,0,0,0.992,adaptive,0.145,0.0,5,0.0,5,0,0,0
ckwljdbs3yhc1.webp,8,4,8,8,1.0,adaptive,0.2334,0.0893,4,0.0893,3,0,0,0
ckwljdbs3yhc1.webp,8,5,0,0,0.992,adaptive,0.1189,0.0,9,0.0,9,0,0,0
ckwljdbs3yhc1.webp,8,6,0,0,0.992,adaptive,0.0918,0.0,3,0.0,2,1,0,0
ckwljdbs3yhc1.webp,8,7,9,9,1.0,adaptive,0.2248,0.0884,7,0.0884,6,0,0,0
ckwljdbs3yhc1.webp,8,8,0,0,0.992,adaptive,0.126,0.0,7,0.0,7,0,0,0
ckwljdbs3yhc1.webp,8,9,0,0,0.992,adaptive,0.1217,0.0,7,0.0,7,0,0,0
ckwljdbs3yhc1.webp,9,1,0,0,0.992,adaptive,0.1444,0.0,1,0.0,1,0,0,0
ckwljdbs3yhc1.webp,9,2,0,0,0.992,adaptive,0.1357,0.0,3,0.0,3,0,0,0
ckwljdbs3yhc1.webp,9,3,0,0,0.992,adaptive,0.1401,0.0,1,0.0,1,0,0,0
ckwljdbs3yhc1.webp,9,4,0,0,0.992,adaptive,0.1283,0.0,2,0.0,2,0,0,0
ckwljdbs3yhc1.webp,9,5,0,0,0.992,adaptive,0.1117,0.0,4,0.0,4,0,0,0
ckwljdbs3yhc1.webp,9,6,0,0,0.992,adaptive,0.0971,0.0,2,0.0,1,1,0,0
ckwljdbs3yhc1.webp,9,7,0,0,0.992,adaptive,0.1386,0.0,5,0.0,5,0,0,0
ckwljdbs3yhc1.webp,9,8,1,1,0.9961,adaptive,0.1601,0.0455,1,0.0455,0,0,0,0
ckwljdbs3yhc1.webp,9,9,0,0,0.992,adaptive,0.1141,0.0,2,0.0,2,0,0,0
cq2c7nedomtc1.webp,1,1,7,7,1.0,adaptive,0.1682,0.1421,1,0.1421,0,0,0,0
cq2c7nedomtc1.webp,1,2,1,1,1.0,adaptive,0.1128,0.0991,1,0.0991,0,0,0,0
cq2c7nedomtc1.webp,1,5,9,9,1.0,adaptive,0.1773,0.1624,2,0.1203,0,0,0,0
cq2c7nedomtc1.webp,1,6,2,2,1.0,adaptive,0.2014,0.1604,1,0.1604,0,0,0,0
cq2c7nedomtc1.webp,1,8,4,4,1.0,adaptive,0.1696,0.1549,2,0.1257,0,0,0,0
cq2c7nedomtc1.webp,1,9,6,6,1.0,adaptive,0.1971,0.1611,2,0.1198,0,0,0,0
cq2c7nedomtc1.webp,2,1,6,6,0.9999,adaptive,0.1759,0.1612,2,0.1194,0,0,0,0
cq2c7nedomtc1.webp,2,2,9,9,1.0,adaptive,0.1669,0.1669,2,0.1244,0,0,0,0
cq2c7nedomtc1.webp,2,3,3,3,0.9998,adaptive,0.1832,0.1682,1,0.1682,0,0,0,0
cq2c7nedomtc1.webp,2,4,1,1,1.0,adaptive,0.1171,0.1115,1,0.1115,0,0,0,0
cq2c7nedomtc1.webp,2,5,8,8,1.0,adaptive,0.2062,0.2078,3,0.129,0,0,0,1
cq2c7nedomtc1.webp,2,6,4,4,1.0,adaptive,0.161,0.1334,2,0.104,0,0,0,0
cq2c7nedomtc1.webp,2,7,7,7,1.0,adaptive,0.1244,0.1244,1,0.1244,0,0,0,0
cq2c7nedomtc1.webp,2,8,2,2,1.0,adaptive,0.1589,0.1589,1,0.1589,0,0,0,0
cq2c7nedomtc1.webp,2,9,5,5,1.0,adaptive,0.2024,0.1746,1,0.1746,0,0,0,0
cq2c7nedomtc1.webp,3,2,4,4,1.0,adaptive,0.1522,0.1341,2,0.1045,0,0,0,0
cq2c7nedomtc1.webp,3,4,6,6,1.0,adaptive,0.1858,0.1588,2,0.1167,0,0,0,0
cq2c7nedomtc1.webp,3,6,7,7,1.0,adaptive,0.1606,0.1198,1,0.1198,0,0,0,0
cq2c7nedomtc1.webp,3,8,9,9,1.0,adaptive,0.1981,0.1832,2,0.1377,0,0,0,0
cq2c7nedomtc1.webp,3,9,1,1,1.0,adaptive,0.1359,0.0978,1,0.0978,0,0,0,0
cq2c7nedomtc1.webp,4,1,9,9,1.0,adaptive,0.1809,0.1595,2,0.1181,0,0,0,0
cq2c7nedomtc1.webp,4,2,5,5,1.0,adaptive,0.2105,0.1974,1,0.1974,0,0,0,0
cq2c7nedomtc1.webp,4,4,4,4,1.0,adaptive,0.1519,0.1366,2,0.1072,0,0,0,0
cq2c7nedomtc1.webp,4,6,6,6,1.0,adaptive,0.1954,0.1584,2,0.1172,0,0,0,0
cq2c7nedomtc1.webp,4,7,2,2,1.0,adaptive,0.1956,0.1818,1,0.1818,0,0,0,0
cq2c7nedomtc1.webp,4,9,8,8,1.0,adaptive,0.2361,0.1989,3,0.1252,0,0,0,1
cq2c7nedomtc1.webp,5,1,4,4,1.0,adaptive,0.1488,0.1339,2,0.1056,0,0,0,0
cq2c7nedomtc1.webp,5,2,8,8,1.0,adaptive,0.2071,0.2103,3,0.1315,0,0,0,1
cq2c7nedomtc1.webp,5,6,1,1,0.9999,adaptive,0.1153,0.0871,1,0.0871,0,0,0,0
cq2c7nedomtc1.webp,5,7,6,6,0.9999,adaptive,0.1839,0.1829,2,0.1375,0,0,0,0
cq2c7nedomtc1.webp,5,9,9,9,1.0,adaptive,0.1913,0.1637,2,0.1208,0,0,0,0
cq2c7nedomtc1.webp,6,2,3,3,0.9998,adaptive,0.1931,0.166,1,0.166,0,0,0,0
cq2c7nedomtc1.webp,6,3,6,6,1.0,adaptive,0.1965,0.1586,2,0.1176,0,0,0,0
cq2c7nedomtc1.webp,6,4,8,8,1.0,adaptive,0.2083,0.1804,3,0.1092,0,0,0,1
cq2c7nedomtc1.webp,6,6,9,9,1.0,adaptive,0.223,0.1789,2,0.1339,0,0,0,0
cq2c7nedomtc1.webp,6,7,4,4,1.0,adaptive,0.149,0.1332,2,0.1047,0,0,0,0
cq2c7nedomtc1.webp,6,9,7,7,1.0,adaptive,0.1628,0.1236,1,0.1236,0,0,0,0
cq2c7nedomtc1.webp,7,1,3,3,0.9992,adaptive,0.2049,0.1909,1,0.1909,0,0,0,0
cq2c7nedomtc1.webp,7,2,6,6,1.0,adaptive,0.1635,0.1635,2,0.1219,0,0,0,0
cq2c7nedomtc1.webp,7,3,9,9,1.0,adaptive,0.1956,0.1811,2,0.1363,0,0,0,0
cq2c7nedomtc1.webp,7,4,7,7,1.0,adaptive,0.1537,0.1421,1,0.1421,0,0,0,0
cq2c7nedomtc1.webp,7,5,4,4,1.0,adaptive,0.1379,0.1379,2,0.1079,0,0,0,0
cq2c7nedomtc1.webp,7,6,5,5,1.0,adaptive,0.1925,0.1644,1,0.1644,0,0,0,0
cq2c7nedomtc1.webp,7,7,1,1,0.9999,adaptive,0.1085,0.0973,1,0.0973,0,0,0,0
cq2c7nedomtc1.webp,7,8,8,8,1.0,adaptive,0.1931,0.1857,3,0.114,0,0,0,1
cq2c7nedomtc1.webp,7,9,2,2,1.0,adaptive,0.1954,0.1597,1,0.1597,0,0,0,0
cq2c7nedomtc1.webp,8,2,2,2,1.0,adaptive,0.1644,0.163,1,0.163,0,0,0,0
cq2c7nedomtc1.webp,8,4,9,9,1.0,adaptive,0.1775,0.1626,2,0.1208,0,0,0,0
cq2c7nedomtc1.webp,8,5,6,6,1.0,adaptive,0.1864,0.1864,2,0.1403,0,0,0,0
cq2c7nedomtc1.webp,8,6,3,3,0.9999,adaptive,0.1961,0.1676,1,0.1676,0,0,0,0
cq2c7nedomtc1.webp,8,7,5,5,1.0,adaptive,0.199,0.199,1,0.199,0,0,0,0
cq2c7nedomtc1.webp,8,8,7,7,1.0,adaptive,0.1253,0.1253,1,0.1253,0,0,0,0
cq2c7nedomtc1.webp,8,9,4,4,1.0,adaptive,0.1619,0.1355,2,0.107,0,0,0,0
cq2c7nedomtc1.webp,9,1,5,5,1.0,adaptive,0.2092,0.1682,1,0.1682,0,0,0,0
cq2c7nedomtc1.webp,9,2,7,7,1.0,adaptive,0.1529,0.1244,1,0.1244,0,0,0,0
cq2c7nedomtc1.webp,9,3,4,4,1.0,adaptive,0.192,0.1513,2,0.123,0,0,0,0
cq2c7nedomtc1.webp,9,4,2,2,1.0,adaptive,0.2016,0.1624,1,0.1624,0,0,0,0
cq2c7nedomtc1.webp,9,5,1,1,1.0,adaptive,0.1119,0.092,1,0.092,0,0,0,0
cq2c7nedomtc1.webp,9,6,8,8,1.0,adaptive,0.2321,0.1831,3,0.1112,0,0,0,1
cq2c7nedomtc1.webp,9,7,9,9,1.0,adaptive,0.1851,0.1591,2,0.1165,0,0,0,0
cq2c7nedomtc1.webp,9,8,6,6,1.0,adaptive,0.1936,0.166,2,0.1232,0,0,0,0
cq2c7nedomtc1.webp,9,9,3,3,0.9999,adaptive,0.2098,0.1635,1,0.1635,0,0,0,0
crpprhafhclc1.webp,1,3,3,3,1.0,adaptive,0.2098,0.1049,1,0.1049,0,0,0,0
crpprhafhclc1.webp,1,8,1,1,0.9966,adaptive,0.1413,0.05,1,0.05,0,0,0,0
crpprhafhclc1.webp,1,9,6,6,0.9976,adaptive,0.1853,0.0795,1,0.0795,0,0,0,0
crpprhafhclc1.webp,2,2,7,7,1.0,adaptive,0.1483,0.082,1,0.082,0,0,0,0
crpprhafhclc1.webp,2,5,6,6,0.9986,adaptive,0.1641,0.0838,1,0.0838,0,0,0,0
crpprhafhclc1.webp,2,8,8,8,1.0,adaptive,0.2041,0.1237,1,0.1237,0,0,0,0
crpprhafhclc1.webp,2,9,3,3,1.0,adaptive,0.1974,0.1049,1,0.1049,0,0,0,0
crpprhafhclc1.webp,3,3,1,1,0.9855,adaptive,0.1486,0.0646,1,0.0646,0,0,0,0
crpprhafhclc1.webp,3,4,3,3,1.0,adaptive,0.1642,0.0773,1,0.0773,0,0,0,0
crpprhafhclc1.webp,3,5,2,2,1.0,adaptive,0.1868,0.1052,1,0.1052,0,0,0,0
crpprhafhclc1.webp,3,6,4,4,1.0,adaptive,0.1918,0.0971,1,0.0971,0,0,0,0
crpprhafhclc1.webp,3,7,7,7,1.0,adaptive,0.1513,0.0555,1,0.0555,0,0,0,0
crpprhafhclc1.webp,3,8,5,5,1.0,adaptive,0.1635,0.0823,1,0.0823,0,0,0,0
crpprhafhclc1.webp,3,9,9,9,1.0,adaptive,0.2025,0.1065,1,0.1065,0,0,0,0
crpprhafhclc1.webp,4,4,2,2,1.0,adaptive,0.1816,0.0757,1,0.0757,0,0,0,0
crpprhafhclc1.webp,4,7,6,6,0.9998,adaptive,0.2143,0.1065,1,0.1065,0,0,0,0
crpprhafhclc1.webp,4,8,3,3,1.0,adaptive,0.163,0.0785,1,0.0785,0,0,0,0
crpprhafhclc1.webp,5,3,2,2,1.0,adaptive,0.1877,0.1031,1,0.1031,0,0,0,0
crpprhafhclc1.webp,5,5,3,3,1.0,adaptive,0.1598,0.0794,1,0.0794,0,0,0,0
crpprhafhclc1.webp,5,8,7,7,1.0,adaptive,0.1577,0.079,1,0.079,0,0,0,0
crpprhafhclc1.webp,5,9,4,4,1.0,adaptive,0.1929,0.0993,1,0.0993,0,0,0,0
crpprhafhclc1.webp,6,5,4,4,1.0,adaptive,0.1805,0.0997,1,0.0997,0,0,0,0
crpprhafhclc1.webp,6,7,9,9,1.0,adaptive,0.2009,0.1056,1,0.1056,0,0,0,0
crpprhafhclc1.webp,6,8,2,2,1.0,adaptive,0.1961,0.1038,1,0.1038,0,0,0,0
crpprhafhclc1.webp,6,9,8,8,1.0,adaptive,0.2152,0.119,1,0.119,0,0,0,0
crpprhafhclc1.webp,7,2,1,1,0.9926,adaptive,0.1483,0.0676,1,0.0676,0,0,0,0
crpprhafhclc1.webp,7,4,4,4,1.0,adaptive,0.1662,0.0715,1,0.0715,0,0,0,0
crpprhafhclc1.webp,7,5,7,7,1.0,adaptive,0.1599,0.0794,1,0.0794,0,0,0,0
crpprhafhclc1.webp,7,6,3,3,1.0,adaptive,0.1631,0.0771,1,0.0771,0,0,0,0
crpprhafhclc1.webp,7,8,6,6,0.9997,adaptive,0.1884,0.1074,1,0.1074,0,0,0,0
crpprhafhclc1.webp,8,4,5,5,1.0,adaptive,0.1637,0.0803,1,0.0803,0,0,0,0
crpprhafhclc1.webp,8,5,9,9,1.0,adaptive,0.1756,0.1065,1,0.1065,0,0,0,0
crpprhafhclc1.webp,8,6,6,6,0.9992,adaptive,0.1974,0.1074,1,0.1074,0,0,0,0
crpprhafhclc1.webp,8,8,4,4,1.0,adaptive,0.1703,0.1017,1,0.1017,0,0,0,0
crpprhafhclc1.webp,9,2,4,4,1.0,adaptive,0.192,0.0986,1,0.0986,0,0,0,0
crpprhafhclc1.webp,9,3,6,6,0.9998,adaptive,0.2034,0.1067,1,0.1067,0,0,0,0
crpprhafhclc1.webp,9,4,8,8,1.0,adaptive,0.2277,0.1203,1,0.1203,0,0,0,0
crpprhafhclc1.webp,9,5,1,1,0.9949,adaptive,0.159,0.0654,1,0.0654,0,0,0,0
crpprhafhclc1.webp,9,6,2,2,0.9999,adaptive,0.2096,0.1014,1,0.1014,0,0,0,0
crpprhafhclc1.webp,9,8,9,9,1.0,adaptive,0.1649,0.0825,1,0.0825,0,0,0,0
crpprhafhclc1.webp,9,9,7,7,1.0,adaptive,0.1838,0.0762,1,0.0762,0,0,0,0
d8h70cm1osec1.png,1,1,5,5,1.0,adaptive,0.1916,0.0824,1,0.0824,0,0,0,0
d8h70cm1osec1.png,1,2,4,4,1.0,adaptive,0.1508,0.0789,1,0.0789,0,0,0,0
d8h70cm1osec1.png,1,3,3,3,1.0,adaptive,0.1753,0.0793,1,0.0793,0,0,0,0
d8h70cm1osec1.png,1,5,1,1,0.9971,adaptive,0.1391,0.0495,1,0.0495,0,0,0,0
d8h70cm1osec1.png,1,6,7,7,1.0,adaptive,0.1562,0.0575,1,0.0575,0,0,0,0
d8h70cm1osec1.png,1,7,6,6,0.9948,adaptive,0.1909,0.0818,1,0.0818,0,0,0,0
d8h70cm1osec1.png,1,8,9,9,1.0,adaptive,0.1678,0.0839,1,0.0839,0,0,0,0
d8h70cm1osec1.png,2,2,1,1,0.9965,adaptive,0.1077,0.05,1,0.05,0,0,0,0
d8h70cm1osec1.png,2,3,7,7,1.0,adaptive,0.1404,0.0586,1,0.0586,0,0,0,0
d8h70cm1osec1.png,2,4,9,9,1.0,adaptive,0.1662,0.0834,1,0.0834,0,0,0,0
d8h70cm1osec1.png,2,5,0,0,0.992,adaptive,0.0778,0.0,0,0.0,0,0,0,0
d8h70cm1osec1.png,2,6,0,0,0.992,adaptive,0.0721,0.0,0,0.0,0,0,0,0
d8h70cm1osec1.png,2,8,5,5,1.0,adaptive,0.1416,0.0838,1,0.0838,0,0,0,0
d8h70cm1osec1.png,2,9,4,4,1.0,adaptive,0.1615,0.0769,1,0.0769,0,0,0,0
d8h70cm1osec1.png,3,2,8,8,1.0,adaptive,0.1538,0.0957,1,0.0957,0,0,0,0
d8h70cm1osec1.png,3,3,9,9,1.0,adaptive,0.1671,0.0824,1,0.0824,0,0,0,0
d8h70cm1osec1.png,3,4,4,4,1.0,adaptive,0.1622,0.0791,1,0.0791,0,0,0,0
d8h70cm1osec1.png,3,6,5,5,1.0,adaptive,0.1691,0.0829,1,0.0829,0,0,0,0
d8h70cm1osec1.png,3,7,1,1,0.9959,adaptive,0.1423,0.0454,1,0.0454,0,0,0,0
d8h70cm1osec1.png,3,8,3,3,1.0,adaptive,0.1515,0.081,1,0.081,0,0,0,0
d8h70cm1osec1.png,3,9,7,7,1.0,adaptive,0.1573,0.0595,1,0.0595,0,0,0,0
d8h70cm1osec1.png,4,1,4,4,1.0,adaptive,0.1865,0.0764,1,0.0764,0,0,0,0
d8h70cm1osec1.png,4,2,3,3,1.0,adaptive,0.1515,0.0791,1,0.0791,0,0,0,0
d8h70cm1osec1.png,4,3,6,6,0.9974,adaptive,0.18,0.0813,1,0.0813,0,0,0,0
d8h70cm1osec1.png,4,4,1,1,0.997,adaptive,0.1406,0.0437,1,0.0437,0,0,0,0
d8h70cm1osec1.png,4,5,5,5,1.0,adaptive,0.1784,0.0834,1,0.0834,0,0,0,0
d8h70cm1osec1.png,4,7,7,7,1.0,adaptive,0.1686,0.0575,1,0.0575,0,0,0,0
d8h70cm1osec1.png,4,9,9,9,1.0,adaptive,0.1911,0.0802,1,0.0802,0,0,0,0
d8h70cm1osec1.png,5,1,7,7,1.0,adaptive,0.1422,0.0581,1,0.0581,0,0,0,0
d8h70cm1osec1.png,5,2,5,5,1.0,adaptive,0.1276,0.0836,1,0.0836,0,0,0,0
d8h70cm1osec1.png,5,4,6,6,0.9979,adaptive,0.1533,0.0821,1,0.0821,0,0,0,0
d8h70cm1osec1.png,5,5,9,9,1.0,adaptive,0.1517,0.0822,1,0.0822,0,0,0,0
d8h70cm1osec1.png,5,6,4,4,1.0,adaptive,0.1511,0.0791,1,0.0791,0,0,0,0
d8h70cm1osec1.png,5,8,1,1,0.9933,adaptive,0.1084,0.051,1,0.051,0,0,0,0
d8h70cm1osec1.png,5,9,3,3,1.0,adaptive,0.1644,0.0801,1,0.0801,0,0,0,0
d8h70cm1osec1.png,6,1,1,1,0.9951,adaptive,0.1484,0.0503,1,0.0503,0,0,0,0
d8h70cm1osec1.png,6,2,9,9,1.0,adaptive,0.14,0.0819,1,0.0819,0,0,0,0
d8h70cm1osec1.png,6,4,0,0,0.992,adaptive,0.0835,0.0,0,0.0,0,0,0,0
d8h70cm1osec1.png,6,5,7,7,1.0,adaptive,0.1443,0.0617,1,0.0617,0,0,0,0
d8h70cm1osec1.png,6,6,0,0,0.992,adaptive,0.086,0.0,0,0.0,0,0,0,0
d8h70cm1osec1.png,6,7,5,5,1.0,adaptive,0.1804,0.0829,1,0.0829,0,0,0,0
d8h70cm1osec1.png,6,8,4,4,1.0,adaptive,0.1479,0.0771,1,0.0771,0,0,0,0
d8h70cm1osec1.png,6,9,6,6,0.9975,adaptive,0.1789,0.0806,1,0.0806,0,0,0,0
d8h70cm1osec1.png,7,1,9,9,1.0,adaptive,0.1918,0.0813,1,0.0813,0,0,0,0
d8h70cm1osec1.png,7,2,6,6,0.9963,adaptive,0.1554,0.0825,1,0.0825,0,0,0,0
d8h70cm1osec1.png,7,3,5,5,1.0,adaptive,0.1802,0.082,1,0.082,0,0,0,0
d8h70cm1osec1.png,7,4,0,0,0.992,adaptive,0.0971,0.0,0,0.0,0,0,0,0
d8h70cm1osec1.png,7,5,0,0,0.992,adaptive,0.0966,0.0,0,0.0,0,0,0,0
d8h70cm1osec1.png,7,6,1,1,0.9969,adaptive,0.1497,0.0508,1,0.0508,0,0,0,0
d8h70cm1osec1.png,7,7,4,4,1.0,adaptive,0.1865,0.0753,1,0.0753,0,0,0,0
d8h70cm1osec1.png,7,8,7,7,1.0,adaptive,0.1445,0.0595,1,0.0595,0,0,0,0
d8h70cm1osec1.png,8,1,8,8,1.0,adaptive,0.1771,0.0923,1,0.0923,0,0,0,0
d8h70cm1osec1.png,8,2,7,7,1.0,adaptive,0.1026,0.0588,1,0.0588,0,0,0,0
d8h70cm1osec1.png,8,3,4,4,1.0,adaptive,0.1436,0.0728,1,0.0728,0,0,0,0
d8h70cm1osec1.png,8,4,5,5,1.0,adaptive,0.1538,0.0832,1,0.0832,0,0,0,0
d8h70cm1osec1.png,8,6,9,9,1.0,adaptive,0.1556,0.083,1,0.083,0,0,0,0
d8h70cm1osec1.png,8,7,3,3,1.0,adaptive,0.1667,0.0812,1,0.0812,0,0,0,0
d8h70cm1osec1.png,8,9,1,1,0.9948,adaptive,0.1303,0.0441,1,0.0441,0,0,0,0
d8h70cm1osec1.png,9,1,3,3,1.0,adaptive,0.1769,0.0784,1,0.0784,0,0,0,0
d8h70cm1osec1.png,9,2,2,2,1.0,adaptive,0.1346,0.0767,1,0.0767,0,0,0,0
d8h70cm1osec1.png,9,3,1,1,0.9951,adaptive,0.1343,0.0492,1,0.0492,0,0,0,0
d8h70cm1osec1.png,9,4,7,7,1.0,adaptive,0.1426,0.0586,1,0.0586,0,0,0,0
d8h70cm1osec1.png,9,5,4,4,1.0,adaptive,0.1597,0.0769,1,0.0769,0,0,0,0
d8h70cm1osec1.png,9,7,9,9,1.0,adaptive,0.1827,0.0804,1,0.0804,0,0,0,0
d8h70cm1osec1.png,9,9,5,5,1.0,adaptive,0.1934,0.0822,1,0.0822,0,0,0,0
ddhhpptdsnac1.webp,1,1,4,4,0.9886,adaptive,0.217,0.1038,1,0.1038,0,0,0,0
ddhhpptdsnac1.webp,1,2,9,9,1.0,adaptive,0.1843,0.104,2,0.104,1,0,0,0
ddhhpptdsnac1.webp,1,3,3,3,0.9893,adaptive,0.1882,0.0809,3,0.0809,2,0,0,0
ddhhpptdsnac1.webp,1,4,7,7,1.0,adaptive,0.1528,0.0682,1,0.0682,0,0,0,0
ddhhpptdsnac1.webp,1,5,6,6,0.985,adaptive,0.1924,0.107,1,0.107,0,0,0,0
ddhhpptdsnac1.webp,1,6,1,0,0.992,adaptive,0.1446,0.0,3,0.0,2,1,0,0
ddhhpptdsnac1.webp,1,7,8,8,1.0,adaptive,0.2107,0.104,1,0.104,0,0,0,0
ddhhpptdsnac1.webp,1,8,2,2,0.9968,adaptive,0.1965,0.0932,1,0.0932,0,0,0,0
ddhhpptdsnac1.webp,1,9,5,5,0.9377,adaptive,0.2442,0.1181,5,0.1181,4,0,0,0
ddhhpptdsnac1.webp,2,1,2,2,0.9964,adaptive,0.1857,0.1015,1,0.1015,0,0,0,0
ddhhpptdsnac1.webp,2,2,1,1,0.9978,adaptive,0.1433,0.0572,1,0.0572,0,0,0,0
ddhhpptdsnac1.webp,2,3,6,6,0.9999,adaptive,0.1782,0.0823,1,0.0823,0,0,0,0
ddhhpptdsnac1.webp,2,4,3,3,0.993,adaptive,0.1542,0.0701,2,0.0642,0,0,0,0
ddhhpptdsnac1.webp,2,5,5,5,0.9722,adaptive,0.1765,0.0923,1,0.0923,0,0,0,0
ddhhpptdsnac1.webp,2,6,8,8,1.0,adaptive,0.2191,0.1418,3,0.1251,0,0,0,1
ddhhpptdsnac1.webp,2,7,9,9,0.9525,adaptive,0.168,0.0776,2,0.0776,1,0,0,0
ddhhpptdsnac1.webp,2,8,7,7,0.8849,adaptive,0.1676,0.0859,3,0.0728,1,0,0,0
ddhhpptdsnac1.webp,2,9,4,4,1.0,adaptive,0.1739,0.0945,1,0.0945,0,0,0,0
ddhhpptdsnac1.webp,3,1,5,5,0.7893,adaptive,0.1726,0.078,2,0.078,1,0,0,0
ddhhpptdsnac1.webp,3,2,7,7,0.9312,adaptive,0.1913,0.0941,1,0.0941,0,0,0,0
ddhhpptdsnac1.webp,3,3,8,8,1.0,adaptive,0.2163,0.1221,1,0.1221,0,0,0,0
ddhhpptdsnac1.webp,3,4,2,2,0.9999,adaptive,0.1822,0.0884,1,0.0884,0,0,0,0
ddhhpptdsnac1.webp,3,5,9,9,0.9484,adaptive,0.1603,0.0715,1,0.0715,0,0,0,0
ddhhpptdsnac1.webp,3,6,4,4,1.0,adaptive,0.1798,0.0929,2,0.0929,1,0,0,0
ddhhpptdsnac1.webp,3,7,3,3,1.0,adaptive,0.1925,0.0907,1,0.0907,0,0,0,0
ddhhpptdsnac1.webp,3,8,6,6,0.9947,adaptive,0.1839,0.1076,2,0.1076,1,0,0,0
ddhhpptdsnac1.webp,3,9,1,1,0.9031,adaptive,0.1415,0.0423,2,0.0423,1,0,0,0
ddhhpptdsnac1.webp,4,2,4,4,0.9797,adaptive,0.1995,0.0995,5,0.0995,4,0,0,0
ddhhpptdsnac1.webp,4,3,2,2,1.0,adaptive,0.1735,0.0918,1,0.0918,0,0,0,0
ddhhpptdsnac1.webp,4,4,1,1,0.9844,adaptive,0.1357,0.0441,4,0.0441,3,0,0,0
ddhhpptdsnac1.webp,4,5,7,7,0.9157,adaptive,0.1952,0.0993,5,0.0477,2,0,0,0
ddhhpptdsnac1.webp,4,6,3,3,0.9973,adaptive,0.1586,0.059,1,0.059,0,0,0,0
ddhhpptdsnac1.webp,4,7,5,5,1.0,adaptive,0.1733,0.0924,1,0.0924,0,0,0,0
ddhhpptdsnac1.webp,4,9,6,6,0.9989,adaptive,0.1726,0.1089,1,0.1089,0,0,0,0
ddhhpptdsnac1.webp,5,2,5,5,0.9315,adaptive,0.2172,0.1109,2,0.1109,1,0,0,0
ddhhpptdsnac1.webp,5,3,7,7,0.9839,adaptive,0.1549,0.0642,1,0.0642,0,0,0,0
ddhhpptdsnac1.webp,5,4,6,6,0.9846,adaptive,0.1429,0.0663,1,0.0663,0,0,0,0
ddhhpptdsnac1.webp,5,5,8,8,1.0,adaptive,0.1903,0.1249,1,0.1249,0,0,0,0
ddhhpptdsnac1.webp,5,6,2,7,0.9875,adaptive,0.1619,0.0699,2,0.0581,0,0,0,1
ddhhpptdsnac1.webp,5,7,4,4,0.9963,adaptive,0.168,0.083,1,0.083,0,0,0,0
ddhhpptdsnac1.webp,5,8,1,1,0.9845,adaptive,0.1132,0.0443,1,0.0443,0,0,0,0
ddhhpptdsnac1.webp,6,1,6,6,0.997,adaptive,0.1856,0.1016,1,0.1016,0,0,0,0
ddhhpptdsnac1.webp,6,3,1,1,0.9975,adaptive,0.1303,0.059,3,0.059,2,0,0,0
ddhhpptdsnac1.webp,6,4,9,9,0.6022,adaptive,0.2174,0.1009,3,0.1009,2,0,0,0
ddhhpptdsnac1.webp,6,5,4,4,0.9988,adaptive,0.2035,0.095,8,0.0667,4,0,0,1
ddhhpptdsnac1.webp,6,6,5,5,1.0,adaptive,0.1965,0.0842,3,0.0842,2,0,0,0
ddhhpptdsnac1.webp,6,7,2,2,1.0,adaptive,0.1934,0.0875,1,0.0875,0,0,0,0
ddhhpptdsnac1.webp,6,9,7,4,0.6036,adaptive,0.1571,0.0639,3,0.0639,2,0,0,0
ddhhpptdsnac1.webp,7,2,2,2,1.0,adaptive,0.1759,0.09,1,0.09,0,0,0,0
ddhhpptdsnac1.webp,7,3,5,5,1.0,adaptive,0.1666,0.0931,1,0.0931,0,0,0,0
ddhhpptdsnac1.webp,7,4,4,4,1.0,adaptive,0.1947,0.0904,1,0.0904,0,0,0,0
ddhhpptdsnac1.webp,7,5,1,1,0.9869,adaptive,0.1461,0.043,1,0.043,0,0,0,0
ddhhpptdsnac1.webp,7,6,7,7,1.0,adaptive,0.1691,0.0691,1,0.0691,0,0,0,0
ddhhpptdsnac1.webp,7,7,6,6,0.9911,adaptive,0.2012,0.1018,2,0.1018,1,0,0,0
ddhhpptdsnac1.webp,8,1,7,7,1.0,adaptive,0.1366,0.0656,1,0.0656,0,0,0,0
ddhhpptdsnac1.webp,8,3,9,2,0.3794,adaptive,0.1459,0.066,2,0.066,0,0,0,1
ddhhpptdsnac1.webp,8,4,5,5,0.9202,adaptive,0.201,0.0963,1,0.0963,0,0,0,0
ddhhpptdsnac1.webp,8,5,2,2,0.997,adaptive,0.1752,0.0748,1,0.0748,0,0,0,0
ddhhpptdsnac1.webp,8,6,6,6,0.9999,adaptive,0.1832,0.0654,3,0.0654,2,0,0,0
ddhhpptdsnac1.webp,8,7,1,1,0.8011,adaptive,0.1454,0.0484,2,0.0427,0,0,0,0
ddhhpptdsnac1.webp,8,8,4,4,1.0,adaptive,0.1901,0.1063,2,0.1063,0,0,0,1
ddhhpptdsnac1.webp,9,1,1,1,0.9023,adaptive,0.1016,0.0352,1,0.0352,0,0,0,0
ddhhpptdsnac1.webp,9,2,6,6,0.9627,adaptive,0.1203,0.0635,4,0.0403,2,0,0,0
ddhhpptdsnac1.webp,9,3,4,4,0.5283,adaptive,0.1343,0.0662,2,0.0662,1,0,0,0
ddhhpptdsnac1.webp,9,4,8,8,0.9997,adaptive,0.1664,0.0777,1,0.0777,0,0,0,0
ddhhpptdsnac1.webp,9,5,3,3,1.0,adaptive,0.1488,0.0803,2,0.0803,1,0,0,0
ddhhpptdsnac1.webp,9,6,9,9,1.0,adaptive,0.2081,0.0976,1,0.0976,0,0,0,0
ddhhpptdsnac1.webp,9,7,7,7,0.985,adaptive,0.1709,0.0699,3,0.0314,0,0,0,0
ddhhpptdsnac1.webp,9,8,5,5,1.0,adaptive,0.1913,0.0936,2,0.0936,1,0,0,0
ddhhpptdsnac1.webp,9,9,2,2,0.9998,adaptive,0.1501,0.0706,1,0.0706,0,0,0,0
df32k7ufokec1.webp,1,1,2,2,1.0,adaptive,0.1493,0.0673,1,0.0673,0,0,0,0
df32k7ufokec1.webp,1,2,3,3,1.0,adaptive,0.1314,0.0742,1,0.0742,0,0,0,0
df32k7ufokec1.webp,1,3,9,9,1.0,adaptive,0.162,0.0802,1,0.0802,0,0,0,0
df32k7ufokec1.webp,1,5,4,4,1.0,adaptive,0.1167,0.0663,1,0.0663,0,0,0,0
df32k7ufokec1.webp,1,6,1,1,1.0,adaptive,0.1339,0.0541,1,0.0541,0,0,0,0
df32k7ufokec1.webp,2,1,1,1,1.0,adaptive,0.0963,0.057,1,0.057,0,0,0,0
df32k7ufokec1.webp,2,3,5,5,1.0,adaptive,0.1054,0.0755,1,0.0755,0,0,0,0
df32k7ufokec1.webp,2,7,4,4,1.0,adaptive,0.0979,0.0678,1,0.0678,0,0,0,0
df32k7ufokec1.webp,2,8,9,9,1.0,adaptive,0.0822,0.0822,1,0.0822,0,0,0,0
df32k7ufokec1.webp,2,9,2,2,1.0,adaptive,0.0977,0.0674,1,0.0674,0,0,0,0
df32k7ufokec1.webp,3,7,1,1,1.0,adaptive,0.1158,0.0575,1,0.0575,0,0,0,0
df32k7ufokec1.webp,3,8,3,3,1.0,adaptive,0.1022,0.0724,1,0.0724,0,0,0,0
df32k7ufokec1.webp,4,4,9,9,1.0,adaptive,0.1481,0.0793,1,0.0793,0,0,0,0
df32k7ufokec1.webp,4,7,5,5,1.0,adaptive,0.1314,0.0742,1,0.0742,0,0,0,0
df32k7ufokec1.webp,4,8,1,1,1.0,adaptive,0.0864,0.0563,1,0.0563,0,0,0,0
df32k7ufokec1.webp,5,1,9,9,1.0,adaptive,0.1104,0.0805,1,0.0805,0,0,0,0
df32k7ufokec1.webp,5,2,5,5,1.0,adaptive,0.0781,0.0781,1,0.0781,0,0,0,0
df32k7ufokec1.webp,5,4,6,6,0.9999,adaptive,0.1257,0.081,1,0.081,0,0,0,0
df32k7ufokec1.webp,5,5,1,1,1.0,adaptive,0.0562,0.0562,1,0.0562,0,0,0,0
df32k7ufokec1.webp,5,6,8,8,1.0,adaptive,0.1171,0.0873,1,0.0873,0,0,0,0
df32k7ufokec1.webp,5,7,7,7,1.0,adaptive,0.0814,0.0511,1,0.0511,0,0,0,0
df32k7ufokec1.webp,5,8,2,2,1.0,adaptive,0.0714,0.0714,1,0.0714,0,0,0,0
df32k7ufokec1.webp,6,1,7,7,1.0,adaptive,0.1074,0.0495,1,0.0495,0,0,0,0
df32k7ufokec1.webp,6,2,1,1,1.0,adaptive,0.088,0.0579,1,0.0579,0,0,0,0
df32k7ufokec1.webp,6,3,2,2,1.0,adaptive,0.125,0.0668,1,0.0668,0,0,0,0
df32k7ufokec1.webp,6,4,3,3,1.0,adaptive,0.1415,0.0726,1,0.0726,0,0,0,0
df32k7ufokec1.webp,6,5,5,5,1.0,adaptive,0.1074,0.0767,1,0.0767,0,0,0,0
df32k7ufokec1.webp,6,6,4,4,1.0,adaptive,0.1221,0.0646,1,0.0646,0,0,0,0
df32k7ufokec1.webp,6,7,9,9,1.0,adaptive,0.1361,0.0784,1,0.0784,0,0,0,0
df32k7ufokec1.webp,7,1,5,5,1.0,adaptive,0.1448,0.0751,1,0.0751,0,0,0,0
df32k7ufokec1.webp,7,2,2,2,1.0,adaptive,0.1124,0.0692,1,0.0692,0,0,0,0
df32k7ufokec1.webp,7,3,1,1,1.0,adaptive,0.1247,0.0537,1,0.0537,0,0,0,0
df32k7ufokec1.webp,7,4,4,4,1.0,adaptive,0.1459,0.0646,1,0.0646,0,0,0,0
df32k7ufokec1.webp,7,7,3,3,1.0,adaptive,0.1417,0.0731,1,0.0731,0,0,0,0
df32k7ufokec1.webp,8,1,3,3,1.0,adaptive,0.1147,0.0735,1,0.0735,0,0,0,0
df32k7ufokec1.webp,8,2,9,9,1.0,adaptive,0.0849,0.0822,1,0.0822,0,0,0,0
df32k7ufokec1.webp,8,3,7,7,1.0,adaptive,0.0794,0.0491,1,0.0491,0,0,0,0
df32k7ufokec1.webp,8,4,2,2,1.0,adaptive,0.1142,0.0687,1,0.0687,0,0,0,0
df32k7ufokec1.webp,8,6,5,5,1.0,adaptive,0.1072,0.0773,1,0.0773,0,0,0,0
df32k7ufokec1.webp,8,8,4,4,1.0,adaptive,0.0686,0.0682,1,0.0682,0,0,0,0
df32k7ufokec1.webp,8,9,1,1,1.0,adaptive,0.0871,0.0543,1,0.0543,0,0,0,0
df32k7ufokec1.webp,9,1,4,4,1.0,adaptive,0.1363,0.0666,1,0.0666,0,0,0,0
df32k7ufokec1.webp,9,2,6,6,1.0,adaptive,0.1246,0.0812,1,0.0812,0,0,0,0
df32k7ufokec1.webp,9,3,8,8,1.0,adaptive,0.155,0.084,1,0.084,0,0,0,0
df32k7ufokec1.webp,9,4,1,1,1.0,adaptive,0.1343,0.0539,1,0.0539,0,0,0,0
df32k7ufokec1.webp,9,7,2,2,1.0,adaptive,0.137,0.0686,1,0.0686,0,0,0,0
df32k7ufokec1.webp,9,8,5,5,1.0,adaptive,0.1187,0.0755,1,0.0755,0,0,0,0
df32k7ufokec1.webp,9,9,9,9,1.0,adaptive,0.1591,0.0795,1,0.0795,0,0,0,0
dhmmldmprpbc1.webp,1,2,8,8,1.0,adaptive,0.2237,0.2119,3,0.1325,0,0,0,1
dhmmldmprpbc1.webp,1,3,2,2,1.0,adaptive,0.2263,0.1849,1,0.1849,0,0,0,0
dhmmldmprpbc1.webp,1,4,7,7,1.0,adaptive,0.1706,0.1426,1,0.1426,0,0,0,0
dhmmldmprpbc1.webp,1,9,5,5,1.0,adaptive,0.2442,0.1936,1,0.1936,0,0,0,0
dhmmldmprpbc1.webp,2,1,4,4,1.0,adaptive,0.1576,0.1416,2,0.1097,0,0,0,0
dhmmldmprpbc1.webp,2,2,9,9,1.0,adaptive,0.1722,0.1708,2,0.1251,0,0,0,0
dhmmldmprpbc1.webp,2,3,3,3,0.9999,adaptive,0.2019,0.171,1,0.171,0,0,0,0
dhmmldmprpbc1.webp,2,4,6,6,0.9999,adaptive,0.1814,0.1664,2,0.1235,0,0,0,0
dhmmldmprpbc1.webp,2,5,5,5,1.0,adaptive,0.2059,0.2027,1,0.2027,0,0,0,0
dhmmldmprpbc1.webp,2,6,1,1,1.0,adaptive,0.1291,0.1009,1,0.1009,0,0,0,0
dhmmldmprpbc1.webp,2,9,8,8,1.0,adaptive,0.2101,0.1884,3,0.1137,0,0,0,1
dhmmldmprpbc1.webp,3,2,5,5,1.0,adaptive,0.2067,0.1735,1,0.1735,0,0,0,0
dhmmldmprpbc1.webp,3,3,7,7,1.0,adaptive,0.2009,0.1343,1,0.1343,0,0,0,0
dhmmldmprpbc1.webp,3,4,8,8,1.0,adaptive,0.2268,0.1873,3,0.1121,0,0,0,1
dhmmldmprpbc1.webp,3,5,2,2,1.0,adaptive,0.1929,0.1612,1,0.1612,0,0,0,0
dhmmldmprpbc1.webp,3,6,4,4,1.0,adaptive,0.2107,0.1544,2,0.1239,0,0,0,0
dhmmldmprpbc1.webp,4,1,5,5,1.0,adaptive,0.2245,0.1971,1,0.1971,0,0,0,0
dhmmldmprpbc1.webp,4,2,2,2,1.0,adaptive,0.1766,0.1617,1,0.1617,0,0,0,0
dhmmldmprpbc1.webp,4,3,6,6,1.0,adaptive,0.2049,0.1644,2,0.1219,0,0,0,0
dhmmldmprpbc1.webp,4,4,4,4,1.0,adaptive,0.1682,0.1403,2,0.1096,0,0,0,0
dhmmldmprpbc1.webp,4,5,7,7,1.0,adaptive,0.1443,0.1294,1,0.1294,0,0,0,0
dhmmldmprpbc1.webp,4,6,8,8,1.0,adaptive,0.223,0.1816,3,0.1121,0,0,0,0
dhmmldmprpbc1.webp,4,7,1,1,1.0,adaptive,0.1444,0.1167,1,0.1167,0,0,0,0
dhmmldmprpbc1.webp,4,8,3,3,0.9998,adaptive,0.1872,0.1723,1,0.1723,0,0,0,0
dhmmldmprpbc1.webp,4,9,9,9,1.0,adaptive,0.2179,0.1849,2,0.1386,0,0,0,0
dhmmldmprpbc1.webp,5,1,8,8,1.0,adaptive,0.2047,0.1915,3,0.1156,0,0,0,1
dhmmldmprpbc1.webp,5,4,3,3,0.9994,adaptive,0.211,0.1934,1,0.1934,0,0,0,0
dhmmldmprpbc1.webp,5,6,5,5,1.0,adaptive,0.2028,0.1728,1,0.1728,0,0,0,0
dhmmldmprpbc1.webp,5,9,2,2,1.0,adaptive,0.1818,0.1653,1,0.1653,0,0,0,0
dhmmldmprpbc1.webp,6,1,3,3,0.9995,adaptive,0.2337,0.1889,1,0.1889,0,0,0,0
dhmmldmprpbc1.webp,6,2,7,7,1.0,adaptive,0.1508,0.1149,1,0.1149,0,0,0,0
dhmmldmprpbc1.webp,6,5,6,6,0.9999,adaptive,0.1967,0.1673,2,0.123,0,0,0,0
dhmmldmprpbc1.webp,6,6,2,2,1.0,adaptive,0.243,0.1845,1,0.1845,0,0,0,0
dhmmldmprpbc1.webp,6,7,8,8,1.0,adaptive,0.2439,0.202,3,0.1247,0,0,0,1
dhmmldmprpbc1.webp,6,8,5,5,1.0,adaptive,0.2047,0.1721,1,0.1721,0,0,0,0
dhmmldmprpbc1.webp,6,9,4,4,1.0,adaptive,0.1798,0.137,2,0.1072,0,0,0,0
dhmmldmprpbc1.webp,7,1,7,7,1.0,adaptive,0.1548,0.1268,1,0.1268,0,0,0,0
dhmmldmprpbc1.webp,7,3,8,8,1.0,adaptive,0.2156,0.1885,3,0.1145,0,0,0,1
dhmmldmprpbc1.webp,7,4,2,2,1.0,adaptive,0.2136,0.1871,1,0.1871,0,0,0,0
dhmmldmprpbc1.webp,7,6,6,6,0.9999,adaptive,0.2203,0.184,2,0.1374,0,0,0,0
dhmmldmprpbc1.webp,7,7,5,5,1.0,adaptive,0.194,0.1697,1,0.1697,0,0,0,0
dhmmldmprpbc1.webp,8,1,9,9,1.0,adaptive,0.2051,0.1875,2,0.1416,0,0,0,0
dhmmldmprpbc1.webp,8,2,3,3,0.9996,adaptive,0.2016,0.1986,1,0.1986,0,0,0,0
dhmmldmprpbc1.webp,8,4,5,5,1.0,adaptive,0.1888,0.1716,1,0.1716,0,0,0,0
dhmmldmprpbc1.webp,8,5,8,8,1.0,adaptive,0.2112,0.2107,3,0.1304,0,0,0,1
dhmmldmprpbc1.webp,8,6,7,7,1.0,adaptive,0.1551,0.1151,1,0.1151,0,0,0,0
dhmmldmprpbc1.webp,8,9,6,6,0.9999,adaptive,0.2065,0.1845,2,0.1395,0,0,0,0
dhmmldmprpbc1.webp,9,1,2,2,1.0,adaptive,0.2094,0.1662,1,0.1662,0,0,0,0
dhmmldmprpbc1.webp,9,2,6,6,1.0,adaptive,0.1936,0.1649,2,0.121,0,0,0,0
dhmmldmprpbc1.webp,9,3,5,5,1.0,adaptive,0.2466,0.1911,1,0.1911,0,0,0,0
dhmmldmprpbc1.webp,9,8,8,8,1.0,adaptive,0.1992,0.1841,3,0.1108,0,0,0,1
dhmmldmprpbc1.webp,9,9,7,7,1.0,adaptive,0.1818,0.1283,1,0.1283,0,0,0,0
djkouyx9k3pc1.webp,1,1,4,4,1.0,adaptive,0.1499,0.0679,1,0.0679,0,0,0,0
djkouyx9k3pc1.webp,1,2,1,1,0.9982,adaptive,0.0961,0.0407,1,0.0407,0,0,0,0
djkouyx9k3pc1.webp,1,3,5,5,1.0,adaptive,0.1513,0.0802,1,0.0802,0,0,0,0
djkouyx9k3pc1.webp,1,4,7,7,1.0,adaptive,0.1593,0.0519,1,0.0519,0,0,0,0
djkouyx9k3pc1.webp,1,7,9,9,0.9999,adaptive,0.1651,0.0826,1,0.0826,0,0,0,0
djkouyx9k3pc1.webp,1,8,6,6,0.9999,adaptive,0.145,0.0873,1,0.0873,0,0,0,0
djkouyx9k3pc1.webp,1,9,2,2,1.0,adaptive,0.1758,0.0679,1,0.0679,0,0,0,0
djkouyx9k3pc1.webp,2,2,2,2,1.0,adaptive,0.0932,0.0719,1,0.0719,0,0,0,0
djkouyx9k3pc1.webp,2,3,8,8,1.0,adaptive,0.1205,0.0853,1,0.0853,0,0,0,0
djkouyx9k3pc1.webp,2,7,3,3,1.0,adaptive,0.1054,0.0744,1,0.0744,0,0,0,0
djkouyx9k3pc1.webp,2,8,7,7,1.0,adaptive,0.0521,0.0514,1,0.0514,0,0,0,0
djkouyx9k3pc1.webp,2,9,4,4,1.0,adaptive,0.1162,0.0712,1,0.0712,0,0,0,0
djkouyx9k3pc1.webp,3,1,7,7,1.0,adaptive,0.1234,0.0526,1,0.0526,0,0,0,0
djkouyx9k3pc1.webp,3,3,3,3,1.0,adaptive,0.131,0.0722,1,0.0722,0,0,0,0
djkouyx9k3pc1.webp,3,5,4,4,1.0,adaptive,0.1124,0.0685,1,0.0685,0,0,0,0
djkouyx9k3pc1.webp,3,7,1,1,0.999,adaptive,0.1105,0.0403,1,0.0403,0,0,0,0
djkouyx9k3pc1.webp,3,8,8,8,1.0,adaptive,0.1287,0.0857,1,0.0857,0,0,0,0
djkouyx9k3pc1.webp,3,9,5,5,1.0,adaptive,0.1599,0.0769,1,0.0769,0,0,0,0
djkouyx9k3pc1.webp,4,2,7,7,1.0,adaptive,0.1239,0.0522,1,0.0522,0,0,0,0
djkouyx9k3pc1.webp,4,3,2,2,1.0,adaptive,0.1528,0.0679,1,0.0679,0,0,0,0
djkouyx9k3pc1.webp,4,5,9,9,1.0,adaptive,0.159,0.0868,1,0.0868,0,0,0,0
djkouyx9k3pc1.webp,4,6,4,4,1.0,adaptive,0.1644,0.0682,1,0.0682,0,0,0,0
djkouyx9k3pc1.webp,4,7,5,5,1.0,adaptive,0.1746,0.0795,1,0.0795,0,0,0,0
djkouyx9k3pc1.webp,4,8,3,3,1.0,adaptive,0.1438,0.0728,1,0.0728,0,0,0,0
djkouyx9k3pc1.webp,4,9,1,1,0.9961,adaptive,0.1546,0.0459,1,0.0459,0,0,0,0
djkouyx9k3pc1.webp,5,3,1,1,0.998,adaptive,0.0839,0.0403,1,0.0403,0,0,0,0
djkouyx9k3pc1.webp,5,4,5,5,1.0,adaptive,0.1558,0.0837,1,0.0837,0,0,0,0
djkouyx9k3pc1.webp,5,5,2,2,1.0,adaptive,0.1008,0.0712,1,0.0712,0,0,0,0
djkouyx9k3pc1.webp,5,6,7,7,1.0,adaptive,0.1097,0.052,1,0.052,0,0,0,0
djkouyx9k3pc1.webp,5,8,4,4,1.0,adaptive,0.1003,0.0716,1,0.0716,0,0,0,0
djkouyx9k3pc1.webp,5,9,9,9,1.0,adaptive,0.1551,0.0837,1,0.0837,0,0,0,0
djkouyx9k3pc1.webp,6,1,5,5,1.0,adaptive,0.143,0.0795,1,0.0795,0,0,0,0
djkouyx9k3pc1.webp,6,2,4,4,1.0,adaptive,0.1264,0.0687,1,0.0687,0,0,0,0
djkouyx9k3pc1.webp,6,3,9,9,0.9999,adaptive,0.1615,0.0849,1,0.0849,0,0,0,0
djkouyx9k3pc1.webp,6,8,2,2,1.0,adaptive,0.1305,0.0739,1,0.0739,0,0,0,0
djkouyx9k3pc1.webp,6,9,7,7,1.0,adaptive,0.1472,0.0508,1,0.0508,0,0,0,0
djkouyx9k3pc1.webp,7,3,6,6,0.9999,adaptive,0.155,0.0844,1,0.0844,0,0,0,0
djkouyx9k3pc1.webp,7,4,4,4,1.0,adaptive,0.166,0.0713,1,0.0713,0,0,0,0
djkouyx9k3pc1.webp,7,5,7,7,1.0,adaptive,0.1072,0.0511,1,0.0511,0,0,0,0
djkouyx9k3pc1.webp,7,7,2,2,1.0,adaptive,0.1513,0.0695,1,0.0695,0,0,0,0
djkouyx9k3pc1.webp,7,8,1,1,0.9979,adaptive,0.0966,0.0405,1,0.0405,0,0,0,0
djkouyx9k3pc1.webp,7,9,8,8,1.0,adaptive,0.1816,0.086,1,0.086,0,0,0,0
djkouyx9k3pc1.webp,8,1,1,1,0.9976,adaptive,0.0717,0.0407,1,0.0407,0,0,0,0
djkouyx9k3pc1.webp,8,3,7,7,1.0,adaptive,0.0932,0.0502,1,0.0502,0,0,0,0
djkouyx9k3pc1.webp,8,7,4,4,1.0,adaptive,0.1294,0.0719,1,0.0719,0,0,0,0
djkouyx9k3pc1.webp,8,8,9,9,1.0,adaptive,0.1157,0.0872,1,0.0872,0,0,0,0
djkouyx9k3pc1.webp,8,9,6,6,0.9999,adaptive,0.1567,0.0862,1,0.0862,0,0,0,0
djkouyx9k3pc1.webp,9,1,2,2,1.0,adaptive,0.1488,0.0702,1,0.0702,0,0,0,0
djkouyx9k3pc1.webp,9,2,8,8,1.0,adaptive,0.1443,0.0864,1,0.0864,0,0,0,0
djkouyx9k3pc1.webp,9,3,4,4,1.0,adaptive,0.1415,0.0686,1,0.0686,0,0,0,0
djkouyx9k3pc1.webp,9,4,9,9,1.0,adaptive,0.1822,0.0849,1,0.0849,0,0,0,0
djkouyx9k3pc1.webp,9,5,1,1,0.9991,adaptive,0.0988,0.04,1,0.04,0,0,0,0
djkouyx9k3pc1.webp,9,6,6,6,0.9999,adaptive,0.1706,0.0849,1,0.0849,0,0,0,0
djkouyx9k3pc1.webp,9,7,7,7,1.0,adaptive,0.137,0.0519,1,0.0519,0,0,0,0
djkouyx9k3pc1.webp,9,8,5,5,1.0,adaptive,0.145,0.0796,1,0.0796,0,0,0,0
djkouyx9k3pc1.webp,9,9,3,3,1.0,adaptive,0.1818,0.0744,1,0.0744,0,0,0,0
e2fsumxl1lac1.webp,1,1,0,0,0.992,adaptive,0.1261,0.0,0,0.0,0,0,0,0
e2fsumxl1lac1.webp,1,2,0,0,0.992,adaptive,0.1144,0.0,0,0.0,0,0,0,0
e2fsumxl1lac1.webp,1,3,3,3,1.0,adaptive,0.1751,0.0481,1,0.0481,0,0,0,0
e2fsumxl1lac1.webp,1,4,0,0,0.992,adaptive,0.127,0.0,0,0.0,0,0,0,0
e2fsumxl1lac1.webp,1,5,9,9,1.0,adaptive,0.171,0.0561,1,0.0561,0,0,0,0
e2fsumxl1lac1.webp,1,6,0,0,0.992,adaptive,0.1141,0.0,0,0.0,0,0,0,0
e2fsumxl1lac1.webp,1,7,0,0,0.992,adaptive,0.1274,0.0,0,0.0,0,0,0,0
e2fsumxl1lac1.webp,1,8,2,2,1.0,adaptive,0.1619,0.0475,1,0.0475,0,0,0,0
e2fsumxl1lac1.webp,1,9,0,0,0.992,adaptive,0.1134,0.0,0,0.0,0,0,0,0
e2fsumxl1lac1.webp,2,1,0,0,0.992,adaptive,0.1,0.0,0,0.0,0,0,0,0
e2fsumxl1lac1.webp,2,2,5,5,1.0,adaptive,0.1412,0.0542,1,0.0542,0,0,0,0
e2fsumxl1lac1.webp,2,3,0,0,0.992,adaptive,0.1,0.0,0,0.0,0,0,0,0
e2fsumxl1lac1.webp,2,4,0,0,0.992,adaptive,0.1,0.0,0,0.0,0,0,0,0
e2fsumxl1lac1.webp,2,5,3,3,1.0,adaptive,0.138,0.0505,1,0.0505,0,0,0,0
e2fsumxl1lac1.webp,2,6,8,8,1.0,adaptive,0.1472,0.0599,1,0.0599,0,0,0,0
e2fsumxl1lac1.webp,2,7,1,1,0.9999,adaptive,0.1341,0.0344,1,0.0344,0,0,0,0
e2fsumxl1lac1.webp,2,8,0,0,0.992,adaptive,0.087,0.0,0,0.0,0,0,0,0
e2fsumxl1lac1.webp,2,9,9,9,1.0,adaptive,0.1436,0.0568,1,0.0568,0,0,0,0
e2fsumxl1lac1.webp,3,1,1,1,0.9999,adaptive,0.1337,0.0365,1,0.0365,0,0,0,0
e2fsumxl1lac1.webp,3,2,7,7,1.0,adaptive,0.1239,0.0378,1,0.0378,0,0,0,0
e2fsumxl1lac1.webp,3,3,9,9,1.0,adaptive,0.1537,0.0546,1,0.0546,0,0,0,0
e2fsumxl1lac1.webp,3,4,0,0,0.992,adaptive,0.0985,0.0,0,0.0,0,0,0,0
e2fsumxl1lac1.webp,3,5,2,2,1.0,adaptive,0.1355,0.0488,1,0.0488,0,0,0,0
e2fsumxl1lac1.webp,3,6,0,0,0.992,adaptive,0.0869,0.0,0,0.0,0,0,0,0
e2fsumxl1lac1.webp,3,7,3,3,1.0,adaptive,0.1486,0.049,1,0.049,0,0,0,0
e2fsumxl1lac1.webp,3,8,8,8,1.0,adaptive,0.1479,0.0624,1,0.0624,0,0,0,0
e2fsumxl1lac1.webp,3,9,4,4,0.9999,adaptive,0.1343,0.0477,1,0.0477,0,0,0,0
e2fsumxl1lac1.webp,4,1,0,0,0.992,adaptive,0.1247,0.0,0,0.0,0,0,0,0
e2fsumxl1lac1.webp,4,2,3,3,1.0,adaptive,0.1628,0.0486,1,0.0486,0,0,0,0
e2fsumxl1lac1.webp,4,3,5,5,1.0,adaptive,0.176,0.0499,1,0.0499,0,0,0,0
e2fsumxl1lac1.webp,4,4,0,0,0.992,adaptive,0.1259,0.0,0,0.0,0,0,0,0
e2fsumxl1lac1.webp,4,5,0,0,0.992,adaptive,0.1142,0.0,0,0.0,0,0,0,0
e2fsumxl1lac1.webp,4,6,4,4,1.0,adaptive,0.1588,0.0448,1,0.0448,0,0,0,0
e2fsumxl1lac1.webp,4,7,0,0,0.992,adaptive,0.1256,0.0,0,0.0,0,0,0,0
e2fsumxl1lac1.webp,4,8,1,1,0.9999,adaptive,0.1508,0.0371,1,0.0371,0,0,0,0
e2fsumxl1lac1.webp,4,9,0,0,0.992,adaptive,0.1127,0.0,0,0.0,0,0,0,0
e2fsumxl1lac1.webp,5,1,0,0,0.992,adaptive,0.0993,0.0,0,0.0,0,0,0,0
e2fsumxl1lac1.webp,5,2,0,0,0.992,adaptive,0.0865,0.0,0,0.0,0,0,0,0
e2fsumxl1lac1.webp,5,3,0,0,0.992,adaptive,0.1,0.0,0,0.0,0,0,0,0
e2fsumxl1lac1.webp,5,4,0,0,0.992,adaptive,0.0993,0.0,0,0.0,0,0,0,0
e2fsumxl1lac1.webp,5,5,0,0,0.992,adaptive,0.087,0.0,0,0.0,0,0,0,0
e2fsumxl1lac1.webp,5,6,0,0,0.992,adaptive,0.0871,0.0,0,0.0,0,0,0,0
e2fsumxl1lac1.webp,5,7,0,0,0.992,adaptive,0.1,0.0,0,0.0,0,0,0,0
e2fsumxl1lac1.webp,5,8,4,4,0.9999,adaptive,0.1334,0.0464,1,0.0464,0,0,0,0
e2fsumxl1lac1.webp,5,9,0,0,0.992,adaptive,0.0868,0.0,0,0.0,0,0,0,0
e2fsumxl1lac1.webp,6,1,0,0,0.992,adaptive,0.1,0.0,0,0.0,0,0,0,0
e2fsumxl1lac1.webp,6,2,0,0,0.992,adaptive,0.1,0.0,0,0.0,0,0,0,0
e2fsumxl1lac1.webp,6,3,0,0,0.992,adaptive,0.1121,0.0,0,0.0,0,0,0,0
e2fsumxl1lac1.webp,6,4,2,2,0.9999,adaptive,0.1617,0.0495,1,0.0495,0,0,0,0
e2fsumxl1lac1.webp,6,5,0,0,0.992,adaptive,0.1009,0.0,0,0.0,0,0,0,0
e2fsumxl1lac1.webp,6,6,0,0,0.992,adaptive,0.1007,0.0,0,0.0,0,0,0,0
e2fsumxl1lac1.webp,6,7,8,8,1.0,adaptive,0.1733,0.0613,1,0.0613,0,0,0,0
e2fsumxl1lac1.webp,6,8,3,3,1.0,adaptive,0.1481,0.0486,1,0.0486,0,0,0,0
e2fsumxl1lac1.webp,6,9,0,0,0.992,adaptive,0.1002,0.0,0,0.0,0,0,0,0
e2fsumxl1lac1.webp,7,1,5,5,1.0,adaptive,0.1631,0.051,1,0.051,0,0,0,0
e2fsumxl1lac1.webp,7,2,0,0,0.992,adaptive,0.1011,0.0,0,0.0,0,0,0,0
e2fsumxl1lac1.webp,7,3,0,0,0.992,adaptive,0.1134,0.0,0,0.0,0,0,0,0
e2fsumxl1lac1.webp,7,4,0,0,0.992,adaptive,0.1138,0.0,0,0.0,0,0,0,0
e2fsumxl1lac1.webp,7,5,4,4,1.0,adaptive,0.1499,0.0488,1,0.0488,0,0,0,0
e2fsumxl1lac1.webp,7,6,0,0,0.992,adaptive,0.1009,0.0,0,0.0,0,0,0,0
e2fsumxl1lac1.webp,7,7,0,0,0.992,adaptive,0.1143,0.0,0,0.0,0,0,0,0
e2fsumxl1lac1.webp,7,8,9,9,1.0,adaptive,0.1569,0.0561,1,0.0561,0,0,0,0
e2fsumxl1lac1.webp,7,9,1,1,0.9999,adaptive,0.1352,0.0352,1,0.0352,0,0,0,0
e2fsumxl1lac1.webp,8,1,0,0,0.992,adaptive,0.0857,0.0,0,0.0,0,0,0,0
e2fsumxl1lac1.webp,8,2,0,0,0.992,adaptive,0.0737,0.0,0,0.0,0,0,0,0
e2fsumxl1lac1.webp,8,3,1,1,0.9999,adaptive,0.1237,0.0369,1,0.0369,0,0,0,0
e2fsumxl1lac1.webp,8,4,8,8,1.0,adaptive,0.1502,0.0633,1,0.0633,0,0,0,0
e2fsumxl1lac1.webp,8,5,5,5,1.0,adaptive,0.1279,0.0539,1,0.0539,0,0,0,0
e2fsumxl1lac1.webp,8,6,0,0,0.992,adaptive,0.0739,0.0,0,0.0,0,0,0,0
e2fsumxl1lac1.webp,8,7,0,0,0.992,adaptive,0.0877,0.0,0,0.0,0,0,0,0
e2fsumxl1lac1.webp,8,8,0,0,0.992,adaptive,0.073,0.0,0,0.0,0,0,0,0
e2fsumxl1lac1.webp,8,9,3,3,1.0,adaptive,0.1217,0.0482,1,0.0482,0,0,0,0
e2fsumxl1lac1.webp,9,1,3,3,1.0,adaptive,0.1584,0.0488,1,0.0488,0,0,0,0
e2fsumxl1lac1.webp,9,2,6,6,0.9595,adaptive,0.1531,0.0554,1,0.0554,0,0,0,0
e2fsumxl1lac1.webp,9,3,0,0,0.992,adaptive,0.1105,0.0,0,0.0,0,0,0,0
e2fsumxl1lac1.webp,9,4,0,0,0.992,adaptive,0.1112,0.0,0,0.0,0,0,0,0
e2fsumxl1lac1.webp,9,5,1,1,0.9998,adaptive,0.1357,0.0366,1,0.0366,0,0,0,0
e2fsumxl1lac1.webp,9,6,0,0,0.992,adaptive,0.0991,0.0,0,0.0,0,0,0,0
e2fsumxl1lac1.webp,9,7,4,4,1.0,adaptive,0.1584,0.047,1,0.047,0,0,0,0
e2fsumxl1lac1.webp,9,8,5,5,1.0,adaptive,0.1524,0.0543,1,0.0543,0,0,0,0
e2fsumxl1lac1.webp,9,9,8,8,1.0,adaptive,0.1582,0.059,1,0.059,0,0,0,0
efpedsfwnhjc1.webp,1,1,5,5,1.0,adaptive,0.2635,0.0829,5,0.0829,4,0,0,0
efpedsfwnhjc1.webp,1,2,0,0,0.992,adaptive,0.1493,0.0,12,0.0,12,0,0,0
efpedsfwnhjc1.webp,1,3,1,1,0.8737,adaptive,0.2107,0.0294,6,0.0294,5,0,0,0
efpedsfwnhjc1.webp,1,4,9,9,1.0,adaptive,0.278,0.086,1,0.086,0,0,0,0
efpedsfwnhjc1.webp,1,5,0,0,0.992,adaptive,0.1635,0.0,10,0.0,10,0,0,0
efpedsfwnhjc1.webp,1,6,3,3,0.9997,adaptive,0.2542,0.0813,7,0.074,5,0,0,1
efpedsfwnhjc1.webp,1,7,2,2,1.0,adaptive,0.2468,0.0751,5,0.0751,4,0,0,0
efpedsfwnhjc1.webp,1,8,7,7,0.9996,adaptive,0.201,0.0516,4,0.0516,3,0,0,0
efpedsfwnhjc1.webp,1,9,8,8,1.0,adaptive,0.2437,0.0891,4,0.0891,3,0,0,0
efpedsfwnhjc1.webp,2,1,0,0,0.992,adaptive,0.1318,0.0,19,0.0,19,0,0,0
efpedsfwnhjc1.webp,2,2,0,0,0.992,adaptive,0.0978,0.0,22,0.0,22,0,0,0
efpedsfwnhjc1.webp,2,3,9,9,1.0,adaptive,0.2047,0.0868,6,0.0868,5,0,0,0
efpedsfwnhjc1.webp,2,4,8,8,0.9993,adaptive,0.211,0.0853,7,0.0853,6,0,0,0
efpedsfwnhjc1.webp,2,5,2,2,1.0,adaptive,0.1715,0.0815,6,0.0815,5,0,0,0
efpedsfwnhjc1.webp,2,6,7,7,1.0,adaptive,0.1687,0.0579,4,0.0579,3,0,0,0
efpedsfwnhjc1.webp,2,7,5,5,1.0,adaptive,0.201,0.0832,5,0.0832,4,0,0,0
efpedsfwnhjc1.webp,2,8,1,1,0.9989,adaptive,0.1405,0.0482,8,0.0482,7,0,0,0
efpedsfwnhjc1.webp,2,9,0,0,0.992,adaptive,0.1142,0.0,7,0.0,7,0,0,0
efpedsfwnhjc1.webp,3,1,2,2,0.9985,adaptive,0.2165,0.0648,5,0.0648,4,0,0,0
efpedsfwnhjc1.webp,3,2,8,8,0.9957,adaptive,0.1834,0.0742,9,0.0742,8,0,0,0
efpedsfwnhjc1.webp,3,3,7,7,1.0,adaptive,0.1764,0.0559,9,0.0559,8,0,0,0
efpedsfwnhjc1.webp,3,4,5,5,1.0,adaptive,0.1916,0.0601,8,0.0601,7,0,0,0
efpedsfwnhjc1.webp,3,5,0,0,0.992,adaptive,0.116,0.0,22,0.0,22,0,0,0
efpedsfwnhjc1.webp,3,6,1,1,0.9901,adaptive,0.1702,0.043,9,0.043,8,0,0,0
efpedsfwnhjc1.webp,3,7,0,0,0.992,adaptive,0.1444,0.0,16,0.0,16,0,0,0
efpedsfwnhjc1.webp,3,8,9,9,1.0,adaptive,0.1938,0.0882,9,0.0882,8,0,0,0
efpedsfwnhjc1.webp,3,9,0,0,0.992,adaptive,0.1348,0.0,7,0.0053,6,0,0,0
efpedsfwnhjc1.webp,4,1,8,8,1.0,adaptive,0.28,0.0867,3,0.0867,2,0,0,0
efpedsfwnhjc1.webp,4,2,0,0,0.992,adaptive,0.145,0.0,12,0.0,12,0,0,0
efpedsfwnhjc1.webp,4,3,0,0,0.992,adaptive,0.1753,0.0,20,0.0,20,0,0,0
efpedsfwnhjc1.webp,4,4,7,7,1.0,adaptive,0.2315,0.0586,13,0.0586,12,0,0,0
efpedsfwnhjc1.webp,4,5,9,9,1.0,adaptive,0.2234,0.0877,13,0.0877,12,0,0,0
efpedsfwnhjc1.webp,4,6,2,2,0.9993,adaptive,0.2154,0.0664,7,0.0664,6,0,0,0
efpedsfwnhjc1.webp,4,7,1,1,0.9663,adaptive,0.1916,0.0272,16,0.0272,15,0,0,0
efpedsfwnhjc1.webp,4,8,5,5,1.0,adaptive,0.2261,0.0927,8,0.0927,7,0,0,0
efpedsfwnhjc1.webp,4,9,0,0,0.992,adaptive,0.1595,0.0,12,0.0,12,0,0,0
efpedsfwnhjc1.webp,5,1,1,1,0.9894,adaptive,0.1771,0.0378,17,0.0378,16,0,0,0
efpedsfwnhjc1.webp,5,2,9,9,1.0,adaptive,0.1758,0.0882,11,0.0882,10,0,0,0
efpedsfwnhjc1.webp,5,3,2,2,1.0,adaptive,0.1974,0.0771,8,0.0771,7,0,0,0
efpedsfwnhjc1.webp,5,4,0,0,0.992,adaptive,0.1463,0.0,43,0.0,43,0,0,0
efpedsfwnhjc1.webp,5,5,5,5,1.0,adaptive,0.1873,0.0854,14,0.0854,13,0,0,0
efpedsfwnhjc1.webp,5,6,4,4,1.0,adaptive,0.1904,0.0703,20,0.0703,19,0,0,0
efpedsfwnhjc1.webp,5,7,0,0,0.992,adaptive,0.1307,0.0,33,0.0,33,0,0,0
efpedsfwnhjc1.webp,5,8,8,8,1.0,adaptive,0.185,0.0914,8,0.0914,7,0,0,0
efpedsfwnhjc1.webp,5,9,7,7,0.9911,adaptive,0.1721,0.0518,10,0.0518,9,0,0,0
efpedsfwnhjc1.webp,6,1,7,7,0.9799,adaptive,0.2025,0.0544,15,0.0544,14,0,0,0
efpedsfwnhjc1.webp,6,2,5,5,1.0,adaptive,0.1866,0.0821,12,0.0821,11,0,0,0
efpedsfwnhjc1.webp,6,3,0,0,0.992,adaptive,0.1359,0.0,36,0.0,36,0,0,0
efpedsfwnhjc1.webp,6,4,0,0,0.992,adaptive,0.1486,0.0,31,0.0,31,0,0,0
efpedsfwnhjc1.webp,6,5,1,1,0.9964,adaptive,0.1608,0.045,35,0.045,34,0,0,0
efpedsfwnhjc1.webp,6,6,8,8,1.0,adaptive,0.215,0.0882,13,0.0882,12,0,0,0
efpedsfwnhjc1.webp,6,7,9,9,1.0,adaptive,0.2315,0.0851,20,0.0851,19,0,0,0
efpedsfwnhjc1.webp,6,8,0,0,0.992,adaptive,0.1113,0.0,19,0.0,19,0,0,0
efpedsfwnhjc1.webp,6,9,2,2,0.9747,adaptive,0.1985,0.0662,10,0.0492,8,0,0,0
efpedsfwnhjc1.webp,7,1,0,0,0.992,adaptive,0.1851,0.0,27,0.0051,26,0,0,0
efpedsfwnhjc1.webp,7,2,1,1,0.9986,adaptive,0.1766,0.0464,16,0.0464,15,0,0,0
efpedsfwnhjc1.webp,7,3,5,5,1.0,adaptive,0.2439,0.0811,18,0.0811,17,0,0,0
efpedsfwnhjc1.webp,7,4,2,2,1.0,adaptive,0.2546,0.0726,20,0.0726,19,0,0,0
efpedsfwnhjc1.webp,7,5,7,7,1.0,adaptive,0.2022,0.0563,16,0.0563,15,0,0,0
efpedsfwnhjc1.webp,7,6,6,6,0.9972,adaptive,0.215,0.0644,9,0.0644,8,0,0,0
efpedsfwnhjc1.webp,7,7,8,8,0.9999,adaptive,0.2506,0.0884,13,0.0884,12,0,0,0
efpedsfwnhjc1.webp,7,8,0,0,0.992,adaptive,0.1524,0.0,31,0.0,31,0,0,0
efpedsfwnhjc1.webp,7,9,9,9,1.0,adaptive,0.2319,0.0842,12,0.0842,11,0,0,0
efpedsfwnhjc1.webp,8,1,0,5,0.4832,adaptive,0.1698,0.014,26,0.014,25,0,0,0
efpedsfwnhjc1.webp,8,2,7,7,0.8808,adaptive,0.1543,0.0551,24,0.0551,23,0,0,0
efpedsfwnhjc1.webp,8,3,8,8,1.0,adaptive,0.2083,0.0871,13,0.0871,12,0,0,0
efpedsfwnhjc1.webp,8,4,1,1,0.9986,adaptive,0.1854,0.0425,25,0.0425,24,0,0,0
efpedsfwnhjc1.webp,8,5,3,2,0.4463,adaptive,0.174,0.0645,19,0.0592,17,0,0,0
efpedsfwnhjc1.webp,8,6,9,9,0.9967,adaptive,0.2067,0.0771,17,0.0771,16,0,0,0
efpedsfwnhjc1.webp,8,7,0,0,0.992,adaptive,0.1361,0.0,29,0.0,29,0,0,0
efpedsfwnhjc1.webp,8,8,2,2,1.0,adaptive,0.1784,0.0815,17,0.0815,16,0,0,0
efpedsfwnhjc1.webp,8,9,5,5,0.9992,adaptive,0.1918,0.0782,5,0.0782,4,0,0,0
efpedsfwnhjc1.webp,9,1,9,9,1.0,adaptive,0.2321,0.0838,5,0.0838,4,0,0,0
efpedsfwnhjc1.webp,9,2,2,2,0.9999,adaptive,0.1701,0.0611,14,0.0611,13,0,0,0
efpedsfwnhjc1.webp,9,3,0,0,0.992,adaptive,0.1486,0.0,30,0.0,30,0,0,0
efpedsfwnhjc1.webp,9,4,4,4,0.9927,adaptive,0.2121,0.0646,15,0.0646,14,0,0,0
efpedsfwnhjc1.webp,9,5,8,8,1.0,adaptive,0.2081,0.0875,17,0.0875,16,0,0,0
efpedsfwnhjc1.webp,9,6,5,5,1.0,adaptive,0.2152,0.08,19,0.08,18,0,0,0
efpedsfwnhjc1.webp,9,7,7,7,0.998,adaptive,0.2063,0.055,21,0.055,20,0,0,0
efpedsfwnhjc1.webp,9,8,0,0,0.992,adaptive,0.1278,0.0,25,0.0,25,0,0,0
efpedsfwnhjc1.webp,9,9,1,1,0.9993,adaptive,0.1704,0.0477,5,0.0477,4,0,0,0
elm3xdgxv5kc1.webp,1,1,1,1,0.7987,adaptive,0.0893,0.0265,2,0.0265,1,0,0,0
elm3xdgxv5kc1.webp,1,2,6,6,0.9997,adaptive,0.1619,0.0801,3,0.0801,2,0,0,0
elm3xdgxv5kc1.webp,1,3,5,5,1.0,adaptive,0.153,0.0524,2,0.0524,1,0,0,0
elm3xdgxv5kc1.webp,1,7,7,7,1.0,adaptive,0.1724,0.0791,3,0.0706,1,0,0,0
elm3xdgxv5kc1.webp,1,8,9,9,0.9998,adaptive,0.1223,0.0525,5,0.0525,4,0,0,0
elm3xdgxv5kc1.webp,1,9,4,4,0.9759,adaptive,0.1323,0.055,2,0.0499,0,0,0,0
elm3xdgxv5kc1.webp,2,1,3,3,1.0,adaptive,0.1669,0.0938,1,0.0938,0,0,0,0
elm3xdgxv5kc1.webp,2,3,4,4,0.9996,adaptive,0.1352,0.0511,3,0.0511,2,0,0,0
elm3xdgxv5kc1.webp,2,4,9,9,1.0,adaptive,0.1963,0.1067,1,0.1067,0,0,0,0
elm3xdgxv5kc1.webp,2,5,5,5,1.0,adaptive,0.1798,0.1033,1,0.1033,0,0,0,0
elm3xdgxv5kc1.webp,2,6,7,7,0.999,adaptive,0.1465,0.0477,2,0.0477,1,0,0,0
elm3xdgxv5kc1.webp,2,9,0,0,0.992,adaptive,0.0814,0.0,10,0.0,10,0,0,0
elm3xdgxv5kc1.webp,3,1,9,9,1.0,adaptive,0.1896,0.1085,1,0.1085,0,0,0,0
elm3xdgxv5kc1.webp,3,3,7,7,0.8779,adaptive,0.1232,0.0528,2,0.0383,0,0,0,1
elm3xdgxv5kc1.webp,3,4,1,1,0.9004,adaptive,0.1239,0.0301,1,0.0301,0,0,0,0
elm3xdgxv5kc1.webp,3,5,4,4,1.0,adaptive,0.1601,0.0862,1,0.0862,0,0,0,0
elm3xdgxv5kc1.webp,3,6,6,6,1.0,adaptive,0.1842,0.1047,1,0.1047,0,0,0,0
elm3xdgxv5kc1.webp,3,7,5,5,0.9987,adaptive,0.1441,0.0628,1,0.0628,0,0,0,0
elm3xdgxv5kc1.webp,3,8,3,3,0.9998,adaptive,0.1547,0.0604,5,0.0604,4,0,0,0
elm3xdgxv5kc1.webp,4,1,5,5,1.0,adaptive,0.1949,0.1018,3,0.1018,2,0,0,0
elm3xdgxv5kc1.webp,4,2,4,4,0.9961,adaptive,0.1251,0.0464,1,0.0464,0,0,0,0
elm3xdgxv5kc1.webp,4,3,8,8,1.0,adaptive,0.1922,0.1056,3,0.1056,2,0,0,0
elm3xdgxv5kc1.webp,4,8,0,1,0.4596,adaptive,0.1144,0.0167,1,0.0167,0,0,0,0
elm3xdgxv5kc1.webp,4,9,7,7,1.0,adaptive,0.1486,0.0722,1,0.0722,0,0,0,0
elm3xdgxv5kc1.webp,5,1,6,6,0.9998,adaptive,0.1615,0.0857,1,0.0857,0,0,0,0
elm3xdgxv5kc1.webp,5,3,1,1,0.9928,adaptive,0.1447,0.0647,1,0.0647,0,0,0,0
elm3xdgxv5kc1.webp,5,6,4,4,0.9999,adaptive,0.1716,0.0837,1,0.0837,0,0,0,0
elm3xdgxv5kc1.webp,5,7,2,2,1.0,adaptive,0.1793,0.0979,1,0.0979,0,0,0,0
elm3xdgxv5kc1.webp,5,8,5,5,0.9998,adaptive,0.1405,0.0712,1,0.0712,0,0,0,0
elm3xdgxv5kc1.webp,6,1,2,2,0.9996,adaptive,0.1455,0.0557,2,0.0557,1,0,0,0
elm3xdgxv5kc1.webp,6,2,7,7,1.0,adaptive,0.1565,0.071,3,0.071,2,0,0,0
elm3xdgxv5kc1.webp,6,4,5,5,1.0,adaptive,0.2054,0.0953,1,0.0953,0,0,0,0
elm3xdgxv5kc1.webp,6,8,4,4,1.0,adaptive,0.1646,0.0909,1,0.0909,0,0,0,0
elm3xdgxv5kc1.webp,7,2,1,1,0.9959,adaptive,0.13,0.0615,1,0.0615,0,0,0,0
elm3xdgxv5kc1.webp,7,4,0,0,0.992,adaptive,0.0947,0.0,1,0.0074,0,0,0,0
elm3xdgxv5kc1.webp,7,5,3,3,1.0,adaptive,0.1526,0.0889,1,0.0889,0,0,0,0
elm3xdgxv5kc1.webp,7,7,4,4,0.9849,adaptive,0.1161,0.0512,1,0.0512,0,0,0,0
elm3xdgxv5kc1.webp,7,9,5,5,1.0,adaptive,0.1833,0.1011,1,0.1011,0,0,0,0
elm3xdgxv5kc1.webp,8,2,5,5,1.0,adaptive,0.1423,0.1017,1,0.1017,0,0,0,0
elm3xdgxv5kc1.webp,8,4,4,4,1.0,adaptive,0.1588,0.0848,1,0.0848,0,0,0,0
elm3xdgxv5kc1.webp,8,6,1,1,0.9965,adaptive,0.1287,0.0626,1,0.0626,0,0,0,0
elm3xdgxv5kc1.webp,8,9,3,3,1.0,adaptive,0.1633,0.0898,1,0.0898,0,0,0,0
elm3xdgxv5kc1.webp,9,1,4,4,0.994,adaptive,0.1245,0.0412,1,0.0412,0,0,0,0
elm3xdgxv5kc1.webp,9,4,6,6,1.0,adaptive,0.1909,0.1005,1,0.1005,0,0,0,0
elm3xdgxv5kc1.webp,9,6,5,5,0.9993,adaptive,0.1441,0.0648,1,0.0648,0,0,0,0
elm3xdgxv5kc1.webp,9,7,1,1,0.9969,adaptive,0.1239,0.0568,1,0.0568,0,0,0,0
euiw45t2100d1.webp,1,2,2,2,1.0,adaptive,0.2216,0.161,1,0.161,0,0,0,0
euiw45t2100d1.webp,1,4,8,8,1.0,adaptive,0.2404,0.1539,3,0.0887,0,0,0,1
euiw45t2100d1.webp,1,5,3,3,0.9999,adaptive,0.2126,0.1619,1,0.1619,0,0,0,0
euiw45t2100d1.webp,1,6,0,0,0.992,adaptive,0.09,0.0,0,0.0,0,0,0,0
euiw45t2100d1.webp,1,7,9,9,1.0,adaptive,0.1963,0.1227,2,0.0878,0,0,0,0
euiw45t2100d1.webp,1,8,0,0,0.992,adaptive,0.0457,0.0,0,0.0,0,0,0,0
euiw45t2100d1.webp,1,9,0,0,0.992,adaptive,0.0853,0.0,0,0.0,0,0,0,0
euiw45t2100d1.webp,2,1,8,8,1.0,adaptive,0.1859,0.1429,3,0.0816,0,0,0,1
euiw45t2100d1.webp,2,3,4,4,1.0,adaptive,0.1515,0.1104,5,0.0613,1,0,0,1
euiw45t2100d1.webp,2,4,7,7,1.0,adaptive,0.1662,0.121,1,0.121,0,0,0,0
euiw45t2100d1.webp,2,5,9,9,1.0,adaptive,0.1267,0.126,2,0.0907,0,0,0,0
euiw45t2100d1.webp,2,6,0,0,0.992,adaptive,0.0457,0.0,0,0.0,0,0,0,0
euiw45t2100d1.webp,2,7,5,5,1.0,adaptive,0.1047,0.1067,5,0.0654,1,0,0,1
euiw45t2100d1.webp,2,8,0,0,0.992,adaptive,0.0007,0.0,0,0.0,0,0,0,0
euiw45t2100d1.webp,3,2,9,9,1.0,adaptive,0.2108,0.1601,2,0.1167,0,0,0,0
euiw45t2100d1.webp,3,4,0,0,0.992,adaptive,0.088,0.0,0,0.0,0,0,0,0
euiw45t2100d1.webp,3,5,0,0,0.992,adaptive,0.0488,0.0,0,0.0,0,0,0,0
euiw45t2100d1.webp,3,6,0,0,0.992,adaptive,0.0896,0.0,0,0.0,0,0,0,0
euiw45t2100d1.webp,3,7,8,8,1.0,adaptive,0.217,0.1475,3,0.0835,0,0,0,1
euiw45t2100d1.webp,3,8,0,0,0.992,adaptive,0.0468,0.0,0,0.0,0,0,0,0
euiw45t2100d1.webp,4,2,7,7,1.0,adaptive,0.1454,0.0975,1,0.0975,0,0,0,0
euiw45t2100d1.webp,4,4,5,0,0.992,adaptive,0.0078,0.0,8,0.0,8,0,0,0
euiw45t2100d1.webp,4,5,8,8,1.0,adaptive,0.2252,0.1814,3,0.1092,0,0,0,1
euiw45t2100d1.webp,4,6,9,9,1.0,adaptive,0.2482,0.1608,2,0.1192,0,0,0,0
euiw45t2100d1.webp,4,7,4,4,1.0,adaptive,0.1767,0.1085,4,0.0499,0,0,0,1
euiw45t2100d1.webp,4,8,2,2,1.0,adaptive,0.2108,0.1624,1,0.1624,0,0,0,0
euiw45t2100d1.webp,4,9,6,6,0.9999,adaptive,0.2172,0.1317,2,0.0951,0,0,0,0
euiw45t2100d1.webp,5,1,4,4,1.0,adaptive,0.1868,0.1368,2,0.1061,0,0,0,0
euiw45t2100d1.webp,5,2,5,0,0.992,adaptive,0.0071,0.0,11,0.0,11,0,0,0
euiw45t2100d1.webp,5,3,6,6,0.9999,adaptive,0.2096,0.161,2,0.1185,0,0,0,0
euiw45t2100d1.webp,5,6,3,3,0.9999,adaptive,0.1809,0.1334,1,0.1334,0,0,0,0
euiw45t2100d1.webp,5,7,7,7,1.0,adaptive,0.1461,0.1162,1,0.1162,0,0,0,0
euiw45t2100d1.webp,5,8,8,8,1.0,adaptive,0.1596,0.1598,3,0.0925,0,0,0,1
euiw45t2100d1.webp,5,9,9,9,1.0,adaptive,0.1791,0.1339,2,0.0966,0,0,0,0
euiw45t2100d1.webp,6,1,9,9,1.0,adaptive,0.2199,0.1317,2,0.0945,0,0,0,0
euiw45t2100d1.webp,6,2,8,8,1.0,adaptive,0.2044,0.1572,3,0.0907,0,0,0,1
euiw45t2100d1.webp,6,3,2,2,1.0,adaptive,0.2221,0.1317,1,0.1317,0,0,0,0
euiw45t2100d1.webp,6,4,4,4,1.0,adaptive,0.1967,0.1092,2,0.0806,0,0,0,0
euiw45t2100d1.webp,6,7,1,1,0.9998,adaptive,0.1408,0.0684,2,0.0568,0,0,0,0
euiw45t2100d1.webp,6,8,3,3,0.9998,adaptive,0.1927,0.1327,2,0.1027,0,0,0,0
euiw45t2100d1.webp,6,9,5,0,0.992,adaptive,0.0078,0.0,6,0.0,6,0,0,0
euiw45t2100d1.webp,7,1,2,2,1.0,adaptive,0.2043,0.1279,1,0.1279,0,0,0,0
euiw45t2100d1.webp,7,2,4,4,1.0,adaptive,0.1479,0.114,2,0.0853,0,0,0,0
euiw45t2100d1.webp,7,3,8,8,1.0,adaptive,0.2257,0.1528,3,0.0878,0,0,0,1
euiw45t2100d1.webp,7,4,3,3,0.9995,adaptive,0.2081,0.1314,1,0.1314,0,0,0,0
euiw45t2100d1.webp,7,7,6,6,0.9999,adaptive,0.1798,0.1214,2,0.0867,0,0,0,0
euiw45t2100d1.webp,7,8,9,9,1.0,adaptive,0.2017,0.1597,2,0.118,0,0,0,0
euiw45t2100d1.webp,7,9,1,1,1.0,adaptive,0.1653,0.0927,1,0.0927,0,0,0,0
euiw45t2100d1.webp,8,1,7,7,1.0,adaptive,0.1832,0.1187,1,0.1187,0,0,0,0
euiw45t2100d1.webp,8,2,6,6,0.9999,adaptive,0.1393,0.1368,2,0.0987,0,0,0,0
euiw45t2100d1.webp,8,4,9,9,1.0,adaptive,0.1796,0.1332,2,0.0966,0,0,0,0
euiw45t2100d1.webp,8,8,5,0,0.992,adaptive,0.0076,0.0,11,0.0,11,0,0,0
euiw45t2100d1.webp,8,9,8,8,1.0,adaptive,0.2268,0.1823,3,0.1092,0,0,0,1
euiw45t2100d1.webp,9,1,5,5,1.0,adaptive,0.1054,0.1025,5,0.0503,1,0,0,0
euiw45t2100d1.webp,9,3,9,9,1.0,adaptive,0.219,0.1321,2,0.0953,0,0,0,0
euiw45t2100d1.webp,9,4,6,6,1.0,adaptive,0.2444,0.1593,2,0.1187,0,0,0,0
euiw45t2100d1.webp,9,5,0,0,0.992,adaptive,0.0448,0.0,0,0.0,0,0,0,0
euiw45t2100d1.webp,9,6,8,8,1.0,adaptive,0.2375,0.1546,3,0.0896,0,0,0,1
ex3fzhdj2urc1.webp,1,1,0,0,0.992,adaptive,0.0811,0.0,0,0.0,0,0,0,0
ex3fzhdj2urc1.webp,1,2,0,0,0.992,adaptive,0.0841,0.0,0,0.0,0,0,0,0
ex3fzhdj2urc1.webp,1,3,0,0,0.992,adaptive,0.0978,0.0,0,0.0,0,0,0,0
ex3fzhdj2urc1.webp,1,4,0,0,0.992,adaptive,0.0969,0.0,0,0.0,0,0,0,0
ex3fzhdj2urc1.webp,1,5,1,1,0.9999,adaptive,0.1597,0.0638,1,0.0638,0,0,0,0
ex3fzhdj2urc1.webp,1,6,0,0,0.992,adaptive,0.098,0.0,0,0.0,0,0,0,0
ex3fzhdj2urc1.webp,1,7,8,8,1.0,adaptive,0.2023,0.0938,1,0.0938,0,0,0,0
ex3fzhdj2urc1.webp,1,8,3,3,1.0,adaptive,0.1651,0.0821,1,0.0821,0,0,0,0
ex3fzhdj2urc1.webp,1,9,0,0,0.992,adaptive,0.1125,0.0,0,0.0,0,0,0,0
ex3fzhdj2urc1.webp,2,1,0,0,0.992,adaptive,0.0708,0.0,0,0.0,0,0,0,0
ex3fzhdj2urc1.webp,2,2,0,0,0.992,adaptive,0.0592,0.0,0,0.0,0,0,0,0
ex3fzhdj2urc1.webp,2,3,6,6,0.9999,adaptive,0.1628,0.0907,1,0.0907,0,0,0,0
ex3fzhdj2urc1.webp,2,4,8,8,1.0,adaptive,0.1694,0.0979,1,0.0979,0,0,0,0
ex3fzhdj2urc1.webp,2,5,0,0,0.992,adaptive,0.0712,0.0,0,0.0,0,0,0,0
ex3fzhdj2urc1.webp,2,6,9,9,1.0,adaptive,0.1635,0.0907,1,0.0907,0,0,0,0
ex3fzhdj2urc1.webp,2,7,0,0,0.992,adaptive,0.0844,0.0,0,0.0,0,0,0,0
ex3fzhdj2urc1.webp,2,8,0,0,0.992,adaptive,0.0592,0.0,0,0.0,0,0,0,0
ex3fzhdj2urc1.webp,2,9,0,0,0.992,adaptive,0.0855,0.0,0,0.0,0,0,0,0
ex3fzhdj2urc1.webp,3,1,2,2,1.0,adaptive,0.1758,0.0813,1,0.0813,0,0,0,0
ex3fzhdj2urc1.webp,3,2,0,0,0.992,adaptive,0.0837,0.0,0,0.0,0,0,0,0
ex3fzhdj2urc1.webp,3,3,0,0,0.992,adaptive,0.0982,0.0,0,0.0,0,0,0,0
ex3fzhdj2urc1.webp,3,4,0,0,0.992,adaptive,0.0967,0.0,0,0.0,0,0,0,0
ex3fzhdj2urc1.webp,3,5,4,4,1.0,adaptive,0.1741,0.0791,1,0.0791,0,0,0,0
ex3fzhdj2urc1.webp,3,6,0,0,0.992,adaptive,0.0985,0.0,0,0.0,0,0,0,0
ex3fzhdj2urc1.webp,3,7,0,0,0.992,adaptive,0.098,0.0,0,0.0,0,0,0,0
ex3fzhdj2urc1.webp,3,8,0,0,0.992,adaptive,0.0728,0.0,0,0.0,0,0,0,0
ex3fzhdj2urc1.webp,3,9,6,6,0.9999,adaptive,0.1871,0.0891,1,0.0891,0,0,0,0
ex3fzhdj2urc1.webp,4,1,8,8,1.0,adaptive,0.1775,0.0945,1,0.0945,0,0,0,0
ex3fzhdj2urc1.webp,4,2,0,0,0.992,adaptive,0.0719,0.0,0,0.0,0,0,0,0
ex3fzhdj2urc1.webp,4,3,0,0,0.992,adaptive,0.0864,0.0,0,0.0,0,0,0,0
ex3fzhdj2urc1.webp,4,4,9,9,1.0,adaptive,0.1744,0.0898,1,0.0898,0,0,0,0
ex3fzhdj2urc1.webp,4,5,0,0,0.992,adaptive,0.085,0.0,0,0.0,0,0,0,0
ex3fzhdj2urc1.webp,4,6,0,0,0.992,adaptive,0.0864,0.0,0,0.0,0,0,0,0
ex3fzhdj2urc1.webp,4,7,0,0,0.992,adaptive,0.0982,0.0,0,0.0,0,0,0,0
ex3fzhdj2urc1.webp,4,8,0,0,0.992,adaptive,0.0733,0.0,0,0.0,0,0,0,0
ex3fzhdj2urc1.webp,4,9,0,0,0.992,adaptive,0.0982,0.0,0,0.0,0,0,0,0
ex3fzhdj2urc1.webp,5,1,0,0,0.992,adaptive,0.0828,0.0,0,0.0,0,0,0,0
ex3fzhdj2urc1.webp,5,2,0,0,0.992,adaptive,0.0714,0.0,0,0.0,0,0,0,0
ex3fzhdj2urc1.webp,5,3,0,0,0.992,adaptive,0.0875,0.0,0,0.0,0,0,0,0
ex3fzhdj2urc1.webp,5,4,3,3,1.0,adaptive,0.1662,0.0821,1,0.0821,0,0,0,0
ex3fzhdj2urc1.webp,5,5,0,0,0.992,adaptive,0.0845,0.0,0,0.0,0,0,0,0
ex3fzhdj2urc1.webp,5,6,0,0,0.992,adaptive,0.0864,0.0,0,0.0,0,0,0,0
ex3fzhdj2urc1.webp,5,7,0,0,0.992,adaptive,0.0972,0.0,0,0.0,0,0,0,0
ex3fzhdj2urc1.webp,5,8,0,0,0.992,adaptive,0.0728,0.0,0,0.0,0,0,0,0
ex3fzhdj2urc1.webp,5,9,7,7,1.0,adaptive,0.1588,0.0635,1,0.0635,0,0,0,0
ex3fzhdj2urc1.webp,6,1,4,4,1.0,adaptive,0.1604,0.0766,1,0.0766,0,0,0,0
ex3fzhdj2urc1.webp,6,2,3,3,1.0,adaptive,0.1545,0.0819,1,0.0819,0,0,0,0
ex3fzhdj2urc1.webp,6,3,0,0,0.992,adaptive,0.088,0.0,0,0.0,0,0,0,0
ex3fzhdj2urc1.webp,6,4,0,0,0.992,adaptive,0.0862,0.0,0,0.0,0,0,0,0
ex3fzhdj2urc1.webp,6,5,0,0,0.992,adaptive,0.0862,0.0,0,0.0,0,0,0,0
ex3fzhdj2urc1.webp,6,6,1,1,1.0,adaptive,0.1439,0.0584,1,0.0584,0,0,0,0
ex3fzhdj2urc1.webp,6,7,0,0,0.992,adaptive,0.0998,0.0,0,0.0,0,0,0,0
ex3fzhdj2urc1.webp,6,8,0,0,0.992,adaptive,0.073,0.0,0,0.0,0,0,0,0
ex3fzhdj2urc1.webp,6,9,2,2,1.0,adaptive,0.1804,0.082,1,0.082,0,0,0,0
ex3fzhdj2urc1.webp,7,1,7,7,1.0,adaptive,0.1575,0.0635,1,0.0635,0,0,0,0
ex3fzhdj2urc1.webp,7,2,5,5,1.0,adaptive,0.1682,0.0848,1,0.0848,0,0,0,0
ex3fzhdj2urc1.webp,7,3,0,0,0.992,adaptive,0.0989,0.0,0,0.0,0,0,0,0
ex3fzhdj2urc1.webp,7,4,4,4,1.0,adaptive,0.1713,0.0748,1,0.0748,0,0,0,0
ex3fzhdj2urc1.webp,7,5,0,0,0.992,adaptive,0.0968,0.0,0,0.0,0,0,0,0
ex3fzhdj2urc1.webp,7,6,0,0,0.992,adaptive,0.0991,0.0,0,0.0,0,0,0,0
ex3fzhdj2urc1.webp,7,7,0,0,0.992,adaptive,0.1096,0.0,0,0.0,0,0,0,0
ex3fzhdj2urc1.webp,7,8,0,0,0.992,adaptive,0.0857,0.0,0,0.0,0,0,0,0
ex3fzhdj2urc1.webp,7,9,8,8,1.0,adaptive,0.2025,0.0938,1,0.0938,0,0,0,0
ex3fzhdj2urc1.webp,8,1,0,0,0.992,adaptive,0.071,0.0,0,0.0,0,0,0,0
ex3fzhdj2urc1.webp,8,2,0,0,0.992,adaptive,0.059,0.0,0,0.0,0,0,0,0
ex3fzhdj2urc1.webp,8,3,3,3,1.0,adaptive,0.1545,0.0823,1,0.0823,0,0,0,0
ex3fzhdj2urc1.webp,8,4,0,0,0.992,adaptive,0.0728,0.0,0,0.0,0,0,0,0
ex3fzhdj2urc1.webp,8,5,0,0,0.992,adaptive,0.0723,0.0,0,0.0,0,0,0,0
ex3fzhdj2urc1.webp,8,6,0,0,0.992,adaptive,0.073,0.0,0,0.0,0,0,0,0
ex3fzhdj2urc1.webp,8,7,0,0,0.992,adaptive,0.0862,0.0,0,0.0,0,0,0,0
ex3fzhdj2urc1.webp,8,8,4,4,1.0,adaptive,0.1341,0.0755,1,0.0755,0,0,0,0
ex3fzhdj2urc1.webp,8,9,0,0,0.992,adaptive,0.0859,0.0,0,0.0,0,0,0,0
ex3fzhdj2urc1.webp,9,1,1,1,1.0,adaptive,0.1613,0.0624,1,0.0624,0,0,0,0
ex3fzhdj2urc1.webp,9,2,0,0,0.992,adaptive,0.0855,0.0,0,0.0,0,0,0,0
ex3fzhdj2urc1.webp,9,3,0,0,0.992,adaptive,0.1105,0.0,0,0.0,0,0,0,0
ex3fzhdj2urc1.webp,9,4,0,0,0.992,adaptive,0.098,0.0,0,0.0,0,0,0,0
ex3fzhdj2urc1.webp,9,5,0,0,0.992,adaptive,0.0986,0.0,0,0.0,0,0,0,0
ex3fzhdj2urc1.webp,9,6,0,0,0.992,adaptive,0.0987,0.0,0,0.0,0,0,0,0
ex3fzhdj2urc1.webp,9,7,5,5,1.0,adaptive,0.1927,0.0831,1,0.0831,0,0,0,0
ex3fzhdj2urc1.webp,9,8,7,7,1.0,adaptive,0.1495,0.0638,1,0.0638,0,0,0,0
ex3fzhdj2urc1.webp,9,9,0,0,0.992,adaptive,0.1132,0.0,0,0.0,0,0,0,0
eypvdx9ou3vc1.webp,1,1,9,9,1.0,adaptive,0.1887,0.0891,1,0.0891,0,0,0,0
eypvdx9ou3vc1.webp,1,5,6,6,0.9999,adaptive,0.1741,0.0898,1,0.0898,0,0,0,0
eypvdx9ou3vc1.webp,1,6,4,4,1.0,adaptive,0.172,0.0737,1,0.0737,0,0,0,0
eypvdx9ou3vc1.webp,1,7,1,1,1.0,adaptive,0.1441,0.0588,1,0.0588,0,0,0,0
eypvdx9ou3vc1.webp,1,8,3,3,1.0,adaptive,0.1673,0.0825,1,0.0825,0,0,0,0
eypvdx9ou3vc1.webp,1,9,7,7,1.0,adaptive,0.1613,0.0628,1,0.0628,0,0,0,0
eypvdx9ou3vc1.webp,2,1,1,1,1.0,adaptive,0.1454,0.0599,1,0.0599,0,0,0,0
eypvdx9ou3vc1.webp,2,5,7,7,1.0,adaptive,0.135,0.0638,1,0.0638,0,0,0,0
eypvdx9ou3vc1.webp,2,6,9,9,1.0,adaptive,0.1725,0.0896,1,0.0896,0,0,0,0
eypvdx9ou3vc1.webp,2,9,6,6,0.9998,adaptive,0.163,0.0914,1,0.0914,0,0,0,0
eypvdx9ou3vc1.webp,3,2,6,6,1.0,adaptive,0.161,0.0889,1,0.0889,0,0,0,0
eypvdx9ou3vc1.webp,3,6,1,1,0.9999,adaptive,0.1517,0.057,1,0.057,0,0,0,0
eypvdx9ou3vc1.webp,3,9,9,9,0.9999,adaptive,0.1731,0.0887,1,0.0887,0,0,0,0
eypvdx9ou3vc1.webp,4,1,5,5,1.0,adaptive,0.1822,0.0849,1,0.0849,0,0,0,0
eypvdx9ou3vc1.webp,4,2,9,9,1.0,adaptive,0.1617,0.0893,1,0.0893,0,0,0,0
eypvdx9ou3vc1.webp,4,3,1,1,0.9999,adaptive,0.1441,0.0593,1,0.0593,0,0,0,0
eypvdx9ou3vc1.webp,4,4,7,7,1.0,adaptive,0.1481,0.0622,1,0.0622,0,0,0,0
eypvdx9ou3vc1.webp,4,5,4,4,1.0,adaptive,0.1619,0.0767,1,0.0767,0,0,0,0
eypvdx9ou3vc1.webp,4,6,3,3,1.0,adaptive,0.1671,0.0829,1,0.0829,0,0,0,0
eypvdx9ou3vc1.webp,4,7,2,2,1.0,adaptive,0.1675,0.0811,1,0.0811,0,0,0,0
eypvdx9ou3vc1.webp,4,8,6,6,0.9999,adaptive,0.1757,0.09,1,0.09,0,0,0,0
eypvdx9ou3vc1.webp,4,9,8,8,1.0,adaptive,0.1775,0.0927,1,0.0927,0,0,0,0
eypvdx9ou3vc1.webp,5,1,6,6,0.9999,adaptive,0.1854,0.0889,1,0.0889,0,0,0,0
eypvdx9ou3vc1.webp,5,2,3,3,1.0,adaptive,0.1414,0.0829,1,0.0829,0,0,0,0
eypvdx9ou3vc1.webp,5,3,2,2,1.0,adaptive,0.1526,0.081,1,0.081,0,0,0,0
eypvdx9ou3vc1.webp,5,4,9,9,1.0,adaptive,0.1603,0.0877,1,0.0877,0,0,0,0
eypvdx9ou3vc1.webp,5,5,5,5,1.0,adaptive,0.1568,0.0865,1,0.0865,0,0,0,0
eypvdx9ou3vc1.webp,5,6,8,8,1.0,adaptive,0.1662,0.0957,1,0.0957,0,0,0,0
eypvdx9ou3vc1.webp,5,7,7,7,1.0,adaptive,0.1486,0.0645,1,0.0645,0,0,0,0
eypvdx9ou3vc1.webp,5,8,4,4,1.0,adaptive,0.1513,0.079,1,0.079,0,0,0,0
eypvdx9ou3vc1.webp,5,9,1,1,1.0,adaptive,0.1425,0.0592,1,0.0592,0,0,0,0
eypvdx9ou3vc1.webp,6,3,4,4,1.0,adaptive,0.1611,0.0764,1,0.0764,0,0,0,0
eypvdx9ou3vc1.webp,6,4,6,6,1.0,adaptive,0.1751,0.0896,1,0.0896,0,0,0,0
eypvdx9ou3vc1.webp,6,5,1,1,1.0,adaptive,0.1447,0.0583,1,0.0583,0,0,0,0
eypvdx9ou3vc1.webp,6,6,2,2,1.0,adaptive,0.1544,0.0818,1,0.0818,0,0,0,0
eypvdx9ou3vc1.webp,6,7,3,3,1.0,adaptive,0.1673,0.0804,1,0.0804,0,0,0,0
eypvdx9ou3vc1.webp,6,8,9,9,0.9999,adaptive,0.1777,0.0918,1,0.0918,0,0,0,0
eypvdx9ou3vc1.webp,6,9,5,5,1.0,adaptive,0.1702,0.0849,1,0.0849,0,0,0,0
eypvdx9ou3vc1.webp,7,4,1,1,0.9999,adaptive,0.1439,0.0575,1,0.0575,0,0,0,0
eypvdx9ou3vc1.webp,7,5,9,9,0.9999,adaptive,0.1732,0.0877,1,0.0877,0,0,0,0
eypvdx9ou3vc1.webp,7,6,6,6,0.9999,adaptive,0.1845,0.0875,1,0.0875,0,0,0,0
eypvdx9ou3vc1.webp,7,7,8,8,1.0,adaptive,0.1787,0.0933,1,0.0933,0,0,0,0
eypvdx9ou3vc1.webp,7,8,5,5,1.0,adaptive,0.1714,0.0859,1,0.0859,0,0,0,0
eypvdx9ou3vc1.webp,7,9,2,2,1.0,adaptive,0.1673,0.0829,1,0.0829,0,0,0,0
eypvdx9ou3vc1.webp,8,2,1,1,1.0,adaptive,0.1322,0.0618,1,0.0618,0,0,0,0
eypvdx9ou3vc1.webp,8,3,6,6,0.9999,adaptive,0.1744,0.0914,1,0.0914,0,0,0,0
eypvdx9ou3vc1.webp,8,4,4,4,1.0,adaptive,0.1608,0.0771,1,0.0771,0,0,0,0
eypvdx9ou3vc1.webp,8,6,5,5,1.0,adaptive,0.1793,0.0844,1,0.0844,0,0,0,0
eypvdx9ou3vc1.webp,8,7,9,9,0.9999,adaptive,0.1746,0.0898,1,0.0898,0,0,0,0
eypvdx9ou3vc1.webp,8,8,7,7,1.0,adaptive,0.1483,0.0636,1,0.0636,0,0,0,0
eypvdx9ou3vc1.webp,8,9,3,3,1.0,adaptive,0.1662,0.0814,1,0.0814,0,0,0,0
eypvdx9ou3vc1.webp,9,2,5,5,1.0,adaptive,0.1574,0.0857,1,0.0857,0,0,0,0
eypvdx9ou3vc1.webp,9,3,9,9,0.9999,adaptive,0.1735,0.0893,1,0.0893,0,0,0,0
eypvdx9ou3vc1.webp,9,6,7,7,1.0,adaptive,0.1317,0.0613,1,0.0613,0,0,0,0
eypvdx9ou3vc1.webp,9,7,6,6,0.9999,adaptive,0.1735,0.0884,1,0.0884,0,0,0,0
eypvdx9ou3vc1.webp,9,8,1,1,0.9999,adaptive,0.1454,0.0608,1,0.0608,0,0,0,0
eypvdx9ou3vc1.webp,9,9,4,4,1.0,adaptive,0.1599,0.0726,1,0.0726,0,0,0,0
eza04t5lf1wc1.webp,1,1,9,9,1.0,adaptive,0.1715,0.1011,1,0.1011,0,0,0,0
eza04t5lf1wc1.webp,1,4,7,7,1.0,adaptive,0.1426,0.0715,1,0.0715,0,0,0,0
eza04t5lf1wc1.webp,1,6,2,2,1.0,adaptive,0.1461,0.0871,1,0.0871,0,0,0,0
eza04t5lf1wc1.webp,1,7,5,5,1.0,adaptive,0.1557,0.0851,1,0.0851,0,0,0,0
eza04t5lf1wc1.webp,1,8,4,4,0.9996,adaptive,0.1201,0.0778,1,0.0778,0,0,0,0
eza04t5lf1wc1.webp,1,9,6,6,0.9995,adaptive,0.1733,0.0998,1,0.0998,0,0,0,0
eza04t5lf1wc1.webp,2,1,5,5,1.0,adaptive,0.1284,0.0853,1,0.0853,0,0,0,0
eza04t5lf1wc1.webp,2,2,7,7,1.0,adaptive,0.0758,0.0732,1,0.0732,0,0,0,0
eza04t5lf1wc1.webp,2,4,9,9,1.0,adaptive,0.152,0.1013,1,0.1013,0,0,0,0
eza04t5lf1wc1.webp,2,9,1,1,1.0,adaptive,0.1061,0.0606,1,0.0606,0,0,0,0
eza04t5lf1wc1.webp,3,2,6,6,0.9998,adaptive,0.1441,0.1015,1,0.1015,0,0,0,0
eza04t5lf1wc1.webp,3,3,4,4,0.9997,adaptive,0.147,0.0786,1,0.0786,0,0,0,0
eza04t5lf1wc1.webp,3,5,5,5,1.0,adaptive,0.1309,0.0859,1,0.0859,0,0,0,0
eza04t5lf1wc1.webp,3,7,9,9,1.0,adaptive,0.1713,0.1007,1,0.1007,0,0,0,0
eza04t5lf1wc1.webp,4,1,8,8,1.0,adaptive,0.1648,0.1058,1,0.1058,0,0,0,0
eza04t5lf1wc1.webp,4,2,3,3,1.0,adaptive,0.1106,0.0801,1,0.0801,0,0,0,0
eza04t5lf1wc1.webp,4,3,7,7,1.0,adaptive,0.1285,0.0691,1,0.0691,0,0,0,0
eza04t5lf1wc1.webp,4,5,9,9,1.0,adaptive,0.14,0.1009,1,0.1009,0,0,0,0
eza04t5lf1wc1.webp,4,6,5,5,1.0,adaptive,0.1501,0.0804,1,0.0804,0,0,0,0
eza04t5lf1wc1.webp,4,8,6,6,0.9996,adaptive,0.1554,0.1009,1,0.1009,0,0,0,0
eza04t5lf1wc1.webp,4,9,2,2,1.0,adaptive,0.17,0.0858,1,0.0858,0,0,0,0
eza04t5lf1wc1.webp,5,1,6,6,0.9979,adaptive,0.1429,0.1,1,0.1,0,0,0,0
eza04t5lf1wc1.webp,5,4,2,2,1.0,adaptive,0.1441,0.0882,1,0.0882,0,0,0,0
eza04t5lf1wc1.webp,5,6,7,7,1.0,adaptive,0.0995,0.0692,1,0.0692,0,0,0,0
eza04t5lf1wc1.webp,5,7,3,3,1.0,adaptive,0.1364,0.0794,1,0.0794,0,0,0,0
eza04t5lf1wc1.webp,6,2,2,2,1.0,adaptive,0.1169,0.0864,1,0.0864,0,0,0,0
eza04t5lf1wc1.webp,7,1,3,3,1.0,adaptive,0.1586,0.0789,1,0.0789,0,0,0,0
eza04t5lf1wc1.webp,7,2,5,5,1.0,adaptive,0.1269,0.0832,1,0.0832,0,0,0,0
eza04t5lf1wc1.webp,7,4,6,6,0.9998,adaptive,0.1813,0.0998,1,0.0998,0,0,0,0
eza04t5lf1wc1.webp,7,5,7,7,1.0,adaptive,0.1246,0.0694,1,0.0694,0,0,0,0
eza04t5lf1wc1.webp,7,8,1,1,0.9999,adaptive,0.118,0.0642,1,0.0642,0,0,0,0
eza04t5lf1wc1.webp,7,9,9,9,1.0,adaptive,0.1829,0.0985,1,0.0985,0,0,0,0
eza04t5lf1wc1.webp,8,2,9,9,1.0,adaptive,0.1028,0.1022,1,0.1022,0,0,0,0
eza04t5lf1wc1.webp,8,3,6,6,0.9996,adaptive,0.1314,0.1009,1,0.1009,0,0,0,0
eza04t5lf1wc1.webp,8,4,5,5,1.0,adaptive,0.1289,0.0844,1,0.0844,0,0,0,0
eza04t5lf1wc1.webp,8,6,1,1,1.0,adaptive,0.1101,0.0687,1,0.0687,0,0,0,0
eza04t5lf1wc1.webp,8,7,7,7,1.0,adaptive,0.1135,0.069,1,0.069,0,0,0,0
eza04t5lf1wc1.webp,9,1,7,7,1.0,adaptive,0.139,0.0691,1,0.0691,0,0,0,0
eza04t5lf1wc1.webp,9,3,1,1,1.0,adaptive,0.119,0.0599,1,0.0599,0,0,0,0
eza04t5lf1wc1.webp,9,4,3,3,1.0,adaptive,0.149,0.0786,1,0.0786,0,0,0,0
eza04t5lf1wc1.webp,9,6,9,9,1.0,adaptive,0.1597,0.1005,1,0.1005,0,0,0,0
eza04t5lf1wc1.webp,9,7,6,6,0.9995,adaptive,0.1704,0.0989,1,0.0989,0,0,0,0
fszw4c9k76bc1.webp,1,3,6,6,0.9986,adaptive,0.2972,0.1856,4,0.1325,0,0,0,0
fszw4c9k76bc1.webp,1,7,7,7,0.9982,adaptive,0.2043,0.129,1,0.129,0,0,0,0
fszw4c9k76bc1.webp,1,8,5,5,1.0,adaptive,0.2562,0.18,1,0.18,0,0,0,0
fszw4c9k76bc1.webp,1,9,1,1,0.9833,adaptive,0.2245,0.0991,1,0.0991,0,0,0,0
fszw4c9k76bc1.webp,2,4,9,9,0.9115,adaptive,0.2517,0.1868,2,0.1526,0,0,0,0
fszw4c9k76bc1.webp,2,5,5,5,1.0,adaptive,0.281,0.1814,1,0.1814,0,0,0,0
fszw4c9k76bc1.webp,2,6,6,6,0.9997,adaptive,0.2843,0.1689,5,0.1323,3,0,0,0
fszw4c9k76bc1.webp,2,7,8,8,0.9997,adaptive,0.2542,0.1796,3,0.1142,0,0,0,1
fszw4c9k76bc1.webp,2,8,4,4,0.9998,adaptive,0.2169,0.1295,2,0.1123,0,0,0,0
fszw4c9k76bc1.webp,2,9,2,2,0.8917,adaptive,0.2567,0.1746,1,0.1746,0,0,0,0
fszw4c9k76bc1.webp,3,1,5,5,0.9999,adaptive,0.26,0.178,4,0.178,3,0,0,0
fszw4c9k76bc1.webp,3,2,4,4,0.9997,adaptive,0.249,0.13,3,0.1133,1,0,0,0
fszw4c9k76bc1.webp,3,3,8,8,0.9983,adaptive,0.2965,0.1853,5,0.1092,0,0,0,1
fszw4c9k76bc1.webp,3,4,2,2,0.9778,adaptive,0.235,0.1704,1,0.1704,0,0,0,0
fszw4c9k76bc1.webp,3,5,7,7,0.9995,adaptive,0.2589,0.1289,2,0.1289,1,0,0,0
fszw4c9k76bc1.webp,3,6,1,1,0.9997,adaptive,0.2163,0.1072,4,0.0978,2,0,0,0
fszw4c9k76bc1.webp,3,7,6,6,1.0,adaptive,0.2317,0.1633,4,0.1272,2,0,0,0
fszw4c9k76bc1.webp,3,8,3,3,0.9936,adaptive,0.2908,0.19,3,0.1791,0,0,0,0
fszw4c9k76bc1.webp,3,9,9,9,0.9995,adaptive,0.2952,0.1798,5,0.1457,3,0,0,0
fszw4c9k76bc1.webp,4,7,9,9,0.9895,adaptive,0.1931,0.1816,2,0.1477,0,0,0,0
fszw4c9k76bc1.webp,4,8,6,6,0.9997,adaptive,0.2341,0.1678,2,0.1312,0,0,0,0
fszw4c9k76bc1.webp,4,9,7,7,1.0,adaptive,0.2018,0.1236,1,0.1236,0,0,0,0
fszw4c9k76bc1.webp,5,1,4,4,0.9993,adaptive,0.2074,0.1257,5,0.109,2,1,0,0
fszw4c9k76bc1.webp,5,4,6,6,1.0,adaptive,0.2488,0.1662,4,0.1298,2,0,0,0
fszw4c9k76bc1.webp,5,5,1,1,0.9996,adaptive,0.2241,0.1012,1,0.1012,0,0,0,0
fszw4c9k76bc1.webp,5,6,2,2,0.9485,adaptive,0.2953,0.1766,1,0.1766,0,0,0,0
fszw4c9k76bc1.webp,5,7,5,5,1.0,adaptive,0.2727,0.1789,1,0.1789,0,0,0,0
fszw4c9k76bc1.webp,5,8,8,8,0.9996,adaptive,0.2798,0.1772,5,0.1118,2,0,0,1
fszw4c9k76bc1.webp,5,9,3,3,0.9987,adaptive,0.2684,0.1775,1,0.1775,0,0,0,0
fszw4c9k76bc1.webp,6,2,6,6,1.0,adaptive,0.2668,0.1576,5,0.1219,2,1,0,0
fszw4c9k76bc1.webp,6,4,7,7,0.9954,adaptive,0.2435,0.1143,5,0.1143,4,0,0,0
fszw4c9k76bc1.webp,6,5,9,9,0.9857,adaptive,0.3268,0.1732,4,0.1398,1,1,0,0
fszw4c9k76bc1.webp,6,7,1,1,0.9984,adaptive,0.2161,0.1045,2,0.1045,0,1,0,0
fszw4c9k76bc1.webp,6,8,2,2,0.8802,adaptive,0.2985,0.1703,4,0.1703,2,1,0,0
fszw4c9k76bc1.webp,6,9,4,4,0.9868,adaptive,0.2604,0.1256,3,0.1096,0,1,0,0
fszw4c9k76bc1.webp,7,3,4,4,0.9996,adaptive,0.207,0.1285,2,0.1121,0,0,0,0
fszw4c9k76bc1.webp,7,5,2,2,0.9654,adaptive,0.289,0.1741,1,0.1741,0,0,0,0
fszw4c9k76bc1.webp,7,6,9,9,0.9995,adaptive,0.2845,0.1845,2,0.1506,0,0,0,0
fszw4c9k76bc1.webp,7,7,3,3,0.9332,adaptive,0.2678,0.1769,1,0.1769,0,0,0,0
fszw4c9k76bc1.webp,7,9,6,6,0.9978,adaptive,0.2457,0.1662,2,0.1303,0,0,0,0
fszw4c9k76bc1.webp,8,1,6,6,0.9999,adaptive,0.2571,0.1728,11,0.128,8,0,0,0
fszw4c9k76bc1.webp,8,2,1,1,0.9988,adaptive,0.1832,0.1111,6,0.1111,5,0,0,0
fszw4c9k76bc1.webp,8,4,8,8,0.9968,adaptive,0.2849,0.1782,5,0.1137,1,1,0,1
fszw4c9k76bc1.webp,8,5,3,3,0.9718,adaptive,0.2824,0.1855,3,0.1855,1,1,0,0
fszw4c9k76bc1.webp,8,6,4,4,0.9978,adaptive,0.232,0.137,5,0.1156,2,0,0,0
fszw4c9k76bc1.webp,8,7,2,2,0.9702,adaptive,0.2953,0.1759,2,0.1759,0,1,0,0
fszw4c9k76bc1.webp,8,9,5,5,0.9999,adaptive,0.2549,0.182,3,0.182,2,0,0,0
fszw4c9k76bc1.webp,9,3,2,2,0.9738,adaptive,0.2317,0.1539,1,0.1539,0,0,0,0
fszw4c9k76bc1.webp,9,5,6,6,0.9998,adaptive,0.2743,0.1599,6,0.1174,3,0,0,0
fszw4c9k76bc1.webp,9,6,7,7,0.9323,adaptive,0.2388,0.1043,2,0.1043,0,1,0,0
fszw4c9k76bc1.webp,9,7,4,4,0.9997,adaptive,0.2517,0.1243,3,0.1085,0,1,0,0
fszw4c9k76bc1.webp,9,9,8,3,0.6617,adaptive,0.3105,0.1635,6,0.0978,2,1,0,1
g6wzow6wdtac1.webp,1,1,0,0,0.992,adaptive,0.0697,0.0,0,0.0,0,0,0,0
g6wzow6wdtac1.webp,1,2,0,0,0.992,adaptive,0.031,0.0,0,0.0,0,0,0,0
g6wzow6wdtac1.webp,1,3,6,6,0.9988,adaptive,0.1597,0.1009,1,0.1009,0,0,0,0
g6wzow6wdtac1.webp,1,4,5,5,1.0,adaptive,0.1568,0.0869,1,0.0869,0,0,0,0
g6wzow6wdtac1.webp,1,5,0,0,0.992,adaptive,0.0308,0.0,0,0.0,0,0,0,0
g6wzow6wdtac1.webp,1,6,0,0,0.992,adaptive,0.0593,0.0,0,0.0,0,0,0,0
g6wzow6wdtac1.webp,1,7,1,1,0.9999,adaptive,0.1479,0.0673,1,0.0673,0,0,0,0
g6wzow6wdtac1.webp,1,8,0,0,0.992,adaptive,0.055,0.0,0,0.0,0,0,0,0
g6wzow6wdtac1.webp,1,9,0,0,0.992,adaptive,0.0835,0.0,0,0.0,0,0,0,0
g6wzow6wdtac1.webp,2,1,0,0,0.992,adaptive,0.043,0.0,0,0.0,0,0,0,0
g6wzow6wdtac1.webp,2,2,2,2,1.0,adaptive,0.0925,0.0918,1,0.0918,0,0,0,0
g6wzow6wdtac1.webp,2,3,0,0,0.992,adaptive,0.0303,0.0,0,0.0,0,0,0,0
g6wzow6wdtac1.webp,2,4,0,0,0.992,adaptive,0.0434,0.0,0,0.0,0,0,0,0
g6wzow6wdtac1.webp,2,5,8,8,1.0,adaptive,0.1127,0.1123,1,0.1123,0,0,0,0
g6wzow6wdtac1.webp,2,6,0,0,0.992,adaptive,0.0303,0.0,0,0.0,0,0,0,0
g6wzow6wdtac1.webp,2,7,0,0,0.992,adaptive,0.0439,0.0,0,0.0,0,0,0,0
g6wzow6wdtac1.webp,2,8,0,0,0.992,adaptive,0.0135,0.0,0,0.0,0,0,0,0
g6wzow6wdtac1.webp,2,9,0,0,0.992,adaptive,0.045,0.0,0,0.0,0,0,0,0
g6wzow6wdtac1.webp,3,1,0,0,0.992,adaptive,0.0699,0.0,0,0.0,0,0,0,0
g6wzow6wdtac1.webp,3,2,0,0,0.992,adaptive,0.0303,0.0,0,0.0,0,0,0,0
g6wzow6wdtac1.webp,3,3,3,3,1.0,adaptive,0.139,0.08,1,0.08,0,0,0,0
g6wzow6wdtac1.webp,3,4,0,0,0.992,adaptive,0.0702,0.0,0,0.0,0,0,0,0
g6wzow6wdtac1.webp,3,5,0,0,0.992,adaptive,0.0303,0.0,0,0.0,0,0,0,0
g6wzow6wdtac1.webp,3,6,0,0,0.992,adaptive,0.059,0.0,0,0.0,0,0,0,0
g6wzow6wdtac1.webp,3,7,0,0,0.992,adaptive,0.0699,0.0,0,0.0,0,0,0,0
g6wzow6wdtac1.webp,3,8,0,0,0.992,adaptive,0.0421,0.0,0,0.0,0,0,0,0
g6wzow6wdtac1.webp,3,9,7,7,1.0,adaptive,0.1472,0.0744,1,0.0744,0,0,0,0
g6wzow6wdtac1.webp,4,1,5,5,1.0,adaptive,0.155,0.0858,1,0.0858,0,0,0,0
g6wzow6wdtac1.webp,4,2,0,0,0.992,adaptive,0.0425,0.0,0,0.0,0,0,0,0
g6wzow6wdtac1.webp,4,3,0,0,0.992,adaptive,0.0682,0.0,0,0.0,0,0,0,0
g6wzow6wdtac1.webp,4,4,4,4,0.9998,adaptive,0.1586,0.0789,1,0.0789,0,0,0,0
g6wzow6wdtac1.webp,4,5,0,0,0.992,adaptive,0.0427,0.0,0,0.0,0,0,0,0
g6wzow6wdtac1.webp,4,6,1,1,1.0,adaptive,0.1328,0.0635,1,0.0635,0,0,0,0
g6wzow6wdtac1.webp,4,7,0,0,0.992,adaptive,0.0809,0.0,0,0.0,0,0,0,0
g6wzow6wdtac1.webp,4,8,0,0,0.992,adaptive,0.0552,0.0,0,0.0,0,0,0,0
g6wzow6wdtac1.webp,4,9,0,0,0.992,adaptive,0.0833,0.0,0,0.0,0,0,0,0
g6wzow6wdtac1.webp,5,1,0,0,0.992,adaptive,0.0308,0.0,0,0.0,0,0,0,0
g6wzow6wdtac1.webp,5,2,9,9,1.0,adaptive,0.104,0.1035,1,0.1035,0,0,0,0
g6wzow6wdtac1.webp,5,3,0,0,0.992,adaptive,0.0308,0.0,0,0.0,0,0,0,0
g6wzow6wdtac1.webp,5,4,0,0,0.992,adaptive,0.0445,0.0,0,0.0,0,0,0,0
g6wzow6wdtac1.webp,5,5,0,0,0.992,adaptive,0.0028,0.0,0,0.0,0,0,0,0
g6wzow6wdtac1.webp,5,6,0,0,0.992,adaptive,0.0303,0.0,0,0.0,0,0,0,0
g6wzow6wdtac1.webp,5,7,0,0,0.992,adaptive,0.0445,0.0,0,0.0,0,0,0,0
g6wzow6wdtac1.webp,5,8,7,7,1.0,adaptive,0.0925,0.0762,1,0.0762,0,0,0,0
g6wzow6wdtac1.webp,5,9,0,0,0.992,adaptive,0.0455,0.0,0,0.0,0,0,0,0
g6wzow6wdtac1.webp,6,1,0,0,0.992,adaptive,0.0597,0.0,0,0.0,0,0,0,0
g6wzow6wdtac1.webp,6,2,0,0,0.992,adaptive,0.0303,0.0,0,0.0,0,0,0,0
g6wzow6wdtac1.webp,6,3,0,0,0.992,adaptive,0.0588,0.0,0,0.0,0,0,0,0
g6wzow6wdtac1.webp,6,4,8,8,1.0,adaptive,0.1813,0.1109,1,0.1109,0,0,0,0
g6wzow6wdtac1.webp,6,5,0,0,0.992,adaptive,0.0301,0.0,0,0.0,0,0,0,0
g6wzow6wdtac1.webp,6,6,2,2,1.0,adaptive,0.1472,0.0882,1,0.0882,0,0,0,0
g6wzow6wdtac1.webp,6,7,0,0,0.992,adaptive,0.0695,0.0,0,0.0,0,0,0,0
g6wzow6wdtac1.webp,6,8,0,0,0.992,adaptive,0.0414,0.0,0,0.0,0,0,0,0
g6wzow6wdtac1.webp,6,9,6,6,0.9986,adaptive,0.1733,0.1009,1,0.1009,0,0,0,0
g6wzow6wdtac1.webp,7,1,1,1,0.9999,adaptive,0.1323,0.0639,1,0.0639,0,0,0,0
g6wzow6wdtac1.webp,7,2,0,0,0.992,adaptive,0.0373,0.0,0,0.0,0,0,0,0
g6wzow6wdtac1.webp,7,3,0,0,0.992,adaptive,0.0648,0.0,0,0.0,0,0,0,0
g6wzow6wdtac1.webp,7,4,0,0,0.992,adaptive,0.0726,0.0,0,0.0,0,0,0,0
g6wzow6wdtac1.webp,7,5,0,0,0.992,adaptive,0.0348,0.0,0,0.0,0,0,0,0
g6wzow6wdtac1.webp,7,6,0,0,0.992,adaptive,0.0671,0.0,0,0.0,0,0,0,0
g6wzow6wdtac1.webp,7,7,3,3,1.0,adaptive,0.1495,0.0798,1,0.0798,0,0,0,0
g6wzow6wdtac1.webp,7,8,0,0,0.992,adaptive,0.0484,0.0,0,0.0,0,0,0,0
g6wzow6wdtac1.webp,7,9,0,0,0.992,adaptive,0.0708,0.0,0,0.0,0,0,0,0
g6wzow6wdtac1.webp,8,1,0,0,0.992,adaptive,0.0423,0.0,0,0.0,0,0,0,0
g6wzow6wdtac1.webp,8,2,0,0,0.992,adaptive,0.0133,0.0,0,0.0,0,0,0,0
g6wzow6wdtac1.webp,8,3,0,0,0.992,adaptive,0.0421,0.0,0,0.0,0,0,0,0
g6wzow6wdtac1.webp,8,4,0,0,0.992,adaptive,0.0554,0.0,0,0.0,0,0,0,0
g6wzow6wdtac1.webp,8,5,2,2,1.0,adaptive,0.1065,0.0927,1,0.0927,0,0,0,0
g6wzow6wdtac1.webp,8,6,0,0,0.992,adaptive,0.0418,0.0,0,0.0,0,0,0,0
g6wzow6wdtac1.webp,8,7,0,0,0.992,adaptive,0.0554,0.0,0,0.0,0,0,0,0
g6wzow6wdtac1.webp,8,8,9,9,1.0,adaptive,0.1292,0.1038,1,0.1038,0,0,0,0
g6wzow6wdtac1.webp,8,9,0,0,0.992,adaptive,0.054,0.0,0,0.0,0,0,0,0
g6wzow6wdtac1.webp,9,1,0,0,0.992,adaptive,0.0588,0.0,0,0.0,0,0,0,0
g6wzow6wdtac1.webp,9,2,0,0,0.992,adaptive,0.0301,0.0,0,0.0,0,0,0,0
g6wzow6wdtac1.webp,9,3,8,8,1.0,adaptive,0.1684,0.1096,1,0.1096,0,0,0,0
g6wzow6wdtac1.webp,9,4,0,0,0.992,adaptive,0.072,0.0,0,0.0,0,0,0,0
g6wzow6wdtac1.webp,9,5,0,0,0.992,adaptive,0.045,0.0,0,0.0,0,0,0,0
g6wzow6wdtac1.webp,9,6,6,6,0.9988,adaptive,0.1722,0.0998,1,0.0998,0,0,0,0
g6wzow6wdtac1.webp,9,7,4,4,0.9997,adaptive,0.164,0.0804,1,0.0804,0,0,0,0
g6wzow6wdtac1.webp,9,8,0,0,0.992,adaptive,0.0563,0.0,0,0.0,0,0,0,0
g6wzow6wdtac1.webp,9,9,0,0,0.992,adaptive,0.0862,0.0,0,0.0,0,0,0,0
gb1eabh5oe9c1.webp,1,1,0,0,0.992,adaptive,0.086,0.0,0,0.0,0,0,0,0
gb1eabh5oe9c1.webp,1,2,1,1,1.0,adaptive,0.1327,0.0629,1,0.0629,0,0,0,0
gb1eabh5oe9c1.webp,1,3,0,0,0.992,adaptive,0.0838,0.0,0,0.0,0,0,0,0
gb1eabh5oe9c1.webp,1,4,0,0,0.992,adaptive,0.0831,0.0,0,0.0,0,0,0,0
gb1eabh5oe9c1.webp,1,5,4,4,1.0,adaptive,0.1479,0.0776,1,0.0776,0,0,0,0
gb1eabh5oe9c1.webp,1,6,0,0,0.992,adaptive,0.0844,0.0,0,0.0,0,0,0,0
gb1eabh5oe9c1.webp,1,7,0,0,0.992,adaptive,0.0958,0.0,0,0.0,0,0,0,0
gb1eabh5oe9c1.webp,1,8,7,7,1.0,adaptive,0.1343,0.0635,1,0.0635,0,0,0,0
gb1eabh5oe9c1.webp,1,9,9,9,0.9999,adaptive,0.1873,0.0902,1,0.0902,0,0,0,0
gb1eabh5oe9c1.webp,2,1,0,0,0.992,adaptive,0.085,0.0,0,0.0,0,0,0,0
gb1eabh5oe9c1.webp,2,2,0,0,0.992,adaptive,0.0831,0.0,0,0.0,0,0,0,0
gb1eabh5oe9c1.webp,2,3,0,0,0.992,adaptive,0.0846,0.0,0,0.0,0,0,0,0
gb1eabh5oe9c1.webp,2,4,7,7,1.0,adaptive,0.1366,0.0651,1,0.0651,0,0,0,0
gb1eabh5oe9c1.webp,2,5,0,0,0.992,adaptive,0.0836,0.0,0,0.0,0,0,0,0
gb1eabh5oe9c1.webp,2,6,0,0,0.992,adaptive,0.0857,0.0,0,0.0,0,0,0,0
gb1eabh5oe9c1.webp,2,7,0,0,0.992,adaptive,0.0968,0.0,0,0.0,0,0,0,0
gb1eabh5oe9c1.webp,2,8,0,0,0.992,adaptive,0.0723,0.0,0,0.0,0,0,0,0
gb1eabh5oe9c1.webp,2,9,1,1,0.9999,adaptive,0.1366,0.0611,1,0.0611,0,0,0,0
gb1eabh5oe9c1.webp,3,1,0,0,0.992,adaptive,0.0853,0.0,0,0.0,0,0,0,0
gb1eabh5oe9c1.webp,3,2,0,0,0.992,adaptive,0.0839,0.0,0,0.0,0,0,0,0
gb1eabh5oe9c1.webp,3,3,0,0,0.992,adaptive,0.0858,0.0,0,0.0,0,0,0,0
gb1eabh5oe9c1.webp,3,4,0,0,0.992,adaptive,0.0858,0.0,0,0.0,0,0,0,0
gb1eabh5oe9c1.webp,3,5,3,3,1.0,adaptive,0.1545,0.0819,1,0.0819,0,0,0,0
gb1eabh5oe9c1.webp,3,6,0,0,0.992,adaptive,0.086,0.0,0,0.0,0,0,0,0
gb1eabh5oe9c1.webp,3,7,0,0,0.992,adaptive,0.0987,0.0,0,0.0,0,0,0,0
gb1eabh5oe9c1.webp,3,8,0,0,0.992,adaptive,0.073,0.0,0,0.0,0,0,0,0
gb1eabh5oe9c1.webp,3,9,0,0,0.992,adaptive,0.0855,0.0,0,0.0,0,0,0,0
gb1eabh5oe9c1.webp,4,1,0,0,0.992,adaptive,0.0965,0.0,0,0.0,0,0,0,0
gb1eabh5oe9c1.webp,4,2,5,5,1.0,adaptive,0.1581,0.0864,1,0.0864,0,0,0,0
gb1eabh5oe9c1.webp,4,3,2,2,1.0,adaptive,0.1677,0.0824,1,0.0824,0,0,0,0
gb1eabh5oe9c1.webp,4,4,0,0,0.992,adaptive,0.0949,0.0,0,0.0,0,0,0,0
gb1eabh5oe9c1.webp,4,5,0,0,0.992,adaptive,0.0963,0.0,0,0.0,0,0,0,0
gb1eabh5oe9c1.webp,4,6,0,0,0.992,adaptive,0.0971,0.0,0,0.0,0,0,0,0
gb1eabh5oe9c1.webp,4,7,0,0,0.992,adaptive,0.1089,0.0,0,0.0,0,0,0,0
gb1eabh5oe9c1.webp,4,8,0,0,0.992,adaptive,0.095,0.0,0,0.0,0,0,0,0
gb1eabh5oe9c1.webp,4,9,0,0,0.992,adaptive,0.0971,0.0,0,0.0,0,0,0,0
gb1eabh5oe9c1.webp,5,1,0,0,0.992,adaptive,0.0952,0.0,0,0.0,0,0,0,0
gb1eabh5oe9c1.webp,5,2,0,0,0.992,adaptive,0.0764,0.0,0,0.0,0,0,0,0
gb1eabh5oe9c1.webp,5,3,6,6,0.9999,adaptive,0.1619,0.0907,1,0.0907,0,0,0,0
gb1eabh5oe9c1.webp,5,4,0,0,0.992,adaptive,0.0837,0.0,0,0.0,0,0,0,0
gb1eabh5oe9c1.webp,5,5,9,9,0.9999,adaptive,0.1517,0.0939,1,0.0939,0,0,0,0
gb1eabh5oe9c1.webp,5,6,0,0,0.992,adaptive,0.0821,0.0,0,0.0,0,0,0,0
gb1eabh5oe9c1.webp,5,7,0,0,0.992,adaptive,0.0954,0.0,0,0.0,0,0,0,0
gb1eabh5oe9c1.webp,5,8,2,2,1.0,adaptive,0.143,0.0845,1,0.0845,0,0,0,0
gb1eabh5oe9c1.webp,5,9,7,7,1.0,adaptive,0.1341,0.0629,1,0.0629,0,0,0,0
gb1eabh5oe9c1.webp,6,1,9,9,1.0,adaptive,0.1784,0.0893,1,0.0893,0,0,0,0
gb1eabh5oe9c1.webp,6,2,0,0,0.992,adaptive,0.0733,0.0,0,0.0,0,0,0,0
gb1eabh5oe9c1.webp,6,3,0,0,0.992,adaptive,0.0862,0.0,0,0.0,0,0,0,0
gb1eabh5oe9c1.webp,6,4,3,3,1.0,adaptive,0.1653,0.0793,1,0.0793,0,0,0,0
gb1eabh5oe9c1.webp,6,5,0,0,0.992,adaptive,0.0864,0.0,0,0.0,0,0,0,0
gb1eabh5oe9c1.webp,6,6,6,6,1.0,adaptive,0.1744,0.0887,1,0.0887,0,0,0,0
gb1eabh5oe9c1.webp,6,7,0,0,0.992,adaptive,0.0989,0.0,0,0.0,0,0,0,0
gb1eabh5oe9c1.webp,6,8,0,0,0.992,adaptive,0.0855,0.0,0,0.0,0,0,0,0
gb1eabh5oe9c1.webp,6,9,0,0,0.992,adaptive,0.0851,0.0,0,0.0,0,0,0,0
gb1eabh5oe9c1.webp,7,1,0,0,0.992,adaptive,0.0896,0.0,0,0.0,0,0,0,0
gb1eabh5oe9c1.webp,7,2,0,0,0.992,adaptive,0.0839,0.0,0,0.0,0,0,0,0
gb1eabh5oe9c1.webp,7,3,5,5,1.0,adaptive,0.1686,0.0844,1,0.0844,0,0,0,0
gb1eabh5oe9c1.webp,7,4,9,9,1.0,adaptive,0.1731,0.088,1,0.088,0,0,0,0
gb1eabh5oe9c1.webp,7,5,0,0,0.992,adaptive,0.0963,0.0,0,0.0,0,0,0,0
gb1eabh5oe9c1.webp,7,6,0,0,0.992,adaptive,0.0987,0.0,0,0.0,0,0,0,0
gb1eabh5oe9c1.webp,7,7,0,0,0.992,adaptive,0.1089,0.0,0,0.0,0,0,0,0
gb1eabh5oe9c1.webp,7,8,0,0,0.992,adaptive,0.0963,0.0,0,0.0,0,0,0,0
gb1eabh5oe9c1.webp,7,9,6,6,0.9999,adaptive,0.1738,0.0889,1,0.0889,0,0,0,0
gb1eabh5oe9c1.webp,8,1,0,0,0.992,adaptive,0.071,0.0,0,0.0,0,0,0,0
gb1eabh5oe9c1.webp,8,2,7,7,1.0,adaptive,0.1221,0.0643,1,0.0643,0,0,0,0
gb1eabh5oe9c1.webp,8,3,3,3,1.0,adaptive,0.1542,0.0828,1,0.0828,0,0,0,0
gb1eabh5oe9c1.webp,8,4,0,0,0.992,adaptive,0.0728,0.0,0,0.0,0,0,0,0
gb1eabh5oe9c1.webp,8,5,0,0,0.992,adaptive,0.0723,0.0,0,0.0,0,0,0,0
gb1eabh5oe9c1.webp,8,6,0,0,0.992,adaptive,0.0728,0.0,0,0.0,0,0,0,0
gb1eabh5oe9c1.webp,8,7,0,0,0.992,adaptive,0.0855,0.0,0,0.0,0,0,0,0
gb1eabh5oe9c1.webp,8,8,0,0,0.992,adaptive,0.0719,0.0,0,0.0,0,0,0,0
gb1eabh5oe9c1.webp,8,9,0,0,0.992,adaptive,0.0717,0.0,0,0.0,0,0,0,0
gb1eabh5oe9c1.webp,9,1,0,0,0.992,adaptive,0.0862,0.0,0,0.0,0,0,0,0
gb1eabh5oe9c1.webp,9,2,0,0,0.992,adaptive,0.0719,0.0,0,0.0,0,0,0,0
gb1eabh5oe9c1.webp,9,3,0,0,0.992,adaptive,0.0967,0.0,0,0.0,0,0,0,0
gb1eabh5oe9c1.webp,9,4,0,0,0.992,adaptive,0.0849,0.0,0,0.0,0,0,0,0
gb1eabh5oe9c1.webp,9,5,0,0,0.992,adaptive,0.0848,0.0,0,0.0,0,0,0,0
gb1eabh5oe9c1.webp,9,6,2,2,1.0,adaptive,0.1695,0.0853,1,0.0853,0,0,0,0
gb1eabh5oe9c1.webp,9,7,8,8,1.0,adaptive,0.1778,0.0933,1,0.0933,0,0,0,0
gb1eabh5oe9c1.webp,9,8,0,0,0.992,adaptive,0.0841,0.0,0,0.0,0,0,0,0
gb1eabh5oe9c1.webp,9,9,0,0,0.992,adaptive,0.0869,0.0,0,0.0,0,0,0,0
ghq0rengfzjc1.webp,1,1,8,8,1.0,adaptive,0.1591,0.0867,1,0.0867,0,0,0,0
ghq0rengfzjc1.webp,1,2,3,3,1.0,adaptive,0.1529,0.0807,1,0.0807,0,0,0,0
ghq0rengfzjc1.webp,1,4,5,5,1.0,adaptive,0.1798,0.0842,1,0.0842,0,0,0,0
ghq0rengfzjc1.webp,1,6,2,2,1.0,adaptive,0.1704,0.0757,1,0.0757,0,0,0,0
ghq0rengfzjc1.webp,1,7,7,7,1.0,adaptive,0.1562,0.0588,1,0.0588,0,0,0,0
ghq0rengfzjc1.webp,1,9,6,6,0.9954,adaptive,0.1648,0.0822,1,0.0822,0,0,0,0
ghq0rengfzjc1.webp,2,3,5,5,1.0,adaptive,0.156,0.0866,1,0.0866,0,0,0,0
ghq0rengfzjc1.webp,2,4,8,8,1.0,adaptive,0.1529,0.0948,1,0.0948,0,0,0,0
ghq0rengfzjc1.webp,2,5,7,7,1.0,adaptive,0.09,0.0601,1,0.0601,0,0,0,0
ghq0rengfzjc1.webp,2,7,3,3,1.0,adaptive,0.1545,0.0812,1,0.0812,0,0,0,0
ghq0rengfzjc1.webp,2,9,2,2,1.0,adaptive,0.1237,0.0769,1,0.0769,0,0,0,0
ghq0rengfzjc1.webp,3,1,2,2,0.9999,adaptive,0.1481,0.076,1,0.076,0,0,0,0
ghq0rengfzjc1.webp,3,2,7,7,1.0,adaptive,0.0995,0.0581,1,0.0581,0,0,0,0
ghq0rengfzjc1.webp,3,4,3,3,1.0,adaptive,0.1519,0.0798,1,0.0798,0,0,0,0
ghq0rengfzjc1.webp,3,7,5,5,1.0,adaptive,0.1682,0.0824,1,0.0824,0,0,0,0
ghq0rengfzjc1.webp,3,8,8,8,1.0,adaptive,0.1368,0.0932,1,0.0932,0,0,0,0
ghq0rengfzjc1.webp,3,9,1,1,0.9884,adaptive,0.1022,0.0437,1,0.0437,0,0,0,0
ghq0rengfzjc1.webp,4,2,5,5,1.0,adaptive,0.1554,0.0834,1,0.0834,0,0,0,0
ghq0rengfzjc1.webp,4,3,2,2,1.0,adaptive,0.1751,0.0782,1,0.0782,0,0,0,0
ghq0rengfzjc1.webp,4,5,3,3,1.0,adaptive,0.1536,0.0821,1,0.0821,0,0,0,0
ghq0rengfzjc1.webp,4,6,4,4,1.0,adaptive,0.1626,0.0775,1,0.0775,0,0,0,0
ghq0rengfzjc1.webp,4,7,9,9,1.0,adaptive,0.1905,0.082,1,0.082,0,0,0,0
ghq0rengfzjc1.webp,4,8,7,7,1.0,adaptive,0.1305,0.0583,1,0.0583,0,0,0,0
ghq0rengfzjc1.webp,4,9,8,8,1.0,adaptive,0.1793,0.0947,1,0.0947,0,0,0,0
ghq0rengfzjc1.webp,5,1,7,7,1.0,adaptive,0.1151,0.0579,1,0.0579,0,0,0,0
ghq0rengfzjc1.webp,5,2,9,9,1.0,adaptive,0.1123,0.0843,1,0.0843,0,0,0,0
ghq0rengfzjc1.webp,5,3,3,3,1.0,adaptive,0.1373,0.0798,1,0.0798,0,0,0,0
ghq0rengfzjc1.webp,5,4,2,2,1.0,adaptive,0.1368,0.0789,1,0.0789,0,0,0,0
ghq0rengfzjc1.webp,5,5,5,5,1.0,adaptive,0.1136,0.0845,1,0.0845,0,0,0,0
ghq0rengfzjc1.webp,5,6,8,8,1.0,adaptive,0.1524,0.0954,1,0.0954,0,0,0,0
ghq0rengfzjc1.webp,5,7,6,6,0.9968,adaptive,0.1545,0.083,1,0.083,0,0,0,0
ghq0rengfzjc1.webp,5,8,1,1,0.9948,adaptive,0.081,0.0517,1,0.0517,0,0,0,0
ghq0rengfzjc1.webp,5,9,4,4,1.0,adaptive,0.1187,0.0755,1,0.0755,0,0,0,0
ghq0rengfzjc1.webp,6,3,8,8,1.0,adaptive,0.1762,0.092,1,0.092,0,0,0,0
ghq0rengfzjc1.webp,6,4,7,7,1.0,adaptive,0.1412,0.057,1,0.057,0,0,0,0
ghq0rengfzjc1.webp,6,5,9,9,1.0,adaptive,0.142,0.0848,1,0.0848,0,0,0,0
ghq0rengfzjc1.webp,6,7,2,2,1.0,adaptive,0.1771,0.0802,1,0.0802,0,0,0,0
ghq0rengfzjc1.webp,6,8,3,3,1.0,adaptive,0.1384,0.081,1,0.081,0,0,0,0
ghq0rengfzjc1.webp,6,9,5,5,1.0,adaptive,0.1535,0.0824,1,0.0824,0,0,0,0
ghq0rengfzjc1.webp,7,1,9,9,1.0,adaptive,0.1684,0.0833,1,0.0833,0,0,0,0
ghq0rengfzjc1.webp,7,2,2,2,1.0,adaptive,0.1375,0.0807,1,0.0807,0,0,0,0
ghq0rengfzjc1.webp,7,6,3,3,1.0,adaptive,0.1564,0.0802,1,0.0802,0,0,0,0
ghq0rengfzjc1.webp,7,7,8,8,1.0,adaptive,0.1925,0.0947,1,0.0947,0,0,0,0
ghq0rengfzjc1.webp,7,8,5,5,1.0,adaptive,0.1407,0.0832,1,0.0832,0,0,0,0
ghq0rengfzjc1.webp,7,9,7,7,1.0,adaptive,0.1308,0.0593,1,0.0593,0,0,0,0
ghq0rengfzjc1.webp,8,1,5,5,1.0,adaptive,0.1305,0.0853,1,0.0853,0,0,0,0
ghq0rengfzjc1.webp,8,3,6,6,0.9979,adaptive,0.1291,0.0844,1,0.0844,0,0,0,0
ghq0rengfzjc1.webp,8,4,9,9,1.0,adaptive,0.1289,0.0837,1,0.0837,0,0,0,0
ghq0rengfzjc1.webp,8,5,8,8,1.0,adaptive,0.1109,0.0955,1,0.0955,0,0,0,0
ghq0rengfzjc1.webp,8,6,7,7,1.0,adaptive,0.1029,0.0617,1,0.0617,0,0,0,0
ghq0rengfzjc1.webp,8,8,2,2,1.0,adaptive,0.0948,0.0792,1,0.0792,0,0,0,0
ghq0rengfzjc1.webp,8,9,3,3,1.0,adaptive,0.1178,0.0805,1,0.0805,0,0,0,0
ghq0rengfzjc1.webp,9,1,3,3,1.0,adaptive,0.1611,0.0777,1,0.0777,0,0,0,0
ghq0rengfzjc1.webp,9,2,8,8,1.0,adaptive,0.154,0.0968,1,0.0968,0,0,0,0
ghq0rengfzjc1.webp,9,3,7,7,1.0,adaptive,0.1423,0.0588,1,0.0588,0,0,0,0
ghq0rengfzjc1.webp,9,5,2,2,1.0,adaptive,0.1359,0.0785,1,0.0785,0,0,0,0
ghq0rengfzjc1.webp,9,6,5,5,1.0,adaptive,0.1575,0.0831,1,0.0831,0,0,0,0
ghq0rengfzjc1.webp,9,8,6,6,0.9953,adaptive,0.1416,0.0839,1,0.0839,0,0,0,0
ghq0rengfzjc1.webp,9,9,9,9,1.0,adaptive,0.1533,0.0813,1,0.0813,0,0,0,0
gka96q36bvec1.webp,1,1,1,1,0.9999,adaptive,0.1239,0.094,1,0.094,0,0,0,0
gka96q36bvec1.webp,1,2,9,9,1.0,adaptive,0.1536,0.1386,2,0.107,0,0,0,0
gka96q36bvec1.webp,1,3,6,6,1.0,adaptive,0.1813,0.1372,2,0.106,0,0,0,0
gka96q36bvec1.webp,1,4,7,7,1.0,adaptive,0.1395,0.1007,1,0.1007,0,0,0,0
gka96q36bvec1.webp,1,5,5,5,1.0,adaptive,0.1658,0.1393,1,0.1393,0,0,0,0
gka96q36bvec1.webp,1,6,4,4,1.0,adaptive,0.1671,0.1107,2,0.0896,0,0,0,0
gka96q36bvec1.webp,1,7,3,3,1.0,adaptive,0.1755,0.1348,1,0.1348,0,0,0,0
gka96q36bvec1.webp,1,8,8,8,1.0,adaptive,0.185,0.1581,3,0.1013,0,0,0,1
gka96q36bvec1.webp,1,9,2,2,1.0,adaptive,0.1851,0.1283,1,0.1283,0,0,0,0
gka96q36bvec1.webp,2,1,2,2,1.0,adaptive,0.1545,0.1395,1,0.1395,0,0,0,0
gka96q36bvec1.webp,2,2,8,8,1.0,adaptive,0.1561,0.1589,3,0.1012,0,0,0,1
gka96q36bvec1.webp,2,3,3,3,1.0,adaptive,0.178,0.1481,1,0.1481,0,0,0,0
gka96q36bvec1.webp,2,5,1,1,0.9999,adaptive,0.1003,0.1003,1,0.1003,0,0,0,0
gka96q36bvec1.webp,2,7,4,4,1.0,adaptive,0.1196,0.1047,2,0.0848,0,0,0,0
gka96q36bvec1.webp,2,8,5,5,1.0,adaptive,0.1538,0.1538,1,0.1538,0,0,0,0
gka96q36bvec1.webp,2,9,7,7,1.0,adaptive,0.1223,0.0925,1,0.0925,0,0,0,0
gka96q36bvec1.webp,3,5,8,8,1.0,adaptive,0.178,0.1508,3,0.0957,0,0,0,1
gka96q36bvec1.webp,3,7,1,1,0.9996,adaptive,0.1395,0.096,1,0.096,0,0,0,0
gka96q36bvec1.webp,3,8,9,9,1.0,adaptive,0.1798,0.1499,2,0.1171,0,0,0,0
gka96q36bvec1.webp,3,9,6,6,1.0,adaptive,0.1971,0.1392,2,0.1083,0,0,0,0
gka96q36bvec1.webp,4,1,8,8,1.0,adaptive,0.1666,0.1537,3,0.0982,0,0,0,1
gka96q36bvec1.webp,4,3,9,9,0.9999,adaptive,0.1695,0.139,2,0.1072,0,0,0,0
gka96q36bvec1.webp,4,5,3,3,1.0,adaptive,0.1517,0.1502,1,0.1502,0,0,0,0
gka96q36bvec1.webp,4,7,2,2,1.0,adaptive,0.1468,0.1203,1,0.1203,0,0,0,0
gka96q36bvec1.webp,4,8,1,1,0.9989,adaptive,0.1079,0.0936,1,0.0936,0,0,0,0
gka96q36bvec1.webp,4,9,5,5,1.0,adaptive,0.1949,0.1528,1,0.1528,0,0,0,0
gka96q36bvec1.webp,5,2,3,3,1.0,adaptive,0.1391,0.1391,1,0.1391,0,0,0,0
gka96q36bvec1.webp,5,3,2,2,1.0,adaptive,0.1588,0.1289,1,0.1289,0,0,0,0
gka96q36bvec1.webp,5,4,1,1,0.9998,adaptive,0.1226,0.1081,1,0.1081,0,0,0,0
gka96q36bvec1.webp,5,6,5,5,1.0,adaptive,0.1811,0.1513,1,0.1513,0,0,0,0
gka96q36bvec1.webp,5,8,6,6,1.0,adaptive,0.141,0.141,2,0.1093,0,0,0,0
gka96q36bvec1.webp,6,1,6,6,1.0,adaptive,0.2005,0.1459,2,0.1143,0,0,0,0
gka96q36bvec1.webp,6,2,5,5,1.0,adaptive,0.1685,0.1386,1,0.1386,0,0,0,0
gka96q36bvec1.webp,6,3,1,1,0.9999,adaptive,0.155,0.0976,1,0.0976,0,0,0,0
gka96q36bvec1.webp,6,5,2,2,1.0,adaptive,0.171,0.1411,1,0.1411,0,0,0,0
gka96q36bvec1.webp,6,7,7,7,1.0,adaptive,0.1352,0.092,1,0.092,0,0,0,0
gka96q36bvec1.webp,6,8,3,3,1.0,adaptive,0.1687,0.1389,1,0.1389,0,0,0,0
gka96q36bvec1.webp,6,9,4,4,1.0,adaptive,0.1666,0.1092,2,0.0898,0,0,0,0
gka96q36bvec1.webp,7,2,1,1,0.9998,adaptive,0.1196,0.1047,1,0.1047,0,0,0,0
gka96q36bvec1.webp,7,5,6,6,1.0,adaptive,0.1565,0.1416,2,0.1101,0,0,0,0
gka96q36bvec1.webp,7,7,5,5,1.0,adaptive,0.1684,0.1397,1,0.1397,0,0,0,0
gka96q36bvec1.webp,7,8,7,7,1.0,adaptive,0.1097,0.0948,1,0.0948,0,0,0,0
gka96q36bvec1.webp,8,2,2,2,1.0,adaptive,0.1393,0.1393,1,0.1393,0,0,0,0
gka96q36bvec1.webp,8,4,0,0,0.992,adaptive,0.0145,0.0,0,0.0,0,0,0,0
gka96q36bvec1.webp,8,5,9,9,1.0,adaptive,0.1403,0.1403,2,0.1088,0,0,0,0
gka96q36bvec1.webp,8,6,0,0,0.992,adaptive,0.0299,0.0,0,0.0,0,0,0,0
gka96q36bvec1.webp,8,7,6,6,1.0,adaptive,0.1635,0.1486,2,0.1167,0,0,0,0
gka96q36bvec1.webp,8,8,4,4,0.9999,adaptive,0.1129,0.1129,2,0.0925,0,0,0,0
gka96q36bvec1.webp,8,9,1,1,0.9998,adaptive,0.1382,0.1083,1,0.1083,0,0,0,0
gka96q36bvec1.webp,9,2,6,6,0.9999,adaptive,0.1911,0.1463,2,0.1144,0,0,0,0
gka96q36bvec1.webp,9,4,5,5,1.0,adaptive,0.2072,0.1499,1,0.1499,0,0,0,0
gka96q36bvec1.webp,9,6,1,1,0.9999,adaptive,0.1731,0.1018,1,0.1018,0,0,0,0
gka96q36bvec1.webp,9,8,2,2,1.0,adaptive,0.1732,0.1284,1,0.1284,0,0,0,0
grvbx855o6nc1.webp,1,5,3,3,0.9998,adaptive,0.2081,0.1922,1,0.1922,0,0,0,0
grvbx855o6nc1.webp,1,6,5,5,1.0,adaptive,0.2134,0.1718,1,0.1718,0,0,0,0
grvbx855o6nc1.webp,1,7,9,9,1.0,adaptive,0.1755,0.1755,2,0.1305,0,0,0,0
grvbx855o6nc1.webp,1,8,6,6,1.0,adaptive,0.1902,0.1886,2,0.1409,0,0,0,0
grvbx855o6nc1.webp,2,2,9,9,1.0,adaptive,0.1834,0.1834,2,0.1375,0,0,0,0
grvbx855o6nc1.webp,2,5,8,8,1.0,adaptive,0.2006,0.2036,3,0.1244,0,0,0,1
grvbx855o6nc1.webp,2,6,4,4,1.0,adaptive,0.1599,0.1599,2,0.1278,0,0,0,0
grvbx855o6nc1.webp,2,7,7,7,1.0,adaptive,0.1866,0.1341,1,0.1341,0,0,0,0
grvbx855o6nc1.webp,2,8,5,5,1.0,adaptive,0.1866,0.1855,1,0.1855,0,0,0,0
grvbx855o6nc1.webp,3,3,5,5,1.0,adaptive,0.2297,0.1934,1,0.1934,0,0,0,0
grvbx855o6nc1.webp,3,5,9,9,1.0,adaptive,0.1829,0.168,2,0.1246,0,0,0,0
grvbx855o6nc1.webp,3,7,8,8,1.0,adaptive,0.2061,0.2094,3,0.133,0,0,0,1
grvbx855o6nc1.webp,4,1,9,9,1.0,adaptive,0.1914,0.162,2,0.1201,0,0,0,0
grvbx855o6nc1.webp,4,2,7,7,1.0,adaptive,0.1608,0.1459,1,0.1459,0,0,0,0
grvbx855o6nc1.webp,4,3,3,3,0.9999,adaptive,0.1983,0.1677,1,0.1677,0,0,0,0
grvbx855o6nc1.webp,4,4,8,8,1.0,adaptive,0.2297,0.2045,3,0.1276,0,0,0,1
grvbx855o6nc1.webp,4,7,5,5,1.0,adaptive,0.2023,0.2005,1,0.2005,0,0,0,0
grvbx855o6nc1.webp,4,8,4,4,1.0,adaptive,0.1529,0.1379,2,0.1065,0,0,0,0
grvbx855o6nc1.webp,4,9,6,6,1.0,adaptive,0.2007,0.164,2,0.1214,0,0,0,0
grvbx855o6nc1.webp,5,1,2,2,1.0,adaptive,0.2099,0.1875,1,0.1875,0,0,0,0
grvbx855o6nc1.webp,5,2,5,5,1.0,adaptive,0.1756,0.1756,1,0.1756,0,0,0,0
grvbx855o6nc1.webp,5,5,6,6,1.0,adaptive,0.1862,0.1862,2,0.1398,0,0,0,0
grvbx855o6nc1.webp,5,6,9,9,0.9999,adaptive,0.197,0.1671,2,0.1246,0,0,0,0
grvbx855o6nc1.webp,6,5,5,5,1.0,adaptive,0.1997,0.1698,1,0.1698,0,0,0,0
grvbx855o6nc1.webp,6,6,7,7,1.0,adaptive,0.1778,0.1225,1,0.1225,0,0,0,0
grvbx855o6nc1.webp,6,9,9,9,1.0,adaptive,0.2243,0.1824,2,0.137,0,0,0,0
grvbx855o6nc1.webp,7,1,6,6,1.0,adaptive,0.223,0.182,2,0.137,0,0,0,0
grvbx855o6nc1.webp,7,2,4,4,1.0,adaptive,0.1725,0.1581,2,0.128,0,0,0,0
grvbx855o6nc1.webp,7,3,9,9,1.0,adaptive,0.1909,0.1633,2,0.1205,0,0,0,0
grvbx855o6nc1.webp,7,5,7,7,1.0,adaptive,0.1407,0.126,1,0.126,0,0,0,0
grvbx855o6nc1.webp,7,6,8,8,1.0,adaptive,0.2223,0.1842,3,0.1112,0,0,0,1
grvbx855o6nc1.webp,7,8,3,3,0.9995,adaptive,0.2105,0.1963,1,0.1963,0,0,0,0
grvbx855o6nc1.webp,7,9,5,5,1.0,adaptive,0.2003,0.1726,1,0.1726,0,0,0,0
grvbx855o6nc1.webp,8,1,5,5,1.0,adaptive,0.204,0.1744,1,0.1744,0,0,0,0
grvbx855o6nc1.webp,8,4,9,9,1.0,adaptive,0.2006,0.1841,2,0.1389,0,0,0,0
grvbx855o6nc1.webp,9,4,5,5,1.0,adaptive,0.2393,0.1949,1,0.1949,0,0,0,0
grvbx855o6nc1.webp,9,8,9,9,1.0,adaptive,0.1972,0.1673,2,0.1237,0,0,0,0
gx8i7ny637ec1.webp,1,2,5,5,1.0,adaptive,0.1508,0.0801,1,0.0801,0,0,0,0
gx8i7ny637ec1.webp,1,4,1,1,0.9955,adaptive,0.1521,0.0443,1,0.0443,0,0,0,0
gx8i7ny637ec1.webp,1,7,6,6,0.9999,adaptive,0.1894,0.0829,1,0.0829,0,0,0,0
gx8i7ny637ec1.webp,1,9,3,3,1.0,adaptive,0.1577,0.0715,1,0.0715,0,0,0,0
gx8i7ny637ec1.webp,2,1,6,6,1.0,adaptive,0.1556,0.0855,1,0.0855,0,0,0,0
gx8i7ny637ec1.webp,2,2,8,8,1.0,adaptive,0.1116,0.0875,1,0.0875,0,0,0,0
gx8i7ny637ec1.webp,2,3,7,7,1.0,adaptive,0.1061,0.0509,1,0.0509,0,0,0,0
gx8i7ny637ec1.webp,2,4,3,3,1.0,adaptive,0.1427,0.0733,1,0.0733,0,0,0,0
gx8i7ny637ec1.webp,2,5,4,4,1.0,adaptive,0.0856,0.0714,1,0.0714,0,0,0,0
gx8i7ny637ec1.webp,2,9,5,5,1.0,adaptive,0.1239,0.0789,1,0.0789,0,0,0,0
gx8i7ny637ec1.webp,3,1,9,9,0.9999,adaptive,0.1798,0.0844,1,0.0844,0,0,0,0
gx8i7ny637ec1.webp,3,2,1,1,0.9992,adaptive,0.0945,0.0405,1,0.0405,0,0,0,0
gx8i7ny637ec1.webp,3,3,3,3,1.0,adaptive,0.1564,0.0737,1,0.0737,0,0,0,0
gx8i7ny637ec1.webp,3,5,6,6,0.9977,adaptive,0.1287,0.0853,1,0.0853,0,0,0,0
gx8i7ny637ec1.webp,3,9,7,7,1.0,adaptive,0.1245,0.0499,1,0.0499,0,0,0,0
gx8i7ny637ec1.webp,4,3,5,5,1.0,adaptive,0.1735,0.0777,1,0.0777,0,0,0,0
gx8i7ny637ec1.webp,4,6,6,6,0.9999,adaptive,0.1925,0.0835,1,0.0835,0,0,0,0
gx8i7ny637ec1.webp,4,8,7,7,1.0,adaptive,0.1246,0.0529,1,0.0529,0,0,0,0
gx8i7ny637ec1.webp,4,9,1,1,0.9964,adaptive,0.1412,0.0457,1,0.0457,0,0,0,0
gx8i7ny637ec1.webp,5,1,7,7,1.0,adaptive,0.1178,0.0513,1,0.0513,0,0,0,0
gx8i7ny637ec1.webp,5,3,6,6,0.9999,adaptive,0.1411,0.0848,1,0.0848,0,0,0,0
gx8i7ny637ec1.webp,5,5,5,5,1.0,adaptive,0.095,0.0808,1,0.0808,0,0,0,0
gx8i7ny637ec1.webp,5,6,1,1,0.9974,adaptive,0.1113,0.0407,1,0.0407,0,0,0,0
gx8i7ny637ec1.webp,6,2,9,9,0.9999,adaptive,0.1515,0.0841,1,0.0841,0,0,0,0
gx8i7ny637ec1.webp,6,3,1,1,0.9974,adaptive,0.1357,0.0399,1,0.0399,0,0,0,0
gx8i7ny637ec1.webp,6,6,3,3,1.0,adaptive,0.1809,0.0726,1,0.0726,0,0,0,0
gx8i7ny637ec1.webp,6,8,5,5,1.0,adaptive,0.1513,0.0801,1,0.0801,0,0,0,0
gx8i7ny637ec1.webp,6,9,6,6,0.9999,adaptive,0.1802,0.0835,1,0.0835,0,0,0,0
gx8i7ny637ec1.webp,7,1,1,1,0.9928,adaptive,0.1167,0.0434,1,0.0434,0,0,0,0
gx8i7ny637ec1.webp,7,2,6,6,1.0,adaptive,0.1117,0.0846,1,0.0846,0,0,0,0
gx8i7ny637ec1.webp,7,5,3,3,1.0,adaptive,0.0889,0.0735,1,0.0735,0,0,0,0
gx8i7ny637ec1.webp,8,1,5,5,1.0,adaptive,0.1499,0.0782,1,0.0782,0,0,0,0
gx8i7ny637ec1.webp,8,5,1,1,0.9981,adaptive,0.0565,0.0409,1,0.0409,0,0,0,0
gx8i7ny637ec1.webp,8,7,7,7,1.0,adaptive,0.1063,0.0504,1,0.0504,0,0,0,0
gx8i7ny637ec1.webp,8,9,4,4,1.0,adaptive,0.1393,0.0683,1,0.0683,0,0,0,0
gx8i7ny637ec1.webp,9,2,7,7,1.0,adaptive,0.1219,0.0531,1,0.0531,0,0,0,0
gx8i7ny637ec1.webp,9,5,8,8,1.0,adaptive,0.1427,0.0839,1,0.0839,0,0,0,0
gx8i7ny637ec1.webp,9,9,2,2,1.0,adaptive,0.1622,0.065,1,0.065,0,0,0,0
hak6tcvb72xc1.webp,1,5,9,9,1.0,adaptive,0.1284,0.0855,1,0.0855,0,0,0,0
hak6tcvb72xc1.webp,1,8,1,1,0.9985,adaptive,0.0699,0.04,1,0.04,0,0,0,0
hak6tcvb72xc1.webp,2,1,2,2,1.0,adaptive,0.1122,0.0706,1,0.0706,0,0,0,0
hak6tcvb72xc1.webp,2,8,5,5,1.0,adaptive,0.081,0.081,1,0.081,0,0,0,0
hak6tcvb72xc1.webp,3,1,6,6,1.0,adaptive,0.1682,0.0838,1,0.0838,0,0,0,0
hak6tcvb72xc1.webp,3,2,8,8,1.0,adaptive,0.1327,0.0859,1,0.0859,0,0,0,0
hak6tcvb72xc1.webp,3,8,4,4,1.0,adaptive,0.1165,0.0717,1,0.0717,0,0,0,0
hak6tcvb72xc1.webp,4,2,6,6,0.9998,adaptive,0.1321,0.0853,1,0.0853,0,0,0,0
hak6tcvb72xc1.webp,4,4,4,4,1.0,adaptive,0.1528,0.0686,1,0.0686,0,0,0,0
hak6tcvb72xc1.webp,4,7,1,1,0.9976,adaptive,0.1283,0.045,1,0.045,0,0,0,0
hak6tcvb72xc1.webp,4,8,9,9,1.0,adaptive,0.1269,0.0837,1,0.0837,0,0,0,0
hak6tcvb72xc1.webp,4,9,3,3,1.0,adaptive,0.1562,0.0731,1,0.0731,0,0,0,0
hak6tcvb72xc1.webp,5,1,3,3,1.0,adaptive,0.1298,0.0726,1,0.0726,0,0,0,0
hak6tcvb72xc1.webp,5,4,9,9,1.0,adaptive,0.1434,0.0859,1,0.0859,0,0,0,0
hak6tcvb72xc1.webp,5,5,1,1,0.9969,adaptive,0.0604,0.0452,1,0.0452,0,0,0,0
hak6tcvb72xc1.webp,5,6,5,5,1.0,adaptive,0.1101,0.0803,1,0.0803,0,0,0,0
hak6tcvb72xc1.webp,5,7,8,8,1.0,adaptive,0.1434,0.0864,1,0.0864,0,0,0,0
hak6tcvb72xc1.webp,5,8,6,6,1.0,adaptive,0.0847,0.0845,1,0.0845,0,0,0,0
hak6tcvb72xc1.webp,5,9,7,7,1.0,adaptive,0.1074,0.0518,1,0.0518,0,0,0,0
hak6tcvb72xc1.webp,6,1,1,1,0.9985,adaptive,0.1227,0.0392,1,0.0392,0,0,0,0
hak6tcvb72xc1.webp,6,2,9,9,1.0,adaptive,0.1291,0.0844,1,0.0844,0,0,0,0
hak6tcvb72xc1.webp,6,3,7,7,1.0,adaptive,0.1339,0.0503,1,0.0503,0,0,0,0
hak6tcvb72xc1.webp,6,7,5,5,1.0,adaptive,0.1301,0.0735,1,0.0735,0,0,0,0
hak6tcvb72xc1.webp,6,8,2,2,1.0,adaptive,0.0979,0.0678,1,0.0678,0,0,0,0
hak6tcvb72xc1.webp,6,9,4,4,1.0,adaptive,0.1533,0.0697,1,0.0697,0,0,0,0
hak6tcvb72xc1.webp,7,4,8,8,1.0,adaptive,0.1813,0.0853,1,0.0853,0,0,0,0
hak6tcvb72xc1.webp,7,5,0,0,0.992,adaptive,0.0583,0.0,0,0.0,0,0,0,0
hak6tcvb72xc1.webp,7,7,4,4,1.0,adaptive,0.1624,0.0679,1,0.0679,0,0,0,0
hak6tcvb72xc1.webp,7,9,5,5,1.0,adaptive,0.1339,0.076,1,0.076,0,0,0,0
hak6tcvb72xc1.webp,8,4,3,3,1.0,adaptive,0.1303,0.0724,1,0.0724,0,0,0,0
hak6tcvb72xc1.webp,8,9,6,6,0.9999,adaptive,0.1413,0.0844,1,0.0844,0,0,0,0
hak6tcvb72xc1.webp,9,1,4,4,1.0,adaptive,0.1401,0.0688,1,0.0688,0,0,0,0
hak6tcvb72xc1.webp,9,4,0,0,0.992,adaptive,0.0717,0.0,0,0.0,0,0,0,0
hak6tcvb72xc1.webp,9,5,5,5,1.0,adaptive,0.1088,0.0789,1,0.0789,0,0,0,0
hak6tcvb72xc1.webp,9,9,1,1,0.9974,adaptive,0.1114,0.0401,1,0.0401,0,0,0,0
hasyg9fc5xwc1.webp,1,1,4,4,0.9999,adaptive,0.1147,0.057,1,0.057,0,0,0,0
hasyg9fc5xwc1.webp,1,2,7,7,1.0,adaptive,0.0812,0.0443,1,0.0443,0,0,0,0
hasyg9fc5xwc1.webp,1,3,3,3,1.0,adaptive,0.1321,0.0613,1,0.0613,0,0,0,0
hasyg9fc5xwc1.webp,1,7,8,8,1.0,adaptive,0.1301,0.0735,1,0.0735,0,0,0,0
hasyg9fc5xwc1.webp,1,8,9,9,1.0,adaptive,0.1144,0.0715,1,0.0715,0,0,0,0
hasyg9fc5xwc1.webp,2,5,9,9,1.0,adaptive,0.0886,0.0739,1,0.0739,0,0,0,0
hasyg9fc5xwc1.webp,2,7,7,7,1.0,adaptive,0.0708,0.0412,1,0.0412,0,0,0,0
hasyg9fc5xwc1.webp,3,3,6,6,0.9997,adaptive,0.1499,0.0711,1,0.0711,0,0,0,0
hasyg9fc5xwc1.webp,3,4,8,8,1.0,adaptive,0.129,0.0735,1,0.0735,0,0,0,0
hasyg9fc5xwc1.webp,3,6,7,7,1.0,adaptive,0.1043,0.0414,1,0.0414,0,0,0,0
hasyg9fc5xwc1.webp,4,1,5,5,1.0,adaptive,0.1203,0.0659,1,0.0659,0,0,0,0
hasyg9fc5xwc1.webp,4,5,7,7,1.0,adaptive,0.0807,0.0421,1,0.0421,0,0,0,0
hasyg9fc5xwc1.webp,4,7,9,9,0.9999,adaptive,0.0989,0.0702,1,0.0702,0,0,0,0
hasyg9fc5xwc1.webp,5,3,2,2,1.0,adaptive,0.0893,0.0592,1,0.0592,0,0,0,0
hasyg9fc5xwc1.webp,5,4,9,9,0.9999,adaptive,0.0866,0.0708,1,0.0708,0,0,0,0
hasyg9fc5xwc1.webp,5,5,5,5,1.0,adaptive,0.0689,0.0689,1,0.0689,0,0,0,0
hasyg9fc5xwc1.webp,5,6,1,1,0.9969,adaptive,0.0669,0.0371,1,0.0371,0,0,0,0
hasyg9fc5xwc1.webp,5,9,7,7,1.0,adaptive,0.0755,0.0443,1,0.0443,0,0,0,0
hasyg9fc5xwc1.webp,6,3,7,7,1.0,adaptive,0.1156,0.0448,1,0.0448,0,0,0,0
hasyg9fc5xwc1.webp,6,6,8,8,1.0,adaptive,0.133,0.0731,1,0.0731,0,0,0,0
hasyg9fc5xwc1.webp,6,8,5,5,1.0,adaptive,0.0981,0.0683,1,0.0683,0,0,0,0
hasyg9fc5xwc1.webp,7,4,1,1,0.9987,adaptive,0.0965,0.0301,1,0.0301,0,0,0,0
hasyg9fc5xwc1.webp,7,5,2,2,1.0,adaptive,0.1124,0.0574,1,0.0574,0,0,0,0
hasyg9fc5xwc1.webp,7,6,3,3,1.0,adaptive,0.1279,0.0597,1,0.0597,0,0,0,0
hasyg9fc5xwc1.webp,7,7,4,4,1.0,adaptive,0.0971,0.0544,1,0.0544,0,0,0,0
hasyg9fc5xwc1.webp,7,8,7,7,1.0,adaptive,0.0959,0.0421,1,0.0421,0,0,0,0
hasyg9fc5xwc1.webp,7,9,9,9,0.9999,adaptive,0.1388,0.0713,1,0.0713,0,0,0,0
hasyg9fc5xwc1.webp,8,1,7,7,1.0,adaptive,0.0728,0.0409,1,0.0409,0,0,0,0
hasyg9fc5xwc1.webp,8,2,3,3,1.0,adaptive,0.0686,0.0613,1,0.0613,0,0,0,0
hasyg9fc5xwc1.webp,8,3,4,4,1.0,adaptive,0.1124,0.0574,1,0.0574,0,0,0,0
hasyg9fc5xwc1.webp,8,4,5,5,1.0,adaptive,0.0938,0.0645,1,0.0645,0,0,0,0
hasyg9fc5xwc1.webp,8,5,8,8,1.0,adaptive,0.101,0.0739,1,0.0739,0,0,0,0
hasyg9fc5xwc1.webp,8,6,9,9,1.0,adaptive,0.1142,0.0719,1,0.0719,0,0,0,0
hasyg9fc5xwc1.webp,8,7,1,1,0.9975,adaptive,0.0674,0.0373,1,0.0373,0,0,0,0
hasyg9fc5xwc1.webp,8,8,6,6,0.9998,adaptive,0.1017,0.0737,1,0.0737,0,0,0,0
hasyg9fc5xwc1.webp,8,9,2,2,1.0,adaptive,0.0991,0.0563,1,0.0563,0,0,0,0
hasyg9fc5xwc1.webp,9,1,2,2,1.0,adaptive,0.1172,0.059,1,0.059,0,0,0,0
hasyg9fc5xwc1.webp,9,2,1,1,0.9967,adaptive,0.0658,0.036,1,0.036,0,0,0,0
hasyg9fc5xwc1.webp,9,3,9,9,1.0,adaptive,0.1408,0.0704,1,0.0704,0,0,0,0
hasyg9fc5xwc1.webp,9,4,7,7,1.0,adaptive,0.0994,0.043,1,0.043,0,0,0,0
hasyg9fc5xwc1.webp,9,5,4,4,1.0,adaptive,0.104,0.0611,1,0.0611,0,0,0,0
hasyg9fc5xwc1.webp,9,6,6,6,0.9995,adaptive,0.129,0.0706,1,0.0706,0,0,0,0
hasyg9fc5xwc1.webp,9,7,5,5,1.0,adaptive,0.1227,0.0666,1,0.0666,0,0,0,0
hasyg9fc5xwc1.webp,9,8,3,3,1.0,adaptive,0.1047,0.0617,1,0.0617,0,0,0,0
hasyg9fc5xwc1.webp,9,9,8,8,1.0,adaptive,0.1308,0.072,1,0.072,0,0,0,0
hek6j9bz9csc1.webp,1,3,7,7,1.0,adaptive,0.1486,0.0635,1,0.0635,0,0,0,0
hek6j9bz9csc1.webp,1,5,8,8,1.0,adaptive,0.1782,0.0945,1,0.0945,0,0,0,0
hek6j9bz9csc1.webp,1,6,9,9,1.0,adaptive,0.1954,0.088,1,0.088,0,0,0,0
hek6j9bz9csc1.webp,1,9,1,1,1.0,adaptive,0.1461,0.0588,1,0.0588,0,0,0,0
hek6j9bz9csc1.webp,2,5,3,3,1.0,adaptive,0.1554,0.0833,1,0.0833,0,0,0,0
hek6j9bz9csc1.webp,2,6,4,4,1.0,adaptive,0.1468,0.0755,1,0.0755,0,0,0,0
hek6j9bz9csc1.webp,2,7,8,8,1.0,adaptive,0.1687,0.0959,1,0.0959,0,0,0,0
hek6j9bz9csc1.webp,2,9,7,7,1.0,adaptive,0.1346,0.0631,1,0.0631,0,0,0,0
hek6j9bz9csc1.webp,3,4,2,2,1.0,adaptive,0.1669,0.0822,1,0.0822,0,0,0,0
hek6j9bz9csc1.webp,3,5,7,7,1.0,adaptive,0.1474,0.0635,1,0.0635,0,0,0,0
hek6j9bz9csc1.webp,3,6,1,1,0.9999,adaptive,0.155,0.0579,1,0.0579,0,0,0,0
hek6j9bz9csc1.webp,3,7,6,6,1.0,adaptive,0.1749,0.0902,1,0.0902,0,0,0,0
hek6j9bz9csc1.webp,3,8,9,9,0.9999,adaptive,0.175,0.0914,1,0.0914,0,0,0,0
hek6j9bz9csc1.webp,4,2,2,2,1.0,adaptive,0.1533,0.0819,1,0.0819,0,0,0,0
hek6j9bz9csc1.webp,4,5,6,6,1.0,adaptive,0.1759,0.0909,1,0.0909,0,0,0,0
hek6j9bz9csc1.webp,4,7,4,4,1.0,adaptive,0.1613,0.0755,1,0.0755,0,0,0,0
hek6j9bz9csc1.webp,5,3,5,5,1.0,adaptive,0.1572,0.0862,1,0.0862,0,0,0,0
hek6j9bz9csc1.webp,5,8,6,6,1.0,adaptive,0.1616,0.0911,1,0.0911,0,0,0,0
hek6j9bz9csc1.webp,6,1,7,7,1.0,adaptive,0.1604,0.0628,1,0.0628,0,0,0,0
hek6j9bz9csc1.webp,6,2,6,6,0.9999,adaptive,0.1633,0.0911,1,0.0911,0,0,0,0
hek6j9bz9csc1.webp,6,3,4,4,1.0,adaptive,0.1622,0.078,1,0.078,0,0,0,0
hek6j9bz9csc1.webp,6,5,5,5,1.0,adaptive,0.1716,0.0868,1,0.0868,0,0,0,0
hek6j9bz9csc1.webp,6,6,3,3,1.0,adaptive,0.1673,0.0818,1,0.0818,0,0,0,0
hek6j9bz9csc1.webp,7,1,9,9,0.9999,adaptive,0.1867,0.0891,1,0.0891,0,0,0,0
hek6j9bz9csc1.webp,7,4,3,3,1.0,adaptive,0.1666,0.0806,1,0.0806,0,0,0,0
hek6j9bz9csc1.webp,7,6,5,5,1.0,adaptive,0.1709,0.086,1,0.086,0,0,0,0
hek6j9bz9csc1.webp,8,1,5,5,1.0,adaptive,0.1825,0.0848,1,0.0848,0,0,0,0
hek6j9bz9csc1.webp,8,2,7,7,1.0,adaptive,0.135,0.0647,1,0.0647,0,0,0,0
hek6j9bz9csc1.webp,8,6,6,6,1.0,adaptive,0.1746,0.0911,1,0.0911,0,0,0,0
hek6j9bz9csc1.webp,8,8,8,8,1.0,adaptive,0.1818,0.0994,1,0.0994,0,0,0,0
hek6j9bz9csc1.webp,8,9,3,3,1.0,adaptive,0.1662,0.0823,1,0.0823,0,0,0,0
hek6j9bz9csc1.webp,9,7,5,5,1.0,adaptive,0.1702,0.0853,1,0.0853,0,0,0,0
hf55pqj0nqzc1.webp,1,1,8,8,1.0,adaptive,0.2462,0.0862,1,0.0862,0,0,0,0
hf55pqj0nqzc1.webp,1,2,0,0,0.992,adaptive,0.1165,0.0,0,0.0,0,0,0,0
hf55pqj0nqzc1.webp,1,3,7,7,1.0,adaptive,0.1813,0.0552,1,0.0552,0,0,0,0
hf55pqj0nqzc1.webp,1,4,6,6,0.9993,adaptive,0.198,0.0708,2,0.0708,1,0,0,0
hf55pqj0nqzc1.webp,1,5,0,0,0.992,adaptive,0.1072,0.0,1,0.0,1,0,0,0
hf55pqj0nqzc1.webp,1,6,0,0,0.992,adaptive,0.098,0.0,0,0.0,0,0,0,0
hf55pqj0nqzc1.webp,1,7,2,2,0.9994,adaptive,0.2159,0.0829,3,0.0753,0,1,0,0
hf55pqj0nqzc1.webp,1,8,3,3,1.0,adaptive,0.1836,0.0728,5,0.0728,3,1,0,0
hf55pqj0nqzc1.webp,1,9,4,6,0.6217,adaptive,0.2533,0.1519,3,0.1007,1,0,0,0
hf55pqj0nqzc1.webp,2,1,0,0,0.992,adaptive,0.1205,0.0,3,0.0,3,0,0,0
hf55pqj0nqzc1.webp,2,2,0,0,0.992,adaptive,0.0597,0.0,1,0.0,1,0,0,0
hf55pqj0nqzc1.webp,2,3,0,0,0.992,adaptive,0.0697,0.0,0,0.0,0,0,0,0
hf55pqj0nqzc1.webp,2,4,7,7,1.0,adaptive,0.1273,0.057,1,0.057,0,0,0,0
hf55pqj0nqzc1.webp,2,5,0,0,0.992,adaptive,0.0498,0.0,2,0.0,2,0,0,0
hf55pqj0nqzc1.webp,2,7,0,0,0.992,adaptive,0.0889,0.0,2,0.0052,1,0,0,0
hf55pqj0nqzc1.webp,2,8,5,5,1.0,adaptive,0.1559,0.0847,1,0.0847,0,0,0,0
hf55pqj0nqzc1.webp,2,9,0,0,0.992,adaptive,0.1434,0.0,3,0.0,2,1,0,0
hf55pqj0nqzc1.webp,3,1,5,5,1.0,adaptive,0.1949,0.0679,1,0.0679,0,0,0,0
hf55pqj0nqzc1.webp,3,2,0,0,0.992,adaptive,0.0807,0.0,0,0.0,0,0,0,0
hf55pqj0nqzc1.webp,3,3,6,6,0.9999,adaptive,0.1733,0.0869,1,0.0869,0,0,0,0
hf55pqj0nqzc1.webp,3,4,0,0,0.992,adaptive,0.0711,0.0,0,0.0,0,0,0,0
hf55pqj0nqzc1.webp,3,5,0,0,0.992,adaptive,0.0559,0.0,0,0.0,0,0,0,0
hf55pqj0nqzc1.webp,3,8,0,0,0.992,adaptive,0.0728,0.0,2,0.0,2,0,0,0
hf55pqj0nqzc1.webp,4,1,6,6,1.0,adaptive,0.2312,0.0838,1,0.0838,0,0,0,0
hf55pqj0nqzc1.webp,4,2,8,8,0.9966,adaptive,0.1766,0.0791,4,0.0565,2,0,0,0
hf55pqj0nqzc1.webp,4,3,0,0,0.992,adaptive,0.1136,0.0,0,0.0,0,0,0,0
hf55pqj0nqzc1.webp,4,4,0,0,0.992,adaptive,0.1069,0.0,1,0.0,1,0,0,0
hf55pqj0nqzc1.webp,4,5,2,2,0.9999,adaptive,0.2135,0.0803,2,0.0803,0,1,0,0
hf55pqj0nqzc1.webp,4,8,7,7,1.0,adaptive,0.1893,0.0563,2,0.0563,0,1,0,0
hf55pqj0nqzc1.webp,4,9,5,5,1.0,adaptive,0.2424,0.0755,2,0.0755,0,1,0,0
hf55pqj0nqzc1.webp,5,1,0,0,0.992,adaptive,0.1137,0.0,2,0.0,2,0,0,0
hf55pqj0nqzc1.webp,5,2,0,0,0.992,adaptive,0.0572,0.0,0,0.0,0,0,0,0
hf55pqj0nqzc1.webp,5,3,0,0,0.992,adaptive,0.0862,0.0,0,0.0,0,0,0,0
hf55pqj0nqzc1.webp,5,4,8,8,1.0,adaptive,0.168,0.0886,1,0.0886,0,0,0,0
hf55pqj0nqzc1.webp,5,5,0,0,0.992,adaptive,0.096,0.0,4,0.0,4,0,0,0
hf55pqj0nqzc1.webp,5,6,6,6,0.9999,adaptive,0.1805,0.0834,1,0.0834,0,0,0,0
hf55pqj0nqzc1.webp,5,7,0,0,0.992,adaptive,0.0952,0.0,1,0.0,1,0,0,0
hf55pqj0nqzc1.webp,5,8,0,0,0.992,adaptive,0.0657,0.0,0,0.0,0,0,0,0
hf55pqj0nqzc1.webp,5,9,0,0,0.992,adaptive,0.0986,0.0,0,0.0,0,0,0,0
hf55pqj0nqzc1.webp,6,1,0,0,0.992,adaptive,0.1227,0.0,0,0.0,0,0,0,0
hf55pqj0nqzc1.webp,6,2,3,3,1.0,adaptive,0.1524,0.0776,1,0.0776,0,0,0,0
hf55pqj0nqzc1.webp,6,3,0,0,0.992,adaptive,0.1123,0.0,0,0.0,0,0,0,0
hf55pqj0nqzc1.webp,6,4,0,0,0.992,adaptive,0.1043,0.0,1,0.0,1,0,0,0
hf55pqj0nqzc1.webp,6,5,7,7,1.0,adaptive,0.1431,0.055,1,0.055,0,0,0,0
hf55pqj0nqzc1.webp,6,6,0,0,0.992,adaptive,0.1185,0.0,4,0.0082,2,0,0,0
hf55pqj0nqzc1.webp,6,7,9,9,1.0,adaptive,0.1807,0.0824,1,0.0824,0,0,0,0
hf55pqj0nqzc1.webp,6,8,0,0,0.992,adaptive,0.081,0.0,2,0.0,2,0,0,0
hf55pqj0nqzc1.webp,6,9,0,0,0.992,adaptive,0.1011,0.0,2,0.0,2,0,0,0
hf55pqj0nqzc1.webp,7,1,9,9,0.9998,adaptive,0.2319,0.0838,1,0.0838,0,0,0,0
hf55pqj0nqzc1.webp,7,4,5,5,0.9997,adaptive,0.1894,0.0666,3,0.0666,2,0,0,0
hf55pqj0nqzc1.webp,7,5,4,4,0.9998,adaptive,0.1823,0.0703,2,0.0635,0,0,0,1
hf55pqj0nqzc1.webp,7,6,7,7,1.0,adaptive,0.1845,0.0526,11,0.0526,10,0,0,0
hf55pqj0nqzc1.webp,7,7,8,8,0.9987,adaptive,0.2085,0.0864,4,0.08,2,0,0,0
hf55pqj0nqzc1.webp,7,8,0,0,0.992,adaptive,0.1289,0.0,5,0.0063,4,0,0,0
hf55pqj0nqzc1.webp,7,9,0,0,0.992,adaptive,0.1568,0.0,10,0.0,8,2,0,0
hf55pqj0nqzc1.webp,8,1,0,0,0.992,adaptive,0.1095,0.0,0,0.0,0,0,0,0
hf55pqj0nqzc1.webp,8,2,5,5,1.0,adaptive,0.1354,0.0785,1,0.0785,0,0,0,0
hf55pqj0nqzc1.webp,8,3,8,8,1.0,adaptive,0.1744,0.0825,3,0.0825,2,0,0,0
hf55pqj0nqzc1.webp,8,4,0,0,0.992,adaptive,0.1131,0.0,4,0.0,4,0,0,0
hf55pqj0nqzc1.webp,8,5,6,6,1.0,adaptive,0.1701,0.0822,1,0.0822,0,0,0,0
hf55pqj0nqzc1.webp,8,6,0,0,0.992,adaptive,0.147,0.0,6,0.0,5,1,0,0
hf55pqj0nqzc1.webp,8,7,0,0,0.992,adaptive,0.1058,0.0,10,0.0,10,0,0,0
hf55pqj0nqzc1.webp,8,8,0,0,0.992,adaptive,0.1047,0.0,5,0.0,4,1,0,0
hf55pqj0nqzc1.webp,8,9,1,1,0.9783,adaptive,0.2108,0.0475,6,0.0475,4,1,0,0
hf55pqj0nqzc1.webp,9,1,2,2,1.0,adaptive,0.1985,0.0748,2,0.0748,1,0,0,0
hf55pqj0nqzc1.webp,9,2,0,0,0.992,adaptive,0.0866,0.0,3,0.0,3,0,0,0
hf55pqj0nqzc1.webp,9,3,0,0,0.992,adaptive,0.1112,0.0,8,0.0,8,0,0,0
hf55pqj0nqzc1.webp,9,4,3,3,1.0,adaptive,0.1914,0.0735,2,0.0735,0,1,0,0
hf55pqj0nqzc1.webp,9,5,8,8,1.0,adaptive,0.1721,0.0789,2,0.0789,0,1,0,0
hf55pqj0nqzc1.webp,9,6,1,1,0.9572,adaptive,0.1922,0.0414,4,0.0414,2,0,1,0
hf55pqj0nqzc1.webp,9,7,5,5,0.9999,adaptive,0.1497,0.0606,4,0.0606,1,2,0,0
hf55pqj0nqzc1.webp,9,8,0,0,0.992,adaptive,0.0911,0.0,4,0.0,3,1,0,0
hf55pqj0nqzc1.webp,9,9,0,1,0.7955,adaptive,0.1735,0.0773,1,0.0773,0,0,0,0
hffmw1yjgmcc1.webp,1,1,1,1,0.9963,adaptive,0.1161,0.0232,5,0.0232,3,1,0,0
hffmw1yjgmcc1.webp,1,3,9,9,1.0,adaptive,0.1495,0.0474,2,0.0474,0,1,0,0
hffmw1yjgmcc1.webp,1,5,7,7,0.9999,adaptive,0.159,0.0308,2,0.0308,0,1,0,0
hffmw1yjgmcc1.webp,1,7,8,8,1.0,adaptive,0.1845,0.0463,2,0.0463,0,1,0,0
hffmw1yjgmcc1.webp,1,8,4,4,1.0,adaptive,0.1443,0.0366,2,0.0366,0,1,0,0
hffmw1yjgmcc1.webp,1,9,3,3,1.0,adaptive,0.1388,0.0412,2,0.0412,0,0,1,0
hffmw1yjgmcc1.webp,2,3,3,3,1.0,adaptive,0.1904,0.0418,2,0.0418,1,0,0,0
hffmw1yjgmcc1.webp,2,6,9,9,0.9998,adaptive,0.1707,0.0488,2,0.0488,0,1,0,0
hffmw1yjgmcc1.webp,2,7,1,1,0.997,adaptive,0.1979,0.0269,1,0.0269,0,0,0,0
hffmw1yjgmcc1.webp,2,8,6,6,1.0,adaptive,0.2011,0.0489,1,0.0489,0,0,0,0
hffmw1yjgmcc1.webp,2,9,7,7,0.9999,adaptive,0.1624,0.031,2,0.031,0,1,0,0
hffmw1yjgmcc1.webp,3,1,6,6,0.9998,adaptive,0.1824,0.0468,2,0.0468,0,1,0,0
hffmw1yjgmcc1.webp,3,3,7,7,0.9999,adaptive,0.192,0.0321,1,0.0321,0,0,0,0
hffmw1yjgmcc1.webp,3,4,3,3,1.0,adaptive,0.2092,0.0399,1,0.0399,0,0,0,0
hffmw1yjgmcc1.webp,3,5,1,1,0.9714,adaptive,0.1882,0.026,1,0.026,0,0,0,0
hffmw1yjgmcc1.webp,4,1,3,3,1.0,adaptive,0.1401,0.0385,2,0.0385,0,0,1,0
hffmw1yjgmcc1.webp,4,9,1,1,0.9994,adaptive,0.1372,0.0227,2,0.0227,0,1,0,0
hffmw1yjgmcc1.webp,5,2,7,7,0.9999,adaptive,0.2057,0.0315,1,0.0315,0,0,0,0
hffmw1yjgmcc1.webp,5,6,1,1,0.9966,adaptive,0.1599,0.0233,2,0.0233,0,1,0,0
hffmw1yjgmcc1.webp,6,2,6,6,0.9998,adaptive,0.1891,0.0482,1,0.0482,0,0,0,0
hffmw1yjgmcc1.webp,6,3,1,1,0.9978,adaptive,0.1628,0.0229,2,0.0229,1,0,0,0
hffmw1yjgmcc1.webp,6,4,4,4,1.0,adaptive,0.1742,0.0381,2,0.0381,1,0,0,0
hffmw1yjgmcc1.webp,6,5,3,3,1.0,adaptive,0.1782,0.0412,1,0.0412,0,0,0,0
hffmw1yjgmcc1.webp,6,6,7,7,1.0,adaptive,0.1506,0.0307,2,0.0307,0,1,0,0
hffmw1yjgmcc1.webp,6,7,5,5,1.0,adaptive,0.192,0.0405,1,0.0405,0,0,0,0
hffmw1yjgmcc1.webp,6,8,2,2,1.0,adaptive,0.1775,0.0405,2,0.0405,1,0,0,0
hffmw1yjgmcc1.webp,7,1,4,4,1.0,adaptive,0.1669,0.0383,2,0.0383,0,1,0,0
hffmw1yjgmcc1.webp,7,2,9,9,0.9999,adaptive,0.1986,0.0466,1,0.0466,0,0,0,0
hffmw1yjgmcc1.webp,7,3,6,6,0.9984,adaptive,0.1943,0.0474,1,0.0474,0,0,0,0
hffmw1yjgmcc1.webp,7,4,7,7,1.0,adaptive,0.1807,0.0301,1,0.0301,0,0,0,0
hffmw1yjgmcc1.webp,7,5,5,5,1.0,adaptive,0.2056,0.0409,1,0.0409,0,0,0,0
hffmw1yjgmcc1.webp,7,8,1,1,0.997,adaptive,0.1664,0.0231,1,0.0231,0,0,0,0
hffmw1yjgmcc1.webp,8,1,7,7,1.0,adaptive,0.1483,0.0287,2,0.0287,0,1,0,0
hffmw1yjgmcc1.webp,8,2,1,1,0.9971,adaptive,0.1749,0.0275,1,0.0275,0,0,0,0
hffmw1yjgmcc1.webp,8,3,8,8,1.0,adaptive,0.1897,0.0461,1,0.0461,0,0,0,0
hffmw1yjgmcc1.webp,8,5,6,6,0.999,adaptive,0.2124,0.0466,1,0.0466,0,0,0,0
hffmw1yjgmcc1.webp,9,1,2,2,1.0,adaptive,0.1321,0.0368,2,0.0368,0,0,1,0
hffmw1yjgmcc1.webp,9,2,3,3,1.0,adaptive,0.173,0.04,2,0.04,0,1,0,0
hffmw1yjgmcc1.webp,9,3,5,5,1.0,adaptive,0.1738,0.041,2,0.041,0,1,0,0
hffmw1yjgmcc1.webp,9,4,1,1,0.9977,adaptive,0.139,0.0229,2,0.0229,0,1,0,0
hffmw1yjgmcc1.webp,9,9,6,6,0.9994,adaptive,0.1519,0.0461,2,0.0461,0,0,1,0
hgave101yvac1.webp,1,3,5,5,1.0,adaptive,0.162,0.0775,1,0.0775,0,0,0,0
hgave101yvac1.webp,1,4,9,9,0.9999,adaptive,0.1677,0.0826,1,0.0826,0,0,0,0
hgave101yvac1.webp,1,5,6,6,1.0,adaptive,0.1418,0.0848,1,0.0848,0,0,0,0
hgave101yvac1.webp,1,6,2,2,1.0,adaptive,0.1517,0.0682,1,0.0682,0,0,0,0
hgave101yvac1.webp,1,8,8,8,1.0,adaptive,0.1416,0.0844,1,0.0844,0,0,0,0
hgave101yvac1.webp,1,9,7,7,1.0,adaptive,0.1219,0.0495,1,0.0495,0,0,0,0
hgave101yvac1.webp,2,1,7,7,1.0,adaptive,0.1074,0.0511,1,0.0511,0,0,0,0
hgave101yvac1.webp,2,2,6,6,1.0,adaptive,0.101,0.0863,1,0.0863,0,0,0,0
hgave101yvac1.webp,2,5,8,8,1.0,adaptive,0.1141,0.0868,1,0.0868,0,0,0,0
hgave101yvac1.webp,2,6,5,5,1.0,adaptive,0.133,0.0787,1,0.0787,0,0,0,0
hgave101yvac1.webp,2,9,2,2,1.0,adaptive,0.1108,0.0672,1,0.0672,0,0,0,0
hgave101yvac1.webp,3,2,2,2,1.0,adaptive,0.1151,0.0712,1,0.0712,0,0,0,0
hgave101yvac1.webp,3,3,8,8,1.0,adaptive,0.1669,0.084,1,0.084,0,0,0,0
hgave101yvac1.webp,3,4,3,3,1.0,adaptive,0.1557,0.0717,1,0.0717,0,0,0,0
hgave101yvac1.webp,3,5,7,7,1.0,adaptive,0.1058,0.0502,1,0.0502,0,0,0,0
hgave101yvac1.webp,3,7,5,5,1.0,adaptive,0.1602,0.0766,1,0.0766,0,0,0,0
hgave101yvac1.webp,4,2,5,5,1.0,adaptive,0.1348,0.0791,1,0.0791,0,0,0,0
hgave101yvac1.webp,4,3,7,7,1.0,adaptive,0.135,0.0517,1,0.0517,0,0,0,0
hgave101yvac1.webp,4,6,6,6,0.9997,adaptive,0.1653,0.082,1,0.082,0,0,0,0
hgave101yvac1.webp,4,7,8,8,1.0,adaptive,0.1666,0.0826,1,0.0826,0,0,0,0
hgave101yvac1.webp,4,8,2,2,1.0,adaptive,0.1294,0.0719,1,0.0719,0,0,0,0
hgave101yvac1.webp,4,9,3,3,1.0,adaptive,0.1435,0.0717,1,0.0717,0,0,0,0
hgave101yvac1.webp,5,1,2,2,1.0,adaptive,0.1262,0.0694,1,0.0694,0,0,0,0
hgave101yvac1.webp,5,4,7,7,1.0,adaptive,0.1081,0.0511,1,0.0511,0,0,0,0
hgave101yvac1.webp,5,5,5,5,1.0,adaptive,0.0797,0.0794,1,0.0794,0,0,0,0
hgave101yvac1.webp,5,7,1,1,0.9988,adaptive,0.097,0.0393,1,0.0393,0,0,0,0
hgave101yvac1.webp,6,3,6,6,1.0,adaptive,0.1662,0.0831,1,0.0831,0,0,0,0
hgave101yvac1.webp,6,4,2,2,1.0,adaptive,0.1546,0.0704,1,0.0704,0,0,0,0
hgave101yvac1.webp,6,7,7,7,1.0,adaptive,0.1334,0.0503,1,0.0503,0,0,0,0
hgave101yvac1.webp,6,8,5,5,1.0,adaptive,0.1366,0.0798,1,0.0798,0,0,0,0
hgave101yvac1.webp,6,9,4,4,1.0,adaptive,0.137,0.0662,1,0.0662,0,0,0,0
hgave101yvac1.webp,7,1,6,6,0.9999,adaptive,0.1657,0.082,1,0.082,0,0,0,0
hgave101yvac1.webp,7,2,7,7,1.0,adaptive,0.1074,0.0518,1,0.0518,0,0,0,0
hgave101yvac1.webp,7,3,2,2,1.0,adaptive,0.1521,0.0682,1,0.0682,0,0,0,0
hgave101yvac1.webp,7,4,5,5,1.0,adaptive,0.1613,0.0771,1,0.0771,0,0,0,0
hgave101yvac1.webp,7,7,9,9,1.0,adaptive,0.166,0.082,1,0.082,0,0,0,0
hgave101yvac1.webp,7,8,4,4,1.0,adaptive,0.1289,0.0694,1,0.0694,0,0,0,0
hgave101yvac1.webp,7,9,8,8,1.0,adaptive,0.1584,0.084,1,0.084,0,0,0,0
hgave101yvac1.webp,8,1,5,5,1.0,adaptive,0.1361,0.0787,1,0.0787,0,0,0,0
hgave101yvac1.webp,8,4,8,8,1.0,adaptive,0.1429,0.085,1,0.085,0,0,0,0
hgave101yvac1.webp,8,5,2,2,1.0,adaptive,0.1003,0.0714,1,0.0714,0,0,0,0
hgave101yvac1.webp,8,6,7,7,1.0,adaptive,0.1085,0.0513,1,0.0513,0,0,0,0
hgave101yvac1.webp,8,7,6,6,0.9998,adaptive,0.1418,0.0839,1,0.0839,0,0,0,0
hgave101yvac1.webp,8,8,3,3,1.0,adaptive,0.1033,0.0739,1,0.0739,0,0,0,0
hgave101yvac1.webp,8,9,1,1,0.9985,adaptive,0.0945,0.0407,1,0.0407,0,0,0,0
hgave101yvac1.webp,9,1,8,8,1.0,adaptive,0.1702,0.0811,1,0.0811,0,0,0,0
hgave101yvac1.webp,9,2,3,3,1.0,adaptive,0.1395,0.0742,1,0.0742,0,0,0,0
hgave101yvac1.webp,9,3,1,1,0.999,adaptive,0.135,0.0397,1,0.0397,0,0,0,0
hgave101yvac1.webp,9,4,6,6,0.9999,adaptive,0.1775,0.0815,1,0.0815,0,0,0,0
hgave101yvac1.webp,9,5,4,4,1.0,adaptive,0.1355,0.0669,1,0.0669,0,0,0,0
hgave101yvac1.webp,9,6,9,9,1.0,adaptive,0.1673,0.0811,1,0.0811,0,0,0,0
hgave101yvac1.webp,9,7,2,2,1.0,adaptive,0.1517,0.0659,1,0.0659,0,0,0,0
hgave101yvac1.webp,9,8,7,7,1.0,adaptive,0.1099,0.0516,1,0.0516,0,0,0,0
hgave101yvac1.webp,9,9,5,5,1.0,adaptive,0.1626,0.0784,1,0.0784,0,0,0,0
homx8g4c0hhc1.webp,1,3,8,8,1.0,adaptive,0.1655,0.0949,1,0.0949,0,0,0,0
homx8g4c0hhc1.webp,1,6,2,2,1.0,adaptive,0.1524,0.0824,1,0.0824,0,0,0,0
homx8g4c0hhc1.webp,1,7,6,6,0.9997,adaptive,0.186,0.0887,1,0.0887,0,0,0,0
homx8g4c0hhc1.webp,1,9,1,1,1.0,adaptive,0.1468,0.0599,1,0.0599,0,0,0,0
homx8g4c0hhc1.webp,2,2,4,4,1.0,adaptive,0.1357,0.0787,1,0.0787,0,0,0,0
homx8g4c0hhc1.webp,2,5,8,8,1.0,adaptive,0.1545,0.0971,1,0.0971,0,0,0,0
homx8g4c0hhc1.webp,2,7,2,2,1.0,adaptive,0.1766,0.0814,1,0.0814,0,0,0,0
homx8g4c0hhc1.webp,2,9,7,7,1.0,adaptive,0.1287,0.0651,1,0.0651,0,0,0,0
homx8g4c0hhc1.webp,3,3,3,3,1.0,adaptive,0.1671,0.0818,1,0.0818,0,0,0,0
homx8g4c0hhc1.webp,3,5,9,9,1.0,adaptive,0.1621,0.0898,1,0.0898,0,0,0,0
homx8g4c0hhc1.webp,3,6,7,7,1.0,adaptive,0.1361,0.0639,1,0.0639,0,0,0,0
homx8g4c0hhc1.webp,3,7,8,8,1.0,adaptive,0.1922,0.0945,1,0.0945,0,0,0,0
homx8g4c0hhc1.webp,3,8,5,5,1.0,adaptive,0.1581,0.0857,1,0.0857,0,0,0,0
homx8g4c0hhc1.webp,3,9,4,4,1.0,adaptive,0.1593,0.0751,1,0.0751,0,0,0,0
homx8g4c0hhc1.webp,4,2,3,3,1.0,adaptive,0.152,0.0814,1,0.0814,0,0,0,0
homx8g4c0hhc1.webp,4,7,7,7,1.0,adaptive,0.1468,0.0628,1,0.0628,0,0,0,0
homx8g4c0hhc1.webp,5,4,7,7,1.0,adaptive,0.1305,0.0626,1,0.0626,0,0,0,0
homx8g4c0hhc1.webp,5,5,2,2,1.0,adaptive,0.1159,0.0843,1,0.0843,0,0,0,0
homx8g4c0hhc1.webp,5,7,5,5,1.0,adaptive,0.1413,0.0864,1,0.0864,0,0,0,0
homx8g4c0hhc1.webp,6,3,7,7,1.0,adaptive,0.1479,0.0628,1,0.0628,0,0,0,0
homx8g4c0hhc1.webp,6,4,8,8,1.0,adaptive,0.1769,0.0949,1,0.0949,0,0,0,0
homx8g4c0hhc1.webp,6,7,9,9,0.9999,adaptive,0.1755,0.0904,1,0.0904,0,0,0,0
homx8g4c0hhc1.webp,6,8,2,2,1.0,adaptive,0.1542,0.0821,1,0.0821,0,0,0,0
homx8g4c0hhc1.webp,7,2,8,8,1.0,adaptive,0.1671,0.0966,1,0.0966,0,0,0,0
homx8g4c0hhc1.webp,7,4,3,3,1.0,adaptive,0.1528,0.0811,1,0.0811,0,0,0,0
homx8g4c0hhc1.webp,7,5,6,6,0.9999,adaptive,0.1612,0.0898,1,0.0898,0,0,0,0
homx8g4c0hhc1.webp,7,8,7,7,1.0,adaptive,0.1334,0.0617,1,0.0617,0,0,0,0
homx8g4c0hhc1.webp,8,1,3,3,1.0,adaptive,0.1626,0.0812,1,0.0812,0,0,0,0
homx8g4c0hhc1.webp,9,1,6,6,1.0,adaptive,0.19,0.0907,1,0.0907,0,0,0,0
homx8g4c0hhc1.webp,9,2,5,5,1.0,adaptive,0.1732,0.0873,1,0.0873,0,0,0,0
homx8g4c0hhc1.webp,9,7,3,3,1.0,adaptive,0.1802,0.0815,1,0.0815,0,0,0,0
homx8g4c0hhc1.webp,9,9,0,0,0.992,adaptive,0.1018,0.0,0,0.0,0,0,0,0
hsl68wiibcxc1.webp,1,1,2,2,0.8117,adaptive,0.4195,0.3328,3,0.3328,2,0,0,0
hsl68wiibcxc1.webp,1,3,6,6,0.997,adaptive,0.2707,0.1985,16,0.1566,13,0,0,0
hsl68wiibcxc1.webp,1,4,4,4,1.0,adaptive,0.2152,0.1524,24,0.1274,21,0,0,0
hsl68wiibcxc1.webp,1,5,9,9,0.9931,adaptive,0.2822,0.2019,22,0.1635,19,0,0,0
hsl68wiibcxc1.webp,1,6,5,5,0.9999,adaptive,0.2727,0.2007,13,0.1878,10,0,0,0
hsl68wiibcxc1.webp,1,7,8,8,0.9999,adaptive,0.2475,0.192,21,0.1203,17,0,0,1
hsl68wiibcxc1.webp,1,9,1,1,0.9971,adaptive,0.2014,0.1165,24,0.1092,22,0,0,0
hsl68wiibcxc1.webp,2,1,8,8,0.9999,adaptive,0.3089,0.1809,26,0.1187,23,0,0,1
hsl68wiibcxc1.webp,2,2,9,9,0.9984,adaptive,0.2934,0.1935,21,0.1543,18,0,0,1
hsl68wiibcxc1.webp,2,3,1,1,0.9996,adaptive,0.2092,0.1072,26,0.1072,25,0,0,0
hsl68wiibcxc1.webp,2,4,2,2,0.7849,adaptive,0.4132,0.332,2,0.332,1,0,0,0
hsl68wiibcxc1.webp,2,5,3,3,0.994,adaptive,0.3354,0.1825,21,0.1825,20,0,0,0
hsl68wiibcxc1.webp,2,6,7,7,0.9999,adaptive,0.2481,0.1341,16,0.1341,15,0,0,0
hsl68wiibcxc1.webp,2,7,5,5,0.9999,adaptive,0.2775,0.1839,26,0.1839,25,0,0,0
hsl68wiibcxc1.webp,2,8,4,4,1.0,adaptive,0.2528,0.1382,27,0.1208,25,0,0,0
hsl68wiibcxc1.webp,2,9,6,6,0.9998,adaptive,0.2953,0.1823,18,0.1463,16,0,0,0
hsl68wiibcxc1.webp,3,1,4,4,0.9997,adaptive,0.219,0.1276,21,0.1114,18,1,0,0
hsl68wiibcxc1.webp,3,4,1,1,0.9999,adaptive,0.1951,0.135,23,0.1011,21,0,0,1
hsl68wiibcxc1.webp,3,5,8,8,0.9994,adaptive,0.2838,0.1818,17,0.119,13,1,0,1
hsl68wiibcxc1.webp,3,6,6,6,0.9987,adaptive,0.2822,0.2176,11,0.1477,8,0,0,1
hsl68wiibcxc1.webp,3,7,2,2,0.9006,adaptive,0.4119,0.2851,6,0.2796,4,0,0,0
hsl68wiibcxc1.webp,3,8,9,9,0.9995,adaptive,0.3123,0.1983,13,0.1499,8,1,0,1
hsl68wiibcxc1.webp,4,4,6,6,1.0,adaptive,0.2631,0.1922,17,0.1479,14,0,0,0
hsl68wiibcxc1.webp,4,5,4,4,0.9997,adaptive,0.2388,0.1673,22,0.1183,16,0,0,1
hsl68wiibcxc1.webp,5,4,3,3,0.9999,adaptive,0.2877,0.1802,24,0.1737,22,0,0,0
hsl68wiibcxc1.webp,5,5,1,1,0.9983,adaptive,0.2479,0.121,27,0.1074,24,0,0,0
hsl68wiibcxc1.webp,5,8,5,5,0.9999,adaptive,0.2966,0.2107,14,0.2043,12,0,0,0
hsl68wiibcxc1.webp,5,9,4,4,0.9998,adaptive,0.2614,0.1606,14,0.1441,12,0,0,0
hsl68wiibcxc1.webp,6,2,4,4,0.9978,adaptive,0.2718,0.1649,14,0.1346,10,1,0,0
hsl68wiibcxc1.webp,6,4,5,5,0.9999,adaptive,0.2936,0.1742,15,0.1742,13,1,0,0
hsl68wiibcxc1.webp,6,5,7,7,0.9992,adaptive,0.2745,0.1407,21,0.133,18,1,0,1
hsl68wiibcxc1.webp,6,8,8,8,0.9999,adaptive,0.3159,0.1768,20,0.1131,16,1,0,1
hsl68wiibcxc1.webp,7,1,7,7,1.0,adaptive,0.2203,0.1519,27,0.143,25,0,0,0
hsl68wiibcxc1.webp,7,2,6,6,0.9996,adaptive,0.2766,0.2121,16,0.168,13,0,0,0
hsl68wiibcxc1.webp,7,3,9,9,0.9996,adaptive,0.2573,0.1987,21,0.153,17,0,0,0
hsl68wiibcxc1.webp,7,4,8,8,0.9999,adaptive,0.2818,0.2112,22,0.1383,18,0,0,1
hsl68wiibcxc1.webp,7,5,2,2,0.9684,adaptive,0.4055,0.3037,4,0.3037,3,0,0,0
hsl68wiibcxc1.webp,7,6,3,3,0.9993,adaptive,0.2744,0.1987,17,0.1927,15,0,0,0
hsl68wiibcxc1.webp,7,7,4,4,0.9955,adaptive,0.2067,0.1517,21,0.1263,18,0,0,0
hsl68wiibcxc1.webp,7,8,1,1,0.9985,adaptive,0.2074,0.1217,25,0.1126,23,0,0,0
hsl68wiibcxc1.webp,7,9,5,5,0.9999,adaptive,0.2847,0.1976,26,0.1909,24,0,0,0
hsl68wiibcxc1.webp,8,4,9,9,0.9571,adaptive,0.2723,0.1902,22,0.1513,19,0,0,0
hsl68wiibcxc1.webp,8,5,5,5,1.0,adaptive,0.2968,0.2204,14,0.2204,13,0,0,0
hsl68wiibcxc1.webp,8,6,4,4,0.9997,adaptive,0.237,0.1339,23,0.1171,21,0,0,0
hsl68wiibcxc1.webp,8,8,6,6,0.9999,adaptive,0.3131,0.197,26,0.1515,23,0,0,0
hsl68wiibcxc1.webp,9,1,5,5,1.0,adaptive,0.2974,0.1804,27,0.1804,26,0,0,0
hsl68wiibcxc1.webp,9,3,4,4,0.9998,adaptive,0.2283,0.1321,32,0.1161,30,0,0,0
hsl68wiibcxc1.webp,9,4,7,7,0.9997,adaptive,0.2393,0.133,29,0.133,28,0,0,0
hsl68wiibcxc1.webp,9,5,6,6,0.9999,adaptive,0.3078,0.1877,30,0.1499,28,0,0,0
hsl68wiibcxc1.webp,9,6,1,1,0.9983,adaptive,0.2121,0.0987,28,0.0987,27,0,0,0
hsl68wiibcxc1.webp,9,7,9,9,0.9722,adaptive,0.2778,0.1787,28,0.1477,26,0,0,0
hsl68wiibcxc1.webp,9,9,8,8,1.0,adaptive,0.3016,0.1775,21,0.1172,18,0,0,1
i7g19lf62kkc1.webp,1,1,7,7,1.0,adaptive,0.1633,0.0795,1,0.0795,0,0,0,0
i7g19lf62kkc1.webp,1,2,9,9,1.0,adaptive,0.1807,0.1137,1,0.1137,0,0,0,0
i7g19lf62kkc1.webp,1,3,5,5,1.0,adaptive,0.1969,0.1136,1,0.1136,0,0,0,0
i7g19lf62kkc1.webp,1,4,0,0,0.992,adaptive,0.0842,0.0,0,0.0,0,0,0,0
i7g19lf62kkc1.webp,1,6,8,8,1.0,adaptive,0.2016,0.1301,1,0.1301,0,0,0,0
i7g19lf62kkc1.webp,1,7,6,6,0.9939,adaptive,0.2058,0.1118,1,0.1118,0,0,0,0
i7g19lf62kkc1.webp,1,8,0,0,0.992,adaptive,0.0697,0.0,0,0.0,0,0,0,0
i7g19lf62kkc1.webp,1,9,0,0,0.992,adaptive,0.0853,0.0,0,0.0,0,0,0,0
i7g19lf62kkc1.webp,2,4,0,0,0.992,adaptive,0.0697,0.0,0,0.0,0,0,0,0
i7g19lf62kkc1.webp,2,5,9,9,1.0,adaptive,0.1563,0.1141,1,0.1141,0,0,0,0
i7g19lf62kkc1.webp,2,6,7,7,0.9999,adaptive,0.1355,0.0801,1,0.0801,0,0,0,0
i7g19lf62kkc1.webp,2,7,8,8,1.0,adaptive,0.2074,0.1294,1,0.1294,0,0,0,0
i7g19lf62kkc1.webp,2,8,5,5,1.0,adaptive,0.1713,0.1146,1,0.1146,0,0,0,0
i7g19lf62kkc1.webp,2,9,0,0,0.992,adaptive,0.071,0.0,0,0.0,0,0,0,0
i7g19lf62kkc1.webp,3,2,1,1,0.9862,adaptive,0.121,0.0687,1,0.0687,0,0,0,0
i7g19lf62kkc1.webp,3,3,8,8,1.0,adaptive,0.1994,0.1281,1,0.1281,0,0,0,0
i7g19lf62kkc1.webp,3,7,7,7,0.9999,adaptive,0.1624,0.0786,1,0.0786,0,0,0,0
i7g19lf62kkc1.webp,4,1,5,5,1.0,adaptive,0.1956,0.1129,1,0.1129,0,0,0,0
i7g19lf62kkc1.webp,4,3,1,1,0.9861,adaptive,0.1392,0.0688,1,0.0688,0,0,0,0
i7g19lf62kkc1.webp,4,6,3,3,1.0,adaptive,0.1782,0.1072,1,0.1072,0,0,0,0
i7g19lf62kkc1.webp,4,7,9,9,1.0,adaptive,0.207,0.1138,1,0.1138,0,0,0,0
i7g19lf62kkc1.webp,4,8,7,7,1.0,adaptive,0.1456,0.076,1,0.076,0,0,0,0
i7g19lf62kkc1.webp,4,9,8,8,1.0,adaptive,0.2125,0.1281,1,0.1281,0,0,0,0
i7g19lf62kkc1.webp,5,1,8,8,1.0,adaptive,0.185,0.1284,1,0.1284,0,0,0,0
i7g19lf62kkc1.webp,5,3,2,2,1.0,adaptive,0.1456,0.1022,1,0.1022,0,0,0,0
i7g19lf62kkc1.webp,5,4,9,9,1.0,adaptive,0.1705,0.1135,1,0.1135,0,0,0,0
i7g19lf62kkc1.webp,5,5,7,7,1.0,adaptive,0.107,0.0778,1,0.0778,0,0,0,0
i7g19lf62kkc1.webp,5,8,0,0,0.992,adaptive,0.0296,0.0,0,0.0,0,0,0,0
i7g19lf62kkc1.webp,6,1,9,9,1.0,adaptive,0.1822,0.1114,1,0.1114,0,0,0,0
i7g19lf62kkc1.webp,6,2,7,7,1.0,adaptive,0.1307,0.0758,1,0.0758,0,0,0,0
i7g19lf62kkc1.webp,6,4,8,8,1.0,adaptive,0.2012,0.1299,1,0.1299,0,0,0,0
i7g19lf62kkc1.webp,6,5,0,0,0.992,adaptive,0.0436,0.0,0,0.0,0,0,0,0
i7g19lf62kkc1.webp,6,8,2,2,1.0,adaptive,0.1628,0.1072,1,0.1072,0,0,0,0
i7g19lf62kkc1.webp,7,1,4,4,1.0,adaptive,0.1882,0.106,1,0.106,0,0,0,0
i7g19lf62kkc1.webp,7,2,8,8,1.0,adaptive,0.1814,0.1271,1,0.1271,0,0,0,0
i7g19lf62kkc1.webp,7,3,6,6,0.9987,adaptive,0.1965,0.1138,1,0.1138,0,0,0,0
i7g19lf62kkc1.webp,7,4,7,7,1.0,adaptive,0.1591,0.0764,1,0.0764,0,0,0,0
i7g19lf62kkc1.webp,7,5,5,5,1.0,adaptive,0.1721,0.1158,1,0.1158,0,0,0,0
i7g19lf62kkc1.webp,7,6,9,9,1.0,adaptive,0.1813,0.1114,1,0.1114,0,0,0,0
i7g19lf62kkc1.webp,7,7,2,2,1.0,adaptive,0.1958,0.1022,1,0.1022,0,0,0,0
i7g19lf62kkc1.webp,8,1,3,3,1.0,adaptive,0.1814,0.1119,1,0.1119,0,0,0,0
i7g19lf62kkc1.webp,8,2,5,5,1.0,adaptive,0.1591,0.1173,1,0.1173,0,0,0,0
i7g19lf62kkc1.webp,8,3,7,7,1.0,adaptive,0.1506,0.0816,1,0.0816,0,0,0,0
i7g19lf62kkc1.webp,8,5,8,8,1.0,adaptive,0.177,0.1345,1,0.1345,0,0,0,0
i7g19lf62kkc1.webp,8,7,4,4,1.0,adaptive,0.1884,0.1076,1,0.1076,0,0,0,0
i7g19lf62kkc1.webp,9,1,1,1,0.9894,adaptive,0.1354,0.0633,1,0.0633,0,0,0,0
i7g19lf62kkc1.webp,9,2,2,2,1.0,adaptive,0.1588,0.1036,1,0.1036,0,0,0,0
i7g19lf62kkc1.webp,9,3,9,9,1.0,adaptive,0.1849,0.1129,1,0.1129,0,0,0,0
i7g19lf62kkc1.webp,9,4,3,3,1.0,adaptive,0.1802,0.1085,1,0.1085,0,0,0,0
i7g19lf62kkc1.webp,9,5,4,4,1.0,adaptive,0.1538,0.1099,1,0.1099,0,0,0,0
i7g19lf62kkc1.webp,9,6,6,6,0.9979,adaptive,0.1715,0.1123,1,0.1123,0,0,0,0
i7g19lf62kkc1.webp,9,7,5,5,1.0,adaptive,0.1847,0.1127,1,0.1127,0,0,0,0
i7g19lf62kkc1.webp,9,8,8,8,1.0,adaptive,0.1825,0.1305,1,0.1305,0,0,0,0
i7g19lf62kkc1.webp,9,9,7,7,1.0,adaptive,0.1359,0.0769,1,0.0769,0,0,0,0
ia0nk2ua4ukc1.webp,1,1,5,5,1.0,adaptive,0.1622,0.0786,1,0.0786,0,0,0,0
ia0nk2ua4ukc1.webp,1,2,9,9,1.0,adaptive,0.1481,0.0846,1,0.0846,0,0,0,0
ia0nk2ua4ukc1.webp,1,3,4,4,1.0,adaptive,0.1528,0.0693,1,0.0693,0,0,0,0
ia0nk2ua4ukc1.webp,1,6,7,7,1.0,adaptive,0.1348,0.0506,1,0.0506,0,0,0,0
ia0nk2ua4ukc1.webp,1,7,6,6,0.9999,adaptive,0.1644,0.0818,1,0.0818,0,0,0,0
ia0nk2ua4ukc1.webp,1,9,1,1,0.9986,adaptive,0.1243,0.0392,1,0.0392,0,0,0,0
ia0nk2ua4ukc1.webp,2,1,8,8,1.0,adaptive,0.1447,0.088,1,0.088,0,0,0,0
ia0nk2ua4ukc1.webp,2,2,1,1,0.9974,adaptive,0.0797,0.0413,1,0.0413,0,0,0,0
ia0nk2ua4ukc1.webp,2,3,3,3,1.0,adaptive,0.1305,0.0739,1,0.0739,0,0,0,0
ia0nk2ua4ukc1.webp,2,4,4,4,1.0,adaptive,0.14,0.0708,1,0.0708,0,0,0,0
ia0nk2ua4ukc1.webp,2,5,6,6,1.0,adaptive,0.1143,0.0868,1,0.0868,0,0,0,0
ia0nk2ua4ukc1.webp,2,6,9,9,1.0,adaptive,0.142,0.0855,1,0.0855,0,0,0,0
ia0nk2ua4ukc1.webp,2,7,2,2,1.0,adaptive,0.1284,0.0719,1,0.0719,0,0,0,0
ia0nk2ua4ukc1.webp,2,8,7,7,1.0,adaptive,0.0829,0.0535,1,0.0535,0,0,0,0
ia0nk2ua4ukc1.webp,2,9,5,5,1.0,adaptive,0.1366,0.0791,1,0.0791,0,0,0,0
ia0nk2ua4ukc1.webp,3,1,6,6,0.9999,adaptive,0.1673,0.084,1,0.084,0,0,0,0
ia0nk2ua4ukc1.webp,3,2,2,2,1.0,adaptive,0.1355,0.0697,1,0.0697,0,0,0,0
ia0nk2ua4ukc1.webp,3,3,7,7,1.0,adaptive,0.135,0.0512,1,0.0512,0,0,0,0
ia0nk2ua4ukc1.webp,3,5,5,5,1.0,adaptive,0.1375,0.0814,1,0.0814,0,0,0,0
ia0nk2ua4ukc1.webp,3,6,1,1,0.998,adaptive,0.1241,0.0403,1,0.0403,0,0,0,0
ia0nk2ua4ukc1.webp,3,7,9,9,1.0,adaptive,0.168,0.0858,1,0.0858,0,0,0,0
ia0nk2ua4ukc1.webp,4,1,1,1,0.9974,adaptive,0.1361,0.0403,1,0.0403,0,0,0,0
ia0nk2ua4ukc1.webp,4,2,7,7,1.0,adaptive,0.1217,0.0518,1,0.0518,0,0,0,0
ia0nk2ua4ukc1.webp,4,3,5,5,1.0,adaptive,0.1758,0.08,1,0.08,0,0,0,0
ia0nk2ua4ukc1.webp,4,4,9,9,1.0,adaptive,0.1911,0.0833,1,0.0833,0,0,0,0
ia0nk2ua4ukc1.webp,4,6,6,6,0.9999,adaptive,0.1813,0.0855,1,0.0855,0,0,0,0
ia0nk2ua4ukc1.webp,4,9,3,3,1.0,adaptive,0.172,0.0744,1,0.0744,0,0,0,0
ia0nk2ua4ukc1.webp,5,1,3,3,1.0,adaptive,0.133,0.076,1,0.076,0,0,0,0
ia0nk2ua4ukc1.webp,5,2,6,6,1.0,adaptive,0.1134,0.0868,1,0.0868,0,0,0,0
ia0nk2ua4ukc1.webp,5,4,1,1,0.9955,adaptive,0.1156,0.045,1,0.045,0,0,0,0
ia0nk2ua4ukc1.webp,5,7,7,7,1.0,adaptive,0.107,0.0502,1,0.0502,0,0,0,0
ia0nk2ua4ukc1.webp,5,8,5,5,1.0,adaptive,0.1104,0.0813,1,0.0813,0,0,0,0
ia0nk2ua4ukc1.webp,6,1,2,2,1.0,adaptive,0.1657,0.0702,1,0.0702,0,0,0,0
ia0nk2ua4ukc1.webp,6,2,4,4,1.0,adaptive,0.1382,0.069,1,0.069,0,0,0,0
ia0nk2ua4ukc1.webp,6,4,5,5,1.0,adaptive,0.1878,0.0798,1,0.0798,0,0,0,0
ia0nk2ua4ukc1.webp,6,5,7,7,1.0,adaptive,0.1221,0.0525,1,0.0525,0,0,0,0
ia0nk2ua4ukc1.webp,6,6,3,3,1.0,adaptive,0.1684,0.0722,1,0.0722,0,0,0,0
ia0nk2ua4ukc1.webp,6,7,1,1,0.999,adaptive,0.1354,0.0401,1,0.0401,0,0,0,0
ia0nk2ua4ukc1.webp,6,8,6,6,0.9999,adaptive,0.1583,0.0866,1,0.0866,0,0,0,0
ia0nk2ua4ukc1.webp,7,1,4,4,1.0,adaptive,0.1524,0.0693,1,0.0693,0,0,0,0
ia0nk2ua4ukc1.webp,7,2,5,5,1.0,adaptive,0.1368,0.081,1,0.081,0,0,0,0
ia0nk2ua4ukc1.webp,7,3,1,1,0.9982,adaptive,0.1223,0.0394,1,0.0394,0,0,0,0
ia0nk2ua4ukc1.webp,7,4,6,6,0.9999,adaptive,0.1789,0.0838,1,0.0838,0,0,0,0
ia0nk2ua4ukc1.webp,7,5,9,9,1.0,adaptive,0.1427,0.0866,1,0.0866,0,0,0,0
ia0nk2ua4ukc1.webp,7,7,3,3,1.0,adaptive,0.1542,0.0726,1,0.0726,0,0,0,0
ia0nk2ua4ukc1.webp,7,9,7,7,1.0,adaptive,0.1319,0.0497,1,0.0497,0,0,0,0
ia0nk2ua4ukc1.webp,8,1,7,7,1.0,adaptive,0.1088,0.0513,1,0.0513,0,0,0,0
ia0nk2ua4ukc1.webp,8,2,3,3,1.0,adaptive,0.107,0.0776,1,0.0776,0,0,0,0
ia0nk2ua4ukc1.webp,8,3,6,6,0.9998,adaptive,0.149,0.0834,1,0.0834,0,0,0,0
ia0nk2ua4ukc1.webp,8,5,1,1,0.9994,adaptive,0.0815,0.0413,1,0.0413,0,0,0,0
ia0nk2ua4ukc1.webp,8,6,5,5,1.0,adaptive,0.1499,0.0812,1,0.0812,0,0,0,0
ia0nk2ua4ukc1.webp,8,8,9,9,1.0,adaptive,0.1288,0.0852,1,0.0852,0,0,0,0
ia0nk2ua4ukc1.webp,9,1,9,9,1.0,adaptive,0.1686,0.0844,1,0.0844,0,0,0,0
ia0nk2ua4ukc1.webp,9,2,8,8,1.0,adaptive,0.1316,0.0862,1,0.0862,0,0,0,0
ia0nk2ua4ukc1.webp,9,3,2,2,1.0,adaptive,0.1542,0.0688,1,0.0688,0,0,0,0
ia0nk2ua4ukc1.webp,9,4,7,7,1.0,adaptive,0.1481,0.0501,1,0.0501,0,0,0,0
ia0nk2ua4ukc1.webp,9,5,3,3,1.0,adaptive,0.1307,0.0737,1,0.0737,0,0,0,0
ia0nk2ua4ukc1.webp,9,6,4,4,1.0,adaptive,0.155,0.0695,1,0.0695,0,0,0,0
ia0nk2ua4ukc1.webp,9,7,5,5,1.0,adaptive,0.1633,0.0784,1,0.0784,0,0,0,0
ia0nk2ua4ukc1.webp,9,8,1,1,0.9982,adaptive,0.0981,0.04,1,0.04,0,0,0,0
ia0nk2ua4ukc1.webp,9,9,6,6,1.0,adaptive,0.1706,0.0851,1,0.0851,0,0,0,0
iby5t6fxt3ac1.webp,1,1,3,3,0.9984,adaptive,0.3344,0.2312,7,0.2312,6,0,0,0
iby5t6fxt3ac1.webp,1,2,8,8,0.9999,adaptive,0.3379,0.2515,13,0.1866,9,0,0,1
iby5t6fxt3ac1.webp,1,5,4,4,0.9989,adaptive,0.2976,0.2101,9,0.1791,6,0,0,0
iby5t6fxt3ac1.webp,1,6,5,5,0.9999,adaptive,0.3397,0.2388,8,0.2199,6,0,0,0
iby5t6fxt3ac1.webp,1,9,2,2,1.0,adaptive,0.3306,0.2299,11,0.2299,10,0,0,0
iby5t6fxt3ac1.webp,2,2,2,2,0.9998,adaptive,0.3434,0.2041,17,0.1561,11,1,0,1
iby5t6fxt3ac1.webp,2,4,8,8,0.9999,adaptive,0.3842,0.1952,16,0.1049,10,1,0,1
iby5t6fxt3ac1.webp,2,8,4,4,0.9992,adaptive,0.3058,0.1816,18,0.118,12,0,0,1
iby5t6fxt3ac1.webp,2,9,3,3,0.9995,adaptive,0.3476,0.2133,15,0.1857,11,0,0,1
iby5t6fxt3ac1.webp,3,2,4,4,0.9997,adaptive,0.272,0.1563,15,0.1298,9,1,0,1
iby5t6fxt3ac1.webp,3,4,3,3,0.9925,adaptive,0.3292,0.2147,13,0.1519,9,0,0,1
iby5t6fxt3ac1.webp,3,6,2,2,0.9993,adaptive,0.305,0.2163,13,0.1475,9,0,0,1
iby5t6fxt3ac1.webp,3,7,8,8,1.0,adaptive,0.3408,0.2141,10,0.1198,6,0,0,1
iby5t6fxt3ac1.webp,3,8,5,5,1.0,adaptive,0.3236,0.2031,10,0.1782,5,1,0,1
iby5t6fxt3ac1.webp,3,9,7,7,0.9999,adaptive,0.2965,0.1976,10,0.1198,7,0,0,1
iby5t6fxt3ac1.webp,4,2,5,5,1.0,adaptive,0.3453,0.2424,8,0.2166,5,0,0,0
iby5t6fxt3ac1.webp,4,3,3,3,0.9996,adaptive,0.3275,0.2248,9,0.2063,7,0,0,0
iby5t6fxt3ac1.webp,4,7,2,2,0.9989,adaptive,0.3613,0.2165,9,0.192,7,0,0,0
iby5t6fxt3ac1.webp,5,1,2,2,0.9989,adaptive,0.3451,0.2139,16,0.1538,12,0,0,1
iby5t6fxt3ac1.webp,5,7,3,3,0.9987,adaptive,0.3761,0.2139,10,0.1915,8,0,0,0
iby5t6fxt3ac1.webp,6,3,4,4,1.0,adaptive,0.2856,0.1918,11,0.0994,6,0,0,1
iby5t6fxt3ac1.webp,6,5,2,2,0.9999,adaptive,0.315,0.1802,13,0.1452,9,1,0,1
iby5t6fxt3ac1.webp,6,6,3,3,0.9985,adaptive,0.3161,0.2294,8,0.1575,4,0,0,1
iby5t6fxt3ac1.webp,7,1,4,4,0.9998,adaptive,0.3163,0.1992,9,0.1829,7,0,0,0
iby5t6fxt3ac1.webp,7,2,7,7,0.9997,adaptive,0.3157,0.2047,9,0.1789,6,0,0,0
iby5t6fxt3ac1.webp,7,3,8,8,1.0,adaptive,0.3475,0.2294,10,0.1711,7,0,0,1
iby5t6fxt3ac1.webp,7,4,6,6,1.0,adaptive,0.3756,0.2303,12,0.1796,9,0,0,0
iby5t6fxt3ac1.webp,7,5,3,3,0.9998,adaptive,0.3501,0.2341,10,0.2169,8,0,0,0
iby5t6fxt3ac1.webp,7,6,1,1,0.9992,adaptive,0.2934,0.1715,9,0.1533,7,0,0,0
iby5t6fxt3ac1.webp,7,7,5,5,1.0,adaptive,0.3729,0.2286,9,0.2076,7,0,0,0
iby5t6fxt3ac1.webp,7,8,2,2,0.9998,adaptive,0.3469,0.2291,12,0.2108,10,0,0,0
iby5t6fxt3ac1.webp,7,9,9,9,0.9993,adaptive,0.3431,0.2364,7,0.1882,4,0,0,0
iby5t6fxt3ac1.webp,8,2,3,3,0.9989,adaptive,0.3542,0.2351,10,0.1878,5,0,0,1
iby5t6fxt3ac1.webp,8,3,2,2,1.0,adaptive,0.3288,0.2076,11,0.1897,9,0,0,0
iby5t6fxt3ac1.webp,8,5,8,8,0.9999,adaptive,0.3694,0.2374,11,0.157,7,0,0,1
iby5t6fxt3ac1.webp,8,6,7,7,0.9999,adaptive,0.3263,0.1868,9,0.1662,7,0,0,0
iby5t6fxt3ac1.webp,8,7,4,4,0.9999,adaptive,0.3347,0.1789,15,0.1422,11,0,0,0
iby5t6fxt3ac1.webp,8,8,1,1,0.9996,adaptive,0.2899,0.1694,20,0.1501,18,0,0,0
iby5t6fxt3ac1.webp,8,9,6,6,0.9997,adaptive,0.3419,0.2474,7,0.213,5,0,0,0
iby5t6fxt3ac1.webp,9,1,6,6,0.9998,adaptive,0.3353,0.2466,12,0.1319,8,0,0,1
iby5t6fxt3ac1.webp,9,2,1,1,0.9938,adaptive,0.2736,0.1336,16,0.095,11,1,0,0
iby5t6fxt3ac1.webp,9,4,2,2,0.9991,adaptive,0.3433,0.2243,13,0.1493,9,0,0,1
iby5t6fxt3ac1.webp,9,6,4,4,0.9999,adaptive,0.2887,0.1902,13,0.1,8,0,0,1
iby5t6fxt3ac1.webp,9,7,7,7,0.9999,adaptive,0.3137,0.1873,18,0.1207,13,0,0,1
iby5t6fxt3ac1.webp,9,8,3,3,0.9952,adaptive,0.3315,0.1949,15,0.1789,11,1,0,1
iby5t6fxt3ac1.webp,9,9,8,8,0.9998,adaptive,0.3232,0.2408,10,0.1045,5,0,0,1
ingd0p07g4wc1.webp,1,1,9,9,1.0,adaptive,0.1885,0.0887,1,0.0887,0,0,0,0
ingd0p07g4wc1.webp,1,2,6,6,1.0,adaptive,0.1615,0.0896,1,0.0896,0,0,0,0
ingd0p07g4wc1.webp,1,7,8,8,1.0,adaptive,0.1789,0.0936,1,0.0936,0,0,0,0
ingd0p07g4wc1.webp,2,5,5,5,1.0,adaptive,0.1593,0.0895,1,0.0895,0,0,0,0
ingd0p07g4wc1.webp,3,3,1,1,0.9999,adaptive,0.1448,0.0613,1,0.0613,0,0,0,0
ingd0p07g4wc1.webp,3,4,4,4,1.0,adaptive,0.1606,0.0757,1,0.0757,0,0,0,0
ingd0p07g4wc1.webp,4,1,1,1,0.9999,adaptive,0.1568,0.0588,1,0.0588,0,0,0,0
ingd0p07g4wc1.webp,4,7,2,2,1.0,adaptive,0.1662,0.0806,1,0.0806,0,0,0,0
ingd0p07g4wc1.webp,4,8,5,5,1.0,adaptive,0.1714,0.0859,1,0.0859,0,0,0,0
ingd0p07g4wc1.webp,4,9,6,6,0.9999,adaptive,0.1744,0.0898,1,0.0898,0,0,0,0
ingd0p07g4wc1.webp,5,1,2,2,1.0,adaptive,0.1676,0.0828,1,0.0828,0,0,0,0
ingd0p07g4wc1.webp,5,2,5,5,1.0,adaptive,0.1469,0.0884,1,0.0884,0,0,0,0
ingd0p07g4wc1.webp,5,6,6,6,0.9999,adaptive,0.1511,0.0896,1,0.0896,0,0,0,0
ingd0p07g4wc1.webp,6,1,6,6,0.9999,adaptive,0.1998,0.0907,1,0.0907,0,0,0,0
ingd0p07g4wc1.webp,6,2,3,3,1.0,adaptive,0.1542,0.083,1,0.083,0,0,0,0
ingd0p07g4wc1.webp,6,3,9,9,0.9999,adaptive,0.174,0.0904,1,0.0904,0,0,0,0
ingd0p07g4wc1.webp,6,4,1,1,0.9999,adaptive,0.1457,0.0613,1,0.0613,0,0,0,0
ingd0p07g4wc1.webp,6,5,2,2,1.0,adaptive,0.166,0.081,1,0.081,0,0,0,0
ingd0p07g4wc1.webp,6,6,5,5,1.0,adaptive,0.17,0.0851,1,0.0851,0,0,0,0
ingd0p07g4wc1.webp,6,7,7,7,1.0,adaptive,0.1481,0.0622,1,0.0622,0,0,0,0
ingd0p07g4wc1.webp,7,2,9,9,1.0,adaptive,0.1637,0.0911,1,0.0911,0,0,0,0
ingd0p07g4wc1.webp,7,4,3,3,1.0,adaptive,0.166,0.0798,1,0.0798,0,0,0,0
ingd0p07g4wc1.webp,7,5,1,1,1.0,adaptive,0.1443,0.059,1,0.059,0,0,0,0
ingd0p07g4wc1.webp,7,6,8,8,1.0,adaptive,0.1869,0.0942,1,0.0942,0,0,0,0
ingd0p07g4wc1.webp,7,7,5,5,1.0,adaptive,0.1722,0.0869,1,0.0869,0,0,0,0
ingd0p07g4wc1.webp,7,8,6,6,0.9999,adaptive,0.1762,0.0905,1,0.0905,0,0,0,0
ingd0p07g4wc1.webp,7,9,2,2,1.0,adaptive,0.1673,0.0824,1,0.0824,0,0,0,0
ingd0p07g4wc1.webp,8,1,3,3,1.0,adaptive,0.1771,0.0807,1,0.0807,0,0,0,0
ingd0p07g4wc1.webp,8,2,1,1,1.0,adaptive,0.1315,0.0615,1,0.0615,0,0,0,0
ingd0p07g4wc1.webp,8,7,4,4,1.0,adaptive,0.161,0.0767,1,0.0767,0,0,0,0
ingd0p07g4wc1.webp,9,3,6,6,1.0,adaptive,0.1742,0.0896,1,0.0896,0,0,0,0
ingd0p07g4wc1.webp,9,7,9,9,1.0,adaptive,0.1755,0.0904,1,0.0904,0,0,0,0
ingd0p07g4wc1.webp,9,8,1,1,0.9999,adaptive,0.1463,0.0615,1,0.0615,0,0,0,0
ingd0p07g4wc1.webp,9,9,3,3,1.0,adaptive,0.1684,0.0809,1,0.0809,0,0,0,0
inpi400diuxc1.webp,1,5,3,3,1.0,adaptive,0.1515,0.0828,1,0.0828,0,0,0,0
inpi400diuxc1.webp,1,6,5,5,1.0,adaptive,0.166,0.0826,1,0.0826,0,0,0,0
inpi400diuxc1.webp,1,7,9,9,1.0,adaptive,0.166,0.0833,1,0.0833,0,0,0,0
inpi400diuxc1.webp,1,8,6,6,0.9961,adaptive,0.1409,0.0834,1,0.0834,0,0,0,0
inpi400diuxc1.webp,2,2,9,9,1.0,adaptive,0.1396,0.084,1,0.084,0,0,0,0
inpi400diuxc1.webp,2,5,8,8,1.0,adaptive,0.1545,0.0994,1,0.0994,0,0,0,0
inpi400diuxc1.webp,2,6,4,4,1.0,adaptive,0.1452,0.0771,1,0.0771,0,0,0,0
inpi400diuxc1.webp,2,7,7,7,1.0,adaptive,0.1266,0.0579,1,0.0579,0,0,0,0
inpi400diuxc1.webp,2,8,5,5,1.0,adaptive,0.1274,0.084,1,0.084,0,0,0,0
inpi400diuxc1.webp,3,3,5,5,1.0,adaptive,0.1666,0.0826,1,0.0826,0,0,0,0
inpi400diuxc1.webp,3,5,9,9,1.0,adaptive,0.1549,0.0857,1,0.0857,0,0,0,0
inpi400diuxc1.webp,3,7,8,8,1.0,adaptive,0.1787,0.0953,1,0.0953,0,0,0,0
inpi400diuxc1.webp,4,1,9,9,1.0,adaptive,0.166,0.0826,1,0.0826,0,0,0,0
inpi400diuxc1.webp,4,2,7,7,1.0,adaptive,0.1294,0.0597,1,0.0597,0,0,0,0
inpi400diuxc1.webp,4,3,3,3,1.0,adaptive,0.1648,0.0804,1,0.0804,0,0,0,0
inpi400diuxc1.webp,4,4,8,8,1.0,adaptive,0.1807,0.0965,1,0.0965,0,0,0,0
inpi400diuxc1.webp,4,7,5,5,1.0,adaptive,0.1695,0.0858,1,0.0858,0,0,0,0
inpi400diuxc1.webp,4,8,4,4,1.0,adaptive,0.1393,0.0816,1,0.0816,0,0,0,0
inpi400diuxc1.webp,4,9,6,6,0.9959,adaptive,0.1555,0.0835,1,0.0835,0,0,0,0
inpi400diuxc1.webp,5,1,2,2,1.0,adaptive,0.1441,0.0758,1,0.0758,0,0,0,0
inpi400diuxc1.webp,5,2,5,5,1.0,adaptive,0.1451,0.0888,1,0.0888,0,0,0,0
inpi400diuxc1.webp,5,5,6,6,0.9989,adaptive,0.1423,0.0865,1,0.0865,0,0,0,0
inpi400diuxc1.webp,5,6,9,9,1.0,adaptive,0.154,0.0853,1,0.0853,0,0,0,0
inpi400diuxc1.webp,6,5,5,5,1.0,adaptive,0.1556,0.0866,1,0.0866,0,0,0,0
inpi400diuxc1.webp,6,6,7,7,1.0,adaptive,0.1421,0.0586,1,0.0586,0,0,0,0
inpi400diuxc1.webp,6,9,9,9,1.0,adaptive,0.1542,0.0824,1,0.0824,0,0,0,0
inpi400diuxc1.webp,7,1,6,6,0.9992,adaptive,0.1657,0.0835,1,0.0835,0,0,0,0
inpi400diuxc1.webp,7,2,4,4,1.0,adaptive,0.149,0.0807,1,0.0807,0,0,0,0
inpi400diuxc1.webp,7,3,9,9,1.0,adaptive,0.1644,0.0818,1,0.0818,0,0,0,0
inpi400diuxc1.webp,7,5,7,7,1.0,adaptive,0.1291,0.0586,1,0.0586,0,0,0,0
inpi400diuxc1.webp,7,6,8,8,1.0,adaptive,0.1789,0.0953,1,0.0953,0,0,0,0
inpi400diuxc1.webp,7,8,3,3,1.0,adaptive,0.1391,0.0816,1,0.0816,0,0,0,0
inpi400diuxc1.webp,7,9,5,5,1.0,adaptive,0.1544,0.0829,1,0.0829,0,0,0,0
inpi400diuxc1.webp,8,1,5,5,1.0,adaptive,0.1407,0.0855,1,0.0855,0,0,0,0
inpi400diuxc1.webp,8,4,9,9,1.0,adaptive,0.1411,0.0832,1,0.0832,0,0,0,0
inpi400diuxc1.webp,9,4,5,5,1.0,adaptive,0.1542,0.0822,1,0.0822,0,0,0,0
inpi400diuxc1.webp,9,8,9,9,1.0,adaptive,0.1264,0.083,1,0.083,0,0,0,0
iqpyipcpfqec1.webp,1,1,3,3,1.0,adaptive,0.1446,0.0497,4,0.0497,3,0,0,0
iqpyipcpfqec1.webp,1,2,1,1,0.9999,adaptive,0.1156,0.0398,2,0.0398,1,0,0,0
iqpyipcpfqec1.webp,1,3,8,8,1.0,adaptive,0.1691,0.0664,2,0.0664,1,0,0,0
iqpyipcpfqec1.webp,1,4,4,4,1.0,adaptive,0.1403,0.0528,7,0.0528,6,0,0,0
iqpyipcpfqec1.webp,1,5,2,2,1.0,adaptive,0.1395,0.0658,3,0.0658,2,0,0,0
iqpyipcpfqec1.webp,1,6,7,7,0.9999,adaptive,0.1575,0.0693,3,0.0693,2,0,0,0
iqpyipcpfqec1.webp,1,7,5,5,1.0,adaptive,0.1622,0.0595,6,0.0595,5,0,0,0
iqpyipcpfqec1.webp,1,8,6,6,0.9981,adaptive,0.1393,0.057,3,0.057,2,0,0,0
iqpyipcpfqec1.webp,1,9,9,9,0.9992,adaptive,0.1657,0.0579,3,0.0579,2,0,0,0
iqpyipcpfqec1.webp,2,3,9,9,0.9998,adaptive,0.1409,0.0665,5,0.0665,4,0,0,0
iqpyipcpfqec1.webp,2,4,6,6,0.9995,adaptive,0.1117,0.0624,1,0.0624,0,0,0,0
iqpyipcpfqec1.webp,2,8,7,7,1.0,adaptive,0.0973,0.045,3,0.045,2,0,0,0
iqpyipcpfqec1.webp,3,4,5,5,1.0,adaptive,0.1399,0.0613,1,0.0613,0,0,0,0
iqpyipcpfqec1.webp,3,5,9,9,0.9999,adaptive,0.1336,0.0635,2,0.0635,1,0,0,0
iqpyipcpfqec1.webp,4,3,6,6,0.9716,adaptive,0.1889,0.0628,3,0.0628,1,1,0,0
iqpyipcpfqec1.webp,4,6,9,9,0.9999,adaptive,0.1744,0.0655,4,0.0655,3,0,0,0
iqpyipcpfqec1.webp,4,9,7,7,0.9999,adaptive,0.1691,0.0434,4,0.0434,3,0,0,0
iqpyipcpfqec1.webp,5,4,7,7,1.0,adaptive,0.1493,0.0602,3,0.0602,2,0,0,0
iqpyipcpfqec1.webp,5,7,6,5,0.9194,adaptive,0.2022,0.0929,11,0.047,7,1,0,1
iqpyipcpfqec1.webp,6,1,1,1,1.0,adaptive,0.1486,0.0368,4,0.0368,3,0,0,0
iqpyipcpfqec1.webp,6,2,7,7,0.9889,adaptive,0.1823,0.0914,5,0.0479,2,0,0,1
iqpyipcpfqec1.webp,6,3,3,3,0.9692,adaptive,0.2032,0.0847,10,0.0437,5,2,0,1
iqpyipcpfqec1.webp,6,4,8,8,1.0,adaptive,0.1608,0.0695,9,0.0695,7,1,0,0
iqpyipcpfqec1.webp,6,5,6,8,0.5885,adaptive,0.2105,0.0997,5,0.0753,1,1,0,1
iqpyipcpfqec1.webp,6,6,2,2,0.9981,adaptive,0.1575,0.0586,7,0.0586,5,1,0,0
iqpyipcpfqec1.webp,6,7,9,9,0.9023,adaptive,0.1838,0.0875,12,0.0519,8,1,0,0
iqpyipcpfqec1.webp,6,8,5,5,1.0,adaptive,0.1357,0.0608,4,0.0608,2,1,0,0
iqpyipcpfqec1.webp,6,9,4,4,0.9999,adaptive,0.1733,0.0537,3,0.0537,1,1,0,0
iqpyipcpfqec1.webp,7,6,5,5,1.0,adaptive,0.1697,0.0575,2,0.0575,0,1,0,0
iqpyipcpfqec1.webp,7,8,4,4,0.9998,adaptive,0.1427,0.0545,2,0.0545,0,1,0,0
iqpyipcpfqec1.webp,8,2,3,3,0.9944,adaptive,0.1439,0.0572,3,0.0514,1,0,0,0
iqpyipcpfqec1.webp,8,4,2,2,0.9925,adaptive,0.1536,0.0592,7,0.0592,5,1,0,0
iqpyipcpfqec1.webp,8,6,6,5,0.8326,adaptive,0.1682,0.0561,3,0.0561,1,1,0,0
iqpyipcpfqec1.webp,8,7,7,7,1.0,adaptive,0.1418,0.0439,2,0.0439,0,1,0,0
iqpyipcpfqec1.webp,8,8,9,9,0.9998,adaptive,0.1387,0.0562,4,0.0562,2,1,0,0
iqpyipcpfqec1.webp,9,5,7,7,0.9999,adaptive,0.1438,0.0461,4,0.0461,2,1,0,0
iqpyipcpfqec1.webp,9,7,8,8,1.0,adaptive,0.1571,0.0666,4,0.0666,2,1,0,0
iw9a0c66f5yc1.webp,1,1,7,7,1.0,adaptive,0.1348,0.0519,1,0.0519,0,0,0,0
iw9a0c66f5yc1.webp,1,3,4,4,1.0,adaptive,0.1383,0.0684,1,0.0684,0,0,0,0
iw9a0c66f5yc1.webp,1,4,5,5,1.0,adaptive,0.1617,0.0793,1,0.0793,0,0,0,0
iw9a0c66f5yc1.webp,1,7,9,9,1.0,adaptive,0.1508,0.0818,1,0.0818,0,0,0,0
iw9a0c66f5yc1.webp,1,9,1,1,0.9981,adaptive,0.1163,0.0452,1,0.0452,0,0,0,0
iw9a0c66f5yc1.webp,2,3,6,6,0.9999,adaptive,0.1137,0.0841,1,0.0841,0,0,0,0
iw9a0c66f5yc1.webp,2,4,1,1,0.9968,adaptive,0.0864,0.0421,1,0.0421,0,0,0,0
iw9a0c66f5yc1.webp,2,5,9,9,1.0,adaptive,0.1022,0.0877,1,0.0877,0,0,0,0
iw9a0c66f5yc1.webp,2,6,7,7,1.0,adaptive,0.0819,0.052,1,0.052,0,0,0,0
iw9a0c66f5yc1.webp,2,8,4,4,1.0,adaptive,0.0863,0.0721,1,0.0721,0,0,0,0
iw9a0c66f5yc1.webp,3,2,1,1,0.9947,adaptive,0.0726,0.0434,1,0.0434,0,0,0,0
iw9a0c66f5yc1.webp,3,3,9,9,1.0,adaptive,0.1395,0.084,1,0.084,0,0,0,0
iw9a0c66f5yc1.webp,3,7,6,6,1.0,adaptive,0.1406,0.0853,1,0.0853,0,0,0,0
iw9a0c66f5yc1.webp,3,8,7,7,1.0,adaptive,0.0932,0.0516,1,0.0516,0,0,0,0
iw9a0c66f5yc1.webp,4,1,8,8,1.0,adaptive,0.1648,0.0826,1,0.0826,0,0,0,0
iw9a0c66f5yc1.webp,4,2,9,9,0.9999,adaptive,0.1305,0.0862,1,0.0862,0,0,0,0
iw9a0c66f5yc1.webp,4,3,5,5,1.0,adaptive,0.1468,0.0782,1,0.0782,0,0,0,0
iw9a0c66f5yc1.webp,4,4,7,7,1.0,adaptive,0.133,0.0508,1,0.0508,0,0,0,0
iw9a0c66f5yc1.webp,4,5,3,3,1.0,adaptive,0.1294,0.0726,1,0.0726,0,0,0,0
iw9a0c66f5yc1.webp,4,6,4,4,1.0,adaptive,0.1381,0.0671,1,0.0671,0,0,0,0
iw9a0c66f5yc1.webp,4,9,6,6,1.0,adaptive,0.1537,0.0829,1,0.0829,0,0,0,0
iw9a0c66f5yc1.webp,5,1,2,2,1.0,adaptive,0.1219,0.0676,1,0.0676,0,0,0,0
iw9a0c66f5yc1.webp,5,2,3,3,1.0,adaptive,0.0755,0.0751,1,0.0751,0,0,0,0
iw9a0c66f5yc1.webp,5,3,1,1,0.9984,adaptive,0.0678,0.0398,1,0.0398,0,0,0,0
iw9a0c66f5yc1.webp,5,4,6,6,1.0,adaptive,0.1284,0.0844,1,0.0844,0,0,0,0
iw9a0c66f5yc1.webp,5,7,4,4,1.0,adaptive,0.1002,0.0708,1,0.0708,0,0,0,0
iw9a0c66f5yc1.webp,5,8,9,9,1.0,adaptive,0.1022,0.0872,1,0.0872,0,0,0,0
iw9a0c66f5yc1.webp,5,9,7,7,1.0,adaptive,0.0825,0.0522,1,0.0522,0,0,0,0
iw9a0c66f5yc1.webp,6,3,7,7,1.0,adaptive,0.1022,0.0506,1,0.0506,0,0,0,0
iw9a0c66f5yc1.webp,6,4,2,2,1.0,adaptive,0.1421,0.0711,1,0.0711,0,0,0,0
iw9a0c66f5yc1.webp,6,5,1,1,0.9991,adaptive,0.0825,0.0396,1,0.0396,0,0,0,0
iw9a0c66f5yc1.webp,6,6,9,9,1.0,adaptive,0.1412,0.0829,1,0.0829,0,0,0,0
iw9a0c66f5yc1.webp,6,7,5,5,1.0,adaptive,0.1363,0.0793,1,0.0793,0,0,0,0
iw9a0c66f5yc1.webp,6,8,8,8,1.0,adaptive,0.1289,0.0862,1,0.0862,0,0,0,0
iw9a0c66f5yc1.webp,6,9,3,3,1.0,adaptive,0.1308,0.0722,1,0.0722,0,0,0,0
iw9a0c66f5yc1.webp,7,3,8,8,1.0,adaptive,0.129,0.0844,1,0.0844,0,0,0,0
iw9a0c66f5yc1.webp,7,4,9,9,1.0,adaptive,0.1528,0.0835,1,0.0835,0,0,0,0
iw9a0c66f5yc1.webp,7,5,0,0,0.992,adaptive,0.0418,0.0,0,0.0,0,0,0,0
iw9a0c66f5yc1.webp,7,6,0,0,0.992,adaptive,0.057,0.0,0,0.0,0,0,0,0
iw9a0c66f5yc1.webp,7,8,5,5,1.0,adaptive,0.1203,0.0787,1,0.0787,0,0,0,0
iw9a0c66f5yc1.webp,8,2,5,5,1.0,adaptive,0.0966,0.0817,1,0.0817,0,0,0,0
iw9a0c66f5yc1.webp,8,3,2,2,1.0,adaptive,0.1009,0.0708,1,0.0708,0,0,0,0
iw9a0c66f5yc1.webp,8,4,0,0,0.992,adaptive,0.0572,0.0,0,0.0,0,0,0,0
iw9a0c66f5yc1.webp,8,5,7,7,1.0,adaptive,0.0806,0.0519,1,0.0519,0,0,0,0
iw9a0c66f5yc1.webp,8,6,0,0,0.992,adaptive,0.043,0.0,0,0.0,0,0,0,0
iw9a0c66f5yc1.webp,8,7,8,8,1.0,adaptive,0.1275,0.0855,1,0.0855,0,0,0,0
iw9a0c66f5yc1.webp,8,9,9,9,1.0,adaptive,0.1282,0.0853,1,0.0853,0,0,0,0
iw9a0c66f5yc1.webp,9,1,9,9,1.0,adaptive,0.1539,0.0829,1,0.0829,0,0,0,0
iw9a0c66f5yc1.webp,9,3,3,3,1.0,adaptive,0.1176,0.0731,1,0.0731,0,0,0,0
iw9a0c66f5yc1.webp,9,4,8,8,1.0,adaptive,0.1566,0.0855,1,0.0855,0,0,0,0
iw9a0c66f5yc1.webp,9,8,6,6,0.9999,adaptive,0.1282,0.0853,1,0.0853,0,0,0,0
j7tggeo30y8c1.webp,1,2,7,7,1.0,adaptive,0.1156,0.0409,1,0.0409,0,0,0,0
j7tggeo30y8c1.webp,1,3,9,9,1.0,adaptive,0.1802,0.0622,1,0.0622,0,0,0,0
j7tggeo30y8c1.webp,1,4,2,2,1.0,adaptive,0.1488,0.0535,1,0.0535,0,0,0,0
j7tggeo30y8c1.webp,1,7,5,5,1.0,adaptive,0.1526,0.0552,1,0.0552,0,0,0,0
j7tggeo30y8c1.webp,2,3,1,1,0.9951,adaptive,0.1058,0.0328,1,0.0328,0,0,0,0
j7tggeo30y8c1.webp,2,4,6,6,0.9998,adaptive,0.1131,0.0613,2,0.0613,1,0,0,0
j7tggeo30y8c1.webp,2,8,2,2,0.9984,adaptive,0.1325,0.0776,1,0.0776,0,0,0,0
j7tggeo30y8c1.webp,3,1,2,2,1.0,adaptive,0.1339,0.0528,3,0.0528,2,0,0,0
j7tggeo30y8c1.webp,3,2,4,4,0.9999,adaptive,0.0966,0.0511,1,0.0511,0,0,0,0
j7tggeo30y8c1.webp,3,5,5,5,0.9993,adaptive,0.1332,0.0717,6,0.0468,3,0,0,1
j7tggeo30y8c1.webp,4,1,9,9,0.9994,adaptive,0.1718,0.0711,1,0.0711,0,0,0,0
j7tggeo30y8c1.webp,4,2,1,1,0.9979,adaptive,0.104,0.033,1,0.033,0,0,0,0
j7tggeo30y8c1.webp,4,6,2,2,1.0,adaptive,0.166,0.0541,1,0.0541,0,0,0,0
j7tggeo30y8c1.webp,4,7,6,6,0.9999,adaptive,0.1412,0.0619,1,0.0619,0,0,0,0
j7tggeo30y8c1.webp,4,8,7,7,0.9999,adaptive,0.13,0.0525,1,0.0525,0,0,0,0
j7tggeo30y8c1.webp,4,9,5,5,1.0,adaptive,0.1682,0.055,2,0.055,1,0,0,0
j7tggeo30y8c1.webp,5,2,6,6,0.9999,adaptive,0.1237,0.0654,1,0.0654,0,0,0,0
j7tggeo30y8c1.webp,5,3,4,4,1.0,adaptive,0.1366,0.0495,1,0.0495,0,0,0,0
j7tggeo30y8c1.webp,5,6,5,5,0.9968,adaptive,0.1793,0.092,5,0.0611,2,0,0,1
j7tggeo30y8c1.webp,5,7,2,2,1.0,adaptive,0.0995,0.0552,1,0.0552,0,0,0,0
j7tggeo30y8c1.webp,5,8,9,9,0.9999,adaptive,0.1056,0.0624,1,0.0624,0,0,0,0
j7tggeo30y8c1.webp,6,1,7,7,1.0,adaptive,0.1163,0.0401,1,0.0401,0,0,0,0
j7tggeo30y8c1.webp,6,2,2,2,0.9962,adaptive,0.1612,0.078,2,0.078,1,0,0,0
j7tggeo30y8c1.webp,6,3,5,5,1.0,adaptive,0.1515,0.0561,1,0.0561,0,0,0,0
j7tggeo30y8c1.webp,6,4,9,9,1.0,adaptive,0.1247,0.063,1,0.063,0,0,0,0
j7tggeo30y8c1.webp,6,6,6,6,0.9865,adaptive,0.2047,0.1038,3,0.1038,2,0,0,0
j7tggeo30y8c1.webp,6,8,1,1,0.9527,adaptive,0.097,0.0346,1,0.0346,0,0,0,0
j7tggeo30y8c1.webp,7,1,4,4,0.9989,adaptive,0.1611,0.0595,1,0.0595,0,0,0,0
j7tggeo30y8c1.webp,7,3,7,7,1.0,adaptive,0.1444,0.0392,2,0.0392,1,0,0,0
j7tggeo30y8c1.webp,7,5,2,2,0.9968,adaptive,0.1416,0.0692,1,0.0692,0,0,0,0
j7tggeo30y8c1.webp,7,7,1,1,0.8939,adaptive,0.106,0.0272,1,0.0272,0,0,0,0
j7tggeo30y8c1.webp,7,8,3,3,0.9999,adaptive,0.1262,0.0538,1,0.0538,0,0,0,0
j7tggeo30y8c1.webp,7,9,6,6,0.9985,adaptive,0.1691,0.0586,1,0.0586,0,0,0,0
j7tggeo30y8c1.webp,8,1,1,1,0.912,adaptive,0.119,0.0192,2,0.0192,1,0,0,0
j7tggeo30y8c1.webp,8,6,7,7,1.0,adaptive,0.1334,0.0403,1,0.0403,0,0,0,0
j7tggeo30y8c1.webp,8,7,9,9,1.0,adaptive,0.1334,0.0615,1,0.0615,0,0,0,0
j7tggeo30y8c1.webp,8,8,5,5,0.9995,adaptive,0.1529,0.0817,3,0.0542,1,0,0,1
j7tggeo30y8c1.webp,8,9,2,2,0.9916,adaptive,0.1725,0.0893,1,0.0893,0,0,0,0
j7tggeo30y8c1.webp,9,3,2,2,1.0,adaptive,0.1773,0.0526,1,0.0526,0,0,0,0
j7tggeo30y8c1.webp,9,6,1,1,0.992,adaptive,0.1588,0.0299,1,0.0299,0,0,0,0
j7tggeo30y8c1.webp,9,7,8,8,1.0,adaptive,0.1524,0.0597,1,0.0597,0,0,0,0
j7tggeo30y8c1.webp,9,8,4,4,0.9999,adaptive,0.1389,0.0484,1,0.0484,0,0,0,0
j7tggeo30y8c1.webp,9,9,7,7,0.9996,adaptive,0.1626,0.0573,1,0.0573,0,0,0,0
jcz0rw5z6o8c1.webp,1,1,9,9,0.9982,adaptive,0.2083,0.1285,6,0.1203,3,0,0,1
jcz0rw5z6o8c1.webp,1,2,8,8,1.0,adaptive,0.1511,0.0801,1,0.0801,0,0,0,0
jcz0rw5z6o8c1.webp,1,3,2,9,0.5215,adaptive,0.2054,0.0991,5,0.057,2,0,0,1
jcz0rw5z6o8c1.webp,1,4,7,7,0.9991,adaptive,0.2041,0.1176,4,0.0862,0,0,0,0
jcz0rw5z6o8c1.webp,1,5,5,5,0.9986,adaptive,0.1995,0.1095,6,0.0864,2,0,0,1
jcz0rw5z6o8c1.webp,1,6,6,6,0.9798,adaptive,0.1506,0.0784,2,0.0711,0,0,0,0
jcz0rw5z6o8c1.webp,1,7,1,9,0.4854,adaptive,0.237,0.0924,3,0.0822,0,1,0,0
jcz0rw5z6o8c1.webp,1,8,3,3,1.0,adaptive,0.1664,0.0635,2,0.0635,0,1,0,0
jcz0rw5z6o8c1.webp,1,9,4,4,0.99,adaptive,0.2239,0.0947,3,0.0947,1,1,0,0
jcz0rw5z6o8c1.webp,2,1,7,7,0.9999,adaptive,0.1101,0.0504,2,0.0504,1,0,0,0
jcz0rw5z6o8c1.webp,2,2,4,4,0.9926,adaptive,0.1788,0.1088,5,0.0939,2,0,0,1
jcz0rw5z6o8c1.webp,2,3,5,5,1.0,adaptive,0.1748,0.0613,1,0.0613,0,0,0,0
jcz0rw5z6o8c1.webp,2,8,9,9,0.9999,adaptive,0.1894,0.1049,3,0.1049,1,1,0,0
jcz0rw5z6o8c1.webp,3,1,3,3,0.9996,adaptive,0.1934,0.0918,1,0.0918,0,0,0,0
jcz0rw5z6o8c1.webp,3,2,6,6,0.5891,adaptive,0.2035,0.0943,3,0.0455,0,0,0,1
jcz0rw5z6o8c1.webp,3,3,1,1,0.9993,adaptive,0.19,0.0372,3,0.0372,2,0,0,0
jcz0rw5z6o8c1.webp,3,4,9,9,1.0,adaptive,0.2063,0.0711,1,0.0711,0,0,0,0
jcz0rw5z6o8c1.webp,3,5,4,4,0.9999,adaptive,0.1714,0.064,1,0.064,0,0,0,0
jcz0rw5z6o8c1.webp,3,6,2,2,0.9999,adaptive,0.1807,0.0619,1,0.0619,0,0,0,0
jcz0rw5z6o8c1.webp,3,9,7,7,1.0,adaptive,0.1746,0.0461,4,0.0461,3,0,0,0
jcz0rw5z6o8c1.webp,4,2,1,7,0.655,adaptive,0.2284,0.1043,5,0.0629,1,0,0,1
jcz0rw5z6o8c1.webp,4,3,6,6,0.9884,adaptive,0.2364,0.0679,1,0.0679,0,0,0,0
jcz0rw5z6o8c1.webp,4,4,3,3,1.0,adaptive,0.2047,0.0624,1,0.0624,0,0,0,0
jcz0rw5z6o8c1.webp,4,7,7,7,1.0,adaptive,0.1664,0.0495,1,0.0495,0,0,0,0
jcz0rw5z6o8c1.webp,5,1,2,2,1.0,adaptive,0.1434,0.0597,1,0.0597,0,0,0,0
jcz0rw5z6o8c1.webp,5,2,3,3,0.9999,adaptive,0.2137,0.1033,2,0.1033,1,0,0,0
jcz0rw5z6o8c1.webp,5,3,7,7,0.997,adaptive,0.2512,0.1052,4,0.0877,2,0,0,0
jcz0rw5z6o8c1.webp,5,6,4,4,1.0,adaptive,0.1816,0.0638,1,0.0638,0,0,0,0
jcz0rw5z6o8c1.webp,5,7,9,9,1.0,adaptive,0.1757,0.0728,3,0.0728,2,0,0,0
jcz0rw5z6o8c1.webp,6,2,9,9,0.9999,adaptive,0.1929,0.0726,2,0.0672,0,0,0,0
jcz0rw5z6o8c1.webp,6,3,8,8,1.0,adaptive,0.2515,0.0746,2,0.0746,0,1,0,0
jcz0rw5z6o8c1.webp,6,4,2,2,1.0,adaptive,0.2404,0.0584,4,0.0584,2,1,0,0
jcz0rw5z6o8c1.webp,6,5,7,4,0.7772,adaptive,0.2644,0.1169,6,0.0984,4,0,0,0
jcz0rw5z6o8c1.webp,6,7,3,3,1.0,adaptive,0.2,0.065,2,0.065,1,0,0,0
jcz0rw5z6o8c1.webp,7,2,5,5,1.0,adaptive,0.1678,0.0737,2,0.0617,0,0,0,0
jcz0rw5z6o8c1.webp,7,3,3,3,1.0,adaptive,0.196,0.0599,2,0.0599,0,1,0,0
jcz0rw5z6o8c1.webp,7,4,4,4,0.9769,adaptive,0.2468,0.1054,8,0.0833,4,1,0,0
jcz0rw5z6o8c1.webp,7,5,2,2,0.9999,adaptive,0.1685,0.0565,2,0.0565,0,1,0,0
jcz0rw5z6o8c1.webp,7,8,7,7,0.9982,adaptive,0.1791,0.0846,1,0.0846,0,0,0,0
jcz0rw5z6o8c1.webp,7,9,9,9,1.0,adaptive,0.1918,0.0693,1,0.0693,0,0,0,0
jcz0rw5z6o8c1.webp,8,2,2,2,1.0,adaptive,0.166,0.0588,2,0.0588,0,1,0,0
jcz0rw5z6o8c1.webp,8,3,9,9,0.4878,adaptive,0.2377,0.0896,4,0.0896,1,1,0,1
jcz0rw5z6o8c1.webp,8,6,7,7,1.0,adaptive,0.1922,0.0457,4,0.0457,1,2,0,0
jcz0rw5z6o8c1.webp,8,7,4,4,1.0,adaptive,0.1764,0.0611,1,0.0611,0,0,0,0
jcz0rw5z6o8c1.webp,9,1,8,8,1.0,adaptive,0.1787,0.0746,2,0.0746,1,0,0,0
jcz0rw5z6o8c1.webp,9,2,7,7,0.5142,adaptive,0.2307,0.0414,8,0.0199,3,1,1,0
jcz0rw5z6o8c1.webp,9,3,4,4,0.9346,adaptive,0.2281,0.1497,5,0.0535,1,0,0,1
jfebrnpxrbkc1.webp,1,4,1,1,0.9994,adaptive,0.1504,0.0717,2,0.0717,0,1,0,0
jfebrnpxrbkc1.webp,1,8,6,6,1.0,adaptive,0.1836,0.119,2,0.119,0,1,0,0
jfebrnpxrbkc1.webp,1,9,4,4,0.9996,adaptive,0.1896,0.0887,3,0.0835,0,1,0,0
jfebrnpxrbkc1.webp,2,1,6,6,0.9996,adaptive,0.1999,0.1251,1,0.1251,0,0,0,0
jfebrnpxrbkc1.webp,2,6,5,5,1.0,adaptive,0.163,0.1183,2,0.1183,0,1,0,0
jfebrnpxrbkc1.webp,2,9,1,1,0.9258,adaptive,0.1377,0.0353,3,0.019,0,1,0,1
jfebrnpxrbkc1.webp,3,1,1,1,0.9981,adaptive,0.1599,0.0704,3,0.0704,2,0,0,0
jfebrnpxrbkc1.webp,3,5,2,2,1.0,adaptive,0.178,0.1113,2,0.1113,0,1,0,0
jfebrnpxrbkc1.webp,3,7,5,5,1.0,adaptive,0.2005,0.1152,2,0.1152,0,1,0,0
jfebrnpxrbkc1.webp,3,9,7,0,0.992,adaptive,0.1236,0.0,7,0.0082,5,1,0,0
jfebrnpxrbkc1.webp,4,1,2,2,1.0,adaptive,0.1929,0.1072,2,0.1072,0,1,0,0
jfebrnpxrbkc1.webp,4,2,7,7,1.0,adaptive,0.1626,0.0801,2,0.0801,0,1,0,0
jfebrnpxrbkc1.webp,4,3,6,6,0.998,adaptive,0.1178,0.0452,2,0.0452,0,1,0,0
jfebrnpxrbkc1.webp,4,4,5,5,1.0,adaptive,0.1983,0.1114,2,0.1114,0,1,0,0
jfebrnpxrbkc1.webp,4,5,4,4,0.9922,adaptive,0.1142,0.0427,2,0.0199,0,0,0,1
jfebrnpxrbkc1.webp,4,6,1,1,0.9838,adaptive,0.1214,0.047,2,0.047,0,1,0,0
jfebrnpxrbkc1.webp,4,7,8,8,1.0,adaptive,0.2083,0.1239,2,0.1239,0,1,0,0
jfebrnpxrbkc1.webp,4,8,9,9,1.0,adaptive,0.1956,0.1183,2,0.1183,0,1,0,0
jfebrnpxrbkc1.webp,4,9,3,0,0.992,adaptive,0.1408,0.0,7,0.0085,4,1,0,0
jfebrnpxrbkc1.webp,5,1,4,4,0.9841,adaptive,0.1144,0.0341,4,0.0199,1,1,0,0
jfebrnpxrbkc1.webp,5,5,3,3,1.0,adaptive,0.1761,0.1056,1,0.1056,0,0,0,0
jfebrnpxrbkc1.webp,6,1,5,5,0.9997,adaptive,0.1399,0.0481,3,0.0481,2,0,0,0
jfebrnpxrbkc1.webp,6,2,8,8,0.9999,adaptive,0.2155,0.128,3,0.1228,1,0,0,0
jfebrnpxrbkc1.webp,6,3,3,3,1.0,adaptive,0.1856,0.0982,2,0.0982,0,1,0,0
jfebrnpxrbkc1.webp,6,6,7,7,1.0,adaptive,0.1542,0.0795,2,0.0795,0,1,0,0
jfebrnpxrbkc1.webp,6,7,1,1,0.9675,adaptive,0.1201,0.0432,3,0.0218,0,1,0,1
jfebrnpxrbkc1.webp,6,8,4,4,1.0,adaptive,0.1771,0.0991,2,0.0991,0,1,0,0
jfebrnpxrbkc1.webp,6,9,2,2,1.0,adaptive,0.2087,0.0938,2,0.0938,0,1,0,0
jfebrnpxrbkc1.webp,7,3,4,4,1.0,adaptive,0.1778,0.1009,2,0.1009,1,0,0,0
jfebrnpxrbkc1.webp,7,5,1,1,0.9941,adaptive,0.1588,0.0721,1,0.0721,0,0,0,0
jfebrnpxrbkc1.webp,7,9,8,8,1.0,adaptive,0.2277,0.1074,2,0.1074,0,1,0,0
jfebrnpxrbkc1.webp,8,4,7,7,1.0,adaptive,0.1547,0.0798,1,0.0798,0,0,0,0
jfebrnpxrbkc1.webp,8,9,9,9,1.0,adaptive,0.2108,0.1119,2,0.1119,0,1,0,0
jfebrnpxrbkc1.webp,9,1,7,7,1.0,adaptive,0.1557,0.0813,1,0.0813,0,0,0,0
jfebrnpxrbkc1.webp,9,2,2,2,1.0,adaptive,0.1843,0.1165,1,0.1165,0,0,0,0
jfebrnpxrbkc1.webp,9,6,3,3,1.0,adaptive,0.1742,0.1051,1,0.1051,0,0,0,0
jvef42pfm9bc1.webp,1,1,1,1,0.9999,adaptive,0.1437,0.0595,1,0.0595,0,0,0,0
jvef42pfm9bc1.webp,1,2,3,3,1.0,adaptive,0.1517,0.0832,1,0.0832,0,0,0,0
jvef42pfm9bc1.webp,1,3,4,4,1.0,adaptive,0.1591,0.0753,1,0.0753,0,0,0,0
jvef42pfm9bc1.webp,1,4,0,0,0.992,adaptive,0.0566,0.0,0,0.0,0,0,0,0
jvef42pfm9bc1.webp,1,5,0,0,0.992,adaptive,0.0916,0.0,0,0.0,0,0,0,0
jvef42pfm9bc1.webp,1,6,0,0,0.992,adaptive,0.0958,0.0,0,0.0,0,0,0,0
jvef42pfm9bc1.webp,1,7,0,0,0.992,adaptive,0.1009,0.0,0,0.0,0,0,0,0
jvef42pfm9bc1.webp,1,8,0,0,0.992,adaptive,0.0819,0.0,0,0.0,0,0,0,0
jvef42pfm9bc1.webp,1,9,0,0,0.992,adaptive,0.1045,0.0,0,0.0,0,0,0,0
jvef42pfm9bc1.webp,2,1,8,8,1.0,adaptive,0.1635,0.0968,1,0.0968,0,0,0,0
jvef42pfm9bc1.webp,2,2,0,0,0.992,adaptive,0.081,0.0,0,0.0,0,0,0,0
jvef42pfm9bc1.webp,2,3,0,0,0.992,adaptive,0.0837,0.0,0,0.0,0,0,0,0
jvef42pfm9bc1.webp,2,4,0,0,0.992,adaptive,0.0816,0.0,0,0.0,0,0,0,0
jvef42pfm9bc1.webp,2,5,3,3,1.0,adaptive,0.1387,0.0838,1,0.0838,0,0,0,0
jvef42pfm9bc1.webp,2,6,0,0,0.992,adaptive,0.095,0.0,0,0.0,0,0,0,0
jvef42pfm9bc1.webp,2,7,6,6,0.9999,adaptive,0.1615,0.0923,1,0.0923,0,0,0,0
jvef42pfm9bc1.webp,2,8,5,5,1.0,adaptive,0.1315,0.0879,1,0.0879,0,0,0,0
jvef42pfm9bc1.webp,2,9,0,0,0.992,adaptive,0.0966,0.0,0,0.0,0,0,0,0
jvef42pfm9bc1.webp,3,1,0,0,0.992,adaptive,0.0842,0.0,0,0.0,0,0,0,0
jvef42pfm9bc1.webp,3,2,9,9,0.9999,adaptive,0.1617,0.0907,1,0.0907,0,0,0,0
jvef42pfm9bc1.webp,3,3,0,0,0.992,adaptive,0.0871,0.0,0,0.0,0,0,0,0
jvef42pfm9bc1.webp,3,4,0,0,0.992,adaptive,0.0987,0.0,0,0.0,0,0,0,0
jvef42pfm9bc1.webp,3,5,2,2,1.0,adaptive,0.1664,0.0825,1,0.0825,0,0,0,0
jvef42pfm9bc1.webp,3,6,0,0,0.992,adaptive,0.1107,0.0,0,0.0,0,0,0,0
jvef42pfm9bc1.webp,3,7,0,0,0.992,adaptive,0.1109,0.0,0,0.0,0,0,0,0
jvef42pfm9bc1.webp,3,8,0,0,0.992,adaptive,0.0979,0.0,0,0.0,0,0,0,0
jvef42pfm9bc1.webp,3,9,0,0,0.992,adaptive,0.1116,0.0,0,0.0,0,0,0,0
jvef42pfm9bc1.webp,4,1,0,0,0.992,adaptive,0.0829,0.0,0,0.0,0,0,0,0
jvef42pfm9bc1.webp,4,2,0,0,0.992,adaptive,0.0916,0.0,0,0.0,0,0,0,0
jvef42pfm9bc1.webp,4,3,0,0,0.992,adaptive,0.0971,0.0,0,0.0,0,0,0,0
jvef42pfm9bc1.webp,4,4,0,0,0.992,adaptive,0.0853,0.0,0,0.0,0,0,0,0
jvef42pfm9bc1.webp,4,5,5,5,1.0,adaptive,0.1574,0.0873,1,0.0873,0,0,0,0
jvef42pfm9bc1.webp,4,6,0,0,0.992,adaptive,0.098,0.0,0,0.0,0,0,0,0
jvef42pfm9bc1.webp,4,7,0,0,0.992,adaptive,0.1078,0.0,0,0.0,0,0,0,0
jvef42pfm9bc1.webp,4,8,0,0,0.992,adaptive,0.1065,0.0,0,0.0,0,0,0,0
jvef42pfm9bc1.webp,4,9,4,4,1.0,adaptive,0.1715,0.0731,1,0.0731,0,0,0,0
jvef42pfm9bc1.webp,5,1,0,0,0.992,adaptive,0.0807,0.0,0,0.0,0,0,0,0
jvef42pfm9bc1.webp,5,2,0,0,0.992,adaptive,0.073,0.0,0,0.0,0,0,0,0
jvef42pfm9bc1.webp,5,3,1,1,0.9999,adaptive,0.1332,0.0629,1,0.0629,0,0,0,0
jvef42pfm9bc1.webp,5,4,7,7,1.0,adaptive,0.1314,0.0635,1,0.0635,0,0,0,0
jvef42pfm9bc1.webp,5,5,0,0,0.992,adaptive,0.0824,0.0,0,0.0,0,0,0,0
jvef42pfm9bc1.webp,5,6,0,0,0.992,adaptive,0.0844,0.0,0,0.0,0,0,0,0
jvef42pfm9bc1.webp,5,7,0,0,0.992,adaptive,0.083,0.0,0,0.0,0,0,0,0
jvef42pfm9bc1.webp,5,8,2,2,1.0,adaptive,0.1414,0.0849,1,0.0849,0,0,0,0
jvef42pfm9bc1.webp,5,9,0,0,0.992,adaptive,0.0855,0.0,0,0.0,0,0,0,0
jvef42pfm9bc1.webp,6,1,6,6,1.0,adaptive,0.1845,0.0893,1,0.0893,0,0,0,0
jvef42pfm9bc1.webp,6,2,0,0,0.992,adaptive,0.0979,0.0,0,0.0,0,0,0,0
jvef42pfm9bc1.webp,6,3,0,0,0.992,adaptive,0.0987,0.0,0,0.0,0,0,0,0
jvef42pfm9bc1.webp,6,4,0,0,0.992,adaptive,0.0998,0.0,0,0.0,0,0,0,0
jvef42pfm9bc1.webp,6,5,0,0,0.992,adaptive,0.1106,0.0,0,0.0,0,0,0,0
jvef42pfm9bc1.webp,6,6,0,0,0.992,adaptive,0.1112,0.0,0,0.0,0,0,0,0
jvef42pfm9bc1.webp,6,7,0,0,0.992,adaptive,0.1125,0.0,0,0.0,0,0,0,0
jvef42pfm9bc1.webp,6,8,0,0,0.992,adaptive,0.1117,0.0,0,0.0,0,0,0,0
jvef42pfm9bc1.webp,6,9,1,1,1.0,adaptive,0.17,0.0595,1,0.0595,0,0,0,0
jvef42pfm9bc1.webp,7,1,0,0,0.992,adaptive,0.0956,0.0,0,0.0,0,0,0,0
jvef42pfm9bc1.webp,7,2,0,0,0.992,adaptive,0.0938,0.0,0,0.0,0,0,0,0
jvef42pfm9bc1.webp,7,3,0,0,0.992,adaptive,0.0991,0.0,0,0.0,0,0,0,0
jvef42pfm9bc1.webp,7,4,0,0,0.992,adaptive,0.0971,0.0,0,0.0,0,0,0,0
jvef42pfm9bc1.webp,7,5,0,0,0.992,adaptive,0.1054,0.0,0,0.0,0,0,0,0
jvef42pfm9bc1.webp,7,6,0,0,0.992,adaptive,0.1107,0.0,0,0.0,0,0,0,0
jvef42pfm9bc1.webp,7,7,0,0,0.992,adaptive,0.1087,0.0,0,0.0,0,0,0,0
jvef42pfm9bc1.webp,7,8,0,0,0.992,adaptive,0.0963,0.0,0,0.0,0,0,0,0
jvef42pfm9bc1.webp,7,9,0,0,0.992,adaptive,0.1112,0.0,0,0.0,0,0,0,0
jvef42pfm9bc1.webp,8,1,0,0,0.992,adaptive,0.0812,0.0,0,0.0,0,0,0,0
jvef42pfm9bc1.webp,8,2,0,0,0.992,adaptive,0.0817,0.0,0,0.0,0,0,0,0
jvef42pfm9bc1.webp,8,3,5,5,1.0,adaptive,0.1588,0.0871,1,0.0871,0,0,0,0
jvef42pfm9bc1.webp,8,4,2,2,1.0,adaptive,0.1542,0.0846,1,0.0846,0,0,0,0
jvef42pfm9bc1.webp,8,5,0,0,0.992,adaptive,0.095,0.0,0,0.0,0,0,0,0
jvef42pfm9bc1.webp,8,6,8,8,1.0,adaptive,0.1669,0.0941,1,0.0941,0,0,0,0
jvef42pfm9bc1.webp,8,7,3,3,1.0,adaptive,0.1653,0.0837,1,0.0837,0,0,0,0
jvef42pfm9bc1.webp,8,8,0,0,0.992,adaptive,0.0939,0.0,0,0.0,0,0,0,0
jvef42pfm9bc1.webp,8,9,0,0,0.992,adaptive,0.0972,0.0,0,0.0,0,0,0,0
jvef42pfm9bc1.webp,9,1,0,0,0.992,adaptive,0.1002,0.0,0,0.0,0,0,0,0
jvef42pfm9bc1.webp,9,2,0,0,0.992,adaptive,0.0984,0.0,0,0.0,0,0,0,0
jvef42pfm9bc1.webp,9,3,2,2,1.0,adaptive,0.1809,0.0822,1,0.0822,0,0,0,0
jvef42pfm9bc1.webp,9,4,0,0,0.992,adaptive,0.0987,0.0,0,0.0,0,0,0,0
jvef42pfm9bc1.webp,9,5,9,9,1.0,adaptive,0.1753,0.0896,1,0.0896,0,0,0,0
jvef42pfm9bc1.webp,9,6,0,0,0.992,adaptive,0.1116,0.0,0,0.0,0,0,0,0
jvef42pfm9bc1.webp,9,7,0,0,0.992,adaptive,0.1112,0.0,0,0.0,0,0,0,0
jvef42pfm9bc1.webp,9,8,7,7,1.0,adaptive,0.1517,0.066,1,0.066,0,0,0,0
jvef42pfm9bc1.webp,9,9,0,0,0.992,adaptive,0.1149,0.0,0,0.0,0,0,0,0
jyxi42gtqntc1.webp,1,3,5,5,1.0,adaptive,0.1669,0.0824,1,0.0824,0,0,0,0
jyxi42gtqntc1.webp,1,5,1,1,0.9944,adaptive,0.1201,0.0509,1,0.0509,0,0,0,0
jyxi42gtqntc1.webp,1,8,7,7,1.0,adaptive,0.1151,0.0577,1,0.0577,0,0,0,0
jyxi42gtqntc1.webp,2,2,4,4,1.0,adaptive,0.1375,0.0815,1,0.0815,0,0,0,0
jyxi42gtqntc1.webp,2,3,1,1,0.9968,adaptive,0.1147,0.045,1,0.045,0,0,0,0
jyxi42gtqntc1.webp,2,6,9,9,1.0,adaptive,0.154,0.085,1,0.085,0,0,0,0
jyxi42gtqntc1.webp,3,2,7,7,1.0,adaptive,0.1275,0.0579,1,0.0579,0,0,0,0
jyxi42gtqntc1.webp,3,6,2,2,1.0,adaptive,0.1631,0.0791,1,0.0791,0,0,0,0
jyxi42gtqntc1.webp,3,7,1,1,0.9968,adaptive,0.1341,0.0508,1,0.0508,0,0,0,0
jyxi42gtqntc1.webp,3,9,6,6,0.9966,adaptive,0.1648,0.0818,1,0.0818,0,0,0,0
jyxi42gtqntc1.webp,4,5,9,9,1.0,adaptive,0.1536,0.0841,1,0.0841,0,0,0,0
jyxi42gtqntc1.webp,4,9,5,5,1.0,adaptive,0.1579,0.0862,1,0.0862,0,0,0,0
jyxi42gtqntc1.webp,5,4,6,6,0.9981,adaptive,0.1538,0.0846,1,0.0846,0,0,0,0
jyxi42gtqntc1.webp,5,5,2,2,1.0,adaptive,0.1343,0.0794,1,0.0794,0,0,0,0
jyxi42gtqntc1.webp,5,7,8,8,1.0,adaptive,0.1515,0.0952,1,0.0952,0,0,0,0
jyxi42gtqntc1.webp,5,8,3,3,1.0,adaptive,0.1116,0.082,1,0.082,0,0,0,0
jyxi42gtqntc1.webp,6,1,3,3,1.0,adaptive,0.151,0.0795,1,0.0795,0,0,0,0
jyxi42gtqntc1.webp,6,2,2,2,1.0,adaptive,0.1321,0.0764,1,0.0764,0,0,0,0
jyxi42gtqntc1.webp,6,6,8,8,1.0,adaptive,0.1524,0.0933,1,0.0933,0,0,0,0
jyxi42gtqntc1.webp,6,8,9,9,1.0,adaptive,0.1266,0.0832,1,0.0832,0,0,0,0
jyxi42gtqntc1.webp,7,3,2,2,1.0,adaptive,0.1593,0.0757,1,0.0757,0,0,0,0
jyxi42gtqntc1.webp,7,8,1,1,0.9939,adaptive,0.1079,0.0511,1,0.0511,0,0,0,0
jyxi42gtqntc1.webp,8,3,8,8,1.0,adaptive,0.1545,0.0968,1,0.0968,0,0,0,0
jyxi42gtqntc1.webp,8,4,9,9,1.0,adaptive,0.1418,0.0841,1,0.0841,0,0,0,0
jyxi42gtqntc1.webp,8,6,1,1,0.9957,adaptive,0.1079,0.0509,1,0.0509,0,0,0,0
jyxi42gtqntc1.webp,8,7,7,7,1.0,adaptive,0.1151,0.0577,1,0.0577,0,0,0,0
jyxi42gtqntc1.webp,8,8,6,6,0.9945,adaptive,0.1143,0.0843,1,0.0843,0,0,0,0
jyxi42gtqntc1.webp,8,9,2,2,1.0,adaptive,0.1359,0.0789,1,0.0789,0,0,0,0
jyxi42gtqntc1.webp,9,2,1,1,0.9955,adaptive,0.1013,0.0448,1,0.0448,0,0,0,0
jyxi42gtqntc1.webp,9,4,2,2,1.0,adaptive,0.1497,0.0777,1,0.0777,0,0,0,0
jyxi42gtqntc1.webp,9,7,5,5,1.0,adaptive,0.166,0.0824,1,0.0824,0,0,0,0
jyxi42gtqntc1.webp,9,8,8,8,1.0,adaptive,0.1536,0.0957,1,0.0957,0,0,0,0
jyxi42gtqntc1.webp,9,9,4,4,1.0,adaptive,0.1633,0.0786,1,0.0786,0,0,0,0
jzkzor7ycbnc1.webp,1,1,1,1,0.9992,adaptive,0.1105,0.0461,1,0.0461,0,0,0,0
jzkzor7ycbnc1.webp,1,2,5,5,1.0,adaptive,0.1128,0.0773,1,0.0773,0,0,0,0
jzkzor7ycbnc1.webp,1,3,2,2,1.0,adaptive,0.1337,0.0751,1,0.0751,0,0,0,0
jzkzor7ycbnc1.webp,1,7,7,7,1.0,adaptive,0.1274,0.0588,1,0.0588,0,0,0,0
jzkzor7ycbnc1.webp,2,1,9,9,1.0,adaptive,0.1291,0.0923,1,0.0923,0,0,0,0
jzkzor7ycbnc1.webp,2,2,8,8,1.0,adaptive,0.1097,0.1038,1,0.1038,0,0,0,0
jzkzor7ycbnc1.webp,2,3,3,3,1.0,adaptive,0.1065,0.0767,1,0.0767,0,0,0,0
jzkzor7ycbnc1.webp,2,4,1,1,0.9993,adaptive,0.0898,0.0525,1,0.0525,0,0,0,0
jzkzor7ycbnc1.webp,2,5,2,2,1.0,adaptive,0.0822,0.0767,1,0.0767,0,0,0,0
jzkzor7ycbnc1.webp,2,6,7,7,1.0,adaptive,0.1085,0.0638,1,0.0638,0,0,0,0
jzkzor7ycbnc1.webp,2,7,4,4,1.0,adaptive,0.1232,0.0816,1,0.0816,0,0,0,0
jzkzor7ycbnc1.webp,2,8,5,5,1.0,adaptive,0.0918,0.0829,1,0.0829,0,0,0,0
jzkzor7ycbnc1.webp,2,9,6,6,0.9995,adaptive,0.1393,0.0945,1,0.0945,0,0,0,0
jzkzor7ycbnc1.webp,3,1,4,4,1.0,adaptive,0.1515,0.0798,1,0.0798,0,0,0,0
jzkzor7ycbnc1.webp,3,5,3,3,1.0,adaptive,0.123,0.0778,1,0.0778,0,0,0,0
jzkzor7ycbnc1.webp,3,7,9,9,1.0,adaptive,0.1673,0.09,1,0.09,0,0,0,0
jzkzor7ycbnc1.webp,3,8,2,2,1.0,adaptive,0.1151,0.0744,1,0.0744,0,0,0,0
jzkzor7ycbnc1.webp,3,9,1,1,0.9995,adaptive,0.1321,0.0526,1,0.0526,0,0,0,0
jzkzor7ycbnc1.webp,4,4,6,6,0.9978,adaptive,0.1533,0.0913,1,0.0913,0,0,0,0
jzkzor7ycbnc1.webp,4,9,9,9,1.0,adaptive,0.1758,0.0949,1,0.0949,0,0,0,0
jzkzor7ycbnc1.webp,5,2,1,1,0.9994,adaptive,0.0576,0.053,1,0.053,0,0,0,0
jzkzor7ycbnc1.webp,5,3,9,9,1.0,adaptive,0.1219,0.092,1,0.092,0,0,0,0
jzkzor7ycbnc1.webp,5,6,3,3,1.0,adaptive,0.1235,0.0787,1,0.0787,0,0,0,0
jzkzor7ycbnc1.webp,5,7,2,2,1.0,adaptive,0.1088,0.081,1,0.081,0,0,0,0
jzkzor7ycbnc1.webp,5,8,6,6,0.9988,adaptive,0.095,0.0909,1,0.0909,0,0,0,0
jzkzor7ycbnc1.webp,5,9,4,4,1.0,adaptive,0.1273,0.0825,1,0.0825,0,0,0,0
jzkzor7ycbnc1.webp,6,1,6,6,0.9983,adaptive,0.1599,0.0891,1,0.0891,0,0,0,0
jzkzor7ycbnc1.webp,6,2,4,4,1.0,adaptive,0.1232,0.0805,1,0.0805,0,0,0,0
jzkzor7ycbnc1.webp,6,3,8,8,1.0,adaptive,0.1624,0.1009,1,0.1009,0,0,0,0
jzkzor7ycbnc1.webp,6,4,2,2,1.0,adaptive,0.1401,0.0757,1,0.0757,0,0,0,0
jzkzor7ycbnc1.webp,6,5,9,9,1.0,adaptive,0.1341,0.0923,1,0.0923,0,0,0,0
jzkzor7ycbnc1.webp,6,6,1,1,0.9994,adaptive,0.1201,0.0459,1,0.0459,0,0,0,0
jzkzor7ycbnc1.webp,6,7,3,3,1.0,adaptive,0.1323,0.0753,1,0.0753,0,0,0,0
jzkzor7ycbnc1.webp,6,8,7,7,1.0,adaptive,0.0966,0.0604,1,0.0604,0,0,0,0
jzkzor7ycbnc1.webp,6,9,5,5,1.0,adaptive,0.1504,0.0766,1,0.0766,0,0,0,0
jzkzor7ycbnc1.webp,7,8,4,4,1.0,adaptive,0.1296,0.0814,1,0.0814,0,0,0,0
jzkzor7ycbnc1.webp,8,1,8,8,1.0,adaptive,0.1384,0.1018,1,0.1018,0,0,0,0
jzkzor7ycbnc1.webp,8,2,9,9,1.0,adaptive,0.1001,0.0955,1,0.0955,0,0,0,0
jzkzor7ycbnc1.webp,8,7,5,5,1.0,adaptive,0.1036,0.078,1,0.078,0,0,0,0
jzkzor7ycbnc1.webp,8,9,2,2,1.0,adaptive,0.1205,0.0758,1,0.0758,0,0,0,0
jzkzor7ycbnc1.webp,9,5,1,1,0.9994,adaptive,0.0968,0.0473,1,0.0473,0,0,0,0
jzkzor7ycbnc1.webp,9,6,2,2,1.0,adaptive,0.1635,0.0769,1,0.0769,0,0,0,0
jzkzor7ycbnc1.webp,9,8,9,9,1.0,adaptive,0.1416,0.0948,1,0.0948,0,0,0,0
jzkzor7ycbnc1.webp,9,9,7,7,1.0,adaptive,0.1497,0.063,1,0.063,0,0,0,0
k1b42ckxyibc1.webp,1,1,9,9,1.0,adaptive,0.1671,0.1087,1,0.1087,0,0,0,0
k1b42ckxyibc1.webp,1,2,1,1,0.9642,adaptive,0.1291,0.0697,1,0.0697,0,0,0,0
k1b42ckxyibc1.webp,1,3,5,5,1.0,adaptive,0.1711,0.1118,1,0.1118,0,0,0,0
k1b42ckxyibc1.webp,1,4,7,7,1.0,adaptive,0.1602,0.0771,1,0.0771,0,0,0,0
k1b42ckxyibc1.webp,2,2,6,6,0.9933,adaptive,0.1437,0.1148,1,0.1148,0,0,0,0
k1b42ckxyibc1.webp,2,4,3,3,1.0,adaptive,0.1653,0.1085,1,0.1085,0,0,0,0
k1b42ckxyibc1.webp,2,5,5,5,1.0,adaptive,0.1446,0.1152,1,0.1152,0,0,0,0
k1b42ckxyibc1.webp,2,6,1,1,0.9812,adaptive,0.1063,0.0629,1,0.0629,0,0,0,0
k1b42ckxyibc1.webp,2,7,9,9,1.0,adaptive,0.1242,0.1092,1,0.1092,0,0,0,0
k1b42ckxyibc1.webp,2,8,7,7,1.0,adaptive,0.1198,0.0769,1,0.0769,0,0,0,0
k1b42ckxyibc1.webp,2,9,4,4,1.0,adaptive,0.1651,0.107,1,0.107,0,0,0,0
k1b42ckxyibc1.webp,3,1,7,7,1.0,adaptive,0.1588,0.0753,1,0.0753,0,0,0,0
k1b42ckxyibc1.webp,3,2,4,4,1.0,adaptive,0.1805,0.1106,1,0.1106,0,0,0,0
k1b42ckxyibc1.webp,3,3,3,3,1.0,adaptive,0.1793,0.1067,1,0.1067,0,0,0,0
k1b42ckxyibc1.webp,3,4,6,6,0.9986,adaptive,0.1956,0.1118,1,0.1118,0,0,0,0
k1b42ckxyibc1.webp,3,5,2,2,1.0,adaptive,0.1597,0.1018,1,0.1018,0,0,0,0
k1b42ckxyibc1.webp,3,6,9,9,1.0,adaptive,0.1673,0.1089,1,0.1089,0,0,0,0
k1b42ckxyibc1.webp,3,7,8,8,1.0,adaptive,0.2081,0.1263,1,0.1263,0,0,0,0
k1b42ckxyibc1.webp,3,8,5,5,1.0,adaptive,0.1852,0.1153,1,0.1153,0,0,0,0
k1b42ckxyibc1.webp,3,9,1,1,0.9862,adaptive,0.1544,0.0688,1,0.0688,0,0,0,0
k1b42ckxyibc1.webp,4,1,6,6,0.9986,adaptive,0.196,0.1118,1,0.1118,0,0,0,0
k1b42ckxyibc1.webp,4,8,8,8,1.0,adaptive,0.1992,0.1284,1,0.1284,0,0,0,0
k1b42ckxyibc1.webp,4,9,9,9,1.0,adaptive,0.1829,0.1105,1,0.1105,0,0,0,0
k1b42ckxyibc1.webp,5,2,8,8,1.0,adaptive,0.174,0.1318,1,0.1318,0,0,0,0
k1b42ckxyibc1.webp,6,4,8,8,1.0,adaptive,0.2121,0.1281,1,0.1281,0,0,0,0
k1b42ckxyibc1.webp,6,5,1,1,0.989,adaptive,0.1201,0.0633,1,0.0633,0,0,0,0
k1b42ckxyibc1.webp,6,9,6,6,0.9986,adaptive,0.1976,0.1123,1,0.1123,0,0,0,0
k1b42ckxyibc1.webp,7,1,5,5,1.0,adaptive,0.1947,0.1114,1,0.1114,0,0,0,0
k1b42ckxyibc1.webp,7,2,3,3,1.0,adaptive,0.1775,0.1076,1,0.1076,0,0,0,0
k1b42ckxyibc1.webp,7,4,4,4,1.0,adaptive,0.1858,0.1031,1,0.1031,0,0,0,0
k1b42ckxyibc1.webp,7,8,9,9,1.0,adaptive,0.1266,0.1117,1,0.1117,0,0,0,0
k1b42ckxyibc1.webp,7,9,7,7,1.0,adaptive,0.1642,0.0795,1,0.0795,0,0,0,0
k1b42ckxyibc1.webp,8,3,6,6,0.9985,adaptive,0.1836,0.114,1,0.114,0,0,0,0
k1b42ckxyibc1.webp,8,4,1,1,0.9774,adaptive,0.1332,0.0631,1,0.0631,0,0,0,0
k1b42ckxyibc1.webp,8,9,8,8,1.0,adaptive,0.2015,0.1303,1,0.1303,0,0,0,0
k1b42ckxyibc1.webp,9,2,7,7,1.0,adaptive,0.1472,0.076,1,0.076,0,0,0,0
k1b42ckxyibc1.webp,9,6,2,2,1.0,adaptive,0.178,0.1009,1,0.1009,0,0,0,0
k8kza6qspfvc1.webp,1,4,8,8,1.0,adaptive,0.1798,0.0838,1,0.0838,0,0,0,0
k8kza6qspfvc1.webp,1,5,7,7,1.0,adaptive,0.1081,0.0516,1,0.0516,0,0,0,0
k8kza6qspfvc1.webp,1,6,1,1,0.9983,adaptive,0.1239,0.0401,1,0.0401,0,0,0,0
k8kza6qspfvc1.webp,1,9,5,5,1.0,adaptive,0.1381,0.0793,1,0.0793,0,0,0,0
k8kza6qspfvc1.webp,2,3,1,1,0.9985,adaptive,0.0751,0.0396,1,0.0396,0,0,0,0
k8kza6qspfvc1.webp,2,5,4,4,1.0,adaptive,0.0707,0.0702,1,0.0702,0,0,0,0
k8kza6qspfvc1.webp,2,7,7,7,1.0,adaptive,0.0807,0.0509,1,0.0509,0,0,0,0
k8kza6qspfvc1.webp,2,8,2,2,1.0,adaptive,0.0737,0.0737,1,0.0737,0,0,0,0
k8kza6qspfvc1.webp,2,9,6,6,0.9999,adaptive,0.1137,0.0839,1,0.0839,0,0,0,0
k8kza6qspfvc1.webp,3,1,4,4,1.0,adaptive,0.153,0.0691,1,0.0691,0,0,0,0
k8kza6qspfvc1.webp,3,2,7,7,1.0,adaptive,0.1171,0.0509,1,0.0509,0,0,0,0
k8kza6qspfvc1.webp,3,3,3,3,1.0,adaptive,0.1568,0.0728,1,0.0728,0,0,0,0
k8kza6qspfvc1.webp,3,6,6,6,0.9998,adaptive,0.1671,0.0833,1,0.0833,0,0,0,0
k8kza6qspfvc1.webp,3,7,8,8,1.0,adaptive,0.153,0.0844,1,0.0844,0,0,0,0
k8kza6qspfvc1.webp,3,8,9,9,1.0,adaptive,0.1411,0.0853,1,0.0853,0,0,0,0
k8kza6qspfvc1.webp,3,9,1,1,0.9982,adaptive,0.1114,0.0401,1,0.0401,0,0,0,0
k8kza6qspfvc1.webp,4,4,1,1,0.9975,adaptive,0.1423,0.045,1,0.045,0,0,0,0
k8kza6qspfvc1.webp,4,8,7,7,1.0,adaptive,0.1065,0.0504,1,0.0504,0,0,0,0
k8kza6qspfvc1.webp,5,1,7,7,1.0,adaptive,0.0961,0.0513,1,0.0513,0,0,0,0
k8kza6qspfvc1.webp,5,3,4,4,1.0,adaptive,0.1142,0.0697,1,0.0697,0,0,0,0
k8kza6qspfvc1.webp,5,6,8,8,1.0,adaptive,0.1309,0.0864,1,0.0864,0,0,0,0
k8kza6qspfvc1.webp,5,8,6,6,0.9999,adaptive,0.098,0.0833,1,0.0833,0,0,0,0
k8kza6qspfvc1.webp,6,1,2,2,1.0,adaptive,0.1281,0.0699,1,0.0699,0,0,0,0
k8kza6qspfvc1.webp,6,3,9,9,1.0,adaptive,0.1684,0.0844,1,0.0844,0,0,0,0
k8kza6qspfvc1.webp,6,4,7,7,1.0,adaptive,0.1452,0.0495,1,0.0495,0,0,0,0
k8kza6qspfvc1.webp,6,5,6,6,1.0,adaptive,0.142,0.0855,1,0.0855,0,0,0,0
k8kza6qspfvc1.webp,6,6,4,4,1.0,adaptive,0.1544,0.0702,1,0.0702,0,0,0,0
k8kza6qspfvc1.webp,6,9,8,8,1.0,adaptive,0.1566,0.0847,1,0.0847,0,0,0,0
k8kza6qspfvc1.webp,7,3,7,7,1.0,adaptive,0.1328,0.0517,1,0.0517,0,0,0,0
k8kza6qspfvc1.webp,7,5,8,8,1.0,adaptive,0.128,0.0841,1,0.0841,0,0,0,0
k8kza6qspfvc1.webp,7,8,5,5,1.0,adaptive,0.1214,0.0798,1,0.0798,0,0,0,0
k8kza6qspfvc1.webp,8,5,1,1,0.9974,adaptive,0.0693,0.0404,1,0.0404,0,0,0,0
k8kza6qspfvc1.webp,8,8,8,8,1.0,adaptive,0.1111,0.0859,1,0.0859,0,0,0,0
k8kza6qspfvc1.webp,8,9,7,7,1.0,adaptive,0.095,0.0516,1,0.0516,0,0,0,0
k8kza6qspfvc1.webp,9,2,6,6,0.9997,adaptive,0.1339,0.085,1,0.085,0,0,0,0
k8kza6qspfvc1.webp,9,3,8,8,1.0,adaptive,0.1564,0.0847,1,0.0847,0,0,0,0
k8kza6qspfvc1.webp,9,6,7,7,1.0,adaptive,0.121,0.0492,1,0.0492,0,0,0,0
k8kza6qspfvc1.webp,9,7,9,9,0.9999,adaptive,0.1559,0.0851,1,0.0851,0,0,0,0
k8kza6qspfvc1.webp,9,9,3,3,1.0,adaptive,0.1348,0.0757,1,0.0757,0,0,0,0
kd5fm99ltmqc1.jpeg,1,1,0,0,0.992,adaptive,0.1381,0.0,0,0.0,0,0,0,0
kd5fm99ltmqc1.jpeg,1,2,0,0,0.992,adaptive,0.0975,0.0,0,0.0,0,0,0,0
kd5fm99ltmqc1.jpeg,1,3,0,0,0.992,adaptive,0.1321,0.0,0,0.0,0,0,0,0
kd5fm99ltmqc1.jpeg,1,4,0,0,0.992,adaptive,0.1377,0.0,0,0.0,0,0,0,0
kd5fm99ltmqc1.jpeg,1,5,0,0,0.992,adaptive,0.1,0.0,0,0.0,0,0,0,0
kd5fm99ltmqc1.jpeg,1,6,2,2,1.0,adaptive,0.2319,0.0826,1,0.0826,0,0,0,0
kd5fm99ltmqc1.jpeg,1,7,0,0,0.992,adaptive,0.1406,0.0,0,0.0,0,0,0,0
kd5fm99ltmqc1.jpeg,1,8,3,3,1.0,adaptive,0.1963,0.0844,1,0.0844,0,0,0,0
kd5fm99ltmqc1.jpeg,1,9,0,0,0.992,adaptive,0.1372,0.0,0,0.0,0,0,0,0
kd5fm99ltmqc1.jpeg,2,1,3,3,1.0,adaptive,0.1859,0.0868,1,0.0868,0,0,0,0
kd5fm99ltmqc1.jpeg,2,2,0,0,0.992,adaptive,0.0567,0.0,0,0.0,0,0,0,0
kd5fm99ltmqc1.jpeg,2,3,6,6,0.9999,adaptive,0.1927,0.0954,1,0.0954,0,0,0,0
kd5fm99ltmqc1.jpeg,2,4,0,0,0.992,adaptive,0.0986,0.0,0,0.0,0,0,0,0
kd5fm99ltmqc1.jpeg,2,5,0,0,0.992,adaptive,0.0622,0.0,0,0.0,0,0,0,0
kd5fm99ltmqc1.jpeg,2,6,0,0,0.992,adaptive,0.1,0.0,0,0.0,0,0,0,0
kd5fm99ltmqc1.jpeg,2,7,2,2,1.0,adaptive,0.173,0.0873,1,0.0873,0,0,0,0
kd5fm99ltmqc1.jpeg,2,8,0,0,0.992,adaptive,0.0579,0.0,0,0.0,0,0,0,0
kd5fm99ltmqc1.jpeg,2,9,1,1,0.9921,adaptive,0.1479,0.0502,1,0.0502,0,0,0,0
kd5fm99ltmqc1.jpeg,3,1,0,0,0.992,adaptive,0.1379,0.0,0,0.0,0,0,0,0
kd5fm99ltmqc1.jpeg,3,2,5,5,1.0,adaptive,0.1816,0.0844,1,0.0844,0,0,0,0
kd5fm99ltmqc1.jpeg,3,3,7,7,1.0,adaptive,0.1882,0.059,1,0.059,0,0,0,0
kd5fm99ltmqc1.jpeg,3,4,0,0,0.992,adaptive,0.1383,0.0,0,0.0,0,0,0,0
kd5fm99ltmqc1.jpeg,3,5,0,0,0.992,adaptive,0.1083,0.0,0,0.0,0,0,0,0
kd5fm99ltmqc1.jpeg,3,6,0,0,0.992,adaptive,0.1381,0.0,0,0.0,0,0,0,0
kd5fm99ltmqc1.jpeg,3,7,9,9,1.0,adaptive,0.2196,0.0927,1,0.0927,0,0,0,0
kd5fm99ltmqc1.jpeg,3,8,0,0,0.992,adaptive,0.1,0.0,0,0.0,0,0,0,0
kd5fm99ltmqc1.jpeg,3,9,0,0,0.992,adaptive,0.1386,0.0,0,0.0,0,0,0,0
kd5fm99ltmqc1.jpeg,4,1,1,1,0.9956,adaptive,0.1869,0.0477,1,0.0477,0,0,0,0
kd5fm99ltmqc1.jpeg,4,2,8,8,1.0,adaptive,0.1983,0.0997,1,0.0997,0,0,0,0
kd5fm99ltmqc1.jpeg,4,3,0,0,0.992,adaptive,0.1274,0.0,0,0.0,0,0,0,0
kd5fm99ltmqc1.jpeg,4,4,0,0,0.992,adaptive,0.1392,0.0,0,0.0,0,0,0,0
kd5fm99ltmqc1.jpeg,4,5,0,0,0.992,adaptive,0.109,0.0,0,0.0,0,0,0,0
kd5fm99ltmqc1.jpeg,4,6,5,5,1.0,adaptive,0.2272,0.0873,1,0.0873,0,0,0,0
kd5fm99ltmqc1.jpeg,4,7,0,0,0.992,adaptive,0.1276,0.0,0,0.0,0,0,0,0
kd5fm99ltmqc1.jpeg,4,8,0,0,0.992,adaptive,0.1,0.0,0,0.0,0,0,0,0
kd5fm99ltmqc1.jpeg,4,9,7,7,1.0,adaptive,0.1989,0.0597,1,0.0597,0,0,0,0
kd5fm99ltmqc1.jpeg,5,1,0,0,0.992,adaptive,0.1097,0.0,0,0.0,0,0,0,0
kd5fm99ltmqc1.jpeg,5,2,0,0,0.992,adaptive,0.068,0.0,0,0.0,0,0,0,0
kd5fm99ltmqc1.jpeg,5,3,0,0,0.992,adaptive,0.0959,0.0,0,0.0,0,0,0,0
kd5fm99ltmqc1.jpeg,5,4,0,0,0.992,adaptive,0.1058,0.0,0,0.0,0,0,0,0
kd5fm99ltmqc1.jpeg,5,5,1,1,0.9978,adaptive,0.1081,0.0512,1,0.0512,0,0,0,0
kd5fm99ltmqc1.jpeg,5,6,0,0,0.992,adaptive,0.0997,0.0,0,0.0,0,0,0,0
kd5fm99ltmqc1.jpeg,5,7,0,0,0.992,adaptive,0.0855,0.0,0,0.0,0,0,0,0
kd5fm99ltmqc1.jpeg,5,8,0,0,0.992,adaptive,0.0585,0.0,0,0.0,0,0,0,0
kd5fm99ltmqc1.jpeg,5,9,0,0,0.992,adaptive,0.0991,0.0,0,0.0,0,0,0,0
kd5fm99ltmqc1.jpeg,6,1,6,6,0.9999,adaptive,0.2339,0.0958,1,0.0958,0,0,0,0
kd5fm99ltmqc1.jpeg,6,2,0,0,0.992,adaptive,0.0991,0.0,0,0.0,0,0,0,0
kd5fm99ltmqc1.jpeg,6,3,0,0,0.992,adaptive,0.1263,0.0,0,0.0,0,0,0,0
kd5fm99ltmqc1.jpeg,6,4,3,3,1.0,adaptive,0.2237,0.0855,1,0.0855,0,0,0,0
kd5fm99ltmqc1.jpeg,6,5,0,0,0.992,adaptive,0.0988,0.0,0,0.0,0,0,0,0
kd5fm99ltmqc1.jpeg,6,6,0,0,0.992,adaptive,0.1386,0.0,0,0.0,0,0,0,0
kd5fm99ltmqc1.jpeg,6,7,0,0,0.992,adaptive,0.1254,0.0,0,0.0,0,0,0,0
kd5fm99ltmqc1.jpeg,6,8,5,5,1.0,adaptive,0.1879,0.0889,1,0.0889,0,0,0,0
kd5fm99ltmqc1.jpeg,6,9,0,0,0.992,adaptive,0.1379,0.0,0,0.0,0,0,0,0
kd5fm99ltmqc1.jpeg,7,1,0,0,0.992,adaptive,0.1259,0.0,0,0.0,0,0,0,0
kd5fm99ltmqc1.jpeg,7,2,0,0,0.992,adaptive,0.0841,0.0,0,0.0,0,0,0,0
kd5fm99ltmqc1.jpeg,7,3,4,4,1.0,adaptive,0.1882,0.074,1,0.074,0,0,0,0
kd5fm99ltmqc1.jpeg,7,4,0,0,0.992,adaptive,0.1263,0.0,0,0.0,0,0,0,0
kd5fm99ltmqc1.jpeg,7,5,0,0,0.992,adaptive,0.0848,0.0,0,0.0,0,0,0,0
kd5fm99ltmqc1.jpeg,7,6,0,0,0.992,adaptive,0.1256,0.0,0,0.0,0,0,0,0
kd5fm99ltmqc1.jpeg,7,7,6,6,0.9997,adaptive,0.2185,0.094,1,0.094,0,0,0,0
kd5fm99ltmqc1.jpeg,7,8,8,8,1.0,adaptive,0.1952,0.0984,1,0.0984,0,0,0,0
kd5fm99ltmqc1.jpeg,7,9,0,0,0.992,adaptive,0.1361,0.0,0,0.0,0,0,0,0
kd5fm99ltmqc1.jpeg,8,1,8,8,1.0,adaptive,0.1976,0.0986,1,0.0986,0,0,0,0
kd5fm99ltmqc1.jpeg,8,2,0,0,0.992,adaptive,0.0572,0.0,0,0.0,0,0,0,0
kd5fm99ltmqc1.jpeg,8,3,5,5,1.0,adaptive,0.1721,0.0866,1,0.0866,0,0,0,0
kd5fm99ltmqc1.jpeg,8,4,0,0,0.992,adaptive,0.0991,0.0,0,0.0,0,0,0,0
kd5fm99ltmqc1.jpeg,8,5,0,0,0.992,adaptive,0.0567,0.0,0,0.0,0,0,0,0
kd5fm99ltmqc1.jpeg,8,6,0,0,0.992,adaptive,0.0984,0.0,0,0.0,0,0,0,0
kd5fm99ltmqc1.jpeg,8,7,0,0,0.992,adaptive,0.0979,0.0,0,0.0,0,0,0,0
kd5fm99ltmqc1.jpeg,8,8,0,0,0.992,adaptive,0.0579,0.0,0,0.0,0,0,0,0
kd5fm99ltmqc1.jpeg,8,9,4,4,1.0,adaptive,0.1712,0.0715,1,0.0715,0,0,0,0
kd5fm99ltmqc1.jpeg,9,1,0,0,0.992,adaptive,0.139,0.0,0,0.0,0,0,0,0
kd5fm99ltmqc1.jpeg,9,2,2,2,1.0,adaptive,0.1854,0.0871,1,0.0871,0,0,0,0
kd5fm99ltmqc1.jpeg,9,3,0,0,0.992,adaptive,0.1263,0.0,0,0.0,0,0,0,0
kd5fm99ltmqc1.jpeg,9,4,4,4,1.0,adaptive,0.2112,0.0717,1,0.0717,0,0,0,0
kd5fm99ltmqc1.jpeg,9,5,0,0,0.992,adaptive,0.0993,0.0,0,0.0,0,0,0,0
kd5fm99ltmqc1.jpeg,9,6,0,0,0.992,adaptive,0.133,0.0,0,0.0,0,0,0,0
kd5fm99ltmqc1.jpeg,9,7,0,0,0.992,adaptive,0.1381,0.0,0,0.0,0,0,0,0
kd5fm99ltmqc1.jpeg,9,8,0,0,0.992,adaptive,0.1047,0.0,0,0.0,0,0,0,0
kd5fm99ltmqc1.jpeg,9,9,0,0,0.992,adaptive,0.139,0.0,0,0.0,0,0,0,0
khs1g8mohfzc1.webp,1,1,4,4,1.0,adaptive,0.1617,0.08,1,0.08,0,0,0,0
khs1g8mohfzc1.webp,1,2,2,2,1.0,adaptive,0.1327,0.0782,1,0.0782,0,0,0,0
khs1g8mohfzc1.webp,1,4,0,0,0.992,adaptive,0.0833,0.0,0,0.0,0,0,0,0
khs1g8mohfzc1.webp,1,5,0,0,0.992,adaptive,0.0685,0.0,0,0.0,0,0,0,0
khs1g8mohfzc1.webp,1,6,0,0,0.992,adaptive,0.0826,0.0,0,0.0,0,0,0,0
khs1g8mohfzc1.webp,1,8,6,6,0.9961,adaptive,0.1366,0.0839,1,0.0839,0,0,0,0
khs1g8mohfzc1.webp,2,2,8,8,1.0,adaptive,0.1263,0.0973,1,0.0973,0,0,0,0
khs1g8mohfzc1.webp,2,4,7,7,1.0,adaptive,0.1147,0.0586,1,0.0586,0,0,0,0
khs1g8mohfzc1.webp,2,5,0,0,0.992,adaptive,0.0282,0.0,0,0.0,0,0,0,0
khs1g8mohfzc1.webp,2,6,9,9,1.0,adaptive,0.1282,0.0853,1,0.0853,0,0,0,0
khs1g8mohfzc1.webp,2,7,0,0,0.992,adaptive,0.057,0.0,0,0.0,0,0,0,0
khs1g8mohfzc1.webp,2,8,0,0,0.992,adaptive,0.0296,0.0,0,0.0,0,0,0,0
khs1g8mohfzc1.webp,2,9,0,0,0.992,adaptive,0.0432,0.0,0,0.0,0,0,0,0
khs1g8mohfzc1.webp,3,5,0,0,0.992,adaptive,0.069,0.0,0,0.0,0,0,0,0
khs1g8mohfzc1.webp,3,7,1,1,0.9973,adaptive,0.1352,0.0517,1,0.0517,0,0,0,0
khs1g8mohfzc1.webp,3,9,0,0,0.992,adaptive,0.0717,0.0,0,0.0,0,0,0,0
khs1g8mohfzc1.webp,4,2,5,5,1.0,adaptive,0.1576,0.088,1,0.088,0,0,0,0
khs1g8mohfzc1.webp,4,4,9,9,1.0,adaptive,0.1673,0.0835,1,0.0835,0,0,0,0
khs1g8mohfzc1.webp,4,5,0,0,0.992,adaptive,0.0692,0.0,0,0.0,0,0,0,0
khs1g8mohfzc1.webp,4,6,0,0,0.992,adaptive,0.0831,0.0,0,0.0,0,0,0,0
khs1g8mohfzc1.webp,4,7,0,0,0.992,adaptive,0.0835,0.0,0,0.0,0,0,0,0
khs1g8mohfzc1.webp,4,8,8,8,1.0,adaptive,0.1545,0.0966,1,0.0966,0,0,0,0
khs1g8mohfzc1.webp,4,9,7,7,1.0,adaptive,0.1321,0.0606,1,0.0606,0,0,0,0
khs1g8mohfzc1.webp,5,2,4,4,1.0,adaptive,0.1387,0.0836,1,0.0836,0,0,0,0
khs1g8mohfzc1.webp,5,4,0,0,0.992,adaptive,0.0692,0.0,0,0.0,0,0,0,0
khs1g8mohfzc1.webp,5,5,3,3,1.0,adaptive,0.1368,0.0817,1,0.0817,0,0,0,0
khs1g8mohfzc1.webp,5,7,0,0,0.992,adaptive,0.0699,0.0,0,0.0,0,0,0,0
khs1g8mohfzc1.webp,5,8,0,0,0.992,adaptive,0.0432,0.0,0,0.0,0,0,0,0
khs1g8mohfzc1.webp,5,9,0,0,0.992,adaptive,0.0561,0.0,0,0.0,0,0,0,0
khs1g8mohfzc1.webp,6,4,0,0,0.992,adaptive,0.0831,0.0,0,0.0,0,0,0,0
khs1g8mohfzc1.webp,6,7,0,0,0.992,adaptive,0.0831,0.0,0,0.0,0,0,0,0
khs1g8mohfzc1.webp,7,1,2,2,1.0,adaptive,0.1602,0.0766,1,0.0766,0,0,0,0
khs1g8mohfzc1.webp,7,2,1,1,0.9924,adaptive,0.1147,0.0448,1,0.0448,0,0,0,0
khs1g8mohfzc1.webp,7,3,5,5,1.0,adaptive,0.1664,0.0833,1,0.0833,0,0,0,0
khs1g8mohfzc1.webp,7,5,6,6,0.999,adaptive,0.1542,0.0848,1,0.0848,0,0,0,0
khs1g8mohfzc1.webp,7,7,3,3,1.0,adaptive,0.1642,0.0804,1,0.0804,0,0,0,0
khs1g8mohfzc1.webp,8,1,8,8,1.0,adaptive,0.1533,0.0961,1,0.0961,0,0,0,0
khs1g8mohfzc1.webp,8,3,9,9,1.0,adaptive,0.1395,0.0823,1,0.0823,0,0,0,0
khs1g8mohfzc1.webp,8,4,0,0,0.992,adaptive,0.0579,0.0,0,0.0,0,0,0,0
khs1g8mohfzc1.webp,8,6,0,0,0.992,adaptive,0.0561,0.0,0,0.0,0,0,0,0
khs1g8mohfzc1.webp,8,9,0,0,0.992,adaptive,0.0436,0.0,0,0.0,0,0,0,0
khs1g8mohfzc1.webp,9,1,7,7,1.0,adaptive,0.1299,0.0579,1,0.0579,0,0,0,0
khs1g8mohfzc1.webp,9,3,4,4,1.0,adaptive,0.1488,0.0771,1,0.0771,0,0,0,0
khs1g8mohfzc1.webp,9,4,0,0,0.992,adaptive,0.0717,0.0,0,0.0,0,0,0,0
khs1g8mohfzc1.webp,9,5,9,9,1.0,adaptive,0.1395,0.0834,1,0.0834,0,0,0,0
khs1g8mohfzc1.webp,9,6,0,0,0.992,adaptive,0.0711,0.0,0,0.0,0,0,0,0
khs1g8mohfzc1.webp,9,8,0,0,0.992,adaptive,0.0547,0.0,0,0.0,0,0,0,0
kmvx0g8civdc1.webp,1,2,2,2,1.0,adaptive,0.1135,0.0715,1,0.0715,0,0,0,0
kmvx0g8civdc1.webp,1,3,8,8,1.0,adaptive,0.1426,0.0838,1,0.0838,0,0,0,0
kmvx0g8civdc1.webp,1,4,7,7,1.0,adaptive,0.1165,0.0517,1,0.0517,0,0,0,0
kmvx0g8civdc1.webp,1,5,5,5,1.0,adaptive,0.1223,0.0789,1,0.0789,0,0,0,0
kmvx0g8civdc1.webp,1,6,6,6,0.9998,adaptive,0.1546,0.0844,1,0.0844,0,0,0,0
kmvx0g8civdc1.webp,2,1,1,1,0.9969,adaptive,0.0853,0.0396,1,0.0396,0,0,0,0
kmvx0g8civdc1.webp,2,4,9,9,1.0,adaptive,0.1235,0.0844,1,0.0844,0,0,0,0
kmvx0g8civdc1.webp,2,5,2,2,1.0,adaptive,0.0826,0.0693,1,0.0693,0,0,0,0
kmvx0g8civdc1.webp,2,6,4,4,1.0,adaptive,0.1113,0.0703,1,0.0703,0,0,0,0
kmvx0g8civdc1.webp,2,7,5,5,1.0,adaptive,0.1355,0.0798,1,0.0798,0,0,0,0
kmvx0g8civdc1.webp,2,8,8,8,1.0,adaptive,0.1015,0.0872,1,0.0872,0,0,0,0
kmvx0g8civdc1.webp,2,9,6,6,1.0,adaptive,0.1149,0.0846,1,0.0846,0,0,0,0
kmvx0g8civdc1.webp,3,2,6,6,0.9999,adaptive,0.1336,0.0853,1,0.0853,0,0,0,0
kmvx0g8civdc1.webp,3,4,8,8,1.0,adaptive,0.1504,0.084,1,0.084,0,0,0,0
kmvx0g8civdc1.webp,3,5,3,3,1.0,adaptive,0.1153,0.0737,1,0.0737,0,0,0,0
kmvx0g8civdc1.webp,3,6,1,1,0.9971,adaptive,0.1109,0.0408,1,0.0408,0,0,0,0
kmvx0g8civdc1.webp,3,8,7,7,1.0,adaptive,0.095,0.0507,1,0.0507,0,0,0,0
kmvx0g8civdc1.webp,4,3,4,4,1.0,adaptive,0.133,0.0673,1,0.0673,0,0,0,0
kmvx0g8civdc1.webp,4,4,5,5,1.0,adaptive,0.133,0.0777,1,0.0777,0,0,0,0
kmvx0g8civdc1.webp,4,5,7,7,1.0,adaptive,0.0844,0.0525,1,0.0525,0,0,0,0
kmvx0g8civdc1.webp,4,6,2,2,1.0,adaptive,0.1236,0.0673,1,0.0673,0,0,0,0
kmvx0g8civdc1.webp,4,7,8,8,1.0,adaptive,0.151,0.0829,1,0.0829,0,0,0,0
kmvx0g8civdc1.webp,5,4,4,4,1.0,adaptive,0.1097,0.071,1,0.071,0,0,0,0
kmvx0g8civdc1.webp,5,5,8,8,1.0,adaptive,0.0888,0.0875,1,0.0875,0,0,0,0
kmvx0g8civdc1.webp,5,6,3,3,1.0,adaptive,0.1031,0.0726,1,0.0726,0,0,0,0
kmvx0g8civdc1.webp,6,1,2,2,1.0,adaptive,0.1243,0.0679,1,0.0679,0,0,0,0
kmvx0g8civdc1.webp,6,2,8,8,1.0,adaptive,0.1262,0.0839,1,0.0839,0,0,0,0
kmvx0g8civdc1.webp,6,4,1,1,0.999,adaptive,0.096,0.0401,1,0.0401,0,0,0,0
kmvx0g8civdc1.webp,6,5,6,6,0.9998,adaptive,0.114,0.0839,1,0.0839,0,0,0,0
kmvx0g8civdc1.webp,6,6,9,9,1.0,adaptive,0.1417,0.0838,1,0.0838,0,0,0,0
kmvx0g8civdc1.webp,6,7,4,4,1.0,adaptive,0.1388,0.0684,1,0.0684,0,0,0,0
kmvx0g8civdc1.webp,6,9,7,7,1.0,adaptive,0.1089,0.0503,1,0.0503,0,0,0,0
kmvx0g8civdc1.webp,7,3,2,2,1.0,adaptive,0.135,0.0659,1,0.0659,0,0,0,0
kmvx0g8civdc1.webp,7,4,3,3,1.0,adaptive,0.1276,0.0717,1,0.0717,0,0,0,0
kmvx0g8civdc1.webp,7,5,9,9,1.0,adaptive,0.1232,0.0855,1,0.0855,0,0,0,0
kmvx0g8civdc1.webp,7,6,8,8,1.0,adaptive,0.1513,0.0842,1,0.0842,0,0,0,0
kmvx0g8civdc1.webp,7,8,4,4,1.0,adaptive,0.1106,0.0694,1,0.0694,0,0,0,0
kmvx0g8civdc1.webp,8,1,8,8,1.0,adaptive,0.1165,0.0859,1,0.0859,0,0,0,0
kmvx0g8civdc1.webp,8,6,5,5,1.0,adaptive,0.1099,0.0798,1,0.0798,0,0,0,0
kmvx0g8civdc1.webp,8,9,9,9,0.9999,adaptive,0.1291,0.0841,1,0.0841,0,0,0,0
kmvx0g8civdc1.webp,9,1,3,3,1.0,adaptive,0.1412,0.0728,1,0.0728,0,0,0,0
kmvx0g8civdc1.webp,9,6,7,7,1.0,adaptive,0.1098,0.051,1,0.051,0,0,0,0
kmvx0g8civdc1.webp,9,9,8,8,1.0,adaptive,0.1564,0.0844,1,0.0844,0,0,0,0
kmwduqhk71pc1.png,1,1,3,3,1.0,adaptive,0.1167,0.0604,1,0.0604,0,0,0,0
kmwduqhk71pc1.png,1,2,8,8,1.0,adaptive,0.1169,0.0753,1,0.0753,0,0,0,0
kmwduqhk71pc1.png,1,3,5,5,1.0,adaptive,0.1207,0.0642,1,0.0642,0,0,0,0
kmwduqhk71pc1.png,1,4,1,1,0.9979,adaptive,0.0751,0.0325,1,0.0325,0,0,0,0
kmwduqhk71pc1.png,1,5,9,9,0.9999,adaptive,0.1167,0.0744,1,0.0744,0,0,0,0
kmwduqhk71pc1.png,1,6,2,2,1.0,adaptive,0.1112,0.0535,1,0.0535,0,0,0,0
kmwduqhk71pc1.png,1,7,6,6,0.9996,adaptive,0.1297,0.0728,1,0.0728,0,0,0,0
kmwduqhk71pc1.png,1,8,7,7,1.0,adaptive,0.0972,0.0409,1,0.0409,0,0,0,0
kmwduqhk71pc1.png,1,9,4,4,1.0,adaptive,0.1174,0.0593,1,0.0593,0,0,0,0
kmwduqhk71pc1.png,2,1,1,1,0.9967,adaptive,0.0631,0.033,1,0.033,0,0,0,0
kmwduqhk71pc1.png,2,2,9,9,0.9998,adaptive,0.0893,0.0753,1,0.0753,0,0,0,0
kmwduqhk71pc1.png,2,3,7,7,1.0,adaptive,0.0807,0.0418,1,0.0418,0,0,0,0
kmwduqhk71pc1.png,2,6,4,4,1.0,adaptive,0.1013,0.0595,1,0.0595,0,0,0,0
kmwduqhk71pc1.png,2,7,2,2,1.0,adaptive,0.1018,0.0599,1,0.0599,0,0,0,0
kmwduqhk71pc1.png,3,1,4,4,1.0,adaptive,0.1319,0.0617,1,0.0617,0,0,0,0
kmwduqhk71pc1.png,3,2,2,2,0.9999,adaptive,0.1151,0.0586,1,0.0586,0,0,0,0
kmwduqhk71pc1.png,3,3,6,6,0.9986,adaptive,0.141,0.0722,1,0.0722,0,0,0,0
kmwduqhk71pc1.png,4,1,7,7,1.0,adaptive,0.0958,0.0397,1,0.0397,0,0,0,0
kmwduqhk71pc1.png,4,2,5,5,1.0,adaptive,0.1099,0.0683,1,0.0683,0,0,0,0
kmwduqhk71pc1.png,4,3,2,2,1.0,adaptive,0.1114,0.0555,1,0.0555,0,0,0,0
kmwduqhk71pc1.png,4,4,3,3,1.0,adaptive,0.0911,0.0601,1,0.0601,0,0,0,0
kmwduqhk71pc1.png,4,5,4,4,0.9999,adaptive,0.0683,0.0534,1,0.0534,0,0,0,0
kmwduqhk71pc1.png,4,6,9,9,0.9998,adaptive,0.1136,0.0695,1,0.0695,0,0,0,0
kmwduqhk71pc1.png,4,7,1,1,0.9976,adaptive,0.0869,0.0323,1,0.0323,0,0,0,0
kmwduqhk71pc1.png,4,8,8,8,1.0,adaptive,0.1282,0.0737,1,0.0737,0,0,0,0
kmwduqhk71pc1.png,4,9,6,6,0.9998,adaptive,0.1305,0.0726,1,0.0726,0,0,0,0
kmwduqhk71pc1.png,5,1,9,9,1.0,adaptive,0.114,0.0712,1,0.0712,0,0,0,0
kmwduqhk71pc1.png,5,2,1,1,0.9945,adaptive,0.0666,0.0381,1,0.0381,0,0,0,0
kmwduqhk71pc1.png,5,3,3,3,1.0,adaptive,0.104,0.062,1,0.062,0,0,0,0
kmwduqhk71pc1.png,5,9,7,7,1.0,adaptive,0.0875,0.0445,1,0.0445,0,0,0,0
kmwduqhk71pc1.png,6,1,6,6,0.9994,adaptive,0.1158,0.0713,1,0.0713,0,0,0,0
kmwduqhk71pc1.png,6,2,4,4,1.0,adaptive,0.088,0.0581,1,0.0581,0,0,0,0
kmwduqhk71pc1.png,6,3,8,8,1.0,adaptive,0.117,0.0724,1,0.0724,0,0,0,0
kmwduqhk71pc1.png,6,5,1,1,0.999,adaptive,0.0606,0.0308,1,0.0308,0,0,0,0
kmwduqhk71pc1.png,6,9,3,3,1.0,adaptive,0.1192,0.0604,1,0.0604,0,0,0,0
kmwduqhk71pc1.png,7,1,5,5,1.0,adaptive,0.1221,0.0666,1,0.0666,0,0,0,0
kmwduqhk71pc1.png,7,2,6,6,0.9998,adaptive,0.1147,0.0728,1,0.0728,0,0,0,0
kmwduqhk71pc1.png,7,3,4,4,1.0,adaptive,0.1125,0.057,1,0.057,0,0,0,0
kmwduqhk71pc1.png,7,4,9,9,0.9999,adaptive,0.0976,0.0699,1,0.0699,0,0,0,0
kmwduqhk71pc1.png,7,5,2,2,1.0,adaptive,0.1009,0.059,1,0.059,0,0,0,0
kmwduqhk71pc1.png,7,7,7,7,1.0,adaptive,0.0976,0.041,1,0.041,0,0,0,0
kmwduqhk71pc1.png,8,3,9,9,0.9999,adaptive,0.1275,0.0728,1,0.0728,0,0,0,0
kmwduqhk71pc1.png,8,4,5,5,1.0,adaptive,0.0791,0.0638,1,0.0638,0,0,0,0
kmwduqhk71pc1.png,9,3,1,1,0.9994,adaptive,0.0942,0.0368,1,0.0368,0,0,0,0
kmwduqhk71pc1.png,9,4,4,4,0.9999,adaptive,0.1056,0.0613,1,0.0613,0,0,0,0
kmwduqhk71pc1.png,9,8,6,6,0.9991,adaptive,0.1282,0.0724,1,0.0724,0,0,0,0
kqWVvZ_g3pemSov5Crh8jdaAvq-SqZ1aykHNI2Rq9Ws.webp,1,1,6,6,0.9998,adaptive,0.1314,0.0733,1,0.0733,0,0,0,0
kqWVvZ_g3pemSov5Crh8jdaAvq-SqZ1aykHNI2Rq9Ws.webp,1,2,1,1,0.9986,adaptive,0.062,0.0321,1,0.0321,0,0,0,0
kqWVvZ_g3pemSov5Crh8jdaAvq-SqZ1aykHNI2Rq9Ws.webp,1,3,3,3,1.0,adaptive,0.1198,0.0626,1,0.0626,0,0,0,0
kqWVvZ_g3pemSov5Crh8jdaAvq-SqZ1aykHNI2Rq9Ws.webp,1,4,7,7,1.0,adaptive,0.1136,0.0428,1,0.0428,0,0,0,0
kqWVvZ_g3pemSov5Crh8jdaAvq-SqZ1aykHNI2Rq9Ws.webp,1,5,9,9,0.9999,adaptive,0.1033,0.0735,1,0.0735,0,0,0,0
kqWVvZ_g3pemSov5Crh8jdaAvq-SqZ1aykHNI2Rq9Ws.webp,1,6,4,4,1.0,adaptive,0.1141,0.0555,1,0.0555,0,0,0,0
kqWVvZ_g3pemSov5Crh8jdaAvq-SqZ1aykHNI2Rq9Ws.webp,1,7,2,2,1.0,adaptive,0.1152,0.0568,1,0.0568,0,0,0,0
kqWVvZ_g3pemSov5Crh8jdaAvq-SqZ1aykHNI2Rq9Ws.webp,1,8,5,5,1.0,adaptive,0.1095,0.066,1,0.066,0,0,0,0
kqWVvZ_g3pemSov5Crh8jdaAvq-SqZ1aykHNI2Rq9Ws.webp,1,9,8,8,1.0,adaptive,0.1464,0.0731,1,0.0731,0,0,0,0
kqWVvZ_g3pemSov5Crh8jdaAvq-SqZ1aykHNI2Rq9Ws.webp,2,4,2,2,1.0,adaptive,0.102,0.0579,1,0.0579,0,0,0,0
kqWVvZ_g3pemSov5Crh8jdaAvq-SqZ1aykHNI2Rq9Ws.webp,2,7,3,3,1.0,adaptive,0.1033,0.062,1,0.062,0,0,0,0
kqWVvZ_g3pemSov5Crh8jdaAvq-SqZ1aykHNI2Rq9Ws.webp,2,8,6,6,0.9999,adaptive,0.0904,0.0751,1,0.0751,0,0,0,0
kqWVvZ_g3pemSov5Crh8jdaAvq-SqZ1aykHNI2Rq9Ws.webp,2,9,4,4,1.0,adaptive,0.1006,0.0559,1,0.0559,0,0,0,0
kqWVvZ_g3pemSov5Crh8jdaAvq-SqZ1aykHNI2Rq9Ws.webp,3,2,4,4,1.0,adaptive,0.1065,0.0615,1,0.0615,0,0,0,0
kqWVvZ_g3pemSov5Crh8jdaAvq-SqZ1aykHNI2Rq9Ws.webp,3,4,6,6,0.9998,adaptive,0.1606,0.0722,1,0.0722,0,0,0,0
kqWVvZ_g3pemSov5Crh8jdaAvq-SqZ1aykHNI2Rq9Ws.webp,3,7,7,7,1.0,adaptive,0.1145,0.0417,1,0.0417,0,0,0,0
kqWVvZ_g3pemSov5Crh8jdaAvq-SqZ1aykHNI2Rq9Ws.webp,3,8,9,9,0.9998,adaptive,0.1291,0.0719,1,0.0719,0,0,0,0
kqWVvZ_g3pemSov5Crh8jdaAvq-SqZ1aykHNI2Rq9Ws.webp,3,9,1,1,0.9988,adaptive,0.1225,0.0372,1,0.0372,0,0,0,0
kqWVvZ_g3pemSov5Crh8jdaAvq-SqZ1aykHNI2Rq9Ws.webp,4,1,3,3,1.0,adaptive,0.119,0.0617,1,0.0617,0,0,0,0
kqWVvZ_g3pemSov5Crh8jdaAvq-SqZ1aykHNI2Rq9Ws.webp,4,2,5,5,1.0,adaptive,0.0945,0.0645,1,0.0645,0,0,0,0
kqWVvZ_g3pemSov5Crh8jdaAvq-SqZ1aykHNI2Rq9Ws.webp,4,6,2,2,1.0,adaptive,0.0994,0.0552,1,0.0552,0,0,0,0
kqWVvZ_g3pemSov5Crh8jdaAvq-SqZ1aykHNI2Rq9Ws.webp,4,7,8,8,1.0,adaptive,0.1392,0.0735,1,0.0735,0,0,0,0
kqWVvZ_g3pemSov5Crh8jdaAvq-SqZ1aykHNI2Rq9Ws.webp,4,8,1,1,0.998,adaptive,0.0805,0.0373,1,0.0373,0,0,0,0
kqWVvZ_g3pemSov5Crh8jdaAvq-SqZ1aykHNI2Rq9Ws.webp,4,9,7,7,1.0,adaptive,0.1149,0.0437,1,0.0437,0,0,0,0
kqWVvZ_g3pemSov5Crh8jdaAvq-SqZ1aykHNI2Rq9Ws.webp,5,1,8,8,1.0,adaptive,0.1036,0.0733,1,0.0733,0,0,0,0
kqWVvZ_g3pemSov5Crh8jdaAvq-SqZ1aykHNI2Rq9Ws.webp,5,8,3,3,1.0,adaptive,0.0629,0.062,1,0.062,0,0,0,0
kqWVvZ_g3pemSov5Crh8jdaAvq-SqZ1aykHNI2Rq9Ws.webp,6,1,1,1,0.9968,adaptive,0.0947,0.0359,1,0.0359,0,0,0,0
kqWVvZ_g3pemSov5Crh8jdaAvq-SqZ1aykHNI2Rq9Ws.webp,6,5,7,7,1.0,adaptive,0.0737,0.0436,1,0.0436,0,0,0,0
kqWVvZ_g3pemSov5Crh8jdaAvq-SqZ1aykHNI2Rq9Ws.webp,6,8,4,4,0.9999,adaptive,0.1147,0.0565,1,0.0565,0,0,0,0
kqWVvZ_g3pemSov5Crh8jdaAvq-SqZ1aykHNI2Rq9Ws.webp,7,1,4,4,1.0,adaptive,0.1194,0.063,1,0.063,0,0,0,0
kqWVvZ_g3pemSov5Crh8jdaAvq-SqZ1aykHNI2Rq9Ws.webp,7,2,3,3,1.0,adaptive,0.0934,0.0633,1,0.0633,0,0,0,0
kqWVvZ_g3pemSov5Crh8jdaAvq-SqZ1aykHNI2Rq9Ws.webp,7,3,5,5,1.0,adaptive,0.1232,0.0622,1,0.0622,0,0,0,0
kqWVvZ_g3pemSov5Crh8jdaAvq-SqZ1aykHNI2Rq9Ws.webp,7,4,1,1,0.9985,adaptive,0.1011,0.031,1,0.031,0,0,0,0
kqWVvZ_g3pemSov5Crh8jdaAvq-SqZ1aykHNI2Rq9Ws.webp,7,5,2,2,1.0,adaptive,0.0825,0.0547,1,0.0547,0,0,0,0
kqWVvZ_g3pemSov5Crh8jdaAvq-SqZ1aykHNI2Rq9Ws.webp,7,6,7,7,1.0,adaptive,0.0956,0.039,1,0.039,0,0,0,0
kqWVvZ_g3pemSov5Crh8jdaAvq-SqZ1aykHNI2Rq9Ws.webp,7,7,6,6,0.9998,adaptive,0.1441,0.0726,1,0.0726,0,0,0,0
kqWVvZ_g3pemSov5Crh8jdaAvq-SqZ1aykHNI2Rq9Ws.webp,7,8,8,8,1.0,adaptive,0.1174,0.0733,1,0.0733,0,0,0,0
kqWVvZ_g3pemSov5Crh8jdaAvq-SqZ1aykHNI2Rq9Ws.webp,7,9,9,9,0.9999,adaptive,0.1432,0.0724,1,0.0724,0,0,0,0
kqWVvZ_g3pemSov5Crh8jdaAvq-SqZ1aykHNI2Rq9Ws.webp,8,3,1,1,0.996,adaptive,0.0855,0.0317,1,0.0317,0,0,0,0
kqWVvZ_g3pemSov5Crh8jdaAvq-SqZ1aykHNI2Rq9Ws.webp,8,6,5,5,1.0,adaptive,0.1192,0.0638,1,0.0638,0,0,0,0
kqWVvZ_g3pemSov5Crh8jdaAvq-SqZ1aykHNI2Rq9Ws.webp,8,7,4,4,0.9999,adaptive,0.1239,0.0577,1,0.0577,0,0,0,0
kqWVvZ_g3pemSov5Crh8jdaAvq-SqZ1aykHNI2Rq9Ws.webp,8,8,2,2,1.0,adaptive,0.0882,0.0569,1,0.0569,0,0,0,0
kqWVvZ_g3pemSov5Crh8jdaAvq-SqZ1aykHNI2Rq9Ws.webp,8,9,3,3,1.0,adaptive,0.1314,0.0608,1,0.0608,0,0,0,0
kqWVvZ_g3pemSov5Crh8jdaAvq-SqZ1aykHNI2Rq9Ws.webp,9,7,1,1,0.9974,adaptive,0.1268,0.0368,1,0.0368,0,0,0,0
kqWVvZ_g3pemSov5Crh8jdaAvq-SqZ1aykHNI2Rq9Ws.webp,9,8,7,7,1.0,adaptive,0.1106,0.04,1,0.04,0,0,0,0
kqWVvZ_g3pemSov5Crh8jdaAvq-SqZ1aykHNI2Rq9Ws.webp,9,9,5,5,1.0,adaptive,0.1655,0.0646,1,0.0646,0,0,0,0
l1x982siq9dc1.jpg,1,1,3,3,0.9988,adaptive,0.1896,0.1753,1,0.1753,0,0,0,0
l1x982siq9dc1.jpg,1,2,1,1,0.9968,adaptive,0.1223,0.1219,1,0.1219,0,0,0,0
l1x982siq9dc1.jpg,1,3,2,2,0.9965,adaptive,0.2029,0.1689,1,0.1689,0,0,0,0
l1x982siq9dc1.jpg,1,6,5,5,0.9999,adaptive,0.2174,0.1876,1,0.1876,0,0,0,0
l1x982siq9dc1.jpg,1,7,8,8,0.9997,adaptive,0.2105,0.1802,3,0.1334,0,0,0,0
l1x982siq9dc1.jpg,1,8,9,9,0.9993,adaptive,0.1755,0.1748,2,0.1416,0,0,0,0
l1x982siq9dc1.jpg,1,9,6,6,0.9998,adaptive,0.1963,0.1677,2,0.1359,0,0,0,0
l1x982siq9dc1.jpg,2,1,4,4,0.9997,adaptive,0.1201,0.1201,2,0.1047,0,0,0,0
l1x982siq9dc1.jpg,2,2,8,8,0.9999,adaptive,0.228,0.185,3,0.135,0,0,0,0
l1x982siq9dc1.jpg,2,3,7,7,0.9966,adaptive,0.2081,0.1389,1,0.1389,0,0,0,0
l1x982siq9dc1.jpg,2,4,6,6,0.9991,adaptive,0.194,0.1787,2,0.1459,0,0,0,0
l1x982siq9dc1.jpg,2,5,9,9,0.997,adaptive,0.2064,0.1779,2,0.1446,0,0,0,0
l1x982siq9dc1.jpg,2,6,3,3,0.9985,adaptive,0.2108,0.1843,1,0.1843,0,0,0,0
l1x982siq9dc1.jpg,2,7,2,2,0.999,adaptive,0.2424,0.1732,1,0.1732,0,0,0,0
l1x982siq9dc1.jpg,2,8,5,5,0.9999,adaptive,0.1944,0.1944,1,0.1944,0,0,0,0
l1x982siq9dc1.jpg,2,9,1,1,0.9981,adaptive,0.1606,0.1194,1,0.1194,0,0,0,0
l1x982siq9dc1.jpg,3,1,6,6,0.9998,adaptive,0.1907,0.176,2,0.1426,0,0,0,0
l1x982siq9dc1.jpg,3,2,5,5,0.9999,adaptive,0.2564,0.1868,1,0.1868,0,0,0,0
l1x982siq9dc1.jpg,3,3,9,9,0.996,adaptive,0.2651,0.1729,2,0.1406,0,0,0,0
l1x982siq9dc1.jpg,3,4,8,8,0.9994,adaptive,0.2874,0.1816,3,0.1334,0,0,0,0
l1x982siq9dc1.jpg,3,5,1,1,0.9991,adaptive,0.1825,0.1124,1,0.1124,0,0,0,0
l1x982siq9dc1.jpg,3,6,2,2,0.9997,adaptive,0.2123,0.1742,1,0.1742,0,0,0,0
l1x982siq9dc1.jpg,3,7,3,3,0.9975,adaptive,0.2693,0.1762,1,0.1762,0,0,0,0
l1x982siq9dc1.jpg,3,8,7,7,0.9977,adaptive,0.159,0.1434,1,0.1434,0,0,0,0
l1x982siq9dc1.jpg,3,9,4,4,1.0,adaptive,0.1907,0.1092,2,0.0953,0,0,0,0
l1x982siq9dc1.jpg,4,1,9,9,0.9959,adaptive,0.2341,0.1709,2,0.1386,0,0,0,0
l1x982siq9dc1.jpg,4,2,7,7,0.9983,adaptive,0.1888,0.1474,1,0.1474,0,0,0,0
l1x982siq9dc1.jpg,4,3,6,6,0.9998,adaptive,0.266,0.1713,2,0.139,0,0,0,0
l1x982siq9dc1.jpg,4,4,2,2,0.9973,adaptive,0.2751,0.1686,1,0.1686,0,0,0,0
l1x982siq9dc1.jpg,4,5,8,8,0.9992,adaptive,0.2078,0.1868,3,0.1368,0,0,0,0
l1x982siq9dc1.jpg,4,6,1,1,0.9976,adaptive,0.1577,0.1194,1,0.1194,0,0,0,0
l1x982siq9dc1.jpg,4,7,4,4,0.9999,adaptive,0.1542,0.1165,2,0.1025,0,0,0,0
l1x982siq9dc1.jpg,4,8,3,3,0.9993,adaptive,0.2304,0.1741,1,0.1741,0,0,0,0
l1x982siq9dc1.jpg,4,9,5,5,0.9999,adaptive,0.2462,0.1778,1,0.1778,0,0,0,0
l1x982siq9dc1.jpg,5,1,2,2,0.9995,adaptive,0.1992,0.1703,1,0.1703,0,0,0,0
l1x982siq9dc1.jpg,5,2,4,4,0.9998,adaptive,0.1515,0.1125,2,0.098,0,0,0,0
l1x982siq9dc1.jpg,5,3,5,5,1.0,adaptive,0.2531,0.1834,1,0.1834,0,0,0,0
l1x982siq9dc1.jpg,5,4,9,9,0.9954,adaptive,0.1947,0.1773,2,0.1436,0,0,0,0
l1x982siq9dc1.jpg,5,5,3,3,0.9961,adaptive,0.2133,0.1802,1,0.1802,0,0,0,0
l1x982siq9dc1.jpg,5,6,6,6,0.9996,adaptive,0.2286,0.1719,2,0.1382,0,0,0,0
l1x982siq9dc1.jpg,5,7,1,1,0.997,adaptive,0.1877,0.119,1,0.119,0,0,0,0
l1x982siq9dc1.jpg,5,8,8,8,0.997,adaptive,0.2121,0.183,3,0.1338,0,0,0,0
l1x982siq9dc1.jpg,5,9,7,7,0.9941,adaptive,0.185,0.1431,1,0.1431,0,0,0,0
l1x982siq9dc1.jpg,6,1,1,1,0.9988,adaptive,0.1354,0.1203,1,0.1203,0,0,0,0
l1x982siq9dc1.jpg,6,2,3,3,0.9922,adaptive,0.2123,0.1843,1,0.1843,0,0,0,0
l1x982siq9dc1.jpg,6,3,8,8,0.9983,adaptive,0.2352,0.1833,3,0.1352,0,0,0,0
l1x982siq9dc1.jpg,6,4,5,5,1.0,adaptive,0.2132,0.186,1,0.186,0,0,0,0
l1x982siq9dc1.jpg,6,7,6,6,0.9997,adaptive,0.241,0.1742,2,0.1421,0,0,0,0
l1x982siq9dc1.jpg,6,8,2,2,0.9997,adaptive,0.2295,0.1719,1,0.1719,0,0,0,0
l1x982siq9dc1.jpg,6,9,9,9,0.9952,adaptive,0.2415,0.1695,2,0.1372,0,0,0,0
l1x982siq9dc1.jpg,7,1,5,5,0.9999,adaptive,0.2161,0.1831,1,0.1831,0,0,0,0
l1x982siq9dc1.jpg,7,4,1,1,0.9965,adaptive,0.1573,0.1125,1,0.1125,0,0,0,0
l1x982siq9dc1.jpg,7,6,9,9,0.9943,adaptive,0.2319,0.1706,2,0.1386,0,0,0,0
l1x982siq9dc1.jpg,7,7,7,7,0.9992,adaptive,0.2127,0.1359,1,0.1359,0,0,0,0
l1x982siq9dc1.jpg,7,9,8,8,0.9957,adaptive,0.2375,0.1722,3,0.1254,0,0,0,0
l1x982siq9dc1.jpg,8,1,7,7,0.9945,adaptive,0.1777,0.137,1,0.137,0,0,0,0
l1x982siq9dc1.jpg,8,2,9,9,0.9926,adaptive,0.2128,0.1726,2,0.1389,0,0,0,0
l1x982siq9dc1.jpg,8,3,1,1,0.9951,adaptive,0.1755,0.1156,1,0.1156,0,0,0,0
l1x982siq9dc1.jpg,8,6,8,8,0.992,adaptive,0.2526,0.1687,3,0.121,0,0,0,0
l1x982siq9dc1.jpg,8,7,5,5,1.0,adaptive,0.2544,0.1664,1,0.1664,0,0,0,0
l1x982siq9dc1.jpg,9,1,8,8,0.9878,adaptive,0.2076,0.1755,3,0.1272,0,0,0,0
l1x982siq9dc1.jpg,9,5,5,5,1.0,adaptive,0.2092,0.1707,1,0.1707,0,0,0,0
l1x982siq9dc1.jpg,9,7,9,9,0.989,adaptive,0.2228,0.1604,2,0.1279,0,0,0,0
l1x982siq9dc1.jpg,9,8,1,1,0.9996,adaptive,0.147,0.1153,1,0.1153,0,0,0,0
l4je9geq799c1.webp,1,1,8,8,1.0,adaptive,0.1709,0.0871,1,0.0871,0,0,0,0
l4je9geq799c1.webp,1,2,6,6,1.0,adaptive,0.142,0.0871,1,0.0871,0,0,0,0
l4je9geq799c1.webp,1,3,5,5,1.0,adaptive,0.1637,0.0802,1,0.0802,0,0,0,0
l4je9geq799c1.webp,1,4,1,1,0.9986,adaptive,0.1201,0.0392,1,0.0392,0,0,0,0
l4je9geq799c1.webp,1,5,2,2,1.0,adaptive,0.1284,0.0712,1,0.0712,0,0,0,0
l4je9geq799c1.webp,1,6,3,3,1.0,adaptive,0.1599,0.0762,1,0.0762,0,0,0,0
l4je9geq799c1.webp,1,7,4,4,1.0,adaptive,0.1504,0.0684,1,0.0684,0,0,0,0
l4je9geq799c1.webp,1,8,7,7,1.0,adaptive,0.1092,0.0516,1,0.0516,0,0,0,0
l4je9geq799c1.webp,1,9,9,9,0.9999,adaptive,0.1666,0.0829,1,0.0829,0,0,0,0
l4je9geq799c1.webp,2,1,3,3,1.0,adaptive,0.1196,0.0726,1,0.0726,0,0,0,0
l4je9geq799c1.webp,2,2,7,7,1.0,adaptive,0.056,0.0523,1,0.0523,0,0,0,0
l4je9geq799c1.webp,2,3,4,4,1.0,adaptive,0.1142,0.069,1,0.069,0,0,0,0
l4je9geq799c1.webp,2,4,5,5,1.0,adaptive,0.1239,0.0805,1,0.0805,0,0,0,0
l4je9geq799c1.webp,2,6,9,9,1.0,adaptive,0.121,0.0864,1,0.0864,0,0,0,0
l4je9geq799c1.webp,2,7,1,1,0.9984,adaptive,0.0859,0.04,1,0.04,0,0,0,0
l4je9geq799c1.webp,2,9,2,2,1.0,adaptive,0.1106,0.0726,1,0.0726,0,0,0,0
l4je9geq799c1.webp,3,2,2,2,1.0,adaptive,0.1135,0.0692,1,0.0692,0,0,0,0
l4je9geq799c1.webp,3,5,4,4,1.0,adaptive,0.1303,0.0726,1,0.0726,0,0,0,0
l4je9geq799c1.webp,3,7,5,5,1.0,adaptive,0.1617,0.0806,1,0.0806,0,0,0,0
l4je9geq799c1.webp,3,8,3,3,1.0,adaptive,0.1314,0.0737,1,0.0737,0,0,0,0
l4je9geq799c1.webp,4,1,2,2,1.0,adaptive,0.153,0.0688,1,0.0688,0,0,0,0
l4je9geq799c1.webp,4,3,6,6,0.9999,adaptive,0.1693,0.0855,1,0.0855,0,0,0,0
l4je9geq799c1.webp,4,7,3,3,1.0,adaptive,0.1564,0.0744,1,0.0744,0,0,0,0
l4je9geq799c1.webp,4,9,5,5,1.0,adaptive,0.1513,0.08,1,0.08,0,0,0,0
l4je9geq799c1.webp,5,6,4,4,0.9997,adaptive,0.2384,0.1165,4,0.0712,0,0,0,1
l4je9geq799c1.webp,5,7,7,7,1.0,adaptive,0.1099,0.0527,1,0.0527,0,0,0,0
l4je9geq799c1.webp,6,2,4,4,1.0,adaptive,0.116,0.0712,1,0.0712,0,0,0,0
l4je9geq799c1.webp,6,9,1,1,0.9945,adaptive,0.1138,0.0423,1,0.0423,0,0,0,0
l4je9geq799c1.webp,7,1,4,4,1.0,adaptive,0.1528,0.0704,1,0.0704,0,0,0,0
l4je9geq799c1.webp,7,2,3,3,1.0,adaptive,0.1176,0.0749,1,0.0749,0,0,0,0
l4je9geq799c1.webp,7,3,2,2,1.0,adaptive,0.1513,0.0695,1,0.0695,0,0,0,0
l4je9geq799c1.webp,7,4,9,9,1.0,adaptive,0.1379,0.0822,1,0.0822,0,0,0,0
l4je9geq799c1.webp,7,9,7,7,1.0,adaptive,0.1212,0.0512,1,0.0512,0,0,0,0
l4je9geq799c1.webp,8,2,1,1,0.9987,adaptive,0.07,0.0422,1,0.0422,0,0,0,0
l4je9geq799c1.webp,8,4,6,6,0.9997,adaptive,0.1425,0.0871,1,0.0871,0,0,0,0
l4je9geq799c1.webp,8,5,3,3,1.0,adaptive,0.1134,0.0751,1,0.0751,0,0,0,0
l4je9geq799c1.webp,8,6,8,8,1.0,adaptive,0.1321,0.0884,1,0.0884,0,0,0,0
l4je9geq799c1.webp,8,7,2,2,1.0,adaptive,0.1278,0.0701,1,0.0701,0,0,0,0
l4je9geq799c1.webp,8,8,5,5,1.0,adaptive,0.1111,0.0817,1,0.0817,0,0,0,0
l4je9geq799c1.webp,8,9,4,4,1.0,adaptive,0.1115,0.0681,1,0.0681,0,0,0,0
l4je9geq799c1.webp,9,1,6,6,0.9999,adaptive,0.1669,0.0818,1,0.0818,0,0,0,0
l4je9geq799c1.webp,9,2,5,5,1.0,adaptive,0.1242,0.0791,1,0.0791,0,0,0,0
l4je9geq799c1.webp,9,3,8,8,1.0,adaptive,0.1702,0.0851,1,0.0851,0,0,0,0
l4je9geq799c1.webp,9,4,4,4,1.0,adaptive,0.1517,0.0695,1,0.0695,0,0,0,0
l4je9geq799c1.webp,9,5,7,7,1.0,adaptive,0.1095,0.0516,1,0.0516,0,0,0,0
l4je9geq799c1.webp,9,6,2,2,1.0,adaptive,0.1408,0.0686,1,0.0686,0,0,0,0
l4je9geq799c1.webp,9,7,9,9,1.0,adaptive,0.1689,0.0851,1,0.0851,0,0,0,0
l4je9geq799c1.webp,9,8,1,1,0.9977,adaptive,0.0977,0.0405,1,0.0405,0,0,0,0
l4je9geq799c1.webp,9,9,3,3,1.0,adaptive,0.1348,0.0728,1,0.0728,0,0,0,0
l519z0l2ff0d1.webp,1,1,3,3,1.0,adaptive,0.1651,0.0811,1,0.0811,0,0,0,0
l519z0l2ff0d1.webp,1,2,9,9,1.0,adaptive,0.1524,0.083,1,0.083,0,0,0,0
l519z0l2ff0d1.webp,1,3,7,7,1.0,adaptive,0.1417,0.0577,1,0.0577,0,0,0,0
l519z0l2ff0d1.webp,1,4,8,8,1.0,adaptive,0.1798,0.096,1,0.096,0,0,0,0
l519z0l2ff0d1.webp,1,7,5,5,1.0,adaptive,0.1624,0.0811,1,0.0811,0,0,0,0
l519z0l2ff0d1.webp,1,8,2,2,1.0,adaptive,0.137,0.0794,1,0.0794,0,0,0,0
l519z0l2ff0d1.webp,2,1,8,8,1.0,adaptive,0.166,0.0963,1,0.0963,0,0,0,0
l519z0l2ff0d1.webp,2,3,5,5,1.0,adaptive,0.1533,0.0839,1,0.0839,0,0,0,0
l519z0l2ff0d1.webp,2,4,9,9,1.0,adaptive,0.1554,0.0857,1,0.0857,0,0,0,0
l519z0l2ff0d1.webp,3,1,2,2,1.0,adaptive,0.1622,0.0777,1,0.0777,0,0,0,0
l519z0l2ff0d1.webp,3,2,4,4,1.0,adaptive,0.147,0.0773,1,0.0773,0,0,0,0
l519z0l2ff0d1.webp,3,4,5,5,1.0,adaptive,0.166,0.082,1,0.082,0,0,0,0
l519z0l2ff0d1.webp,3,6,3,3,1.0,adaptive,0.1597,0.0798,1,0.0798,0,0,0,0
l519z0l2ff0d1.webp,3,7,7,7,1.0,adaptive,0.1272,0.0566,1,0.0566,0,0,0,0
l519z0l2ff0d1.webp,3,8,9,9,1.0,adaptive,0.1429,0.0853,1,0.0853,0,0,0,0
l519z0l2ff0d1.webp,3,9,8,8,1.0,adaptive,0.1662,0.094,1,0.094,0,0,0,0
l519z0l2ff0d1.webp,4,1,1,1,0.9971,adaptive,0.1276,0.0441,1,0.0441,0,0,0,0
l519z0l2ff0d1.webp,4,2,5,5,1.0,adaptive,0.1558,0.0882,1,0.0882,0,0,0,0
l519z0l2ff0d1.webp,4,3,3,3,1.0,adaptive,0.1624,0.0793,1,0.0793,0,0,0,0
l519z0l2ff0d1.webp,4,4,7,7,1.0,adaptive,0.1412,0.0586,1,0.0586,0,0,0,0
l519z0l2ff0d1.webp,4,7,8,8,1.0,adaptive,0.1644,0.0945,1,0.0945,0,0,0,0
l519z0l2ff0d1.webp,4,8,6,6,0.9956,adaptive,0.1411,0.0839,1,0.0839,0,0,0,0
l519z0l2ff0d1.webp,4,9,4,4,1.0,adaptive,0.1513,0.0795,1,0.0795,0,0,0,0
l519z0l2ff0d1.webp,5,1,6,6,0.9996,adaptive,0.1545,0.0848,1,0.0848,0,0,0,0
l519z0l2ff0d1.webp,5,4,4,4,1.0,adaptive,0.1441,0.0769,1,0.0769,0,0,0,0
l519z0l2ff0d1.webp,5,5,3,3,1.0,adaptive,0.1224,0.0831,1,0.0831,0,0,0,0
l519z0l2ff0d1.webp,5,6,5,5,1.0,adaptive,0.1395,0.0857,1,0.0857,0,0,0,0
l519z0l2ff0d1.webp,5,7,1,1,0.9966,adaptive,0.107,0.0511,1,0.0511,0,0,0,0
l519z0l2ff0d1.webp,5,8,7,7,1.0,adaptive,0.1028,0.0597,1,0.0597,0,0,0,0
l519z0l2ff0d1.webp,5,9,9,9,1.0,adaptive,0.1402,0.0834,1,0.0834,0,0,0,0
l519z0l2ff0d1.webp,6,1,9,9,1.0,adaptive,0.1669,0.0831,1,0.0831,0,0,0,0
l519z0l2ff0d1.webp,6,2,7,7,1.0,adaptive,0.1291,0.0599,1,0.0599,0,0,0,0
l519z0l2ff0d1.webp,6,3,4,4,1.0,adaptive,0.1595,0.0755,1,0.0755,0,0,0,0
l519z0l2ff0d1.webp,6,4,1,1,0.9976,adaptive,0.1203,0.0497,1,0.0497,0,0,0,0
l519z0l2ff0d1.webp,6,5,8,8,1.0,adaptive,0.1389,0.0959,1,0.0959,0,0,0,0
l519z0l2ff0d1.webp,6,6,6,6,0.9983,adaptive,0.1432,0.0842,1,0.0842,0,0,0,0
l519z0l2ff0d1.webp,6,7,2,2,1.0,adaptive,0.147,0.0771,1,0.0771,0,0,0,0
l519z0l2ff0d1.webp,7,1,7,7,1.0,adaptive,0.1421,0.0584,1,0.0584,0,0,0,0
l519z0l2ff0d1.webp,7,4,2,2,1.0,adaptive,0.1608,0.0777,1,0.0777,0,0,0,0
l519z0l2ff0d1.webp,7,5,5,5,1.0,adaptive,0.1393,0.0834,1,0.0834,0,0,0,0
l519z0l2ff0d1.webp,7,7,3,3,1.0,adaptive,0.1506,0.0809,1,0.0809,0,0,0,0
l519z0l2ff0d1.webp,8,1,4,4,1.0,adaptive,0.1348,0.0771,1,0.0771,0,0,0,0
l519z0l2ff0d1.webp,8,2,3,3,1.0,adaptive,0.126,0.0824,1,0.0824,0,0,0,0
l519z0l2ff0d1.webp,8,4,6,6,0.9923,adaptive,0.1425,0.0848,1,0.0848,0,0,0,0
l519z0l2ff0d1.webp,8,7,9,9,1.0,adaptive,0.1282,0.0839,1,0.0839,0,0,0,0
l519z0l2ff0d1.webp,9,1,5,5,1.0,adaptive,0.1542,0.082,1,0.082,0,0,0,0
l519z0l2ff0d1.webp,9,4,3,3,1.0,adaptive,0.1524,0.0806,1,0.0806,0,0,0,0
lajh68xmqffc1.png,1,1,3,3,1.0,adaptive,0.0873,0.0472,1,0.0472,0,0,0,0
lajh68xmqffc1.png,1,4,9,9,1.0,adaptive,0.0849,0.0699,1,0.0699,0,0,0,0
lajh68xmqffc1.png,1,6,8,8,1.0,adaptive,0.117,0.0731,1,0.0731,0,0,0,0
lajh68xmqffc1.png,1,7,7,7,1.0,adaptive,0.0671,0.0388,1,0.0388,0,0,0,0
lajh68xmqffc1.png,1,8,1,1,0.9995,adaptive,0.0488,0.0337,2,0.0337,1,0,0,0
lajh68xmqffc1.png,1,9,5,5,1.0,adaptive,0.1014,0.0575,1,0.0575,0,0,0,0
lajh68xmqffc1.png,2,1,1,1,0.9995,adaptive,0.0507,0.0355,1,0.0355,0,0,0,0
lajh68xmqffc1.png,2,3,7,7,0.9999,adaptive,0.0834,0.0536,1,0.0536,0,0,0,0
lajh68xmqffc1.png,2,4,2,2,1.0,adaptive,0.0509,0.0509,1,0.0509,0,0,0,0
lajh68xmqffc1.png,2,5,5,5,1.0,adaptive,0.0624,0.0624,1,0.0624,0,0,0,0
lajh68xmqffc1.png,2,6,3,3,1.0,adaptive,0.0776,0.0477,1,0.0477,0,0,0,0
lajh68xmqffc1.png,2,9,9,9,1.0,adaptive,0.1022,0.0724,1,0.0724,0,0,0,0
lajh68xmqffc1.png,3,2,9,9,0.9998,adaptive,0.0719,0.0572,1,0.0572,0,0,0,0
lajh68xmqffc1.png,3,3,5,5,0.9999,adaptive,0.0902,0.0468,1,0.0468,0,0,0,0
lajh68xmqffc1.png,3,4,7,7,1.0,adaptive,0.0544,0.0397,1,0.0397,0,0,0,0
lajh68xmqffc1.png,3,6,1,1,0.9984,adaptive,0.0951,0.0512,1,0.0512,0,0,0,0
lajh68xmqffc1.png,4,1,7,7,1.0,adaptive,0.08,0.0506,1,0.0506,0,0,0,0
lajh68xmqffc1.png,4,2,1,1,0.9992,adaptive,0.0687,0.054,1,0.054,0,0,0,0
lajh68xmqffc1.png,4,3,4,4,1.0,adaptive,0.0953,0.0495,1,0.0495,0,0,0,0
lajh68xmqffc1.png,4,4,5,5,1.0,adaptive,0.0737,0.059,1,0.059,0,0,0,0
lajh68xmqffc1.png,4,5,8,8,1.0,adaptive,0.0776,0.0624,1,0.0624,0,0,0,0
lajh68xmqffc1.png,4,6,9,9,0.9998,adaptive,0.1076,0.0561,1,0.0561,0,0,0,0
lajh68xmqffc1.png,4,9,3,3,1.0,adaptive,0.0951,0.0477,1,0.0477,0,0,0,0
lajh68xmqffc1.png,5,1,9,9,1.0,adaptive,0.0859,0.071,1,0.071,0,0,0,0
lajh68xmqffc1.png,5,4,3,3,1.0,adaptive,0.0602,0.0602,1,0.0602,0,0,0,0
lajh68xmqffc1.png,5,5,7,7,0.9999,adaptive,0.0406,0.0406,1,0.0406,0,0,0,0
lajh68xmqffc1.png,5,8,5,5,1.0,adaptive,0.0613,0.0613,1,0.0613,0,0,0,0
lajh68xmqffc1.png,5,9,1,1,0.9996,adaptive,0.0821,0.0527,1,0.0527,0,0,0,0
lajh68xmqffc1.png,6,1,5,5,0.9999,adaptive,0.0904,0.0474,1,0.0474,0,0,0,0
lajh68xmqffc1.png,6,3,3,3,1.0,adaptive,0.1147,0.0564,1,0.0564,0,0,0,0
lajh68xmqffc1.png,6,4,1,1,0.9996,adaptive,0.0644,0.0352,1,0.0352,0,0,0,0
lajh68xmqffc1.png,6,5,2,2,1.0,adaptive,0.0812,0.0516,1,0.0516,0,0,0,0
lajh68xmqffc1.png,6,7,9,9,0.9997,adaptive,0.0982,0.0559,1,0.0559,0,0,0,0
lajh68xmqffc1.png,6,9,7,7,0.9999,adaptive,0.1103,0.0515,1,0.0515,0,0,0,0
lajh68xmqffc1.png,7,1,4,4,0.9998,adaptive,0.0791,0.0626,1,0.0626,0,0,0,0
lajh68xmqffc1.png,7,2,5,5,1.0,adaptive,0.0581,0.0581,1,0.0581,0,0,0,0
lajh68xmqffc1.png,7,5,3,3,1.0,adaptive,0.0697,0.0563,1,0.0563,0,0,0,0
lajh68xmqffc1.png,7,6,7,7,1.0,adaptive,0.0806,0.0392,1,0.0392,0,0,0,0
lajh68xmqffc1.png,7,7,1,1,0.9996,adaptive,0.051,0.0352,1,0.0352,0,0,0,0
lajh68xmqffc1.png,7,8,9,9,0.9999,adaptive,0.0574,0.0574,1,0.0574,0,0,0,0
lajh68xmqffc1.png,8,2,7,7,1.0,adaptive,0.0528,0.0528,1,0.0528,0,0,0,0
lajh68xmqffc1.png,8,3,1,1,0.9994,adaptive,0.0825,0.0527,1,0.0527,0,0,0,0
lajh68xmqffc1.png,8,4,4,4,1.0,adaptive,0.0509,0.0507,1,0.0507,0,0,0,0
lajh68xmqffc1.png,8,5,9,9,1.0,adaptive,0.0721,0.0721,1,0.0721,0,0,0,0
lajh68xmqffc1.png,8,6,5,5,0.9999,adaptive,0.078,0.0477,1,0.0477,0,0,0,0
lajh68xmqffc1.png,8,9,6,6,0.9994,adaptive,0.0859,0.0565,1,0.0565,0,0,0,0
lajh68xmqffc1.png,9,2,3,3,1.0,adaptive,0.078,0.0482,1,0.0482,0,0,0,0
lajh68xmqffc1.png,9,3,9,9,0.9997,adaptive,0.1136,0.0552,1,0.0552,0,0,0,0
lajh68xmqffc1.png,9,5,1,1,0.9995,adaptive,0.0832,0.0534,1,0.0534,0,0,0,0
lajh68xmqffc1.png,9,6,2,2,1.0,adaptive,0.1225,0.0597,1,0.0597,0,0,0,0
lajh68xmqffc1.png,9,7,5,5,1.0,adaptive,0.1016,0.059,1,0.059,0,0,0,0
lajh68xmqffc1.png,9,8,7,7,1.0,adaptive,0.081,0.0511,1,0.0511,0,0,0,0
lajh68xmqffc1.png,9,9,4,4,1.0,adaptive,0.1078,0.0492,1,0.0492,0,0,0,0
lb05uhl6tnbc1.webp,1,1,3,3,1.0,adaptive,0.1537,0.0724,1,0.0724,0,0,0,0
lb05uhl6tnbc1.webp,1,2,2,2,1.0,adaptive,0.0972,0.0674,1,0.0674,0,0,0,0
lb05uhl6tnbc1.webp,1,3,4,4,1.0,adaptive,0.1381,0.0671,1,0.0671,0,0,0,0
lb05uhl6tnbc1.webp,1,4,0,0,0.992,adaptive,0.0824,0.0,0,0.0,0,0,0,0
lb05uhl6tnbc1.webp,1,5,9,9,0.9999,adaptive,0.1411,0.0853,1,0.0853,0,0,0,0
lb05uhl6tnbc1.webp,1,6,0,0,0.992,adaptive,0.0715,0.0,0,0.0,0,0,0,0
lb05uhl6tnbc1.webp,1,7,1,1,0.9993,adaptive,0.0989,0.0397,1,0.0397,0,0,0,0
lb05uhl6tnbc1.webp,1,8,6,6,0.9999,adaptive,0.1429,0.0868,1,0.0868,0,0,0,0
lb05uhl6tnbc1.webp,1,9,0,0,0.992,adaptive,0.1125,0.0,2,0.0,1,0,1,0
lb05uhl6tnbc1.webp,2,1,8,8,1.0,adaptive,0.135,0.0866,1,0.0866,0,0,0,0
lb05uhl6tnbc1.webp,2,2,6,6,1.0,adaptive,0.0957,0.0872,1,0.0872,0,0,0,0
lb05uhl6tnbc1.webp,2,3,0,0,0.992,adaptive,0.0412,0.0,0,0.0,0,0,0,0
lb05uhl6tnbc1.webp,2,4,0,0,0.992,adaptive,0.071,0.0,0,0.0,0,0,0,0
lb05uhl6tnbc1.webp,2,5,0,0,0.992,adaptive,0.0294,0.0,0,0.0,0,0,0,0
lb05uhl6tnbc1.webp,2,6,2,2,1.0,adaptive,0.0981,0.0683,1,0.0683,0,0,0,0
lb05uhl6tnbc1.webp,2,7,4,4,1.0,adaptive,0.1418,0.0724,1,0.0724,0,0,0,0
lb05uhl6tnbc1.webp,2,8,0,0,0.992,adaptive,0.0296,0.0,0,0.0,0,0,0,0
lb05uhl6tnbc1.webp,2,9,9,9,1.0,adaptive,0.1441,0.0864,1,0.0864,0,0,0,0
lb05uhl6tnbc1.webp,3,1,0,0,0.992,adaptive,0.0693,0.0,0,0.0,0,0,0,0
lb05uhl6tnbc1.webp,3,2,0,0,0.992,adaptive,0.0299,0.0,0,0.0,0,0,0,0
lb05uhl6tnbc1.webp,3,3,9,9,1.0,adaptive,0.1432,0.0844,1,0.0844,0,0,0,0
lb05uhl6tnbc1.webp,3,4,7,7,1.0,adaptive,0.1352,0.051,1,0.051,0,0,0,0
lb05uhl6tnbc1.webp,3,5,6,6,0.9999,adaptive,0.1327,0.0868,1,0.0868,0,0,0,0
lb05uhl6tnbc1.webp,3,6,4,4,1.0,adaptive,0.1343,0.0697,1,0.0697,0,0,0,0
lb05uhl6tnbc1.webp,3,7,0,0,0.992,adaptive,0.0826,0.0,0,0.0,0,0,0,0
lb05uhl6tnbc1.webp,3,8,0,0,0.992,adaptive,0.0466,0.0,0,0.0,0,0,0,0
lb05uhl6tnbc1.webp,3,9,0,0,0.992,adaptive,0.0777,0.0,0,0.0,0,0,0,0
lb05uhl6tnbc1.webp,4,1,0,0,0.992,adaptive,0.0898,0.0,0,0.0,0,0,0,0
lb05uhl6tnbc1.webp,4,2,0,0,0.992,adaptive,0.0441,0.0,0,0.0,0,0,0,0
lb05uhl6tnbc1.webp,4,3,0,0,0.992,adaptive,0.0838,0.0,0,0.0,0,0,0,0
lb05uhl6tnbc1.webp,4,4,8,8,1.0,adaptive,0.1918,0.0869,1,0.0869,0,0,0,0
lb05uhl6tnbc1.webp,4,5,0,0,0.992,adaptive,0.0577,0.0,0,0.0,0,0,0,0
lb05uhl6tnbc1.webp,4,6,0,0,0.992,adaptive,0.0713,0.0,0,0.0,0,0,0,0
lb05uhl6tnbc1.webp,4,7,0,0,0.992,adaptive,0.0947,0.0,0,0.0,0,0,0,0
lb05uhl6tnbc1.webp,4,8,0,0,0.992,adaptive,0.0574,0.0,0,0.0,0,0,0,0
lb05uhl6tnbc1.webp,4,9,0,0,0.992,adaptive,0.0826,0.0,0,0.0,0,0,0,0
lb05uhl6tnbc1.webp,5,1,0,0,0.992,adaptive,0.057,0.0,0,0.0,0,0,0,0
lb05uhl6tnbc1.webp,5,2,8,8,1.0,adaptive,0.0886,0.0882,1,0.0882,0,0,0,0
lb05uhl6tnbc1.webp,5,3,1,1,0.9982,adaptive,0.0966,0.04,1,0.04,0,0,0,0
lb05uhl6tnbc1.webp,5,4,0,0,0.992,adaptive,0.0706,0.0,0,0.0,0,0,0,0
lb05uhl6tnbc1.webp,5,5,4,4,1.0,adaptive,0.1028,0.0742,1,0.0742,0,0,0,0
lb05uhl6tnbc1.webp,5,6,9,9,1.0,adaptive,0.1282,0.0857,1,0.0857,0,0,0,0
lb05uhl6tnbc1.webp,5,7,0,0,0.992,adaptive,0.0706,0.0,0,0.0,0,0,0,0
lb05uhl6tnbc1.webp,5,8,0,0,0.992,adaptive,0.0294,0.0,0,0.0,0,0,0,0
lb05uhl6tnbc1.webp,5,9,0,0,0.992,adaptive,0.0475,0.0,0,0.0,0,0,0,0
lb05uhl6tnbc1.webp,6,1,0,0,0.992,adaptive,0.0715,0.0,0,0.0,0,0,0,0
lb05uhl6tnbc1.webp,6,2,0,0,0.992,adaptive,0.0301,0.0,0,0.0,0,0,0,0
lb05uhl6tnbc1.webp,6,3,0,0,0.992,adaptive,0.0762,0.0,0,0.0,0,0,0,0
lb05uhl6tnbc1.webp,6,4,0,0,0.992,adaptive,0.0929,0.0,0,0.0,0,0,0,0
lb05uhl6tnbc1.webp,6,5,5,5,1.0,adaptive,0.1282,0.0825,1,0.0825,0,0,0,0
lb05uhl6tnbc1.webp,6,6,6,6,0.9998,adaptive,0.1477,0.0858,1,0.0858,0,0,0,0
lb05uhl6tnbc1.webp,6,7,0,0,0.992,adaptive,0.0945,0.0,0,0.0,0,0,0,0
lb05uhl6tnbc1.webp,6,8,9,9,1.0,adaptive,0.1425,0.0859,1,0.0859,0,0,0,0
lb05uhl6tnbc1.webp,6,9,0,0,0.992,adaptive,0.0711,0.0,0,0.0,0,0,0,0
lb05uhl6tnbc1.webp,7,1,0,0,0.992,adaptive,0.084,0.0,0,0.0,0,0,0,0
lb05uhl6tnbc1.webp,7,2,5,5,1.0,adaptive,0.1251,0.0803,1,0.0803,0,0,0,0
lb05uhl6tnbc1.webp,7,3,8,8,1.0,adaptive,0.1713,0.0875,1,0.0875,0,0,0,0
lb05uhl6tnbc1.webp,7,4,4,4,1.0,adaptive,0.166,0.0693,1,0.0693,0,0,0,0
lb05uhl6tnbc1.webp,7,5,0,0,0.992,adaptive,0.0577,0.0,0,0.0,0,0,0,0
lb05uhl6tnbc1.webp,7,6,0,0,0.992,adaptive,0.072,0.0,0,0.0,0,0,0,0
lb05uhl6tnbc1.webp,7,7,9,9,1.0,adaptive,0.18,0.0853,1,0.0853,0,0,0,0
lb05uhl6tnbc1.webp,7,8,1,1,0.9976,adaptive,0.0984,0.0407,1,0.0407,0,0,0,0
lb05uhl6tnbc1.webp,7,9,0,0,0.992,adaptive,0.0717,0.0,0,0.0,0,0,0,0
lb05uhl6tnbc1.webp,8,1,0,0,0.992,adaptive,0.0572,0.0,0,0.0,0,0,0,0
lb05uhl6tnbc1.webp,8,2,0,0,0.992,adaptive,0.0133,0.0,0,0.0,0,0,0,0
lb05uhl6tnbc1.webp,8,3,2,2,1.0,adaptive,0.0993,0.0694,1,0.0694,0,0,0,0
lb05uhl6tnbc1.webp,8,4,0,0,0.992,adaptive,0.071,0.0,0,0.0,0,0,0,0
lb05uhl6tnbc1.webp,8,5,1,1,0.9982,adaptive,0.0705,0.0411,1,0.0411,0,0,0,0
lb05uhl6tnbc1.webp,8,6,0,0,0.992,adaptive,0.0434,0.0,0,0.0,0,0,0,0
lb05uhl6tnbc1.webp,8,7,6,6,1.0,adaptive,0.1581,0.0873,1,0.0873,0,0,0,0
lb05uhl6tnbc1.webp,8,8,8,8,1.0,adaptive,0.1189,0.0898,1,0.0898,0,0,0,0
lb05uhl6tnbc1.webp,8,9,0,0,0.992,adaptive,0.0432,0.0,0,0.0,0,0,0,0
lb05uhl6tnbc1.webp,9,1,9,9,1.0,adaptive,0.1693,0.0855,1,0.0855,0,0,0,0
lb05uhl6tnbc1.webp,9,2,0,0,0.992,adaptive,0.0303,0.0,0,0.0,0,0,0,0
lb05uhl6tnbc1.webp,9,3,7,7,1.0,adaptive,0.1363,0.0528,1,0.0528,0,0,0,0
lb05uhl6tnbc1.webp,9,4,6,6,0.9999,adaptive,0.1813,0.086,1,0.086,0,0,0,0
lb05uhl6tnbc1.webp,9,5,8,8,1.0,adaptive,0.1422,0.0857,1,0.0857,0,0,0,0
lb05uhl6tnbc1.webp,9,6,0,0,0.992,adaptive,0.0717,0.0,0,0.0,0,0,0,0
lb05uhl6tnbc1.webp,9,7,2,2,1.0,adaptive,0.1181,0.0679,1,0.0679,0,0,0,0
lb05uhl6tnbc1.webp,9,8,5,5,1.0,adaptive,0.1377,0.081,1,0.081,0,0,0,0
lb05uhl6tnbc1.webp,9,9,4,4,1.0,adaptive,0.1408,0.0688,1,0.0688,0,0,0,0
lhtoahbgxedc1.jpg,1,1,0,0,0.992,adaptive,0.1274,0.0,0,0.0,0,0,0,0
lhtoahbgxedc1.jpg,1,2,0,0,0.992,adaptive,0.0877,0.0,0,0.0,0,0,0,0
lhtoahbgxedc1.jpg,1,3,0,0,0.992,adaptive,0.1256,0.0,0,0.0,0,0,0,0
lhtoahbgxedc1.jpg,1,4,5,5,1.0,adaptive,0.2225,0.0844,1,0.0844,0,0,0,0
lhtoahbgxedc1.jpg,1,5,0,0,0.992,adaptive,0.0991,0.0,0,0.0,0,0,0,0
lhtoahbgxedc1.jpg,1,6,4,4,1.0,adaptive,0.2107,0.072,1,0.072,0,0,0,0
lhtoahbgxedc1.jpg,1,7,0,0,0.992,adaptive,0.1268,0.0,0,0.0,0,0,0,0
lhtoahbgxedc1.jpg,1,8,0,0,0.992,adaptive,0.1006,0.0,0,0.0,0,0,0,0
lhtoahbgxedc1.jpg,1,9,3,3,1.0,adaptive,0.2114,0.084,1,0.084,0,0,0,0
lhtoahbgxedc1.jpg,2,1,0,0,0.992,adaptive,0.0988,0.0,0,0.0,0,0,0,0
lhtoahbgxedc1.jpg,2,2,2,2,1.0,adaptive,0.143,0.0856,1,0.0856,0,0,0,0
lhtoahbgxedc1.jpg,2,3,0,0,0.992,adaptive,0.0859,0.0,0,0.0,0,0,0,0
lhtoahbgxedc1.jpg,2,4,0,0,0.992,adaptive,0.0991,0.0,0,0.0,0,0,0,0
lhtoahbgxedc1.jpg,2,5,0,0,0.992,adaptive,0.0567,0.0,0,0.0,0,0,0,0
lhtoahbgxedc1.jpg,2,6,0,0,0.992,adaptive,0.0997,0.0,0,0.0,0,0,0,0
lhtoahbgxedc1.jpg,2,7,0,0,0.992,adaptive,0.0857,0.0,0,0.0,0,0,0,0
lhtoahbgxedc1.jpg,2,8,7,7,1.0,adaptive,0.121,0.0627,1,0.0627,0,0,0,0
lhtoahbgxedc1.jpg,2,9,0,0,0.992,adaptive,0.0923,0.0,0,0.0,0,0,0,0
lhtoahbgxedc1.jpg,3,1,5,5,1.0,adaptive,0.2241,0.0847,1,0.0847,0,0,0,0
lhtoahbgxedc1.jpg,3,2,0,0,0.992,adaptive,0.0986,0.0,0,0.0,0,0,0,0
lhtoahbgxedc1.jpg,3,3,9,9,1.0,adaptive,0.2196,0.0931,1,0.0931,0,0,0,0
lhtoahbgxedc1.jpg,3,4,0,0,0.992,adaptive,0.1386,0.0,0,0.0,0,0,0,0
lhtoahbgxedc1.jpg,3,5,0,0,0.992,adaptive,0.1029,0.0,0,0.0,0,0,0,0
lhtoahbgxedc1.jpg,3,6,0,0,0.992,adaptive,0.139,0.0,0,0.0,0,0,0,0
lhtoahbgxedc1.jpg,3,7,0,0,0.992,adaptive,0.1265,0.0,0,0.0,0,0,0,0
lhtoahbgxedc1.jpg,3,8,0,0,0.992,adaptive,0.1004,0.0,0,0.0,0,0,0,0
lhtoahbgxedc1.jpg,3,9,0,0,0.992,adaptive,0.1283,0.0,0,0.0,0,0,0,0
lhtoahbgxedc1.jpg,4,1,0,0,0.992,adaptive,0.1388,0.0,0,0.0,0,0,0,0
lhtoahbgxedc1.jpg,4,2,5,5,1.0,adaptive,0.1861,0.0884,1,0.0884,0,0,0,0
lhtoahbgxedc1.jpg,4,3,0,0,0.992,adaptive,0.1265,0.0,0,0.0,0,0,0,0
lhtoahbgxedc1.jpg,4,4,4,4,1.0,adaptive,0.2103,0.0717,1,0.0717,0,0,0,0
lhtoahbgxedc1.jpg,4,5,0,0,0.992,adaptive,0.0995,0.0,0,0.0,0,0,0,0
lhtoahbgxedc1.jpg,4,6,2,2,1.0,adaptive,0.2217,0.0829,1,0.0829,0,0,0,0
lhtoahbgxedc1.jpg,4,7,0,0,0.992,adaptive,0.1354,0.0,0,0.0,0,0,0,0
lhtoahbgxedc1.jpg,4,8,0,0,0.992,adaptive,0.1002,0.0,0,0.0,0,0,0,0
lhtoahbgxedc1.jpg,4,9,6,6,0.9998,adaptive,0.2223,0.094,1,0.094,0,0,0,0
lhtoahbgxedc1.jpg,5,1,0,0,0.992,adaptive,0.0991,0.0,0,0.0,0,0,0,0
lhtoahbgxedc1.jpg,5,2,0,0,0.992,adaptive,0.0569,0.0,0,0.0,0,0,0,0
lhtoahbgxedc1.jpg,5,3,3,3,1.0,adaptive,0.1737,0.0877,1,0.0877,0,0,0,0
lhtoahbgxedc1.jpg,5,4,0,0,0.992,adaptive,0.0993,0.0,0,0.0,0,0,0,0
lhtoahbgxedc1.jpg,5,5,0,0,0.992,adaptive,0.0569,0.0,0,0.0,0,0,0,0
lhtoahbgxedc1.jpg,5,6,0,0,0.992,adaptive,0.1002,0.0,0,0.0,0,0,0,0
lhtoahbgxedc1.jpg,5,7,2,2,1.0,adaptive,0.1868,0.0884,1,0.0884,0,0,0,0
lhtoahbgxedc1.jpg,5,8,0,0,0.992,adaptive,0.0583,0.0,0,0.0,0,0,0,0
lhtoahbgxedc1.jpg,5,9,0,0,0.992,adaptive,0.0889,0.0,0,0.0,0,0,0,0
lhtoahbgxedc1.jpg,6,1,6,6,0.9998,adaptive,0.2203,0.0936,1,0.0936,0,0,0,0
lhtoahbgxedc1.jpg,6,2,0,0,0.992,adaptive,0.0839,0.0,0,0.0,0,0,0,0
lhtoahbgxedc1.jpg,6,3,0,0,0.992,adaptive,0.1136,0.0,0,0.0,0,0,0,0
lhtoahbgxedc1.jpg,6,4,3,3,1.0,adaptive,0.2107,0.0844,1,0.0844,0,0,0,0
lhtoahbgxedc1.jpg,6,5,0,0,0.992,adaptive,0.0855,0.0,0,0.0,0,0,0,0
lhtoahbgxedc1.jpg,6,6,0,0,0.992,adaptive,0.1268,0.0,0,0.0,0,0,0,0
lhtoahbgxedc1.jpg,6,7,0,0,0.992,adaptive,0.1268,0.0,0,0.0,0,0,0,0
lhtoahbgxedc1.jpg,6,8,1,1,0.9977,adaptive,0.1357,0.0491,1,0.0491,0,0,0,0
lhtoahbgxedc1.jpg,6,9,0,0,0.992,adaptive,0.1261,0.0,0,0.0,0,0,0,0
lhtoahbgxedc1.jpg,7,1,1,1,0.996,adaptive,0.1858,0.047,1,0.047,0,0,0,0
lhtoahbgxedc1.jpg,7,2,0,0,0.992,adaptive,0.0923,0.0,0,0.0,0,0,0,0
lhtoahbgxedc1.jpg,7,3,0,0,0.992,adaptive,0.1314,0.0,0,0.0,0,0,0,0
lhtoahbgxedc1.jpg,7,4,0,0,0.992,adaptive,0.1383,0.0,0,0.0,0,0,0,0
lhtoahbgxedc1.jpg,7,5,0,0,0.992,adaptive,0.0984,0.0,0,0.0,0,0,0,0
lhtoahbgxedc1.jpg,7,6,0,0,0.992,adaptive,0.1395,0.0,0,0.0,0,0,0,0
lhtoahbgxedc1.jpg,7,7,3,3,1.0,adaptive,0.2234,0.086,1,0.086,0,0,0,0
lhtoahbgxedc1.jpg,7,8,0,0,0.992,adaptive,0.0997,0.0,0,0.0,0,0,0,0
lhtoahbgxedc1.jpg,7,9,8,8,1.0,adaptive,0.2359,0.0969,1,0.0969,0,0,0,0
lhtoahbgxedc1.jpg,8,1,0,0,0.992,adaptive,0.0984,0.0,0,0.0,0,0,0,0
lhtoahbgxedc1.jpg,8,2,8,8,1.0,adaptive,0.1414,0.0994,1,0.0994,0,0,0,0
lhtoahbgxedc1.jpg,8,3,0,0,0.992,adaptive,0.0839,0.0,0,0.0,0,0,0,0
lhtoahbgxedc1.jpg,8,4,0,0,0.992,adaptive,0.0945,0.0,0,0.0,0,0,0,0
lhtoahbgxedc1.jpg,8,5,0,0,0.992,adaptive,0.0569,0.0,0,0.0,0,0,0,0
lhtoahbgxedc1.jpg,8,6,0,0,0.992,adaptive,0.0991,0.0,0,0.0,0,0,0,0
lhtoahbgxedc1.jpg,8,7,0,0,0.992,adaptive,0.0993,0.0,0,0.0,0,0,0,0
lhtoahbgxedc1.jpg,8,8,5,5,1.0,adaptive,0.1478,0.0893,1,0.0893,0,0,0,0
lhtoahbgxedc1.jpg,8,9,7,7,1.0,adaptive,0.1608,0.0604,1,0.0604,0,0,0,0
lhtoahbgxedc1.jpg,9,1,0,0,0.992,adaptive,0.1388,0.0,0,0.0,0,0,0,0
lhtoahbgxedc1.jpg,9,2,0,0,0.992,adaptive,0.0877,0.0,0,0.0,0,0,0,0
lhtoahbgxedc1.jpg,9,3,0,0,0.992,adaptive,0.1386,0.0,0,0.0,0,0,0,0
lhtoahbgxedc1.jpg,9,4,9,9,1.0,adaptive,0.2332,0.0949,1,0.0949,0,0,0,0
lhtoahbgxedc1.jpg,9,5,0,0,0.992,adaptive,0.0995,0.0,0,0.0,0,0,0,0
lhtoahbgxedc1.jpg,9,6,6,6,1.0,adaptive,0.2332,0.094,1,0.094,0,0,0,0
lhtoahbgxedc1.jpg,9,7,0,0,0.992,adaptive,0.1399,0.0,0,0.0,0,0,0,0
lhtoahbgxedc1.jpg,9,8,0,0,0.992,adaptive,0.1009,0.0,0,0.0,0,0,0,0
lhtoahbgxedc1.jpg,9,9,0,0,0.992,adaptive,0.1395,0.0,0,0.0,0,0,0,0
lv93ppak54uc1.webp,1,1,5,5,1.0,adaptive,0.1513,0.0811,1,0.0811,0,0,0,0
lv93ppak54uc1.webp,1,2,2,2,1.0,adaptive,0.1199,0.0893,1,0.0893,0,0,0,0
lv93ppak54uc1.webp,1,3,8,8,1.0,adaptive,0.1664,0.1072,1,0.1072,0,0,0,0
lv93ppak54uc1.webp,1,4,7,7,1.0,adaptive,0.1395,0.0686,1,0.0686,0,0,0,0
lv93ppak54uc1.webp,1,5,4,4,0.9995,adaptive,0.1104,0.0803,1,0.0803,0,0,0,0
lv93ppak54uc1.webp,1,6,3,3,1.0,adaptive,0.1386,0.0795,1,0.0795,0,0,0,0
lv93ppak54uc1.webp,1,7,9,9,1.0,adaptive,0.1715,0.1014,1,0.1014,0,0,0,0
lv93ppak54uc1.webp,1,8,1,1,1.0,adaptive,0.1083,0.0667,1,0.0667,0,0,0,0
lv93ppak54uc1.webp,1,9,6,6,0.9998,adaptive,0.1733,0.1005,1,0.1005,0,0,0,0
lv93ppak54uc1.webp,2,4,1,1,1.0,adaptive,0.109,0.0647,1,0.0647,0,0,0,0
lv93ppak54uc1.webp,2,8,4,4,0.9999,adaptive,0.0946,0.0808,1,0.0808,0,0,0,0
lv93ppak54uc1.webp,2,9,2,2,1.0,adaptive,0.1357,0.0907,1,0.0907,0,0,0,0
lv93ppak54uc1.webp,3,4,2,2,1.0,adaptive,0.1691,0.0871,1,0.0871,0,0,0,0
lv93ppak54uc1.webp,3,5,6,6,0.9984,adaptive,0.1445,0.1013,1,0.1013,0,0,0,0
lv93ppak54uc1.webp,3,8,3,3,1.0,adaptive,0.1368,0.0814,1,0.0814,0,0,0,0
lv93ppak54uc1.webp,3,9,8,8,1.0,adaptive,0.1914,0.1072,1,0.1072,0,0,0,0
lv93ppak54uc1.webp,4,1,6,6,0.9996,adaptive,0.1796,0.0991,1,0.0991,0,0,0,0
lv93ppak54uc1.webp,4,2,3,3,1.0,adaptive,0.1223,0.0787,1,0.0787,0,0,0,0
lv93ppak54uc1.webp,4,3,5,5,1.0,adaptive,0.1646,0.0829,1,0.0829,0,0,0,0
lv93ppak54uc1.webp,4,4,4,4,0.9998,adaptive,0.1613,0.0791,1,0.0791,0,0,0,0
lv93ppak54uc1.webp,4,5,7,7,1.0,adaptive,0.1133,0.0694,1,0.0694,0,0,0,0
lv93ppak54uc1.webp,4,6,2,2,1.0,adaptive,0.1615,0.0911,1,0.0911,0,0,0,0
lv93ppak54uc1.webp,4,7,1,1,1.0,adaptive,0.1446,0.0626,1,0.0626,0,0,0,0
lv93ppak54uc1.webp,4,8,8,8,1.0,adaptive,0.1617,0.1061,1,0.1061,0,0,0,0
lv93ppak54uc1.webp,4,9,9,9,1.0,adaptive,0.1807,0.0962,1,0.0962,0,0,0,0
lv93ppak54uc1.webp,5,1,9,9,1.0,adaptive,0.1422,0.1004,1,0.1004,0,0,0,0
lv93ppak54uc1.webp,5,4,3,3,1.0,adaptive,0.1253,0.0807,1,0.0807,0,0,0,0
lv93ppak54uc1.webp,5,5,8,8,1.0,adaptive,0.1084,0.1079,1,0.1079,0,0,0,0
lv93ppak54uc1.webp,5,6,6,6,0.999,adaptive,0.1289,0.0988,1,0.0988,0,0,0,0
lv93ppak54uc1.webp,5,7,2,2,1.0,adaptive,0.1298,0.0857,1,0.0857,0,0,0,0
lv93ppak54uc1.webp,5,8,5,5,1.0,adaptive,0.101,0.0875,1,0.0875,0,0,0,0
lv93ppak54uc1.webp,5,9,4,4,0.9999,adaptive,0.1246,0.0796,1,0.0796,0,0,0,0
lv93ppak54uc1.webp,6,1,2,2,1.0,adaptive,0.1559,0.0855,1,0.0855,0,0,0,0
lv93ppak54uc1.webp,6,2,8,8,1.0,adaptive,0.1386,0.1083,1,0.1083,0,0,0,0
lv93ppak54uc1.webp,6,3,4,4,0.9997,adaptive,0.1493,0.0784,1,0.0784,0,0,0,0
lv93ppak54uc1.webp,6,5,1,1,0.9999,adaptive,0.0923,0.0615,1,0.0615,0,0,0,0
lv93ppak54uc1.webp,6,7,3,3,1.0,adaptive,0.1497,0.0793,1,0.0793,0,0,0,0
lv93ppak54uc1.webp,6,8,6,6,0.9994,adaptive,0.1416,0.0993,1,0.0993,0,0,0,0
lv93ppak54uc1.webp,6,9,7,7,1.0,adaptive,0.1423,0.0695,1,0.0695,0,0,0,0
lv93ppak54uc1.webp,7,3,9,9,1.0,adaptive,0.1816,0.0998,1,0.0998,0,0,0,0
lv93ppak54uc1.webp,7,4,6,6,0.9994,adaptive,0.1804,0.0982,1,0.0982,0,0,0,0
lv93ppak54uc1.webp,7,5,3,3,1.0,adaptive,0.1235,0.0789,1,0.0789,0,0,0,0
lv93ppak54uc1.webp,7,6,7,7,1.0,adaptive,0.143,0.0722,1,0.0722,0,0,0,0
lv93ppak54uc1.webp,7,7,8,8,1.0,adaptive,0.1885,0.1065,1,0.1065,0,0,0,0
lv93ppak54uc1.webp,7,8,2,2,1.0,adaptive,0.1429,0.0882,1,0.0882,0,0,0,0
lv93ppak54uc1.webp,7,9,5,5,1.0,adaptive,0.1718,0.0869,1,0.0869,0,0,0,0
lv93ppak54uc1.webp,8,6,1,1,1.0,adaptive,0.1029,0.0611,1,0.0611,0,0,0,0
lv93ppak54uc1.webp,8,7,4,4,0.9993,adaptive,0.133,0.0773,1,0.0773,0,0,0,0
lv93ppak54uc1.webp,8,8,9,9,1.0,adaptive,0.1226,0.1026,1,0.1026,0,0,0,0
lv93ppak54uc1.webp,8,9,3,3,1.0,adaptive,0.1289,0.0812,1,0.0812,0,0,0,0
lv93ppak54uc1.webp,9,2,5,5,1.0,adaptive,0.1153,0.0855,1,0.0855,0,0,0,0
lv93ppak54uc1.webp,9,6,4,4,0.9997,adaptive,0.135,0.076,1,0.076,0,0,0,0
lv93ppak54uc1.webp,9,7,6,6,0.9985,adaptive,0.168,0.0978,1,0.0978,0,0,0,0
lv93ppak54uc1.webp,9,8,7,7,1.0,adaptive,0.1128,0.071,1,0.071,0,0,0,0
lv93ppak54uc1.webp,9,9,1,1,0.9998,adaptive,0.1372,0.0646,1,0.0646,0,0,0,0
lym0drgmnskc1.webp,1,1,7,7,0.9997,adaptive,0.2575,0.2009,9,0.1898,7,0,0,0
lym0drgmnskc1.webp,1,2,3,3,0.9999,adaptive,0.3356,0.2354,9,0.2212,7,0,0,0
lym0drgmnskc1.webp,1,3,5,5,1.0,adaptive,0.3399,0.243,10,0.2254,8,0,0,0
lym0drgmnskc1.webp,1,5,9,9,0.9983,adaptive,0.3207,0.2232,13,0.1915,11,0,0,0
lym0drgmnskc1.webp,1,6,2,2,0.9995,adaptive,0.2878,0.1789,7,0.1606,3,0,1,0
lym0drgmnskc1.webp,1,9,1,1,0.9608,adaptive,0.223,0.1773,18,0.1564,16,0,0,0
lym0drgmnskc1.webp,2,1,1,1,0.9993,adaptive,0.2592,0.1558,11,0.107,9,0,0,0
lym0drgmnskc1.webp,2,3,9,9,0.9992,adaptive,0.3329,0.2264,9,0.1694,5,0,0,0
lym0drgmnskc1.webp,2,5,3,3,0.9994,adaptive,0.3675,0.213,15,0.2078,13,0,0,0
lym0drgmnskc1.webp,2,6,8,8,0.9997,adaptive,0.3385,0.2404,6,0.1768,3,0,0,1
lym0drgmnskc1.webp,2,7,5,5,1.0,adaptive,0.3422,0.2282,8,0.2144,5,0,0,0
lym0drgmnskc1.webp,2,8,2,2,0.9999,adaptive,0.3414,0.1979,8,0.183,5,0,0,0
lym0drgmnskc1.webp,2,9,7,7,1.0,adaptive,0.2483,0.173,20,0.1284,17,0,0,1
lym0drgmnskc1.webp,3,2,8,8,0.9999,adaptive,0.306,0.1773,16,0.102,11,0,0,1
lym0drgmnskc1.webp,3,3,2,2,0.9992,adaptive,0.3535,0.1911,9,0.1475,6,0,0,1
lym0drgmnskc1.webp,3,4,1,1,0.9992,adaptive,0.2649,0.1346,16,0.1009,14,0,0,0
lym0drgmnskc1.webp,3,5,5,5,0.9998,adaptive,0.3609,0.1827,21,0.1719,19,0,0,1
lym0drgmnskc1.webp,3,6,7,7,0.9998,adaptive,0.2751,0.1615,9,0.1223,6,0,0,1
lym0drgmnskc1.webp,3,7,9,9,0.9997,adaptive,0.3702,0.1905,18,0.1426,14,0,0,1
lym0drgmnskc1.webp,3,8,3,3,0.9986,adaptive,0.348,0.2071,13,0.1725,10,0,0,1
lym0drgmnskc1.webp,4,1,3,3,0.9981,adaptive,0.2967,0.2377,6,0.2085,4,0,0,0
lym0drgmnskc1.webp,4,2,7,7,1.0,adaptive,0.2981,0.1811,15,0.1755,13,0,0,0
lym0drgmnskc1.webp,4,3,6,6,0.9999,adaptive,0.3424,0.2479,10,0.1922,7,0,0,0
lym0drgmnskc1.webp,4,4,2,2,0.9978,adaptive,0.3206,0.1943,8,0.1847,6,0,0,0
lym0drgmnskc1.webp,4,5,8,8,0.9998,adaptive,0.3336,0.2361,13,0.1719,10,0,0,1
lym0drgmnskc1.webp,4,6,1,1,0.9995,adaptive,0.2301,0.1784,10,0.1575,8,0,0,0
lym0drgmnskc1.webp,4,7,4,4,1.0,adaptive,0.2949,0.1845,19,0.1526,15,0,0,0
lym0drgmnskc1.webp,4,8,5,5,1.0,adaptive,0.3358,0.2551,8,0.2551,7,0,0,0
lym0drgmnskc1.webp,4,9,9,9,0.9995,adaptive,0.2969,0.2526,13,0.1971,10,0,0,0
lym0drgmnskc1.webp,5,1,2,2,1.0,adaptive,0.3204,0.1517,6,0.1517,3,1,1,0
lym0drgmnskc1.webp,5,2,5,5,0.9999,adaptive,0.3485,0.1949,22,0.1887,19,0,0,1
lym0drgmnskc1.webp,5,3,4,4,0.9998,adaptive,0.3277,0.1585,19,0.1269,16,0,0,0
lym0drgmnskc1.webp,5,4,9,9,0.9989,adaptive,0.3109,0.2114,8,0.1682,5,0,0,0
lym0drgmnskc1.webp,5,5,7,7,0.9997,adaptive,0.3033,0.1439,21,0.1439,19,0,0,1
lym0drgmnskc1.webp,5,6,6,6,0.9992,adaptive,0.3324,0.2216,13,0.147,9,0,0,1
lym0drgmnskc1.webp,5,7,3,3,0.9998,adaptive,0.3431,0.1924,16,0.1689,12,0,0,1
lym0drgmnskc1.webp,5,8,1,1,0.9999,adaptive,0.2764,0.1416,21,0.1031,18,0,0,0
lym0drgmnskc1.webp,5,9,8,8,0.9995,adaptive,0.3064,0.2117,15,0.1294,11,0,0,1
lym0drgmnskc1.webp,6,1,8,8,0.9999,adaptive,0.2985,0.2433,8,0.0965,3,0,0,1
lym0drgmnskc1.webp,6,2,9,9,0.9996,adaptive,0.3322,0.1746,16,0.133,12,1,0,1
lym0drgmnskc1.webp,6,3,1,1,0.9998,adaptive,0.2479,0.1622,13,0.0931,9,0,0,0
lym0drgmnskc1.webp,6,4,5,5,0.9998,adaptive,0.2925,0.1898,9,0.1577,6,1,0,1
lym0drgmnskc1.webp,6,5,4,4,1.0,adaptive,0.2782,0.1287,23,0.1013,19,1,0,1
lym0drgmnskc1.webp,6,6,3,3,0.9965,adaptive,0.2787,0.2315,8,0.155,4,0,0,1
lym0drgmnskc1.webp,6,8,7,7,0.9947,adaptive,0.2601,0.1493,13,0.1018,8,1,0,1
lym0drgmnskc1.webp,7,1,5,5,0.9999,adaptive,0.333,0.2415,5,0.2415,4,0,0,0
lym0drgmnskc1.webp,7,2,2,2,0.9996,adaptive,0.3428,0.1938,11,0.1653,8,0,0,1
lym0drgmnskc1.webp,7,3,8,8,1.0,adaptive,0.3767,0.2301,7,0.1397,2,0,0,1
lym0drgmnskc1.webp,7,4,7,7,0.9999,adaptive,0.3117,0.1938,9,0.1938,8,0,0,0
lym0drgmnskc1.webp,7,5,6,6,1.0,adaptive,0.391,0.2209,15,0.185,13,0,0,0
lym0drgmnskc1.webp,7,6,4,4,0.9999,adaptive,0.3052,0.1931,11,0.1758,9,0,0,0
lym0drgmnskc1.webp,7,7,1,1,0.9997,adaptive,0.301,0.1579,21,0.1468,18,0,0,0
lym0drgmnskc1.webp,7,8,9,9,0.9986,adaptive,0.3648,0.2483,7,0.1979,4,0,0,0
lym0drgmnskc1.webp,7,9,3,3,0.9997,adaptive,0.3212,0.2332,14,0.2112,12,0,0,0
lym0drgmnskc1.webp,8,1,9,9,0.9981,adaptive,0.3082,0.2232,10,0.1422,6,0,0,1
lym0drgmnskc1.webp,8,3,7,7,0.9991,adaptive,0.3161,0.163,18,0.1284,14,1,0,1
lym0drgmnskc1.webp,8,4,3,3,0.9984,adaptive,0.3209,0.1988,6,0.1658,3,1,0,1
lym0drgmnskc1.webp,8,5,1,1,0.9999,adaptive,0.2803,0.11,29,0.1017,27,0,0,0
lym0drgmnskc1.webp,8,6,5,5,0.9991,adaptive,0.3268,0.2121,8,0.1974,4,1,0,1
lym0drgmnskc1.webp,9,2,1,1,0.9941,adaptive,0.2467,0.0954,24,0.0782,20,1,0,0
lym0drgmnskc1.webp,9,3,3,3,0.926,adaptive,0.3032,0.2185,10,0.1452,6,0,0,1
lym0drgmnskc1.webp,9,4,8,8,0.9998,adaptive,0.2838,0.1867,7,0.0931,2,1,0,1
lym0drgmnskc1.webp,9,5,2,2,0.9998,adaptive,0.3189,0.1346,8,0.1346,5,1,1,0
lym0drgmnskc1.webp,9,6,9,9,0.9982,adaptive,0.292,0.245,8,0.1297,3,0,0,1
lym0drgmnskc1.webp,9,7,7,7,0.9981,adaptive,0.284,0.1203,20,0.1069,15,1,0,1
lym0drgmnskc1.webp,9,9,5,5,0.9712,adaptive,0.2822,0.2375,10,0.1891,7,0,0,1
m385bch1ntcc1.webp,1,1,7,7,1.0,adaptive,0.1477,0.063,1,0.063,0,0,0,0
m385bch1ntcc1.webp,1,2,4,4,1.0,adaptive,0.1461,0.0746,1,0.0746,0,0,0,0
m385bch1ntcc1.webp,1,3,5,5,1.0,adaptive,0.1686,0.0855,1,0.0855,0,0,0,0
m385bch1ntcc1.webp,1,4,8,8,1.0,adaptive,0.1775,0.0938,1,0.0938,0,0,0,0
m385bch1ntcc1.webp,1,5,9,9,0.9999,adaptive,0.1746,0.0923,1,0.0923,0,0,0,0
m385bch1ntcc1.webp,1,6,2,2,1.0,adaptive,0.1764,0.0815,1,0.0815,0,0,0,0
m385bch1ntcc1.webp,1,7,3,3,1.0,adaptive,0.1646,0.0811,1,0.0811,0,0,0,0
m385bch1ntcc1.webp,1,8,1,1,0.9999,adaptive,0.1436,0.0602,1,0.0602,0,0,0,0
m385bch1ntcc1.webp,1,9,6,6,0.9999,adaptive,0.1746,0.0882,1,0.0882,0,0,0,0
m385bch1ntcc1.webp,2,3,2,2,1.0,adaptive,0.1603,0.0812,1,0.0812,0,0,0,0
m385bch1ntcc1.webp,2,4,7,7,1.0,adaptive,0.1393,0.0654,1,0.0654,0,0,0,0
m385bch1ntcc1.webp,2,6,4,4,1.0,adaptive,0.1707,0.0744,1,0.0744,0,0,0,0
m385bch1ntcc1.webp,3,6,1,1,0.9999,adaptive,0.1553,0.0588,1,0.0588,0,0,0,0
m385bch1ntcc1.webp,3,7,4,4,1.0,adaptive,0.1597,0.0744,1,0.0744,0,0,0,0
m385bch1ntcc1.webp,4,3,6,6,0.9999,adaptive,0.1738,0.0896,1,0.0896,0,0,0,0
m385bch1ntcc1.webp,4,4,9,9,1.0,adaptive,0.1742,0.0891,1,0.0891,0,0,0,0
m385bch1ntcc1.webp,4,5,4,4,1.0,adaptive,0.1599,0.0758,1,0.0758,0,0,0,0
m385bch1ntcc1.webp,4,6,5,5,1.0,adaptive,0.1822,0.0853,1,0.0853,0,0,0,0
m385bch1ntcc1.webp,5,3,4,4,1.0,adaptive,0.1617,0.0794,1,0.0794,0,0,0,0
m385bch1ntcc1.webp,5,4,2,2,1.0,adaptive,0.166,0.0825,1,0.0825,0,0,0,0
m385bch1ntcc1.webp,5,6,6,6,1.0,adaptive,0.1872,0.0902,1,0.0902,0,0,0,0
m385bch1ntcc1.webp,5,9,1,1,1.0,adaptive,0.1447,0.0611,1,0.0611,0,0,0,0
m385bch1ntcc1.webp,6,6,8,8,1.0,adaptive,0.1784,0.0938,1,0.0938,0,0,0,0
m385bch1ntcc1.webp,7,3,8,8,1.0,adaptive,0.1916,0.0949,1,0.0949,0,0,0,0
m385bch1ntcc1.webp,7,5,2,2,1.0,adaptive,0.1757,0.0819,1,0.0819,0,0,0,0
m385bch1ntcc1.webp,7,6,7,7,1.0,adaptive,0.1604,0.0642,1,0.0642,0,0,0,0
m385bch1ntcc1.webp,7,8,3,3,1.0,adaptive,0.1791,0.0828,1,0.0828,0,0,0,0
m385bch1ntcc1.webp,7,9,4,4,1.0,adaptive,0.1718,0.0744,1,0.0744,0,0,0,0
m385bch1ntcc1.webp,8,2,3,3,1.0,adaptive,0.1416,0.0831,1,0.0831,0,0,0,0
m385bch1ntcc1.webp,8,3,1,1,0.9999,adaptive,0.1332,0.0613,1,0.0613,0,0,0,0
m385bch1ntcc1.webp,8,4,4,4,1.0,adaptive,0.1481,0.0755,1,0.0755,0,0,0,0
m385bch1ntcc1.webp,8,6,9,9,1.0,adaptive,0.1628,0.0905,1,0.0905,0,0,0,0
m385bch1ntcc1.webp,9,1,4,4,1.0,adaptive,0.1742,0.0766,1,0.0766,0,0,0,0
m385bch1ntcc1.webp,9,2,2,2,1.0,adaptive,0.1531,0.0812,1,0.0812,0,0,0,0
m385bch1ntcc1.webp,9,3,7,7,1.0,adaptive,0.1472,0.0624,1,0.0624,0,0,0,0
m385bch1ntcc1.webp,9,4,6,6,0.9999,adaptive,0.174,0.0891,1,0.0891,0,0,0,0
m385bch1ntcc1.webp,9,6,3,3,1.0,adaptive,0.1662,0.0811,1,0.0811,0,0,0,0
m385bch1ntcc1.webp,9,8,5,5,1.0,adaptive,0.1845,0.0864,1,0.0864,0,0,0,0
m385bch1ntcc1.webp,9,9,9,9,1.0,adaptive,0.1891,0.0884,1,0.0884,0,0,0,0
mhreends0uvc1.webp,1,1,8,8,1.0,adaptive,0.1305,0.0733,1,0.0733,0,0,0,0
mhreends0uvc1.webp,1,3,1,1,0.9968,adaptive,0.076,0.0316,1,0.0316,0,0,0,0
mhreends0uvc1.webp,1,6,5,5,1.0,adaptive,0.1245,0.0664,1,0.0664,0,0,0,0
mhreends0uvc1.webp,1,7,6,6,0.9979,adaptive,0.1149,0.0713,1,0.0713,0,0,0,0
mhreends0uvc1.webp,1,8,2,2,1.0,adaptive,0.0868,0.057,1,0.057,0,0,0,0
mhreends0uvc1.webp,1,9,9,9,0.9999,adaptive,0.1297,0.0713,1,0.0713,0,0,0,0
mhreends0uvc1.webp,2,1,3,3,1.0,adaptive,0.0909,0.0611,1,0.0611,0,0,0,0
mhreends0uvc1.webp,2,3,9,9,1.0,adaptive,0.0891,0.0735,1,0.0735,0,0,0,0
mhreends0uvc1.webp,2,5,2,2,1.0,adaptive,0.0861,0.0592,1,0.0592,0,0,0,0
mhreends0uvc1.webp,2,7,1,1,0.9988,adaptive,0.0782,0.036,1,0.036,0,0,0,0
mhreends0uvc1.webp,2,8,5,5,1.0,adaptive,0.0973,0.0673,1,0.0673,0,0,0,0
mhreends0uvc1.webp,2,9,8,8,1.0,adaptive,0.1045,0.0746,1,0.0746,0,0,0,0
mhreends0uvc1.webp,3,1,2,2,1.0,adaptive,0.1016,0.0577,1,0.0577,0,0,0,0
mhreends0uvc1.webp,3,2,5,5,1.0,adaptive,0.081,0.0656,1,0.0656,0,0,0,0
mhreends0uvc1.webp,3,3,6,6,0.9992,adaptive,0.1014,0.0713,1,0.0713,0,0,0,0
mhreends0uvc1.webp,3,4,8,8,1.0,adaptive,0.1025,0.0724,1,0.0724,0,0,0,0
mhreends0uvc1.webp,3,5,9,9,0.9998,adaptive,0.1232,0.0739,1,0.0739,0,0,0,0
mhreends0uvc1.webp,3,6,1,1,0.9982,adaptive,0.102,0.0368,1,0.0368,0,0,0,0
mhreends0uvc1.webp,3,7,3,3,1.0,adaptive,0.1305,0.0646,1,0.0646,0,0,0,0
mhreends0uvc1.webp,3,8,7,7,1.0,adaptive,0.0968,0.0421,1,0.0421,0,0,0,0
mhreends0uvc1.webp,3,9,4,4,1.0,adaptive,0.1292,0.0588,1,0.0588,0,0,0,0
mhreends0uvc1.webp,4,1,0,0,0.992,adaptive,0.057,0.0,0,0.0,0,0,0,0
mhreends0uvc1.webp,4,2,3,3,1.0,adaptive,0.118,0.0624,1,0.0624,0,0,0,0
mhreends0uvc1.webp,4,3,2,2,1.0,adaptive,0.1272,0.0588,1,0.0588,0,0,0,0
mhreends0uvc1.webp,4,4,4,4,0.9999,adaptive,0.1227,0.0546,1,0.0546,0,0,0,0
mhreends0uvc1.webp,4,5,7,7,1.0,adaptive,0.0981,0.0427,1,0.0427,0,0,0,0
mhreends0uvc1.webp,4,6,0,0,0.992,adaptive,0.0702,0.0,0,0.0,0,0,0,0
mhreends0uvc1.webp,4,7,0,0,0.992,adaptive,0.0684,0.0,0,0.0,0,0,0,0
mhreends0uvc1.webp,4,8,0,0,0.992,adaptive,0.0552,0.0,0,0.0,0,0,0,0
mhreends0uvc1.webp,4,9,6,6,0.9995,adaptive,0.1417,0.0711,1,0.0711,0,0,0,0
mhreends0uvc1.webp,5,1,5,5,1.0,adaptive,0.0981,0.0683,1,0.0683,0,0,0,0
mhreends0uvc1.webp,5,2,0,0,0.992,adaptive,0.028,0.0,0,0.0,0,0,0,0
mhreends0uvc1.webp,5,3,8,8,1.0,adaptive,0.088,0.073,1,0.073,0,0,0,0
mhreends0uvc1.webp,5,4,1,1,0.9992,adaptive,0.0633,0.0314,1,0.0314,0,0,0,0
mhreends0uvc1.webp,5,5,0,0,0.992,adaptive,0.014,0.0,0,0.0,0,0,0,0
mhreends0uvc1.webp,5,6,2,2,1.0,adaptive,0.0875,0.0572,1,0.0572,0,0,0,0
mhreends0uvc1.webp,5,7,4,4,1.0,adaptive,0.0864,0.0561,1,0.0561,0,0,0,0
mhreends0uvc1.webp,5,8,0,0,0.992,adaptive,0.0124,0.0,0,0.0,0,0,0,0
mhreends0uvc1.webp,5,9,7,7,1.0,adaptive,0.0753,0.0455,1,0.0455,0,0,0,0
mhreends0uvc1.webp,6,1,7,7,1.0,adaptive,0.1029,0.045,1,0.045,0,0,0,0
mhreends0uvc1.webp,6,4,0,0,0.992,adaptive,0.0577,0.0,0,0.0,0,0,0,0
mhreends0uvc1.webp,6,5,3,3,1.0,adaptive,0.1045,0.0617,1,0.0617,0,0,0,0
mhreends0uvc1.webp,6,6,8,8,1.0,adaptive,0.1319,0.0737,1,0.0737,0,0,0,0
mhreends0uvc1.webp,6,7,9,9,0.9999,adaptive,0.1294,0.0722,1,0.0722,0,0,0,0
mhreends0uvc1.webp,6,8,0,0,0.992,adaptive,0.0414,0.0,0,0.0,0,0,0,0
mhreends0uvc1.webp,6,9,2,2,1.0,adaptive,0.1156,0.0575,1,0.0575,0,0,0,0
mhreends0uvc1.webp,7,2,2,2,1.0,adaptive,0.1018,0.0599,1,0.0599,0,0,0,0
mhreends0uvc1.webp,7,5,0,0,0.992,adaptive,0.0568,0.0,0,0.0,0,0,0,0
mhreends0uvc1.webp,7,6,3,3,1.0,adaptive,0.1201,0.0633,1,0.0633,0,0,0,0
mhreends0uvc1.webp,7,7,0,0,0.992,adaptive,0.0557,0.0,0,0.0,0,0,0,0
mhreends0uvc1.webp,7,8,6,6,0.9996,adaptive,0.1151,0.0737,1,0.0737,0,0,0,0
mhreends0uvc1.webp,7,9,0,0,0.992,adaptive,0.0566,0.0,0,0.0,0,0,0,0
mhreends0uvc1.webp,8,5,8,8,1.0,adaptive,0.0739,0.0739,1,0.0739,0,0,0,0
mhreends0uvc1.webp,8,6,7,7,1.0,adaptive,0.0735,0.0436,1,0.0436,0,0,0,0
mhreends0uvc1.webp,8,7,0,0,0.992,adaptive,0.0301,0.0,0,0.0,0,0,0,0
mhreends0uvc1.webp,8,8,4,4,1.0,adaptive,0.0742,0.0613,1,0.0613,0,0,0,0
mhreends0uvc1.webp,8,9,0,0,0.992,adaptive,0.0303,0.0,0,0.0,0,0,0,0
mhreends0uvc1.webp,9,1,0,0,0.992,adaptive,0.0579,0.0,0,0.0,0,0,0,0
mhreends0uvc1.webp,9,2,8,8,1.0,adaptive,0.1043,0.0744,1,0.0744,0,0,0,0
mhreends0uvc1.webp,9,3,3,3,1.0,adaptive,0.1332,0.0626,1,0.0626,0,0,0,0
mhreends0uvc1.webp,9,4,2,2,1.0,adaptive,0.1145,0.057,1,0.057,0,0,0,0
mhreends0uvc1.webp,9,5,5,5,1.0,adaptive,0.1113,0.0683,1,0.0683,0,0,0,0
mhreends0uvc1.webp,9,6,0,0,0.992,adaptive,0.0588,0.0,0,0.0,0,0,0,0
mhreends0uvc1.webp,9,7,7,7,1.0,adaptive,0.1007,0.0437,1,0.0437,0,0,0,0
mhreends0uvc1.webp,9,8,9,9,1.0,adaptive,0.1171,0.0749,1,0.0749,0,0,0,0
mhreends0uvc1.webp,9,9,0,0,0.992,adaptive,0.0588,0.0,0,0.0,0,0,0,0
mizumbutz7pc1.webp,1,2,8,8,1.0,adaptive,0.2395,0.1949,3,0.1192,0,0,0,1
mizumbutz7pc1.webp,1,3,4,4,1.0,adaptive,0.1555,0.1555,2,0.125,0,0,0,0
mizumbutz7pc1.webp,1,5,6,6,0.9999,adaptive,0.1895,0.1875,2,0.1411,0,0,0,0
mizumbutz7pc1.webp,1,6,7,7,1.0,adaptive,0.133,0.133,1,0.133,0,0,0,0
mizumbutz7pc1.webp,1,7,9,9,1.0,adaptive,0.176,0.176,2,0.1305,0,0,0,0
mizumbutz7pc1.webp,1,9,3,3,0.9999,adaptive,0.1813,0.1791,1,0.1791,0,0,0,0
mizumbutz7pc1.webp,2,1,6,6,0.9999,adaptive,0.1757,0.1746,2,0.1296,0,0,0,0
mizumbutz7pc1.webp,2,2,9,9,1.0,adaptive,0.1809,0.1809,2,0.1345,0,0,0,0
mizumbutz7pc1.webp,2,4,3,3,0.9994,adaptive,0.2114,0.194,1,0.194,0,0,0,0
mizumbutz7pc1.webp,2,8,7,7,1.0,adaptive,0.1481,0.1481,1,0.1481,0,0,0,0
mizumbutz7pc1.webp,3,2,3,3,0.9998,adaptive,0.1823,0.1823,1,0.1823,0,0,0,0
mizumbutz7pc1.webp,3,3,7,7,1.0,adaptive,0.1339,0.1339,1,0.1339,0,0,0,0
mizumbutz7pc1.webp,3,8,6,6,1.0,adaptive,0.1818,0.1671,2,0.1237,0,0,0,0
mizumbutz7pc1.webp,4,1,3,3,0.9997,adaptive,0.2208,0.1929,1,0.1929,0,0,0,0
mizumbutz7pc1.webp,4,2,7,7,1.0,adaptive,0.1488,0.1488,1,0.1488,0,0,0,0
mizumbutz7pc1.webp,4,4,9,9,0.9998,adaptive,0.2114,0.184,2,0.1379,0,0,0,0
mizumbutz7pc1.webp,4,5,8,8,1.0,adaptive,0.2051,0.1524,3,0.0882,0,0,0,1
mizumbutz7pc1.webp,4,6,6,6,1.0,adaptive,0.2029,0.162,2,0.1198,0,0,0,0
mizumbutz7pc1.webp,4,8,4,4,1.0,adaptive,0.1531,0.1382,2,0.1072,0,0,0,0
mizumbutz7pc1.webp,5,1,8,8,1.0,adaptive,0.2053,0.152,3,0.0884,0,0,0,1
mizumbutz7pc1.webp,5,3,5,5,1.0,adaptive,0.1891,0.1737,1,0.1737,0,0,0,0
mizumbutz7pc1.webp,5,5,7,7,1.0,adaptive,0.1267,0.1267,1,0.1267,0,0,0,0
mizumbutz7pc1.webp,5,7,6,6,1.0,adaptive,0.1863,0.1857,2,0.1389,0,0,0,0
mizumbutz7pc1.webp,5,8,3,3,0.9999,adaptive,0.1742,0.1742,1,0.1742,0,0,0,0
mizumbutz7pc1.webp,5,9,9,9,1.0,adaptive,0.2157,0.187,2,0.14,0,0,0,0
mizumbutz7pc1.webp,6,1,4,4,1.0,adaptive,0.1831,0.1395,2,0.1089,0,0,0,0
mizumbutz7pc1.webp,6,2,6,6,0.9999,adaptive,0.1777,0.1777,2,0.1325,0,0,0,0
mizumbutz7pc1.webp,6,3,9,9,1.0,adaptive,0.2078,0.1664,2,0.1234,0,0,0,0
mizumbutz7pc1.webp,6,5,3,3,0.9998,adaptive,0.2001,0.1703,1,0.1703,0,0,0,0
mizumbutz7pc1.webp,6,7,8,8,1.0,adaptive,0.2528,0.1922,3,0.1192,0,0,0,1
mizumbutz7pc1.webp,6,9,7,7,1.0,adaptive,0.1735,0.1232,1,0.1232,0,0,0,0
mizumbutz7pc1.webp,7,1,7,7,1.0,adaptive,0.1446,0.1245,1,0.1245,0,0,0,0
mizumbutz7pc1.webp,7,2,5,5,1.0,adaptive,0.1877,0.1877,1,0.1877,0,0,0,0
mizumbutz7pc1.webp,7,3,6,6,1.0,adaptive,0.1958,0.1813,2,0.1361,0,0,0,0
mizumbutz7pc1.webp,7,4,8,8,1.0,adaptive,0.229,0.1504,3,0.0891,0,0,0,0
mizumbutz7pc1.webp,7,5,4,4,1.0,adaptive,0.1549,0.1549,2,0.1239,0,0,0,0
mizumbutz7pc1.webp,7,6,3,3,0.9996,adaptive,0.1976,0.1682,1,0.1682,0,0,0,0
mizumbutz7pc1.webp,7,7,2,2,1.0,adaptive,0.1978,0.1856,1,0.1856,0,0,0,0
mizumbutz7pc1.webp,7,8,9,9,1.0,adaptive,0.1809,0.1694,2,0.1251,0,0,0,0
mizumbutz7pc1.webp,7,9,1,1,1.0,adaptive,0.1334,0.0994,1,0.0994,0,0,0,0
mizumbutz7pc1.webp,8,1,9,9,1.0,adaptive,0.2144,0.1827,2,0.1361,0,0,0,0
mizumbutz7pc1.webp,8,2,4,4,1.0,adaptive,0.1508,0.1494,2,0.1185,0,0,0,0
mizumbutz7pc1.webp,8,3,8,8,1.0,adaptive,0.2117,0.1531,3,0.0875,0,0,0,1
mizumbutz7pc1.webp,8,4,7,7,1.0,adaptive,0.1554,0.1343,1,0.1343,0,0,0,0
mizumbutz7pc1.webp,8,7,3,3,0.9999,adaptive,0.1714,0.1703,1,0.1703,0,0,0,0
mizumbutz7pc1.webp,8,8,5,5,1.0,adaptive,0.205,0.2016,1,0.2016,0,0,0,0
mizumbutz7pc1.webp,8,9,6,6,0.9999,adaptive,0.1922,0.1635,2,0.121,0,0,0,0
mizumbutz7pc1.webp,9,3,3,3,0.9999,adaptive,0.2098,0.1664,1,0.1664,0,0,0,0
mizumbutz7pc1.webp,9,4,6,6,1.0,adaptive,0.2025,0.1615,2,0.1198,0,0,0,0
mizumbutz7pc1.webp,9,7,7,7,1.0,adaptive,0.1553,0.1198,1,0.1198,0,0,0,0
mizumbutz7pc1.webp,9,8,8,8,1.0,adaptive,0.2216,0.1531,3,0.0873,0,0,0,1
mizumbutz7pc1.webp,9,9,4,4,1.0,adaptive,0.1934,0.1381,2,0.108,0,0,0,0
mkrgdqizttdc1.webp,1,1,6,6,0.9999,adaptive,0.1399,0.0824,1,0.0824,0,0,0,0
mkrgdqizttdc1.webp,1,2,7,7,1.0,adaptive,0.0954,0.0531,1,0.0531,0,0,0,0
mkrgdqizttdc1.webp,1,3,2,2,1.0,adaptive,0.1415,0.0715,1,0.0715,0,0,0,0
mkrgdqizttdc1.webp,1,4,5,5,1.0,adaptive,0.1542,0.078,1,0.078,0,0,0,0
mkrgdqizttdc1.webp,1,5,3,3,1.0,adaptive,0.1113,0.0724,1,0.0724,0,0,0,0
mkrgdqizttdc1.webp,1,6,1,1,0.9979,adaptive,0.1029,0.041,1,0.041,0,0,0,0
mkrgdqizttdc1.webp,1,7,9,9,0.9999,adaptive,0.1528,0.0855,1,0.0855,0,0,0,0
mkrgdqizttdc1.webp,2,1,5,5,1.0,adaptive,0.1104,0.0801,1,0.0801,0,0,0,0
mkrgdqizttdc1.webp,2,2,4,4,1.0,adaptive,0.0728,0.0723,1,0.0723,0,0,0,0
mkrgdqizttdc1.webp,2,4,8,8,1.0,adaptive,0.1569,0.0875,1,0.0875,0,0,0,0
mkrgdqizttdc1.webp,2,7,6,6,1.0,adaptive,0.0986,0.0837,1,0.0837,0,0,0,0
mkrgdqizttdc1.webp,2,9,3,3,1.0,adaptive,0.1312,0.0758,1,0.0758,0,0,0,0
mkrgdqizttdc1.webp,3,1,8,8,1.0,adaptive,0.1426,0.084,1,0.084,0,0,0,0
mkrgdqizttdc1.webp,3,2,3,3,1.0,adaptive,0.1047,0.0746,1,0.0746,0,0,0,0
mkrgdqizttdc1.webp,3,4,6,6,0.9999,adaptive,0.1395,0.0818,1,0.0818,0,0,0,0
mkrgdqizttdc1.webp,3,5,4,4,1.0,adaptive,0.126,0.0699,1,0.0699,0,0,0,0
mkrgdqizttdc1.webp,3,7,2,2,1.0,adaptive,0.1506,0.0682,1,0.0682,0,0,0,0
mkrgdqizttdc1.webp,3,8,5,5,1.0,adaptive,0.14,0.0828,1,0.0828,0,0,0,0
mkrgdqizttdc1.webp,4,2,5,5,1.0,adaptive,0.1508,0.0796,1,0.0796,0,0,0,0
mkrgdqizttdc1.webp,4,3,7,7,1.0,adaptive,0.1475,0.0512,1,0.0512,0,0,0,0
mkrgdqizttdc1.webp,4,4,4,4,1.0,adaptive,0.1762,0.0679,1,0.0679,0,0,0,0
mkrgdqizttdc1.webp,4,5,9,9,1.0,adaptive,0.1583,0.0875,1,0.0875,0,0,0,0
mkrgdqizttdc1.webp,4,6,6,6,0.9999,adaptive,0.1406,0.0826,1,0.0826,0,0,0,0
mkrgdqizttdc1.webp,4,9,2,2,1.0,adaptive,0.1689,0.0706,1,0.0706,0,0,0,0
mkrgdqizttdc1.webp,5,2,9,9,1.0,adaptive,0.115,0.0882,1,0.0882,0,0,0,0
mkrgdqizttdc1.webp,5,3,6,6,1.0,adaptive,0.1156,0.0857,1,0.0857,0,0,0,0
mkrgdqizttdc1.webp,5,4,2,2,1.0,adaptive,0.1425,0.0726,1,0.0726,0,0,0,0
mkrgdqizttdc1.webp,5,9,5,5,1.0,adaptive,0.1398,0.0825,1,0.0825,0,0,0,0
mkrgdqizttdc1.webp,6,1,2,2,1.0,adaptive,0.1294,0.0706,1,0.0706,0,0,0,0
mkrgdqizttdc1.webp,6,2,8,8,1.0,adaptive,0.1592,0.0889,1,0.0889,0,0,0,0
mkrgdqizttdc1.webp,6,3,4,4,1.0,adaptive,0.1646,0.0695,1,0.0695,0,0,0,0
mkrgdqizttdc1.webp,6,4,7,7,1.0,adaptive,0.1597,0.0526,1,0.0526,0,0,0,0
mkrgdqizttdc1.webp,6,8,9,9,0.9999,adaptive,0.1551,0.085,1,0.085,0,0,0,0
mkrgdqizttdc1.webp,6,9,6,6,0.9998,adaptive,0.1579,0.0798,1,0.0798,0,0,0,0
mkrgdqizttdc1.webp,7,1,9,9,1.0,adaptive,0.1493,0.0826,1,0.0826,0,0,0,0
mkrgdqizttdc1.webp,7,3,8,8,1.0,adaptive,0.1689,0.0864,1,0.0864,0,0,0,0
mkrgdqizttdc1.webp,7,4,3,3,1.0,adaptive,0.1669,0.0722,1,0.0722,0,0,0,0
mkrgdqizttdc1.webp,7,6,4,4,1.0,adaptive,0.1524,0.0695,1,0.0695,0,0,0,0
mkrgdqizttdc1.webp,7,7,5,5,1.0,adaptive,0.1604,0.0786,1,0.0786,0,0,0,0
mkrgdqizttdc1.webp,7,8,6,6,0.9999,adaptive,0.0993,0.0844,1,0.0844,0,0,0,0
mkrgdqizttdc1.webp,8,1,7,7,1.0,adaptive,0.0979,0.0547,1,0.0547,0,0,0,0
mkrgdqizttdc1.webp,8,2,6,6,0.9999,adaptive,0.0829,0.0829,1,0.0829,0,0,0,0
mkrgdqizttdc1.webp,8,3,3,3,1.0,adaptive,0.1402,0.0755,1,0.0755,0,0,0,0
mkrgdqizttdc1.webp,8,8,2,2,1.0,adaptive,0.1244,0.0739,1,0.0739,0,0,0,0
mkrgdqizttdc1.webp,9,1,4,4,1.0,adaptive,0.1408,0.0688,1,0.0688,0,0,0,0
mkrgdqizttdc1.webp,9,3,5,5,1.0,adaptive,0.164,0.0786,1,0.0786,0,0,0,0
mkrgdqizttdc1.webp,9,5,6,6,1.0,adaptive,0.1314,0.0866,1,0.0866,0,0,0,0
mmabi8yfe8yc1.webp,1,1,5,0,0.858,adaptive,0.1824,0.0423,6,0.0196,2,0,1,0
mmabi8yfe8yc1.webp,1,7,4,4,0.9916,adaptive,0.1907,0.1063,2,0.1009,0,0,0,0
mmabi8yfe8yc1.webp,1,8,2,4,0.6904,adaptive,0.175,0.0864,6,0.076,4,0,0,0
mmabi8yfe8yc1.webp,1,9,7,7,0.9791,adaptive,0.2651,0.1593,8,0.102,4,0,0,0
mmabi8yfe8yc1.webp,2,2,4,4,0.9719,adaptive,0.2045,0.1426,10,0.11,5,0,0,1
mmabi8yfe8yc1.webp,2,4,6,6,0.7495,adaptive,0.1979,0.1038,8,0.0837,5,0,0,0
mmabi8yfe8yc1.webp,2,6,7,7,0.5188,adaptive,0.2157,0.1018,5,0.0749,1,0,1,0
mmabi8yfe8yc1.webp,2,7,9,9,0.5738,adaptive,0.2598,0.1226,6,0.1043,3,0,1,1
mmabi8yfe8yc1.webp,2,8,1,4,0.9856,adaptive,0.2243,0.1286,5,0.0705,1,0,0,0
mmabi8yfe8yc1.webp,2,9,5,4,0.3906,adaptive,0.22,0.1393,7,0.0853,2,0,0,1
mmabi8yfe8yc1.webp,3,1,1,4,0.4501,adaptive,0.1902,0.106,8,0.0793,6,0,0,0
mmabi8yfe8yc1.webp,3,2,9,9,0.7454,adaptive,0.2913,0.1843,7,0.1364,4,0,0,0
mmabi8yfe8yc1.webp,3,3,7,4,0.7178,adaptive,0.3041,0.1769,8,0.1484,3,0,0,1
mmabi8yfe8yc1.webp,3,4,2,4,0.9472,adaptive,0.2379,0.1156,9,0.0802,3,0,0,1
mmabi8yfe8yc1.webp,3,5,5,8,0.8214,adaptive,0.282,0.1558,7,0.1067,3,0,0,0
mmabi8yfe8yc1.webp,3,6,4,4,0.965,adaptive,0.3012,0.1225,9,0.092,5,0,0,0
mmabi8yfe8yc1.webp,3,7,6,4,0.7632,adaptive,0.3252,0.1867,4,0.1437,1,0,0,0
mmabi8yfe8yc1.webp,3,8,8,4,0.7005,adaptive,0.3166,0.1924,8,0.1167,2,0,0,1
mmabi8yfe8yc1.webp,3,9,3,4,0.5758,adaptive,0.2248,0.0922,6,0.0682,4,0,0,0
mmabi8yfe8yc1.webp,4,1,7,4,0.7837,adaptive,0.2671,0.1771,8,0.1646,6,0,0,0
mmabi8yfe8yc1.webp,4,3,4,4,0.7873,adaptive,0.2306,0.1043,7,0.0844,4,0,0,0
mmabi8yfe8yc1.webp,4,6,2,4,0.6787,adaptive,0.2515,0.1194,8,0.0728,5,0,0,0
mmabi8yfe8yc1.webp,4,7,5,8,0.7651,adaptive,0.301,0.1651,9,0.0938,5,0,0,0
mmabi8yfe8yc1.webp,4,8,9,4,0.9749,adaptive,0.3021,0.1875,3,0.1875,2,0,0,0
mmabi8yfe8yc1.webp,4,9,8,4,0.6051,adaptive,0.2257,0.1054,4,0.1054,3,0,0,0
mmabi8yfe8yc1.webp,5,2,8,8,0.9947,adaptive,0.2528,0.1373,13,0.1077,9,0,0,0
mmabi8yfe8yc1.webp,5,3,5,0,0.7383,adaptive,0.2191,0.0495,8,0.0158,3,0,1,0
mmabi8yfe8yc1.webp,5,4,4,4,0.9544,adaptive,0.2289,0.1135,9,0.0952,6,0,0,0
mmabi8yfe8yc1.webp,5,5,7,7,0.9909,adaptive,0.2082,0.1058,7,0.0803,4,0,0,0
mmabi8yfe8yc1.webp,5,6,9,4,0.9979,adaptive,0.2198,0.1108,3,0.0968,1,0,0,0
mmabi8yfe8yc1.webp,5,7,1,4,0.9992,adaptive,0.2675,0.1536,10,0.1081,5,0,0,1
mmabi8yfe8yc1.webp,5,9,2,4,0.8825,adaptive,0.2175,0.1065,9,0.0742,5,0,0,1
mmabi8yfe8yc1.webp,6,2,1,4,0.6942,adaptive,0.2065,0.0932,8,0.062,4,0,0,1
mmabi8yfe8yc1.webp,6,4,5,5,0.2941,adaptive,0.2303,0.088,8,0.0713,5,0,0,1
mmabi8yfe8yc1.webp,6,7,7,4,0.5798,adaptive,0.3353,0.2041,5,0.1657,2,0,0,0
mmabi8yfe8yc1.webp,6,9,4,4,0.7281,adaptive,0.2976,0.1671,10,0.1038,6,0,0,1
mmabi8yfe8yc1.webp,7,2,2,4,0.9423,adaptive,0.2603,0.1364,7,0.0796,2,0,0,1
mmabi8yfe8yc1.webp,7,4,3,4,0.6438,adaptive,0.2136,0.119,7,0.1083,4,0,0,0
mmabi8yfe8yc1.webp,7,5,4,4,0.9489,adaptive,0.2142,0.1065,7,0.0961,5,0,0,0
mmabi8yfe8yc1.webp,7,6,5,8,0.6207,adaptive,0.2651,0.1406,7,0.0806,2,0,0,1
mmabi8yfe8yc1.webp,7,7,8,8,0.9778,adaptive,0.2475,0.1194,7,0.0967,3,0,0,1
mmabi8yfe8yc1.webp,7,8,7,2,0.6798,adaptive,0.2592,0.1441,10,0.0938,6,0,0,1
mmabi8yfe8yc1.webp,7,9,1,5,0.9711,adaptive,0.2802,0.0927,15,0.0272,9,1,0,1
mmabi8yfe8yc1.webp,8,1,8,8,0.9728,adaptive,0.2718,0.1811,15,0.0776,7,0,0,1
mmabi8yfe8yc1.webp,8,2,5,0,0.7984,adaptive,0.171,0.0875,8,0.0663,4,0,0,0
mmabi8yfe8yc1.webp,8,3,1,4,0.9996,adaptive,0.1967,0.1061,6,0.0898,3,0,0,1
mmabi8yfe8yc1.webp,8,4,7,7,0.9957,adaptive,0.2117,0.1147,11,0.0995,8,0,0,1
mmabi8yfe8yc1.webp,8,5,2,4,0.7342,adaptive,0.1951,0.0976,8,0.0627,5,0,0,1
mmabi8yfe8yc1.webp,8,6,6,6,0.9511,adaptive,0.2707,0.1486,4,0.1429,2,0,0,0
mmabi8yfe8yc1.webp,8,7,3,2,0.9519,adaptive,0.2438,0.1409,8,0.0991,4,0,0,0
mmabi8yfe8yc1.webp,8,8,4,4,0.9562,adaptive,0.267,0.123,13,0.0868,9,0,1,0
mmabi8yfe8yc1.webp,8,9,9,2,0.7673,adaptive,0.2399,0.0997,6,0.0997,4,0,1,0
mmabi8yfe8yc1.webp,9,1,4,4,0.9906,adaptive,0.2564,0.1314,12,0.1089,9,0,0,0
mmabi8yfe8yc1.webp,9,2,7,0,0.941,adaptive,0.2051,0.0398,11,0.0299,8,0,1,0
mmabi8yfe8yc1.webp,9,3,3,3,0.7198,adaptive,0.2811,0.1504,5,0.1243,2,0,0,1
mmabi8yfe8yc1.webp,9,7,2,4,0.9865,adaptive,0.2938,0.1671,8,0.0862,2,0,0,1
mmabi8yfe8yc1.webp,9,8,5,5,0.6977,adaptive,0.2555,0.1176,8,0.0527,2,0,1,1
mmabi8yfe8yc1.webp,9,9,6,8,0.6406,adaptive,0.1963,0.1085,7,0.0581,3,0,0,1
mr43a112atwc1.webp,1,2,9,9,1.0,adaptive,0.1137,0.0837,1,0.0837,0,0,0,0
mr43a112atwc1.webp,1,3,6,6,1.0,adaptive,0.1557,0.0844,1,0.0844,0,0,0,0
mr43a112atwc1.webp,1,6,2,2,1.0,adaptive,0.1497,0.0684,1,0.0684,0,0,0,0
mr43a112atwc1.webp,2,5,7,7,1.0,adaptive,0.0824,0.053,1,0.053,0,0,0,0
mr43a112atwc1.webp,2,9,6,6,0.9999,adaptive,0.1436,0.0857,1,0.0857,0,0,0,0
mr43a112atwc1.webp,3,3,3,3,1.0,adaptive,0.1553,0.0722,1,0.0722,0,0,0,0
mr43a112atwc1.webp,3,6,6,6,0.9998,adaptive,0.1789,0.0824,1,0.0824,0,0,0,0
mr43a112atwc1.webp,3,9,4,4,1.0,adaptive,0.1546,0.0693,1,0.0693,0,0,0,0
mr43a112atwc1.webp,4,1,5,5,1.0,adaptive,0.1472,0.0757,1,0.0757,0,0,0,0
mr43a112atwc1.webp,4,2,3,3,1.0,adaptive,0.1316,0.0744,1,0.0744,0,0,0,0
mr43a112atwc1.webp,4,4,8,8,1.0,adaptive,0.1816,0.0853,1,0.0853,0,0,0,0
mr43a112atwc1.webp,4,6,4,4,1.0,adaptive,0.1666,0.0699,1,0.0699,0,0,0,0
mr43a112atwc1.webp,5,4,5,5,1.0,adaptive,0.161,0.0801,1,0.0801,0,0,0,0
mr43a112atwc1.webp,5,5,2,2,1.0,adaptive,0.1127,0.0712,1,0.0712,0,0,0,0
mr43a112atwc1.webp,5,6,7,7,1.0,adaptive,0.1336,0.0518,1,0.0518,0,0,0,0
mr43a112atwc1.webp,5,9,1,1,0.9965,adaptive,0.1133,0.0423,1,0.0423,0,0,0,0
mr43a112atwc1.webp,6,2,2,2,1.0,adaptive,0.128,0.0708,1,0.0708,0,0,0,0
mr43a112atwc1.webp,6,5,6,6,1.0,adaptive,0.1436,0.0862,1,0.0862,0,0,0,0
mr43a112atwc1.webp,6,6,3,3,1.0,adaptive,0.1691,0.0726,1,0.0726,0,0,0,0
mr43a112atwc1.webp,6,7,5,5,1.0,adaptive,0.1626,0.08,1,0.08,0,0,0,0
mr43a112atwc1.webp,7,4,7,7,1.0,adaptive,0.1602,0.0524,1,0.0524,0,0,0,0
mr43a112atwc1.webp,7,6,8,8,1.0,adaptive,0.1938,0.0851,1,0.0851,0,0,0,0
mr43a112atwc1.webp,8,1,1,1,0.9983,adaptive,0.0821,0.04,1,0.04,0,0,0,0
mr43a112atwc1.webp,8,4,2,2,1.0,adaptive,0.1398,0.0687,1,0.0687,0,0,0,0
mr43a112atwc1.webp,8,7,7,7,1.0,adaptive,0.1085,0.0513,1,0.0513,0,0,0,0
mr43a112atwc1.webp,9,3,4,4,1.0,adaptive,0.1432,0.0708,1,0.0708,0,0,0,0
mr43a112atwc1.webp,9,4,6,6,0.9999,adaptive,0.1682,0.084,1,0.084,0,0,0,0
mr43a112atwc1.webp,9,6,1,1,0.997,adaptive,0.125,0.0403,1,0.0403,0,0,0,0
mr43a112atwc1.webp,9,7,9,9,1.0,adaptive,0.1546,0.084,1,0.084,0,0,0,0
mr43a112atwc1.webp,9,9,8,8,1.0,adaptive,0.1582,0.0855,1,0.0855,0,0,0,0
mr778zk2sbbc1.webp,1,1,1,1,0.9998,adaptive,0.1555,0.0575,2,0.0352,0,0,0,0
mr778zk2sbbc1.webp,1,2,3,3,1.0,adaptive,0.2494,0.1766,1,0.1766,0,0,0,0
mr778zk2sbbc1.webp,1,9,5,5,1.0,adaptive,0.2767,0.1787,1,0.1787,0,0,0,0
mr778zk2sbbc1.webp,2,5,3,3,1.0,adaptive,0.1837,0.1816,1,0.1816,0,0,0,0
mr778zk2sbbc1.webp,2,7,9,9,0.9999,adaptive,0.2562,0.1845,2,0.1454,0,0,0,0
mr778zk2sbbc1.webp,2,8,8,8,1.0,adaptive,0.1885,0.1903,3,0.1214,0,0,0,1
mr778zk2sbbc1.webp,2,9,1,1,0.9996,adaptive,0.1011,0.054,2,0.0312,0,0,0,0
mr778zk2sbbc1.webp,3,4,1,1,1.0,adaptive,0.1876,0.1014,1,0.1014,0,0,0,0
mr778zk2sbbc1.webp,3,6,5,5,1.0,adaptive,0.1996,0.1796,1,0.1796,0,0,0,0
mr778zk2sbbc1.webp,3,9,2,2,1.0,adaptive,0.155,0.0938,3,0.0624,1,0,0,0
mr778zk2sbbc1.webp,4,1,7,7,1.0,adaptive,0.2502,0.1263,1,0.1263,0,0,0,0
mr778zk2sbbc1.webp,4,2,6,6,1.0,adaptive,0.2227,0.1228,2,0.0927,0,0,0,0
mr778zk2sbbc1.webp,4,3,5,5,1.0,adaptive,0.2945,0.1822,1,0.1822,0,0,0,0
mr778zk2sbbc1.webp,4,4,3,3,0.9961,adaptive,0.2344,0.0967,3,0.0737,1,0,0,0
mr778zk2sbbc1.webp,4,5,8,8,1.0,adaptive,0.2725,0.1872,3,0.1192,0,0,0,1
mr778zk2sbbc1.webp,4,6,1,1,0.9998,adaptive,0.1435,0.0561,3,0.0343,1,0,0,0
mr778zk2sbbc1.webp,4,7,2,2,1.0,adaptive,0.221,0.0947,3,0.0457,0,0,0,1
mr778zk2sbbc1.webp,4,8,9,9,1.0,adaptive,0.1995,0.1235,2,0.0929,0,0,0,0
mr778zk2sbbc1.webp,4,9,4,4,1.0,adaptive,0.2453,0.1412,2,0.1121,0,0,0,0
mr778zk2sbbc1.webp,5,1,3,3,1.0,adaptive,0.2354,0.1768,1,0.1768,0,0,0,0
mr778zk2sbbc1.webp,5,2,8,8,1.0,adaptive,0.2128,0.1892,3,0.1208,0,0,0,1
mr778zk2sbbc1.webp,5,3,4,4,1.0,adaptive,0.116,0.085,4,0.0502,1,0,0,0
mr778zk2sbbc1.webp,5,4,9,9,1.0,adaptive,0.1827,0.1232,2,0.0929,0,0,0,0
mr778zk2sbbc1.webp,5,5,2,2,1.0,adaptive,0.1632,0.1621,1,0.1621,0,0,0,0
mr778zk2sbbc1.webp,5,6,6,6,1.0,adaptive,0.1232,0.123,2,0.0934,0,0,0,0
mr778zk2sbbc1.webp,5,7,1,1,1.0,adaptive,0.1597,0.0988,1,0.0988,0,0,0,0
mr778zk2sbbc1.webp,5,8,5,5,1.0,adaptive,0.1152,0.1136,2,0.0569,0,0,0,0
mr778zk2sbbc1.webp,5,9,7,7,1.0,adaptive,0.1167,0.0746,3,0.0482,0,0,0,1
mr778zk2sbbc1.webp,6,1,9,9,1.0,adaptive,0.2426,0.1822,2,0.1426,0,0,0,0
mr778zk2sbbc1.webp,6,2,2,2,1.0,adaptive,0.182,0.1615,1,0.1615,0,0,0,0
mr778zk2sbbc1.webp,6,3,1,1,0.9996,adaptive,0.0962,0.0524,3,0.0316,1,0,0,0
mr778zk2sbbc1.webp,6,4,4,4,1.0,adaptive,0.2027,0.1419,2,0.1123,0,0,0,0
mr778zk2sbbc1.webp,6,5,5,5,1.0,adaptive,0.126,0.1167,4,0.071,1,0,0,1
mr778zk2sbbc1.webp,6,6,7,7,1.0,adaptive,0.0947,0.0686,4,0.0437,1,0,0,1
mr778zk2sbbc1.webp,6,7,8,8,1.0,adaptive,0.1853,0.1239,3,0.0702,0,0,0,1
mr778zk2sbbc1.webp,6,8,6,6,1.0,adaptive,0.1364,0.1208,3,0.0923,1,0,0,0
mr778zk2sbbc1.webp,6,9,3,3,1.0,adaptive,0.2217,0.174,1,0.174,0,0,0,0
mr778zk2sbbc1.webp,7,3,7,7,1.0,adaptive,0.1922,0.1205,1,0.1205,0,0,0,0
mr778zk2sbbc1.webp,7,4,2,2,1.0,adaptive,0.2602,0.1613,1,0.1613,0,0,0,0
mr778zk2sbbc1.webp,8,7,5,5,1.0,adaptive,0.2313,0.1802,1,0.1802,0,0,0,0
mr778zk2sbbc1.webp,9,2,1,1,1.0,adaptive,0.1723,0.0988,1,0.0988,0,0,0,0
mr778zk2sbbc1.webp,9,4,5,5,1.0,adaptive,0.2268,0.1141,1,0.1141,0,0,0,0
mr778zk2sbbc1.webp,9,6,9,9,1.0,adaptive,0.2433,0.182,2,0.1426,0,0,0,0
mr778zk2sbbc1.webp,9,9,6,6,1.0,adaptive,0.2807,0.1822,2,0.1441,0,0,0,0
n2022oo817rc1.webp,1,2,1,1,1.0,adaptive,0.1592,0.0633,1,0.0633,0,0,0,0
n2022oo817rc1.webp,1,4,4,4,1.0,adaptive,0.1715,0.0748,1,0.0748,0,0,0,0
n2022oo817rc1.webp,1,7,7,7,1.0,adaptive,0.1591,0.0628,1,0.0628,0,0,0,0
n2022oo817rc1.webp,2,5,1,1,1.0,adaptive,0.1311,0.0608,1,0.0608,0,0,0,0
n2022oo817rc1.webp,2,6,5,5,1.0,adaptive,0.1834,0.0862,1,0.0862,0,0,0,0
n2022oo817rc1.webp,2,7,8,8,1.0,adaptive,0.1809,0.0959,1,0.0959,0,0,0,0
n2022oo817rc1.webp,2,8,3,3,1.0,adaptive,0.1524,0.0824,1,0.0824,0,0,0,0
n2022oo817rc1.webp,2,9,4,4,1.0,adaptive,0.1606,0.0758,1,0.0758,0,0,0,0
n2022oo817rc1.webp,3,3,4,4,1.0,adaptive,0.1613,0.0753,1,0.0753,0,0,0,0
n2022oo817rc1.webp,3,6,6,6,0.9999,adaptive,0.1838,0.088,1,0.088,0,0,0,0
n2022oo817rc1.webp,3,7,2,2,1.0,adaptive,0.1671,0.0818,1,0.0818,0,0,0,0
n2022oo817rc1.webp,3,8,1,1,0.9999,adaptive,0.1427,0.0604,1,0.0604,0,0,0,0
n2022oo817rc1.webp,3,9,9,9,1.0,adaptive,0.1726,0.0882,1,0.0882,0,0,0,0
n2022oo817rc1.webp,4,1,4,4,1.0,adaptive,0.1557,0.0728,1,0.0728,0,0,0,0
n2022oo817rc1.webp,4,6,2,2,1.0,adaptive,0.1771,0.0813,1,0.0813,0,0,0,0
n2022oo817rc1.webp,4,7,9,9,0.9999,adaptive,0.1733,0.0891,1,0.0891,0,0,0,0
n2022oo817rc1.webp,5,1,3,3,1.0,adaptive,0.1649,0.0825,1,0.0825,0,0,0,0
n2022oo817rc1.webp,5,3,1,1,1.0,adaptive,0.1459,0.0626,1,0.0626,0,0,0,0
n2022oo817rc1.webp,5,4,5,5,1.0,adaptive,0.1701,0.0855,1,0.0855,0,0,0,0
n2022oo817rc1.webp,6,8,8,8,1.0,adaptive,0.168,0.0954,1,0.0954,0,0,0,0
n2022oo817rc1.webp,7,1,1,1,0.9999,adaptive,0.1417,0.0581,1,0.0581,0,0,0,0
n2022oo817rc1.webp,7,2,4,4,1.0,adaptive,0.161,0.0769,1,0.0769,0,0,0,0
n2022oo817rc1.webp,7,5,5,5,1.0,adaptive,0.1594,0.0871,1,0.0871,0,0,0,0
n2022oo817rc1.webp,7,7,3,3,1.0,adaptive,0.1642,0.08,1,0.08,0,0,0,0
n2022oo817rc1.webp,7,9,8,8,1.0,adaptive,0.1791,0.0938,1,0.0938,0,0,0,0
n2022oo817rc1.webp,8,2,2,2,1.0,adaptive,0.1554,0.0833,1,0.0833,0,0,0,0
n2022oo817rc1.webp,8,6,8,8,1.0,adaptive,0.168,0.0959,1,0.0959,0,0,0,0
n2022oo817rc1.webp,8,9,7,7,1.0,adaptive,0.1346,0.0626,1,0.0626,0,0,0,0
n2022oo817rc1.webp,9,1,8,8,1.0,adaptive,0.1809,0.0945,1,0.0945,0,0,0,0
n2022oo817rc1.webp,9,3,9,9,0.9999,adaptive,0.1744,0.0898,1,0.0898,0,0,0,0
n4dsj8b32sic1.webp,1,2,2,2,1.0,adaptive,0.1271,0.0692,1,0.0692,0,0,0,0
n4dsj8b32sic1.webp,1,3,8,8,1.0,adaptive,0.1704,0.0871,1,0.0871,0,0,0,0
n4dsj8b32sic1.webp,1,4,7,7,1.0,adaptive,0.1444,0.0497,1,0.0497,0,0,0,0
n4dsj8b32sic1.webp,1,5,5,5,1.0,adaptive,0.1407,0.0837,1,0.0837,0,0,0,0
n4dsj8b32sic1.webp,1,6,6,6,0.9999,adaptive,0.1775,0.0838,1,0.0838,0,0,0,0
n4dsj8b32sic1.webp,2,1,1,1,0.9971,adaptive,0.097,0.0412,1,0.0412,0,0,0,0
n4dsj8b32sic1.webp,2,4,9,9,1.0,adaptive,0.1565,0.0868,1,0.0868,0,0,0,0
n4dsj8b32sic1.webp,2,5,2,2,1.0,adaptive,0.1028,0.0725,1,0.0725,0,0,0,0
n4dsj8b32sic1.webp,2,6,4,4,1.0,adaptive,0.1393,0.0703,1,0.0703,0,0,0,0
n4dsj8b32sic1.webp,2,7,5,5,1.0,adaptive,0.1463,0.0796,1,0.0796,0,0,0,0
n4dsj8b32sic1.webp,2,8,8,8,1.0,adaptive,0.1382,0.0865,1,0.0865,0,0,0,0
n4dsj8b32sic1.webp,2,9,6,6,1.0,adaptive,0.1547,0.0864,1,0.0864,0,0,0,0
n4dsj8b32sic1.webp,3,2,6,6,1.0,adaptive,0.1443,0.0877,1,0.0877,0,0,0,0
n4dsj8b32sic1.webp,3,4,8,8,1.0,adaptive,0.1809,0.0849,1,0.0849,0,0,0,0
n4dsj8b32sic1.webp,3,5,3,3,1.0,adaptive,0.1018,0.0719,1,0.0719,0,0,0,0
n4dsj8b32sic1.webp,3,6,1,1,0.9638,adaptive,0.1261,0.0405,1,0.0405,0,0,0,0
n4dsj8b32sic1.webp,3,8,7,7,1.0,adaptive,0.1194,0.0525,1,0.0525,0,0,0,0
n4dsj8b32sic1.webp,4,3,4,4,1.0,adaptive,0.1657,0.0697,1,0.0697,0,0,0,0
n4dsj8b32sic1.webp,4,4,5,5,1.0,adaptive,0.1862,0.0789,1,0.0789,0,0,0,0
n4dsj8b32sic1.webp,4,5,7,7,1.0,adaptive,0.1242,0.0531,1,0.0531,0,0,0,0
n4dsj8b32sic1.webp,4,6,2,2,1.0,adaptive,0.1635,0.0677,1,0.0677,0,0,0,0
n4dsj8b32sic1.webp,4,7,8,8,1.0,adaptive,0.1802,0.0855,1,0.0855,0,0,0,0
n4dsj8b32sic1.webp,5,4,4,4,1.0,adaptive,0.142,0.0715,1,0.0715,0,0,0,0
n4dsj8b32sic1.webp,5,5,8,8,1.0,adaptive,0.1159,0.0872,1,0.0872,0,0,0,0
n4dsj8b32sic1.webp,5,6,3,3,1.0,adaptive,0.1052,0.0753,1,0.0753,0,0,0,0
n4dsj8b32sic1.webp,6,1,2,2,1.0,adaptive,0.1671,0.0717,1,0.0717,0,0,0,0
n4dsj8b32sic1.webp,6,2,8,8,1.0,adaptive,0.1567,0.0848,1,0.0848,0,0,0,0
n4dsj8b32sic1.webp,6,4,1,1,0.996,adaptive,0.1526,0.0452,1,0.0452,0,0,0,0
n4dsj8b32sic1.webp,6,5,6,6,0.9988,adaptive,0.1569,0.0871,1,0.0871,0,0,0,0
n4dsj8b32sic1.webp,6,6,9,9,0.9999,adaptive,0.1807,0.0853,1,0.0853,0,0,0,0
n4dsj8b32sic1.webp,6,7,4,4,1.0,adaptive,0.1631,0.0682,1,0.0682,0,0,0,0
n4dsj8b32sic1.webp,6,9,7,7,1.0,adaptive,0.1504,0.0528,1,0.0528,0,0,0,0
n4dsj8b32sic1.webp,7,3,2,2,1.0,adaptive,0.1499,0.0686,1,0.0686,0,0,0,0
n4dsj8b32sic1.webp,7,4,3,3,1.0,adaptive,0.1161,0.0726,1,0.0726,0,0,0,0
n4dsj8b32sic1.webp,7,5,9,9,1.0,adaptive,0.142,0.0868,1,0.0868,0,0,0,0
n4dsj8b32sic1.webp,7,6,8,8,1.0,adaptive,0.1669,0.0853,1,0.0853,0,0,0,0
n4dsj8b32sic1.webp,7,8,4,4,1.0,adaptive,0.1271,0.0706,1,0.0706,0,0,0,0
n4dsj8b32sic1.webp,8,1,8,8,1.0,adaptive,0.1486,0.0853,1,0.0853,0,0,0,0
n4dsj8b32sic1.webp,8,6,5,5,1.0,adaptive,0.149,0.0816,1,0.0816,0,0,0,0
n4dsj8b32sic1.webp,8,9,9,9,0.9999,adaptive,0.156,0.0873,1,0.0873,0,0,0,0
n4dsj8b32sic1.webp,9,1,3,3,1.0,adaptive,0.1448,0.0728,1,0.0728,0,0,0,0
n4dsj8b32sic1.webp,9,6,7,7,1.0,adaptive,0.1377,0.0521,1,0.0521,0,0,0,0
n4dsj8b32sic1.webp,9,9,8,8,1.0,adaptive,0.1579,0.0851,1,0.0851,0,0,0,0
nbwlt1y6a4sc1.webp,1,3,8,8,0.9996,adaptive,0.2493,0.1746,6,0.1746,5,0,0,0
nbwlt1y6a4sc1.webp,1,6,2,2,0.9974,adaptive,0.2083,0.1014,11,0.1014,9,1,0,0
nbwlt1y6a4sc1.webp,1,9,4,9,0.4308,adaptive,0.2352,0.1657,2,0.086,0,0,0,0
nbwlt1y6a4sc1.webp,2,1,2,2,0.9998,adaptive,0.211,0.1318,15,0.1318,14,0,0,0
nbwlt1y6a4sc1.webp,2,3,9,9,1.0,adaptive,0.2413,0.1483,18,0.1483,17,0,0,0
nbwlt1y6a4sc1.webp,2,9,8,8,1.0,adaptive,0.2456,0.107,3,0.107,1,0,1,0
nbwlt1y6a4sc1.webp,3,2,7,7,1.0,adaptive,0.1967,0.1002,21,0.1002,20,0,0,0
nbwlt1y6a4sc1.webp,3,4,8,8,1.0,adaptive,0.2684,0.1497,15,0.1497,14,0,0,0
nbwlt1y6a4sc1.webp,3,7,2,2,0.9992,adaptive,0.2499,0.1276,9,0.1276,7,1,0,0
nbwlt1y6a4sc1.webp,4,1,5,5,0.8651,adaptive,0.2584,0.1192,12,0.1192,11,0,0,0
nbwlt1y6a4sc1.webp,4,2,8,8,1.0,adaptive,0.258,0.1465,19,0.1465,18,0,0,0
nbwlt1y6a4sc1.webp,4,3,1,1,0.9835,adaptive,0.1885,0.055,26,0.055,25,0,0,0
nbwlt1y6a4sc1.webp,4,4,4,4,0.9996,adaptive,0.2537,0.1192,20,0.1192,18,0,0,1
nbwlt1y6a4sc1.webp,4,5,3,3,1.0,adaptive,0.2406,0.1321,10,0.1321,9,0,0,0
nbwlt1y6a4sc1.webp,4,6,9,9,0.9974,adaptive,0.2566,0.149,8,0.1423,6,0,0,0
nbwlt1y6a4sc1.webp,4,7,7,7,0.696,adaptive,0.2119,0.0773,14,0.0773,12,1,0,0
nbwlt1y6a4sc1.webp,4,8,2,2,0.999,adaptive,0.22,0.1011,8,0.1011,6,1,0,0
nbwlt1y6a4sc1.webp,4,9,6,6,0.9999,adaptive,0.2738,0.1225,8,0.1225,6,1,0,0
nbwlt1y6a4sc1.webp,5,1,9,9,0.9709,adaptive,0.1997,0.1156,14,0.1156,13,0,0,0
nbwlt1y6a4sc1.webp,5,2,6,5,0.5621,adaptive,0.2245,0.1217,13,0.1063,11,0,0,1
nbwlt1y6a4sc1.webp,5,3,3,3,1.0,adaptive,0.2185,0.13,16,0.13,15,0,0,0
nbwlt1y6a4sc1.webp,5,4,2,2,0.9994,adaptive,0.2438,0.1316,15,0.1316,14,0,0,0
nbwlt1y6a4sc1.webp,5,5,8,8,0.9929,adaptive,0.27,0.1584,6,0.1584,5,0,0,0
nbwlt1y6a4sc1.webp,5,6,7,7,1.0,adaptive,0.2053,0.0975,17,0.0975,16,0,0,0
nbwlt1y6a4sc1.webp,5,7,4,4,1.0,adaptive,0.239,0.116,9,0.116,7,1,0,0
nbwlt1y6a4sc1.webp,5,8,5,5,0.9227,adaptive,0.2309,0.1187,12,0.0872,9,1,0,0
nbwlt1y6a4sc1.webp,5,9,1,1,0.9455,adaptive,0.1784,0.0486,11,0.0486,9,0,0,1
nbwlt1y6a4sc1.webp,6,1,4,4,0.9998,adaptive,0.2081,0.1058,18,0.1058,17,0,0,0
nbwlt1y6a4sc1.webp,6,2,2,2,0.9996,adaptive,0.1615,0.0927,16,0.0927,15,0,0,0
nbwlt1y6a4sc1.webp,6,3,7,7,0.8819,adaptive,0.1782,0.0815,23,0.0764,21,0,0,0
nbwlt1y6a4sc1.webp,6,4,5,5,1.0,adaptive,0.239,0.1319,16,0.1319,15,0,0,0
nbwlt1y6a4sc1.webp,6,5,6,6,1.0,adaptive,0.2345,0.1434,15,0.1434,14,0,0,0
nbwlt1y6a4sc1.webp,6,6,1,1,0.9964,adaptive,0.1651,0.0548,23,0.0548,22,0,0,0
nbwlt1y6a4sc1.webp,6,8,8,8,1.0,adaptive,0.2436,0.1425,9,0.1425,8,0,0,0
nbwlt1y6a4sc1.webp,7,1,7,7,0.992,adaptive,0.2105,0.0809,17,0.0809,16,0,0,0
nbwlt1y6a4sc1.webp,7,3,2,2,0.9999,adaptive,0.2199,0.1259,13,0.1259,12,0,0,0
nbwlt1y6a4sc1.webp,7,4,6,6,0.9911,adaptive,0.229,0.1087,10,0.1087,9,0,0,0
nbwlt1y6a4sc1.webp,7,6,4,4,0.9999,adaptive,0.2228,0.1118,18,0.1118,17,0,0,0
nbwlt1y6a4sc1.webp,7,7,8,8,0.9932,adaptive,0.2932,0.1461,10,0.1461,9,0,0,0
nbwlt1y6a4sc1.webp,7,8,1,1,0.9649,adaptive,0.1893,0.0776,14,0.0776,13,0,0,0
nbwlt1y6a4sc1.webp,8,1,8,8,1.0,adaptive,0.2352,0.1404,8,0.1404,7,0,0,0
nbwlt1y6a4sc1.webp,8,7,6,6,0.9999,adaptive,0.2779,0.1436,15,0.1436,14,0,0,0
nbwlt1y6a4sc1.webp,8,9,2,2,1.0,adaptive,0.2605,0.1237,10,0.1237,9,0,0,0
nbwlt1y6a4sc1.webp,9,1,1,1,0.9695,adaptive,0.202,0.074,11,0.074,10,0,0,0
nbwlt1y6a4sc1.webp,9,3,6,6,0.5406,adaptive,0.227,0.1034,11,0.1034,10,0,0,0
nbwlt1y6a4sc1.webp,9,5,2,2,0.9976,adaptive,0.2379,0.1321,10,0.1321,9,0,0,0
nbwlt1y6a4sc1.webp,9,6,8,8,0.9957,adaptive,0.2502,0.1379,10,0.1379,9,0,0,0
nbwlt1y6a4sc1.webp,9,9,7,7,0.4419,adaptive,0.2081,0.0686,15,0.0379,13,0,0,1
nghospmsyaac1.webp,1,1,6,6,1.0,adaptive,0.1644,0.0838,1,0.0838,0,0,0,0
nghospmsyaac1.webp,1,2,8,8,1.0,adaptive,0.1445,0.0871,1,0.0871,0,0,0,0
nghospmsyaac1.webp,1,3,5,5,1.0,adaptive,0.1526,0.0809,1,0.0809,0,0,0,0
nghospmsyaac1.webp,1,4,9,9,1.0,adaptive,0.1671,0.0835,1,0.0835,0,0,0,0
nghospmsyaac1.webp,1,5,4,4,1.0,adaptive,0.1251,0.0674,1,0.0674,0,0,0,0
nghospmsyaac1.webp,1,6,7,7,1.0,adaptive,0.1372,0.0519,1,0.0519,0,0,0,0
nghospmsyaac1.webp,1,7,1,1,0.9993,adaptive,0.0833,0.0397,1,0.0397,0,0,0,0
nghospmsyaac1.webp,1,8,3,3,1.0,adaptive,0.1321,0.0744,1,0.0744,0,0,0,0
nghospmsyaac1.webp,1,9,2,2,1.0,adaptive,0.1577,0.0717,1,0.0717,0,0,0,0
nghospmsyaac1.webp,2,3,4,4,1.0,adaptive,0.1137,0.0708,1,0.0708,0,0,0,0
nghospmsyaac1.webp,2,4,2,2,1.0,adaptive,0.1278,0.0703,1,0.0703,0,0,0,0
nghospmsyaac1.webp,2,5,1,1,0.998,adaptive,0.0406,0.0406,1,0.0406,0,0,0,0
nghospmsyaac1.webp,2,6,6,6,1.0,adaptive,0.1427,0.085,1,0.085,0,0,0,0
nghospmsyaac1.webp,2,7,5,5,1.0,adaptive,0.137,0.0816,1,0.0816,0,0,0,0
nghospmsyaac1.webp,2,8,9,9,1.0,adaptive,0.1143,0.0849,1,0.0849,0,0,0,0
nghospmsyaac1.webp,2,9,8,8,1.0,adaptive,0.1438,0.0859,1,0.0859,0,0,0,0
nghospmsyaac1.webp,3,4,8,8,1.0,adaptive,0.1564,0.0847,1,0.0847,0,0,0,0
nghospmsyaac1.webp,3,5,5,5,1.0,adaptive,0.126,0.0823,1,0.0823,0,0,0,0
nghospmsyaac1.webp,3,6,3,3,1.0,adaptive,0.1475,0.0751,1,0.0751,0,0,0,0
nghospmsyaac1.webp,3,7,7,7,1.0,adaptive,0.1216,0.0512,1,0.0512,0,0,0,0
nghospmsyaac1.webp,3,8,6,6,0.9998,adaptive,0.1303,0.085,1,0.085,0,0,0,0
nghospmsyaac1.webp,3,9,4,4,1.0,adaptive,0.1506,0.0697,1,0.0697,0,0,0,0
nghospmsyaac1.webp,4,1,8,8,1.0,adaptive,0.1648,0.0829,1,0.0829,0,0,0,0
nghospmsyaac1.webp,4,2,5,5,1.0,adaptive,0.1368,0.0796,1,0.0796,0,0,0,0
nghospmsyaac1.webp,4,5,7,7,1.0,adaptive,0.1099,0.0525,1,0.0525,0,0,0,0
nghospmsyaac1.webp,4,6,2,2,1.0,adaptive,0.153,0.0684,1,0.0684,0,0,0,0
nghospmsyaac1.webp,4,7,3,3,1.0,adaptive,0.1555,0.0731,1,0.0731,0,0,0,0
nghospmsyaac1.webp,4,8,4,4,1.0,adaptive,0.1255,0.0678,1,0.0678,0,0,0,0
nghospmsyaac1.webp,4,9,9,9,1.0,adaptive,0.1695,0.0835,1,0.0835,0,0,0,0
nghospmsyaac1.webp,5,4,5,5,1.0,adaptive,0.1386,0.0812,1,0.0812,0,0,0,0
nghospmsyaac1.webp,5,6,4,4,1.0,adaptive,0.1271,0.0699,1,0.0699,0,0,0,0
nghospmsyaac1.webp,5,7,8,8,1.0,adaptive,0.1339,0.0873,1,0.0873,0,0,0,0
nghospmsyaac1.webp,5,8,7,7,1.0,adaptive,0.0815,0.0523,1,0.0523,0,0,0,0
nghospmsyaac1.webp,5,9,1,1,0.9958,adaptive,0.0841,0.0393,1,0.0393,0,0,0,0
nghospmsyaac1.webp,6,1,4,4,1.0,adaptive,0.1395,0.0699,1,0.0699,0,0,0,0
nghospmsyaac1.webp,6,5,8,8,1.0,adaptive,0.1278,0.0841,1,0.0841,0,0,0,0
nghospmsyaac1.webp,6,6,9,9,0.9999,adaptive,0.1577,0.0862,1,0.0862,0,0,0,0
nghospmsyaac1.webp,6,7,2,2,1.0,adaptive,0.1359,0.0702,1,0.0702,0,0,0,0
nghospmsyaac1.webp,6,8,5,5,1.0,adaptive,0.1266,0.0805,1,0.0805,0,0,0,0
nghospmsyaac1.webp,6,9,6,6,0.9996,adaptive,0.1577,0.0844,1,0.0844,0,0,0,0
nghospmsyaac1.webp,7,1,5,5,1.0,adaptive,0.1392,0.0766,1,0.0766,0,0,0,0
nghospmsyaac1.webp,7,3,8,8,1.0,adaptive,0.1421,0.0855,1,0.0855,0,0,0,0
nghospmsyaac1.webp,7,5,9,9,1.0,adaptive,0.1493,0.0875,1,0.0875,0,0,0,0
nghospmsyaac1.webp,7,6,1,1,0.9974,adaptive,0.0835,0.0397,1,0.0397,0,0,0,0
nghospmsyaac1.webp,7,8,2,2,1.0,adaptive,0.1303,0.0678,1,0.0678,0,0,0,0
nghospmsyaac1.webp,8,4,7,7,1.0,adaptive,0.1097,0.0522,1,0.0522,0,0,0,0
nghospmsyaac1.webp,8,6,8,8,1.0,adaptive,0.1393,0.0855,1,0.0855,0,0,0,0
nghospmsyaac1.webp,8,7,9,9,1.0,adaptive,0.1282,0.085,1,0.085,0,0,0,0
nghospmsyaac1.webp,8,8,1,1,0.9956,adaptive,0.0404,0.0404,1,0.0404,0,0,0,0
nghospmsyaac1.webp,8,9,5,5,1.0,adaptive,0.1386,0.0805,1,0.0805,0,0,0,0
nghospmsyaac1.webp,9,1,1,1,0.9979,adaptive,0.0989,0.0401,1,0.0401,0,0,0,0
nghospmsyaac1.webp,9,2,9,9,0.9999,adaptive,0.1158,0.0859,1,0.0859,0,0,0,0
nghospmsyaac1.webp,9,6,5,5,1.0,adaptive,0.1493,0.0775,1,0.0775,0,0,0,0
nghospmsyaac1.webp,9,8,8,8,1.0,adaptive,0.1431,0.0864,1,0.0864,0,0,0,0
o4vdw3x08woc1.webp,1,1,3,3,0.9999,adaptive,0.1461,0.0628,1,0.0628,0,0,0,0
o4vdw3x08woc1.webp,1,2,1,1,0.9989,adaptive,0.1124,0.0554,1,0.0554,0,0,0,0
o4vdw3x08woc1.webp,1,6,8,8,1.0,adaptive,0.1566,0.0849,1,0.0849,0,0,0,0
o4vdw3x08woc1.webp,1,8,7,7,1.0,adaptive,0.1072,0.0491,1,0.0491,0,0,0,0
o4vdw3x08woc1.webp,2,3,7,7,1.0,adaptive,0.0889,0.0493,1,0.0493,0,0,0,0
o4vdw3x08woc1.webp,2,6,1,1,0.9997,adaptive,0.0807,0.0509,1,0.0509,0,0,0,0
o4vdw3x08woc1.webp,2,8,3,3,0.9999,adaptive,0.0774,0.0622,1,0.0622,0,0,0,0
o4vdw3x08woc1.webp,3,2,6,6,0.9966,adaptive,0.1314,0.0771,1,0.0771,0,0,0,0
o4vdw3x08woc1.webp,3,4,7,7,1.0,adaptive,0.1165,0.0466,1,0.0466,0,0,0,0
o4vdw3x08woc1.webp,3,5,2,2,0.9999,adaptive,0.1205,0.0638,1,0.0638,0,0,0,0
o4vdw3x08woc1.webp,3,6,3,3,0.9999,adaptive,0.1354,0.0639,1,0.0639,0,0,0,0
o4vdw3x08woc1.webp,3,7,5,5,1.0,adaptive,0.143,0.0608,1,0.0608,0,0,0,0
o4vdw3x08woc1.webp,3,9,1,1,0.9989,adaptive,0.1201,0.0488,1,0.0488,0,0,0,0
o4vdw3x08woc1.webp,4,1,1,1,0.9996,adaptive,0.1328,0.0499,1,0.0499,0,0,0,0
o4vdw3x08woc1.webp,4,5,3,3,0.9999,adaptive,0.121,0.0638,1,0.0638,0,0,0,0
o4vdw3x08woc1.webp,4,6,2,2,1.0,adaptive,0.1339,0.0624,1,0.0624,0,0,0,0
o4vdw3x08woc1.webp,4,7,6,6,0.9956,adaptive,0.1599,0.0775,1,0.0775,0,0,0,0
o4vdw3x08woc1.webp,4,8,9,9,1.0,adaptive,0.1348,0.0773,1,0.0773,0,0,0,0
o4vdw3x08woc1.webp,4,9,7,7,1.0,adaptive,0.119,0.0477,1,0.0477,0,0,0,0
o4vdw3x08woc1.webp,5,3,3,3,0.9999,adaptive,0.1196,0.0624,1,0.0624,0,0,0,0
o4vdw3x08woc1.webp,5,4,6,6,0.9988,adaptive,0.1239,0.0803,1,0.0803,0,0,0,0
o4vdw3x08woc1.webp,5,7,1,1,0.9995,adaptive,0.1099,0.0516,1,0.0516,0,0,0,0
o4vdw3x08woc1.webp,6,1,6,6,0.9954,adaptive,0.147,0.076,1,0.076,0,0,0,0
o4vdw3x08woc1.webp,6,5,1,1,0.9996,adaptive,0.1128,0.057,1,0.057,0,0,0,0
o4vdw3x08woc1.webp,6,9,3,3,0.9999,adaptive,0.125,0.0642,1,0.0642,0,0,0,0
o4vdw3x08woc1.webp,7,1,7,7,1.0,adaptive,0.1283,0.047,1,0.047,0,0,0,0
o4vdw3x08woc1.webp,7,2,5,5,1.0,adaptive,0.1199,0.0626,1,0.0626,0,0,0,0
o4vdw3x08woc1.webp,7,3,6,6,0.994,adaptive,0.1555,0.0735,1,0.0735,0,0,0,0
o4vdw3x08woc1.webp,7,4,2,2,1.0,adaptive,0.1299,0.0613,1,0.0613,0,0,0,0
o4vdw3x08woc1.webp,7,7,3,3,0.9999,adaptive,0.1452,0.0635,1,0.0635,0,0,0,0
o4vdw3x08woc1.webp,7,8,1,1,0.9989,adaptive,0.1151,0.0579,1,0.0579,0,0,0,0
o4vdw3x08woc1.webp,8,1,2,2,1.0,adaptive,0.1174,0.0606,1,0.0606,0,0,0,0
o4vdw3x08woc1.webp,8,2,3,3,0.9999,adaptive,0.0937,0.0647,1,0.0647,0,0,0,0
o4vdw3x08woc1.webp,8,3,4,4,0.9998,adaptive,0.1226,0.0658,1,0.0658,0,0,0,0
o4vdw3x08woc1.webp,8,4,1,1,0.9993,adaptive,0.0936,0.0507,1,0.0507,0,0,0,0
o4vdw3x08woc1.webp,8,6,6,6,0.9947,adaptive,0.1212,0.078,1,0.078,0,0,0,0
o4vdw3x08woc1.webp,9,1,8,8,1.0,adaptive,0.1542,0.0831,1,0.0831,0,0,0,0
o4vdw3x08woc1.webp,9,2,9,9,1.0,adaptive,0.1217,0.0787,1,0.0787,0,0,0,0
o4vdw3x08woc1.webp,9,3,1,1,0.9989,adaptive,0.129,0.0575,1,0.0575,0,0,0,0
o4vdw3x08woc1.webp,9,4,3,3,0.9999,adaptive,0.1196,0.0626,1,0.0626,0,0,0,0
o4vdw3x08woc1.webp,9,6,5,5,1.0,adaptive,0.1214,0.063,1,0.063,0,0,0,0
o4vdw3x08woc1.webp,9,8,6,6,0.9935,adaptive,0.1192,0.076,1,0.076,0,0,0,0
o5imv2zobpuc1.webp,1,1,1,1,0.9971,adaptive,0.1241,0.0399,1,0.0399,0,0,0,0
o5imv2zobpuc1.webp,1,2,8,8,1.0,adaptive,0.1296,0.0848,1,0.0848,0,0,0,0
o5imv2zobpuc1.webp,1,3,5,5,1.0,adaptive,0.1633,0.0793,1,0.0793,0,0,0,0
o5imv2zobpuc1.webp,1,4,3,3,1.0,adaptive,0.1312,0.0728,1,0.0728,0,0,0,0
o5imv2zobpuc1.webp,1,5,0,0,0.992,adaptive,0.0574,0.0,0,0.0,0,0,0,0
o5imv2zobpuc1.webp,1,6,7,7,1.0,adaptive,0.1459,0.0508,1,0.0508,0,0,0,0
o5imv2zobpuc1.webp,1,7,4,4,1.0,adaptive,0.1521,0.0697,1,0.0697,0,0,0,0
o5imv2zobpuc1.webp,1,8,0,0,0.992,adaptive,0.0572,0.0,0,0.0,0,0,0,0
o5imv2zobpuc1.webp,1,9,0,0,0.992,adaptive,0.0833,0.0,0,0.0,0,0,0,0
o5imv2zobpuc1.webp,2,1,9,9,1.0,adaptive,0.1425,0.0862,1,0.0862,0,0,0,0
o5imv2zobpuc1.webp,2,2,6,6,1.0,adaptive,0.0994,0.0854,1,0.0854,0,0,0,0
o5imv2zobpuc1.webp,2,3,2,2,1.0,adaptive,0.1273,0.0706,1,0.0706,0,0,0,0
o5imv2zobpuc1.webp,2,4,0,0,0.992,adaptive,0.0706,0.0,0,0.0,0,0,0,0
o5imv2zobpuc1.webp,2,5,0,0,0.992,adaptive,0.0282,0.0,0,0.0,0,0,0,0
o5imv2zobpuc1.webp,2,6,4,4,1.0,adaptive,0.1384,0.0697,1,0.0697,0,0,0,0
o5imv2zobpuc1.webp,2,7,0,0,0.992,adaptive,0.0559,0.0,0,0.0,0,0,0,0
o5imv2zobpuc1.webp,2,8,0,0,0.992,adaptive,0.0243,0.0,0,0.0,0,0,0,0
o5imv2zobpuc1.webp,2,9,8,8,1.0,adaptive,0.1307,0.0864,1,0.0864,0,0,0,0
o5imv2zobpuc1.webp,3,1,3,3,1.0,adaptive,0.131,0.0724,1,0.0724,0,0,0,0
o5imv2zobpuc1.webp,3,2,7,7,1.0,adaptive,0.0961,0.0513,1,0.0513,0,0,0,0
o5imv2zobpuc1.webp,3,3,4,4,1.0,adaptive,0.1524,0.0679,1,0.0679,0,0,0,0
o5imv2zobpuc1.webp,3,4,0,0,0.992,adaptive,0.0969,0.0,0,0.0,0,0,0,0
o5imv2zobpuc1.webp,3,5,0,0,0.992,adaptive,0.0577,0.0,0,0.0,0,0,0,0
o5imv2zobpuc1.webp,3,6,0,0,0.992,adaptive,0.0907,0.0,0,0.0,0,0,0,0
o5imv2zobpuc1.webp,3,7,0,0,0.992,adaptive,0.0831,0.0,0,0.0,0,0,0,0
o5imv2zobpuc1.webp,3,8,6,6,1.0,adaptive,0.1429,0.0855,1,0.0855,0,0,0,0
o5imv2zobpuc1.webp,3,9,0,0,0.992,adaptive,0.0844,0.0,0,0.0,0,0,0,0
o5imv2zobpuc1.webp,4,1,8,8,1.0,adaptive,0.1664,0.0849,1,0.0849,0,0,0,0
o5imv2zobpuc1.webp,4,2,2,2,1.0,adaptive,0.1135,0.0687,1,0.0687,0,0,0,0
o5imv2zobpuc1.webp,4,3,7,7,1.0,adaptive,0.1321,0.0497,1,0.0497,0,0,0,0
o5imv2zobpuc1.webp,4,4,9,9,0.9999,adaptive,0.1673,0.0844,1,0.0844,0,0,0,0
o5imv2zobpuc1.webp,4,5,4,4,1.0,adaptive,0.1131,0.0669,1,0.0669,0,0,0,0
o5imv2zobpuc1.webp,4,6,5,5,1.0,adaptive,0.1493,0.0777,1,0.0777,0,0,0,0
o5imv2zobpuc1.webp,4,7,6,6,1.0,adaptive,0.1521,0.0829,1,0.0829,0,0,0,0
o5imv2zobpuc1.webp,4,8,1,1,0.9988,adaptive,0.0966,0.0398,1,0.0398,0,0,0,0
o5imv2zobpuc1.webp,4,9,3,3,1.0,adaptive,0.1274,0.0691,1,0.0691,0,0,0,0
o5imv2zobpuc1.webp,5,1,5,5,1.0,adaptive,0.1364,0.0787,1,0.0787,0,0,0,0
o5imv2zobpuc1.webp,5,2,3,3,1.0,adaptive,0.0719,0.0719,1,0.0719,0,0,0,0
o5imv2zobpuc1.webp,5,3,1,1,0.9979,adaptive,0.0977,0.0405,1,0.0405,0,0,0,0
o5imv2zobpuc1.webp,5,4,2,2,1.0,adaptive,0.1413,0.0699,1,0.0699,0,0,0,0
o5imv2zobpuc1.webp,5,5,7,7,1.0,adaptive,0.081,0.0517,1,0.0517,0,0,0,0
o5imv2zobpuc1.webp,5,6,6,6,0.9999,adaptive,0.1404,0.0832,1,0.0832,0,0,0,0
o5imv2zobpuc1.webp,5,7,9,9,1.0,adaptive,0.1244,0.0834,1,0.0834,0,0,0,0
o5imv2zobpuc1.webp,5,8,8,8,1.0,adaptive,0.1127,0.0863,1,0.0863,0,0,0,0
o5imv2zobpuc1.webp,5,9,4,4,1.0,adaptive,0.1212,0.0708,1,0.0708,0,0,0,0
o5imv2zobpuc1.webp,6,1,6,6,0.9998,adaptive,0.1671,0.0826,1,0.0826,0,0,0,0
o5imv2zobpuc1.webp,6,2,4,4,1.0,adaptive,0.1158,0.071,1,0.071,0,0,0,0
o5imv2zobpuc1.webp,6,3,9,9,1.0,adaptive,0.1677,0.0838,1,0.0838,0,0,0,0
o5imv2zobpuc1.webp,6,4,1,1,0.993,adaptive,0.1408,0.0443,1,0.0443,0,0,0,0
o5imv2zobpuc1.webp,6,5,3,3,1.0,adaptive,0.1027,0.0728,1,0.0728,0,0,0,0
o5imv2zobpuc1.webp,6,6,8,8,1.0,adaptive,0.1704,0.086,1,0.086,0,0,0,0
o5imv2zobpuc1.webp,6,7,2,2,1.0,adaptive,0.1247,0.0675,1,0.0675,0,0,0,0
o5imv2zobpuc1.webp,6,8,5,5,1.0,adaptive,0.1262,0.081,1,0.081,0,0,0,0
o5imv2zobpuc1.webp,6,9,7,7,1.0,adaptive,0.1205,0.049,1,0.049,0,0,0,0
o5imv2zobpuc1.webp,7,1,2,2,1.0,adaptive,0.1517,0.0693,1,0.0693,0,0,0,0
o5imv2zobpuc1.webp,7,2,1,1,0.9989,adaptive,0.0846,0.0403,1,0.0403,0,0,0,0
o5imv2zobpuc1.webp,7,3,8,8,1.0,adaptive,0.17,0.0858,1,0.0858,0,0,0,0
o5imv2zobpuc1.webp,7,4,6,6,1.0,adaptive,0.1796,0.0847,1,0.0847,0,0,0,0
o5imv2zobpuc1.webp,7,5,9,9,1.0,adaptive,0.1422,0.0853,1,0.0853,0,0,0,0
o5imv2zobpuc1.webp,7,6,0,0,0.992,adaptive,0.0818,0.0,0,0.0,0,0,0,0
o5imv2zobpuc1.webp,7,7,7,7,1.0,adaptive,0.1395,0.0515,1,0.0515,0,0,0,0
o5imv2zobpuc1.webp,7,8,0,0,0.992,adaptive,0.0568,0.0,0,0.0,0,0,0,0
o5imv2zobpuc1.webp,7,9,0,0,0.992,adaptive,0.0573,0.0,0,0.0,0,0,0,0
o5imv2zobpuc1.webp,8,1,4,4,1.0,adaptive,0.128,0.0703,1,0.0703,0,0,0,0
o5imv2zobpuc1.webp,8,2,9,9,1.0,adaptive,0.1019,0.0868,1,0.0868,0,0,0,0
o5imv2zobpuc1.webp,8,3,6,6,0.9999,adaptive,0.1422,0.0846,1,0.0846,0,0,0,0
o5imv2zobpuc1.webp,8,4,0,0,0.992,adaptive,0.0719,0.0,0,0.0,0,0,0,0
o5imv2zobpuc1.webp,8,5,0,0,0.992,adaptive,0.0296,0.0,0,0.0,0,0,0,0
o5imv2zobpuc1.webp,8,6,0,0,0.992,adaptive,0.0572,0.0,0,0.0,0,0,0,0
o5imv2zobpuc1.webp,8,7,0,0,0.992,adaptive,0.0706,0.0,0,0.0,0,0,0,0
o5imv2zobpuc1.webp,8,8,0,0,0.992,adaptive,0.0294,0.0,0,0.0,0,0,0,0
o5imv2zobpuc1.webp,8,9,0,0,0.992,adaptive,0.0427,0.0,0,0.0,0,0,0,0
o5imv2zobpuc1.webp,9,1,7,7,1.0,adaptive,0.1372,0.0524,1,0.0524,0,0,0,0
o5imv2zobpuc1.webp,9,2,5,5,1.0,adaptive,0.1248,0.0796,1,0.0796,0,0,0,0
o5imv2zobpuc1.webp,9,3,3,3,1.0,adaptive,0.1401,0.0686,1,0.0686,0,0,0,0
o5imv2zobpuc1.webp,9,4,0,0,0.992,adaptive,0.0976,0.0,0,0.0,0,0,0,0
o5imv2zobpuc1.webp,9,5,0,0,0.992,adaptive,0.0579,0.0,0,0.0,0,0,0,0
o5imv2zobpuc1.webp,9,6,0,0,0.992,adaptive,0.0851,0.0,0,0.0,0,0,0,0
o5imv2zobpuc1.webp,9,7,0,0,0.992,adaptive,0.0947,0.0,0,0.0,0,0,0,0
o5imv2zobpuc1.webp,9,8,0,0,0.992,adaptive,0.0577,0.0,0,0.0,0,0,0,0
o5imv2zobpuc1.webp,9,9,6,6,0.9999,adaptive,0.1557,0.084,1,0.084,0,0,0,0
okpr4h3f85jc1.webp,1,1,0,0,0.992,adaptive,0.0829,0.0,0,0.0,0,0,0,0
okpr4h3f85jc1.webp,1,2,0,0,0.992,adaptive,0.0812,0.0,0,0.0,0,0,0,0
okpr4h3f85jc1.webp,1,3,0,0,0.992,adaptive,0.096,0.0,0,0.0,0,0,0,0
okpr4h3f85jc1.webp,1,4,0,0,0.992,adaptive,0.0838,0.0,0,0.0,0,0,0,0
okpr4h3f85jc1.webp,1,5,0,0,0.992,adaptive,0.0961,0.0,0,0.0,0,0,0,0
okpr4h3f85jc1.webp,1,6,0,0,0.992,adaptive,0.0976,0.0,0,0.0,0,0,0,0
okpr4h3f85jc1.webp,1,7,0,0,0.992,adaptive,0.1085,0.0,0,0.0,0,0,0,0
okpr4h3f85jc1.webp,1,8,1,1,0.9999,adaptive,0.1429,0.0588,1,0.0588,0,0,0,0
okpr4h3f85jc1.webp,1,9,4,4,1.0,adaptive,0.1758,0.0753,1,0.0753,0,0,0,0
okpr4h3f85jc1.webp,2,1,8,8,1.0,adaptive,0.1651,0.0948,1,0.0948,0,0,0,0
okpr4h3f85jc1.webp,2,2,6,6,0.9999,adaptive,0.1497,0.0921,1,0.0921,0,0,0,0
okpr4h3f85jc1.webp,2,3,3,3,1.0,adaptive,0.1524,0.0816,1,0.0816,0,0,0,0
okpr4h3f85jc1.webp,2,4,0,0,0.992,adaptive,0.073,0.0,0,0.0,0,0,0,0
okpr4h3f85jc1.webp,2,5,0,0,0.992,adaptive,0.0712,0.0,0,0.0,0,0,0,0
okpr4h3f85jc1.webp,2,6,0,0,0.992,adaptive,0.0733,0.0,0,0.0,0,0,0,0
okpr4h3f85jc1.webp,2,7,7,7,1.0,adaptive,0.1463,0.0629,1,0.0629,0,0,0,0
okpr4h3f85jc1.webp,2,8,0,0,0.992,adaptive,0.0597,0.0,0,0.0,0,0,0,0
okpr4h3f85jc1.webp,2,9,0,0,0.992,adaptive,0.0866,0.0,0,0.0,0,0,0,0
okpr4h3f85jc1.webp,3,1,0,0,0.992,adaptive,0.0958,0.0,0,0.0,0,0,0,0
okpr4h3f85jc1.webp,3,2,0,0,0.992,adaptive,0.0848,0.0,0,0.0,0,0,0,0
okpr4h3f85jc1.webp,3,3,0,0,0.992,adaptive,0.1096,0.0,0,0.0,0,0,0,0
okpr4h3f85jc1.webp,3,4,0,0,0.992,adaptive,0.0978,0.0,0,0.0,0,0,0,0
okpr4h3f85jc1.webp,3,5,0,0,0.992,adaptive,0.0981,0.0,0,0.0,0,0,0,0
okpr4h3f85jc1.webp,3,6,0,0,0.992,adaptive,0.0991,0.0,0,0.0,0,0,0,0
okpr4h3f85jc1.webp,3,7,3,3,1.0,adaptive,0.184,0.082,1,0.082,0,0,0,0
okpr4h3f85jc1.webp,3,8,0,0,0.992,adaptive,0.085,0.0,0,0.0,0,0,0,0
okpr4h3f85jc1.webp,3,9,0,0,0.992,adaptive,0.1112,0.0,0,0.0,0,0,0,0
okpr4h3f85jc1.webp,4,1,2,2,1.0,adaptive,0.1655,0.0822,1,0.0822,0,0,0,0
okpr4h3f85jc1.webp,4,2,0,0,0.992,adaptive,0.0726,0.0,0,0.0,0,0,0,0
okpr4h3f85jc1.webp,4,3,8,8,1.0,adaptive,0.1791,0.0947,1,0.0947,0,0,0,0
okpr4h3f85jc1.webp,4,4,0,0,0.992,adaptive,0.0864,0.0,0,0.0,0,0,0,0
okpr4h3f85jc1.webp,4,5,0,0,0.992,adaptive,0.085,0.0,0,0.0,0,0,0,0
okpr4h3f85jc1.webp,4,6,9,9,1.0,adaptive,0.1755,0.0893,1,0.0893,0,0,0,0
okpr4h3f85jc1.webp,4,7,0,0,0.992,adaptive,0.0982,0.0,0,0.0,0,0,0,0
okpr4h3f85jc1.webp,4,8,5,5,1.0,adaptive,0.1599,0.0877,1,0.0877,0,0,0,0
okpr4h3f85jc1.webp,4,9,3,3,1.0,adaptive,0.1684,0.0802,1,0.0802,0,0,0,0
okpr4h3f85jc1.webp,5,1,5,5,1.0,adaptive,0.1667,0.0857,1,0.0857,0,0,0,0
okpr4h3f85jc1.webp,5,2,0,0,0.992,adaptive,0.0714,0.0,0,0.0,0,0,0,0
okpr4h3f85jc1.webp,5,3,0,0,0.992,adaptive,0.0972,0.0,0,0.0,0,0,0,0
okpr4h3f85jc1.webp,5,4,0,0,0.992,adaptive,0.0846,0.0,0,0.0,0,0,0,0
okpr4h3f85jc1.webp,5,5,6,6,0.9999,adaptive,0.1726,0.0904,1,0.0904,0,0,0,0
okpr4h3f85jc1.webp,5,6,0,0,0.992,adaptive,0.0864,0.0,0,0.0,0,0,0,0
okpr4h3f85jc1.webp,5,7,0,0,0.992,adaptive,0.0972,0.0,0,0.0,0,0,0,0
okpr4h3f85jc1.webp,5,8,0,0,0.992,adaptive,0.0723,0.0,0,0.0,0,0,0,0
okpr4h3f85jc1.webp,5,9,0,0,0.992,adaptive,0.085,0.0,0,0.0,0,0,0,0
okpr4h3f85jc1.webp,6,1,0,0,0.992,adaptive,0.084,0.0,0,0.0,0,0,0,0
okpr4h3f85jc1.webp,6,2,4,4,1.0,adaptive,0.1495,0.0773,1,0.0773,0,0,0,0
okpr4h3f85jc1.webp,6,3,0,0,0.992,adaptive,0.098,0.0,0,0.0,0,0,0,0
okpr4h3f85jc1.webp,6,4,0,0,0.992,adaptive,0.086,0.0,0,0.0,0,0,0,0
okpr4h3f85jc1.webp,6,5,8,8,1.0,adaptive,0.1809,0.0959,1,0.0959,0,0,0,0
okpr4h3f85jc1.webp,6,6,0,0,0.992,adaptive,0.086,0.0,0,0.0,0,0,0,0
okpr4h3f85jc1.webp,6,7,0,0,0.992,adaptive,0.0989,0.0,0,0.0,0,0,0,0
okpr4h3f85jc1.webp,6,8,2,2,1.0,adaptive,0.1558,0.0832,1,0.0832,0,0,0,0
okpr4h3f85jc1.webp,6,9,0,0,0.992,adaptive,0.0851,0.0,0,0.0,0,0,0,0
okpr4h3f85jc1.webp,7,1,0,0,0.992,adaptive,0.0833,0.0,0,0.0,0,0,0,0
okpr4h3f85jc1.webp,7,2,5,5,1.0,adaptive,0.1572,0.0857,1,0.0857,0,0,0,0
okpr4h3f85jc1.webp,7,3,0,0,0.992,adaptive,0.0938,0.0,0,0.0,0,0,0,0
okpr4h3f85jc1.webp,7,4,0,0,0.992,adaptive,0.0855,0.0,0,0.0,0,0,0,0
okpr4h3f85jc1.webp,7,5,4,4,1.0,adaptive,0.1612,0.078,1,0.078,0,0,0,0
okpr4h3f85jc1.webp,7,6,0,0,0.992,adaptive,0.0858,0.0,0,0.0,0,0,0,0
okpr4h3f85jc1.webp,7,7,0,0,0.992,adaptive,0.0978,0.0,0,0.0,0,0,0,0
okpr4h3f85jc1.webp,7,8,6,6,1.0,adaptive,0.1608,0.0884,1,0.0884,0,0,0,0
okpr4h3f85jc1.webp,7,9,1,1,0.9999,adaptive,0.1455,0.061,1,0.061,0,0,0,0
okpr4h3f85jc1.webp,8,1,0,0,0.992,adaptive,0.083,0.0,0,0.0,0,0,0,0
okpr4h3f85jc1.webp,8,2,1,1,1.0,adaptive,0.1185,0.0604,1,0.0604,0,0,0,0
okpr4h3f85jc1.webp,8,3,0,0,0.992,adaptive,0.0844,0.0,0,0.0,0,0,0,0
okpr4h3f85jc1.webp,8,4,0,0,0.992,adaptive,0.085,0.0,0,0.0,0,0,0,0
okpr4h3f85jc1.webp,8,5,0,0,0.992,adaptive,0.0847,0.0,0,0.0,0,0,0,0
okpr4h3f85jc1.webp,8,6,5,5,1.0,adaptive,0.1592,0.0868,1,0.0868,0,0,0,0
okpr4h3f85jc1.webp,8,7,0,0,0.992,adaptive,0.0959,0.0,0,0.0,0,0,0,0
okpr4h3f85jc1.webp,8,8,0,0,0.992,adaptive,0.0836,0.0,0,0.0,0,0,0,0
okpr4h3f85jc1.webp,8,9,0,0,0.992,adaptive,0.0846,0.0,0,0.0,0,0,0,0
okpr4h3f85jc1.webp,9,1,0,0,0.992,adaptive,0.086,0.0,0,0.0,0,0,0,0
okpr4h3f85jc1.webp,9,2,0,0,0.992,adaptive,0.0717,0.0,0,0.0,0,0,0,0
okpr4h3f85jc1.webp,9,3,0,0,0.992,adaptive,0.0844,0.0,0,0.0,0,0,0,0
okpr4h3f85jc1.webp,9,4,0,0,0.992,adaptive,0.0847,0.0,0,0.0,0,0,0,0
okpr4h3f85jc1.webp,9,5,0,0,0.992,adaptive,0.0846,0.0,0,0.0,0,0,0,0
okpr4h3f85jc1.webp,9,6,0,0,0.992,adaptive,0.0847,0.0,0,0.0,0,0,0,0
okpr4h3f85jc1.webp,9,7,0,0,0.992,adaptive,0.0851,0.0,0,0.0,0,0,0,0
okpr4h3f85jc1.webp,9,8,3,3,1.0,adaptive,0.1651,0.0819,1,0.0819,0,0,0,0
okpr4h3f85jc1.webp,9,9,0,0,0.992,adaptive,0.0869,0.0,0,0.0,0,0,0,0
omh35eblksvc1.webp,1,1,8,8,1.0,adaptive,0.1426,0.0835,1,0.0835,0,0,0,0
omh35eblksvc1.webp,1,2,5,5,1.0,adaptive,0.1085,0.0782,1,0.0782,0,0,0,0
omh35eblksvc1.webp,1,3,1,1,0.9974,adaptive,0.1105,0.0392,1,0.0392,0,0,0,0
omh35eblksvc1.webp,1,4,0,0,0.992,adaptive,0.0833,0.0,0,0.0,0,0,0,0
omh35eblksvc1.webp,1,5,4,4,1.0,adaptive,0.1271,0.0717,1,0.0717,0,0,0,0
omh35eblksvc1.webp,1,6,0,0,0.992,adaptive,0.0838,0.0,0,0.0,0,0,0,0
omh35eblksvc1.webp,1,7,0,0,0.992,adaptive,0.0956,0.0,0,0.0,0,0,0,0
omh35eblksvc1.webp,1,8,7,7,1.0,adaptive,0.1085,0.0516,1,0.0516,0,0,0,0
omh35eblksvc1.webp,1,9,0,0,0.992,adaptive,0.0715,0.0,0,0.0,0,0,0,0
omh35eblksvc1.webp,2,1,4,4,1.0,adaptive,0.0991,0.0687,1,0.0687,0,0,0,0
omh35eblksvc1.webp,2,2,2,2,1.0,adaptive,0.07,0.07,1,0.07,0,0,0,0
omh35eblksvc1.webp,2,3,0,0,0.992,adaptive,0.0441,0.0,0,0.0,0,0,0,0
omh35eblksvc1.webp,2,4,0,0,0.992,adaptive,0.0423,0.0,0,0.0,0,0,0,0
omh35eblksvc1.webp,2,5,0,0,0.992,adaptive,0.0,0.0,0,0.0,0,0,0,0
omh35eblksvc1.webp,2,6,6,6,0.9997,adaptive,0.1151,0.0848,1,0.0848,0,0,0,0
omh35eblksvc1.webp,2,7,9,9,0.9999,adaptive,0.1289,0.0846,1,0.0846,0,0,0,0
omh35eblksvc1.webp,2,8,8,8,1.0,adaptive,0.0996,0.0859,1,0.0859,0,0,0,0
omh35eblksvc1.webp,2,9,1,1,0.9989,adaptive,0.0708,0.0407,1,0.0407,0,0,0,0
omh35eblksvc1.webp,3,1,9,9,1.0,adaptive,0.1559,0.0851,1,0.0851,0,0,0,0
omh35eblksvc1.webp,3,2,0,0,0.992,adaptive,0.0432,0.0,0,0.0,0,0,0,0
omh35eblksvc1.webp,3,3,0,0,0.992,adaptive,0.0829,0.0,0,0.0,0,0,0,0
omh35eblksvc1.webp,3,4,0,0,0.992,adaptive,0.0844,0.0,0,0.0,0,0,0,0
omh35eblksvc1.webp,3,5,0,0,0.992,adaptive,0.0448,0.0,0,0.0,0,0,0,0
omh35eblksvc1.webp,3,6,1,1,0.9983,adaptive,0.1243,0.0399,1,0.0399,0,0,0,0
omh35eblksvc1.webp,3,7,4,4,1.0,adaptive,0.166,0.0702,1,0.0702,0,0,0,0
omh35eblksvc1.webp,3,8,0,0,0.992,adaptive,0.0574,0.0,0,0.0,0,0,0,0
omh35eblksvc1.webp,3,9,0,0,0.992,adaptive,0.072,0.0,0,0.0,0,0,0,0
omh35eblksvc1.webp,4,1,3,3,1.0,adaptive,0.1562,0.0726,1,0.0726,0,0,0,0
omh35eblksvc1.webp,4,2,4,4,1.0,adaptive,0.1119,0.0681,1,0.0681,0,0,0,0
omh35eblksvc1.webp,4,3,2,2,1.0,adaptive,0.1259,0.0679,1,0.0679,0,0,0,0
omh35eblksvc1.webp,4,4,9,9,1.0,adaptive,0.1684,0.0847,1,0.0847,0,0,0,0
omh35eblksvc1.webp,4,5,0,0,0.992,adaptive,0.0565,0.0,0,0.0,0,0,0,0
omh35eblksvc1.webp,4,6,0,0,0.992,adaptive,0.084,0.0,0,0.0,0,0,0,0
omh35eblksvc1.webp,4,7,0,0,0.992,adaptive,0.0958,0.0,0,0.0,0,0,0,0
omh35eblksvc1.webp,4,8,0,0,0.992,adaptive,0.0574,0.0,0,0.0,0,0,0,0
omh35eblksvc1.webp,4,9,7,7,1.0,adaptive,0.1214,0.0499,1,0.0499,0,0,0,0
omh35eblksvc1.webp,5,1,0,0,0.992,adaptive,0.0543,0.0,0,0.0,0,0,0,0
omh35eblksvc1.webp,5,2,6,6,1.0,adaptive,0.087,0.0868,1,0.0868,0,0,0,0
omh35eblksvc1.webp,5,3,8,8,1.0,adaptive,0.1413,0.0868,1,0.0868,0,0,0,0
omh35eblksvc1.webp,5,4,4,4,1.0,adaptive,0.1255,0.0701,1,0.0701,0,0,0,0
omh35eblksvc1.webp,5,5,2,2,1.0,adaptive,0.0705,0.0705,1,0.0705,0,0,0,0
omh35eblksvc1.webp,5,6,7,7,1.0,adaptive,0.0977,0.0525,1,0.0525,0,0,0,0
omh35eblksvc1.webp,5,7,0,0,0.992,adaptive,0.0604,0.0,0,0.0,0,0,0,0
omh35eblksvc1.webp,5,8,0,0,0.992,adaptive,0.0154,0.0,0,0.0,0,0,0,0
omh35eblksvc1.webp,5,9,0,0,0.992,adaptive,0.0301,0.0,0,0.0,0,0,0,0
omh35eblksvc1.webp,6,1,1,1,0.9985,adaptive,0.1234,0.0394,1,0.0394,0,0,0,0
omh35eblksvc1.webp,6,2,0,0,0.992,adaptive,0.0301,0.0,0,0.0,0,0,0,0
omh35eblksvc1.webp,6,3,0,0,0.992,adaptive,0.0844,0.0,0,0.0,0,0,0,0
omh35eblksvc1.webp,6,4,0,0,0.992,adaptive,0.0835,0.0,0,0.0,0,0,0,0
omh35eblksvc1.webp,6,5,8,8,1.0,adaptive,0.1305,0.0862,1,0.0862,0,0,0,0
omh35eblksvc1.webp,6,6,3,3,1.0,adaptive,0.1568,0.0728,1,0.0728,0,0,0,0
omh35eblksvc1.webp,6,7,0,0,0.992,adaptive,0.0958,0.0,0,0.0,0,0,0,0
omh35eblksvc1.webp,6,8,2,2,1.0,adaptive,0.0986,0.0687,1,0.0687,0,0,0,0
omh35eblksvc1.webp,6,9,4,4,1.0,adaptive,0.1423,0.0704,1,0.0704,0,0,0,0
omh35eblksvc1.webp,7,1,6,6,0.9999,adaptive,0.1798,0.084,1,0.084,0,0,0,0
omh35eblksvc1.webp,7,2,0,0,0.992,adaptive,0.0448,0.0,0,0.0,0,0,0,0
omh35eblksvc1.webp,7,3,0,0,0.992,adaptive,0.0967,0.0,0,0.0,0,0,0,0
omh35eblksvc1.webp,7,4,0,0,0.992,adaptive,0.0956,0.0,0,0.0,0,0,0,0
omh35eblksvc1.webp,7,5,0,0,0.992,adaptive,0.0703,0.0,0,0.0,0,0,0,0
omh35eblksvc1.webp,7,6,0,0,0.992,adaptive,0.0958,0.0,0,0.0,0,0,0,0
omh35eblksvc1.webp,7,7,0,0,0.992,adaptive,0.1078,0.0,0,0.0,0,0,0,0
omh35eblksvc1.webp,7,8,4,4,1.0,adaptive,0.1386,0.0681,1,0.0681,0,0,0,0
omh35eblksvc1.webp,7,9,0,0,0.992,adaptive,0.0842,0.0,0,0.0,0,0,0,0
omh35eblksvc1.webp,8,1,7,7,1.0,adaptive,0.1088,0.0518,1,0.0518,0,0,0,0
omh35eblksvc1.webp,8,2,3,3,1.0,adaptive,0.0739,0.0735,1,0.0735,0,0,0,0
omh35eblksvc1.webp,8,3,4,4,1.0,adaptive,0.1298,0.0726,1,0.0726,0,0,0,0
omh35eblksvc1.webp,8,4,5,5,1.0,adaptive,0.1355,0.078,1,0.078,0,0,0,0
omh35eblksvc1.webp,8,5,0,0,0.992,adaptive,0.0211,0.0,0,0.0,0,0,0,0
omh35eblksvc1.webp,8,6,0,0,0.992,adaptive,0.0572,0.0,0,0.0,0,0,0,0
omh35eblksvc1.webp,8,7,6,6,1.0,adaptive,0.1572,0.0862,1,0.0862,0,0,0,0
omh35eblksvc1.webp,8,8,0,0,0.992,adaptive,0.0292,0.0,0,0.0,0,0,0,0
omh35eblksvc1.webp,8,9,0,0,0.992,adaptive,0.0432,0.0,0,0.0,0,0,0,0
omh35eblksvc1.webp,9,1,2,2,1.0,adaptive,0.1281,0.0693,1,0.0693,0,0,0,0
omh35eblksvc1.webp,9,2,1,1,0.9983,adaptive,0.0758,0.0459,1,0.0459,0,0,0,0
omh35eblksvc1.webp,9,3,0,0,0.992,adaptive,0.0722,0.0,0,0.0,0,0,0,0
omh35eblksvc1.webp,9,4,7,7,1.0,adaptive,0.1225,0.0512,1,0.0512,0,0,0,0
omh35eblksvc1.webp,9,5,0,0,0.992,adaptive,0.0301,0.0,0,0.0,0,0,0,0
omh35eblksvc1.webp,9,6,0,0,0.992,adaptive,0.0715,0.0,0,0.0,0,0,0,0
omh35eblksvc1.webp,9,7,0,0,0.992,adaptive,0.084,0.0,0,0.0,0,0,0,0
omh35eblksvc1.webp,9,8,5,5,1.0,adaptive,0.1244,0.081,1,0.081,0,0,0,0
omh35eblksvc1.webp,9,9,0,0,0.992,adaptive,0.059,0.0,0,0.0,0,0,0,0
on794seipinc1.webp,1,2,9,9,1.0,adaptive,0.1678,0.0853,1,0.0853,0,0,0,0
on794seipinc1.webp,1,4,4,4,1.0,adaptive,0.1985,0.0766,1,0.0766,0,0,0,0
on794seipinc1.webp,1,5,6,6,0.9862,adaptive,0.1531,0.0832,1,0.0832,0,0,0,0
on794seipinc1.webp,1,8,3,3,1.0,adaptive,0.1232,0.0787,1,0.0787,0,0,0,0
on794seipinc1.webp,1,9,2,2,1.0,adaptive,0.1655,0.0746,1,0.0746,0,0,0,0
on794seipinc1.webp,2,2,4,4,1.0,adaptive,0.076,0.0758,1,0.0758,0,0,0,0
on794seipinc1.webp,2,3,2,2,1.0,adaptive,0.102,0.0721,1,0.0721,0,0,0,0
on794seipinc1.webp,2,5,9,9,1.0,adaptive,0.0838,0.0838,1,0.0838,0,0,0,0
on794seipinc1.webp,2,6,3,3,0.9999,adaptive,0.0819,0.0803,1,0.0803,0,0,0,0
on794seipinc1.webp,2,8,1,1,0.9929,adaptive,0.0471,0.0471,1,0.0471,0,0,0,0
on794seipinc1.webp,2,9,6,6,0.9868,adaptive,0.1377,0.0812,1,0.0812,0,0,0,0
on794seipinc1.webp,3,1,6,6,0.995,adaptive,0.166,0.0811,1,0.0811,0,0,0,0
on794seipinc1.webp,3,2,3,3,1.0,adaptive,0.1361,0.0794,1,0.0794,0,0,0,0
on794seipinc1.webp,3,5,2,2,1.0,adaptive,0.119,0.0778,1,0.0778,0,0,0,0
on794seipinc1.webp,3,6,7,7,0.9999,adaptive,0.1083,0.0521,1,0.0521,0,0,0,0
on794seipinc1.webp,3,7,4,4,1.0,adaptive,0.1613,0.0742,1,0.0742,0,0,0,0
on794seipinc1.webp,3,8,5,5,1.0,adaptive,0.1076,0.0778,1,0.0778,0,0,0,0
on794seipinc1.webp,3,9,9,9,1.0,adaptive,0.164,0.0813,1,0.0813,0,0,0,0
on794seipinc1.webp,4,2,8,8,1.0,adaptive,0.1766,0.0952,1,0.0952,0,0,0,0
on794seipinc1.webp,4,4,3,3,0.9999,adaptive,0.1996,0.0798,1,0.0798,0,0,0,0
on794seipinc1.webp,4,6,9,9,1.0,adaptive,0.1644,0.084,1,0.084,0,0,0,0
on794seipinc1.webp,4,7,2,2,1.0,adaptive,0.1584,0.0715,1,0.0715,0,0,0,0
on794seipinc1.webp,4,8,6,6,0.9964,adaptive,0.1524,0.0821,1,0.0821,0,0,0,0
on794seipinc1.webp,4,9,7,7,0.9999,adaptive,0.1787,0.0584,1,0.0584,0,0,0,0
on794seipinc1.webp,5,2,2,2,1.0,adaptive,0.121,0.079,1,0.079,0,0,0,0
on794seipinc1.webp,5,3,9,9,1.0,adaptive,0.1266,0.0834,1,0.0834,0,0,0,0
on794seipinc1.webp,5,5,7,7,0.9999,adaptive,0.081,0.0539,1,0.0539,0,0,0,0
on794seipinc1.webp,5,6,6,6,0.9894,adaptive,0.1255,0.0841,1,0.0841,0,0,0,0
on794seipinc1.webp,5,7,3,3,1.0,adaptive,0.1395,0.0798,1,0.0798,0,0,0,0
on794seipinc1.webp,5,8,8,8,1.0,adaptive,0.127,0.0987,1,0.0987,0,0,0,0
on794seipinc1.webp,6,1,3,3,1.0,adaptive,0.1515,0.0804,1,0.0804,0,0,0,0
on794seipinc1.webp,6,2,7,7,0.9999,adaptive,0.1,0.0577,1,0.0577,0,0,0,0
on794seipinc1.webp,6,3,6,6,0.9964,adaptive,0.1254,0.0822,1,0.0822,0,0,0,0
on794seipinc1.webp,6,4,2,2,1.0,adaptive,0.1566,0.0715,1,0.0715,0,0,0,0
on794seipinc1.webp,6,5,8,8,1.0,adaptive,0.1167,0.0961,1,0.0961,0,0,0,0
on794seipinc1.webp,6,7,5,5,1.0,adaptive,0.1542,0.0818,1,0.0818,0,0,0,0
on794seipinc1.webp,6,8,9,9,1.0,adaptive,0.1126,0.0846,1,0.0846,0,0,0,0
on794seipinc1.webp,7,1,2,2,1.0,adaptive,0.2005,0.0769,1,0.0769,0,0,0,0
on794seipinc1.webp,7,2,5,5,1.0,adaptive,0.1762,0.0782,1,0.0782,0,0,0,0
on794seipinc1.webp,7,3,7,7,1.0,adaptive,0.1508,0.0515,1,0.0515,0,0,0,0
on794seipinc1.webp,7,4,9,9,0.9999,adaptive,0.2174,0.0822,1,0.0822,0,0,0,0
on794seipinc1.webp,7,5,1,1,0.9974,adaptive,0.1208,0.0461,1,0.0461,0,0,0,0
on794seipinc1.webp,7,6,8,8,1.0,adaptive,0.1927,0.0962,1,0.0962,0,0,0,0
on794seipinc1.webp,7,7,6,6,0.9929,adaptive,0.1949,0.0813,1,0.0813,0,0,0,0
on794seipinc1.webp,7,8,4,4,0.9999,adaptive,0.1608,0.0751,1,0.0751,0,0,0,0
on794seipinc1.webp,7,9,3,3,1.0,adaptive,0.213,0.0793,1,0.0793,0,0,0,0
on794seipinc1.webp,8,1,9,9,1.0,adaptive,0.1429,0.0834,1,0.0834,0,0,0,0
on794seipinc1.webp,8,2,6,6,0.9961,adaptive,0.1139,0.0847,1,0.0847,0,0,0,0
on794seipinc1.webp,8,3,3,3,1.0,adaptive,0.111,0.0812,1,0.0812,0,0,0,0
on794seipinc1.webp,8,4,7,7,0.9999,adaptive,0.1323,0.059,1,0.059,0,0,0,0
on794seipinc1.webp,8,7,1,1,0.9911,adaptive,0.1054,0.0457,1,0.0457,0,0,0,0
on794seipinc1.webp,8,8,2,2,1.0,adaptive,0.0891,0.0746,1,0.0746,0,0,0,0
on794seipinc1.webp,8,9,8,8,1.0,adaptive,0.1719,0.0975,1,0.0975,0,0,0,0
on794seipinc1.webp,9,1,8,8,1.0,adaptive,0.2145,0.0942,1,0.0942,0,0,0,0
on794seipinc1.webp,9,2,1,1,0.9975,adaptive,0.1431,0.047,1,0.047,0,0,0,0
on794seipinc1.webp,9,3,4,4,1.0,adaptive,0.1704,0.0748,1,0.0748,0,0,0,0
on794seipinc1.webp,9,4,6,6,0.9964,adaptive,0.2094,0.0838,1,0.0838,0,0,0,0
on794seipinc1.webp,9,5,3,3,1.0,adaptive,0.1407,0.0801,1,0.0801,0,0,0,0
on794seipinc1.webp,9,6,2,2,1.0,adaptive,0.1599,0.0773,1,0.0773,0,0,0,0
on794seipinc1.webp,9,7,9,9,1.0,adaptive,0.1816,0.0813,1,0.0813,0,0,0,0
on794seipinc1.webp,9,8,7,7,1.0,adaptive,0.1262,0.055,1,0.055,0,0,0,0
on794seipinc1.webp,9,9,5,5,1.0,adaptive,0.2047,0.0829,1,0.0829,0,0,0,0
ono1og7awlqc1.webp,1,1,0,0,0.992,adaptive,0.1147,0.0,0,0.0,0,0,0,0
ono1og7awlqc1.webp,1,2,0,0,0.992,adaptive,0.1284,0.0,0,0.0,0,0,0,0
ono1og7awlqc1.webp,1,3,0,0,0.992,adaptive,0.1914,0.0,1,0.0,1,0,0,0
ono1og7awlqc1.webp,1,4,4,4,0.9995,adaptive,0.2653,0.137,2,0.1227,0,0,0,0
ono1og7awlqc1.webp,1,6,3,3,0.9993,adaptive,0.2956,0.1802,2,0.1802,1,0,0,0
ono1og7awlqc1.webp,1,7,0,0,0.992,adaptive,0.1544,0.0,0,0.0,0,0,0,0
ono1og7awlqc1.webp,1,8,0,0,0.992,adaptive,0.1361,0.0,0,0.0,0,0,0,0
ono1og7awlqc1.webp,1,9,0,0,0.992,adaptive,0.1279,0.0,1,0.0,1,0,0,0
ono1og7awlqc1.webp,2,1,0,0,0.992,adaptive,0.1321,0.0,0,0.0,0,0,0,0
ono1og7awlqc1.webp,2,2,0,0,0.992,adaptive,0.0007,0.0,0,0.0,0,0,0,0
ono1og7awlqc1.webp,2,3,0,0,0.992,adaptive,0.1314,0.0,0,0.0,0,0,0,0
ono1og7awlqc1.webp,2,4,2,2,0.9964,adaptive,0.2578,0.1823,1,0.1823,0,0,0,0
ono1og7awlqc1.webp,2,6,7,7,0.9991,adaptive,0.2209,0.1461,1,0.1461,0,0,0,0
ono1og7awlqc1.webp,2,7,0,0,0.992,adaptive,0.1022,0.0,0,0.0,0,0,0,0
ono1og7awlqc1.webp,2,8,0,0,0.992,adaptive,0.0032,0.0,0,0.0,0,0,0,0
ono1og7awlqc1.webp,2,9,0,0,0.992,adaptive,0.1192,0.0,1,0.0,1,0,0,0
ono1og7awlqc1.webp,3,1,0,0,0.992,adaptive,0.2032,0.0,0,0.0,0,0,0,0
ono1og7awlqc1.webp,3,2,0,0,0.992,adaptive,0.1447,0.0,0,0.0,0,0,0,0
ono1og7awlqc1.webp,3,3,9,9,0.9983,adaptive,0.299,0.1568,2,0.1301,0,0,0,0
ono1og7awlqc1.webp,3,4,8,8,0.9982,adaptive,0.3221,0.1684,3,0.129,0,0,0,0
ono1og7awlqc1.webp,3,6,1,1,1.0,adaptive,0.2502,0.1098,2,0.1098,1,0,0,0
ono1og7awlqc1.webp,3,7,2,2,0.9995,adaptive,0.2805,0.1771,1,0.1771,0,0,0,0
ono1og7awlqc1.webp,3,8,0,0,0.992,adaptive,0.1554,0.0,0,0.0,0,0,0,0
ono1og7awlqc1.webp,3,9,0,0,0.992,adaptive,0.1927,0.0,2,0.0,2,0,0,0
ono1og7awlqc1.webp,4,1,6,6,0.9997,adaptive,0.2825,0.1635,2,0.1343,0,0,0,0
ono1og7awlqc1.webp,4,2,2,2,0.9985,adaptive,0.2508,0.1773,1,0.1773,0,0,0,0
ono1og7awlqc1.webp,4,3,7,7,1.0,adaptive,0.2834,0.1301,1,0.1301,0,0,0,0
ono1og7awlqc1.webp,4,4,5,5,1.0,adaptive,0.2671,0.1798,1,0.1798,0,0,0,0
ono1og7awlqc1.webp,4,5,8,8,0.9987,adaptive,0.3238,0.178,3,0.1382,0,0,0,0
ono1og7awlqc1.webp,4,6,9,9,1.0,adaptive,0.2673,0.166,3,0.1263,1,0,0,0
ono1og7awlqc1.webp,4,7,1,1,0.9999,adaptive,0.1916,0.1078,1,0.1078,0,0,0,0
ono1og7awlqc1.webp,4,8,3,3,0.9994,adaptive,0.2678,0.1811,1,0.1811,0,0,0,0
ono1og7awlqc1.webp,4,9,4,4,0.9994,adaptive,0.2653,0.1368,2,0.1223,0,0,0,0
ono1og7awlqc1.webp,5,3,3,3,0.9999,adaptive,0.275,0.1861,1,0.1861,0,0,0,0
ono1og7awlqc1.webp,5,4,7,7,0.9979,adaptive,0.2693,0.1531,1,0.1531,0,0,0,0
ono1og7awlqc1.webp,5,5,1,1,1.0,adaptive,0.1134,0.1132,1,0.1132,0,0,0,0
ono1og7awlqc1.webp,5,6,4,4,0.9979,adaptive,0.2374,0.1456,3,0.1323,0,1,0,0
ono1og7awlqc1.webp,6,1,1,1,0.9999,adaptive,0.2709,0.1161,1,0.1161,0,0,0,0
ono1og7awlqc1.webp,6,2,5,5,1.0,adaptive,0.2777,0.1859,1,0.1859,0,0,0,0
ono1og7awlqc1.webp,6,3,4,4,0.9988,adaptive,0.3007,0.1348,3,0.1203,1,0,0,0
ono1og7awlqc1.webp,6,4,3,3,0.9999,adaptive,0.2952,0.1787,1,0.1787,0,0,0,0
ono1og7awlqc1.webp,6,5,2,2,0.9989,adaptive,0.3548,0.1922,1,0.1922,0,0,0,0
ono1og7awlqc1.webp,6,6,6,6,1.0,adaptive,0.2912,0.1648,3,0.1254,1,0,0,0
ono1og7awlqc1.webp,6,7,9,9,1.0,adaptive,0.2802,0.1718,2,0.1317,0,0,0,0
ono1og7awlqc1.webp,6,8,7,7,0.9996,adaptive,0.2632,0.1454,1,0.1454,0,0,0,0
ono1og7awlqc1.webp,6,9,8,8,0.9985,adaptive,0.3105,0.1673,4,0.1276,1,0,0,0
ono1og7awlqc1.webp,7,1,0,0,0.992,adaptive,0.1684,0.0,0,0.0,0,0,0,0
ono1og7awlqc1.webp,7,2,0,0,0.992,adaptive,0.119,0.0,0,0.0,0,0,0,0
ono1og7awlqc1.webp,7,3,8,8,0.999,adaptive,0.2805,0.1653,3,0.127,0,0,0,0
ono1og7awlqc1.webp,7,4,1,1,1.0,adaptive,0.2328,0.1063,1,0.1063,0,0,0,0
ono1og7awlqc1.webp,7,6,2,2,0.9994,adaptive,0.3045,0.1787,3,0.1787,1,1,0,0
ono1og7awlqc1.webp,7,7,7,7,0.9998,adaptive,0.1764,0.1334,1,0.1334,0,0,0,0
ono1og7awlqc1.webp,7,8,0,0,0.992,adaptive,0.1284,0.0,0,0.0,0,0,0,0
ono1og7awlqc1.webp,7,9,0,0,0.992,adaptive,0.1437,0.0,1,0.0,0,1,0,0
ono1og7awlqc1.webp,8,1,0,0,0.992,adaptive,0.1431,0.0,0,0.0,0,0,0,0
ono1og7awlqc1.webp,8,2,0,0,0.992,adaptive,0.0009,0.0,0,0.0,0,0,0,0
ono1og7awlqc1.webp,8,3,0,0,0.992,adaptive,0.1427,0.0,0,0.0,0,0,0,0
ono1og7awlqc1.webp,8,4,9,9,0.997,adaptive,0.2585,0.1637,2,0.1361,0,0,0,0
ono1og7awlqc1.webp,8,6,5,5,1.0,adaptive,0.2788,0.1845,2,0.1845,0,1,0,0
ono1og7awlqc1.webp,8,7,0,0,0.992,adaptive,0.1013,0.0,0,0.0,0,0,0,0
ono1og7awlqc1.webp,8,8,0,0,0.992,adaptive,0.0032,0.0,0,0.0,0,0,0,0
ono1og7awlqc1.webp,8,9,0,0,0.992,adaptive,0.1156,0.0,1,0.0,0,1,0,0
ono1og7awlqc1.webp,9,1,0,0,0.992,adaptive,0.1265,0.0,1,0.0,1,0,0,0
ono1og7awlqc1.webp,9,2,0,0,0.992,adaptive,0.1033,0.0,0,0.0,0,0,0,0
ono1og7awlqc1.webp,9,3,0,0,0.992,adaptive,0.1675,0.0,1,0.0,1,0,0,0
ono1og7awlqc1.webp,9,4,6,6,0.9999,adaptive,0.3043,0.164,2,0.1343,0,0,0,0
ono1og7awlqc1.webp,9,6,8,8,0.9988,adaptive,0.2936,0.1669,4,0.1283,1,0,0,0
ono1og7awlqc1.webp,9,7,0,0,0.992,adaptive,0.1049,0.0,1,0.0,1,0,0,0
ono1og7awlqc1.webp,9,8,0,0,0.992,adaptive,0.1156,0.0,1,0.0,1,0,0,0
ono1og7awlqc1.webp,9,9,0,0,0.992,adaptive,0.1261,0.0,1,0.0,1,0,0,0
oprfamn8pzoc1.webp,1,1,1,1,1.0,adaptive,0.1034,0.1034,1,0.1034,0,0,0,0
oprfamn8pzoc1.webp,1,2,7,7,1.0,adaptive,0.1511,0.1511,1,0.1511,0,0,0,0
oprfamn8pzoc1.webp,1,3,6,6,0.9999,adaptive,0.186,0.1847,2,0.1383,0,0,0,0
oprfamn8pzoc1.webp,1,7,8,8,1.0,adaptive,0.2052,0.2065,3,0.129,0,0,0,1
oprfamn8pzoc1.webp,1,8,9,9,1.0,adaptive,0.1782,0.1782,2,0.1327,0,0,0,0
oprfamn8pzoc1.webp,1,9,5,5,1.0,adaptive,0.2147,0.1323,1,0.1323,0,0,0,0
oprfamn8pzoc1.webp,2,1,4,4,1.0,adaptive,0.1554,0.1404,2,0.1097,0,0,0,0
oprfamn8pzoc1.webp,2,2,5,5,1.0,adaptive,0.2144,0.1862,1,0.1862,0,0,0,0
oprfamn8pzoc1.webp,2,3,9,9,1.0,adaptive,0.182,0.1671,2,0.1242,0,0,0,0
oprfamn8pzoc1.webp,2,4,1,1,1.0,adaptive,0.1162,0.1018,1,0.1018,0,0,0,0
oprfamn8pzoc1.webp,2,5,7,7,1.0,adaptive,0.129,0.129,1,0.129,0,0,0,0
oprfamn8pzoc1.webp,2,6,8,8,1.0,adaptive,0.2341,0.2067,3,0.1278,0,0,0,1
oprfamn8pzoc1.webp,2,7,2,2,1.0,adaptive,0.1773,0.1773,1,0.1773,0,0,0,0
oprfamn8pzoc1.webp,2,8,3,3,0.9998,adaptive,0.1869,0.1864,1,0.1864,0,0,0,0
oprfamn8pzoc1.webp,2,9,6,6,1.0,adaptive,0.1771,0.1764,2,0.1314,0,0,0,0
oprfamn8pzoc1.webp,3,1,8,8,1.0,adaptive,0.2132,0.1851,3,0.1118,0,0,0,1
oprfamn8pzoc1.webp,3,4,5,5,1.0,adaptive,0.1963,0.1279,1,0.1279,0,0,0,0
oprfamn8pzoc1.webp,3,5,9,9,1.0,adaptive,0.2137,0.1866,2,0.1413,0,0,0,0
oprfamn8pzoc1.webp,3,6,6,6,1.0,adaptive,0.2096,0.164,2,0.1221,0,0,0,0
oprfamn8pzoc1.webp,3,7,7,7,1.0,adaptive,0.1339,0.1339,1,0.1339,0,0,0,0
oprfamn8pzoc1.webp,3,8,4,4,1.0,adaptive,0.1549,0.1549,2,0.1235,0,0,0,0
oprfamn8pzoc1.webp,3,9,1,1,0.9999,adaptive,0.1036,0.1036,1,0.1036,0,0,0,0
oprfamn8pzoc1.webp,4,1,5,5,1.0,adaptive,0.2023,0.1301,1,0.1301,0,0,0,0
oprfamn8pzoc1.webp,4,4,6,6,1.0,adaptive,0.209,0.1813,2,0.1372,0,0,0,0
oprfamn8pzoc1.webp,4,7,4,4,1.0,adaptive,0.1611,0.135,2,0.104,0,0,0,0
oprfamn8pzoc1.webp,4,8,7,7,1.0,adaptive,0.1565,0.1418,1,0.1418,0,0,0,0
oprfamn8pzoc1.webp,4,9,9,9,1.0,adaptive,0.1885,0.1885,2,0.1419,0,0,0,0
oprfamn8pzoc1.webp,5,1,3,3,0.9989,adaptive,0.2144,0.1979,1,0.1979,0,0,0,0
oprfamn8pzoc1.webp,5,2,6,6,0.9999,adaptive,0.1683,0.1683,2,0.124,0,0,0,0
oprfamn8pzoc1.webp,5,4,9,9,1.0,adaptive,0.1818,0.1671,2,0.1253,0,0,0,0
oprfamn8pzoc1.webp,5,6,7,7,1.0,adaptive,0.1502,0.1203,1,0.1203,0,0,0,0
oprfamn8pzoc1.webp,5,7,5,5,1.0,adaptive,0.1789,0.135,1,0.135,0,0,0,0
oprfamn8pzoc1.webp,5,8,2,2,1.0,adaptive,0.1641,0.1641,1,0.1641,0,0,0,0
oprfamn8pzoc1.webp,5,9,8,8,1.0,adaptive,0.1936,0.197,3,0.121,0,0,0,1
oprfamn8pzoc1.webp,6,1,7,7,1.0,adaptive,0.1662,0.1247,1,0.1247,0,0,0,0
oprfamn8pzoc1.webp,6,2,9,9,1.0,adaptive,0.197,0.1671,2,0.1242,0,0,0,0
oprfamn8pzoc1.webp,6,7,6,6,0.9998,adaptive,0.2056,0.1642,2,0.1214,0,0,0,0
oprfamn8pzoc1.webp,6,8,1,1,1.0,adaptive,0.1474,0.1178,1,0.1178,0,0,0,0
oprfamn8pzoc1.webp,6,9,3,3,0.9999,adaptive,0.1824,0.1818,1,0.1818,0,0,0,0
oprfamn8pzoc1.webp,7,1,9,9,1.0,adaptive,0.2114,0.1836,2,0.1374,0,0,0,0
oprfamn8pzoc1.webp,7,2,4,4,1.0,adaptive,0.1538,0.1393,2,0.1097,0,0,0,0
oprfamn8pzoc1.webp,7,4,7,7,1.0,adaptive,0.1664,0.1419,1,0.1419,0,0,0,0
oprfamn8pzoc1.webp,7,7,1,1,1.0,adaptive,0.1183,0.0996,1,0.0996,0,0,0,0
oprfamn8pzoc1.webp,7,9,2,2,1.0,adaptive,0.1934,0.1934,1,0.1934,0,0,0,0
oprfamn8pzoc1.webp,8,1,6,6,0.9999,adaptive,0.1823,0.1673,2,0.1239,0,0,0,0
oprfamn8pzoc1.webp,8,2,1,1,1.0,adaptive,0.1033,0.1033,1,0.1033,0,0,0,0
oprfamn8pzoc1.webp,8,3,5,5,1.0,adaptive,0.1882,0.1314,1,0.1314,0,0,0,0
oprfamn8pzoc1.webp,8,4,4,4,1.0,adaptive,0.1669,0.1517,2,0.1214,0,0,0,0
oprfamn8pzoc1.webp,8,5,2,2,1.0,adaptive,0.1623,0.1623,1,0.1623,0,0,0,0
oprfamn8pzoc1.webp,8,6,9,9,1.0,adaptive,0.1981,0.168,2,0.1251,0,0,0,0
oprfamn8pzoc1.webp,8,7,3,3,0.9998,adaptive,0.2062,0.1913,1,0.1913,0,0,0,0
oprfamn8pzoc1.webp,8,8,8,8,1.0,adaptive,0.1885,0.1919,3,0.1173,0,0,0,1
oprfamn8pzoc1.webp,8,9,7,7,1.0,adaptive,0.1375,0.1316,1,0.1316,0,0,0,0
oprfamn8pzoc1.webp,9,1,2,2,1.0,adaptive,0.225,0.1816,1,0.1816,0,0,0,0
oprfamn8pzoc1.webp,9,3,7,7,1.0,adaptive,0.1684,0.1225,1,0.1225,0,0,0,0
oprfamn8pzoc1.webp,9,6,1,1,1.0,adaptive,0.1557,0.1009,1,0.1009,0,0,0,0
oprfamn8pzoc1.webp,9,7,9,9,1.0,adaptive,0.2041,0.1631,2,0.1201,0,0,0,0
oprfamn8pzoc1.webp,9,9,4,4,1.0,adaptive,0.1493,0.1484,2,0.1181,0,0,0,0
p17qcinoe6pc1.webp,1,1,4,4,1.0,adaptive,0.1965,0.0706,1,0.0706,0,0,0,0
p17qcinoe6pc1.webp,1,4,9,9,0.9999,adaptive,0.1978,0.0869,1,0.0869,0,0,0,0
p17qcinoe6pc1.webp,1,5,7,7,1.0,adaptive,0.1621,0.064,1,0.064,0,0,0,0
p17qcinoe6pc1.webp,1,6,1,1,1.0,adaptive,0.1548,0.0573,1,0.0573,0,0,0,0
p17qcinoe6pc1.webp,1,7,2,2,1.0,adaptive,0.1782,0.0802,1,0.0802,0,0,0,0
p17qcinoe6pc1.webp,1,9,3,3,1.0,adaptive,0.1925,0.0784,1,0.0784,0,0,0,0
p17qcinoe6pc1.webp,2,1,7,7,1.0,adaptive,0.1723,0.0611,1,0.0611,0,0,0,0
p17qcinoe6pc1.webp,2,3,1,1,0.9999,adaptive,0.1558,0.0586,1,0.0586,0,0,0,0
p17qcinoe6pc1.webp,2,4,3,3,1.0,adaptive,0.1796,0.0798,1,0.0798,0,0,0,0
p17qcinoe6pc1.webp,2,6,8,8,1.0,adaptive,0.1771,0.0918,1,0.0918,0,0,0,0
p17qcinoe6pc1.webp,2,7,5,5,1.0,adaptive,0.1839,0.0841,1,0.0841,0,0,0,0
p17qcinoe6pc1.webp,2,9,4,4,1.0,adaptive,0.1897,0.0762,1,0.0762,0,0,0,0
p17qcinoe6pc1.webp,3,2,3,3,1.0,adaptive,0.1902,0.0789,1,0.0789,0,0,0,0
p17qcinoe6pc1.webp,3,4,4,4,1.0,adaptive,0.1833,0.0733,1,0.0733,0,0,0,0
p17qcinoe6pc1.webp,3,7,7,7,1.0,adaptive,0.1729,0.0624,1,0.0624,0,0,0,0
p17qcinoe6pc1.webp,3,9,1,1,1.0,adaptive,0.1827,0.0573,1,0.0573,0,0,0,0
p17qcinoe6pc1.webp,4,1,3,3,1.0,adaptive,0.2027,0.0789,1,0.0789,0,0,0,0
p17qcinoe6pc1.webp,4,4,8,8,1.0,adaptive,0.2018,0.0918,1,0.0918,0,0,0,0
p17qcinoe6pc1.webp,4,7,1,1,0.9999,adaptive,0.1704,0.0584,1,0.0584,0,0,0,0
p17qcinoe6pc1.webp,4,8,5,5,1.0,adaptive,0.1823,0.0855,1,0.0855,0,0,0,0
p17qcinoe6pc1.webp,4,9,9,9,1.0,adaptive,0.2112,0.0858,1,0.0858,0,0,0,0
p17qcinoe6pc1.webp,5,1,2,2,1.0,adaptive,0.1924,0.0807,1,0.0807,0,0,0,0
p17qcinoe6pc1.webp,5,2,1,1,0.9999,adaptive,0.1437,0.0585,1,0.0585,0,0,0,0
p17qcinoe6pc1.webp,5,3,4,4,1.0,adaptive,0.173,0.0746,1,0.0746,0,0,0,0
p17qcinoe6pc1.webp,5,4,5,5,1.0,adaptive,0.1825,0.0828,1,0.0828,0,0,0,0
p17qcinoe6pc1.webp,5,5,9,9,1.0,adaptive,0.1756,0.0902,1,0.0902,0,0,0,0
p17qcinoe6pc1.webp,5,6,6,6,1.0,adaptive,0.1746,0.0891,1,0.0891,0,0,0,0
p17qcinoe6pc1.webp,5,7,8,8,1.0,adaptive,0.1931,0.0934,1,0.0934,0,0,0,0
p17qcinoe6pc1.webp,5,8,3,3,1.0,adaptive,0.168,0.0808,1,0.0808,0,0,0,0
p17qcinoe6pc1.webp,5,9,7,7,1.0,adaptive,0.1755,0.0633,1,0.0633,0,0,0,0
p17qcinoe6pc1.webp,6,4,7,7,1.0,adaptive,0.1706,0.0597,1,0.0597,0,0,0,0
p17qcinoe6pc1.webp,6,5,1,1,0.9999,adaptive,0.1461,0.0608,1,0.0608,0,0,0,0
p17qcinoe6pc1.webp,6,6,3,3,1.0,adaptive,0.1742,0.08,1,0.08,0,0,0,0
p17qcinoe6pc1.webp,6,7,6,6,0.9999,adaptive,0.1851,0.0869,1,0.0869,0,0,0,0
p17qcinoe6pc1.webp,6,8,4,4,1.0,adaptive,0.1714,0.073,1,0.073,0,0,0,0
p17qcinoe6pc1.webp,6,9,2,2,1.0,adaptive,0.1951,0.0795,1,0.0795,0,0,0,0
p17qcinoe6pc1.webp,7,1,1,1,0.9999,adaptive,0.1802,0.0568,1,0.0568,0,0,0,0
p17qcinoe6pc1.webp,7,3,8,8,1.0,adaptive,0.2012,0.0909,1,0.0909,0,0,0,0
p17qcinoe6pc1.webp,7,4,2,2,0.9999,adaptive,0.1898,0.0786,1,0.0786,0,0,0,0
p17qcinoe6pc1.webp,7,5,3,3,1.0,adaptive,0.1789,0.0794,1,0.0794,0,0,0,0
p17qcinoe6pc1.webp,7,8,7,7,1.0,adaptive,0.1633,0.064,1,0.064,0,0,0,0
p17qcinoe6pc1.webp,7,9,6,6,1.0,adaptive,0.1989,0.0862,1,0.0862,0,0,0,0
p17qcinoe6pc1.webp,8,1,9,9,1.0,adaptive,0.2004,0.0896,1,0.0896,0,0,0,0
p17qcinoe6pc1.webp,8,4,6,6,0.9999,adaptive,0.1999,0.0889,1,0.0889,0,0,0,0
p17qcinoe6pc1.webp,8,5,8,8,1.0,adaptive,0.1848,0.0955,1,0.0955,0,0,0,0
p17qcinoe6pc1.webp,8,7,3,3,1.0,adaptive,0.1798,0.0798,1,0.0798,0,0,0,0
p17qcinoe6pc1.webp,8,8,1,1,0.9999,adaptive,0.1446,0.0576,1,0.0576,0,0,0,0
p17qcinoe6pc1.webp,8,9,5,5,1.0,adaptive,0.1857,0.0839,1,0.0839,0,0,0,0
p17qcinoe6pc1.webp,9,1,6,6,0.9999,adaptive,0.2132,0.086,1,0.086,0,0,0,0
p17qcinoe6pc1.webp,9,3,3,3,1.0,adaptive,0.2041,0.0784,1,0.0784,0,0,0,0
p17qcinoe6pc1.webp,9,4,1,1,0.9999,adaptive,0.1847,0.0586,1,0.0586,0,0,0,0
p17qcinoe6pc1.webp,9,8,2,2,1.0,adaptive,0.1811,0.0796,1,0.0796,0,0,0,0
p17qcinoe6pc1.webp,9,9,8,8,1.0,adaptive,0.2063,0.0911,1,0.0911,0,0,0,0
p3m51txlozxc1.webp,1,1,4,4,1.0,adaptive,0.1261,0.0668,1,0.0668,0,0,0,0
p3m51txlozxc1.webp,1,2,8,8,1.0,adaptive,0.1144,0.0844,1,0.0844,0,0,0,0
p3m51txlozxc1.webp,1,3,9,9,1.0,adaptive,0.1528,0.0833,1,0.0833,0,0,0,0
p3m51txlozxc1.webp,1,4,5,5,1.0,adaptive,0.1481,0.0762,1,0.0762,0,0,0,0
p3m51txlozxc1.webp,1,5,3,3,1.0,adaptive,0.114,0.0719,1,0.0719,0,0,0,0
p3m51txlozxc1.webp,1,6,1,1,0.9983,adaptive,0.1018,0.0394,1,0.0394,0,0,0,0
p3m51txlozxc1.webp,1,7,6,6,1.0,adaptive,0.1524,0.0829,1,0.0829,0,0,0,0
p3m51txlozxc1.webp,1,8,7,7,1.0,adaptive,0.081,0.0511,1,0.0511,0,0,0,0
p3m51txlozxc1.webp,1,9,2,2,1.0,adaptive,0.1401,0.0677,1,0.0677,0,0,0,0
p3m51txlozxc1.webp,2,1,7,7,1.0,adaptive,0.0769,0.047,1,0.047,0,0,0,0
p3m51txlozxc1.webp,2,2,5,5,1.0,adaptive,0.1088,0.0801,1,0.0801,0,0,0,0
p3m51txlozxc1.webp,2,3,2,2,1.0,adaptive,0.1269,0.0699,1,0.0699,0,0,0,0
p3m51txlozxc1.webp,2,4,6,6,0.9999,adaptive,0.1549,0.0839,1,0.0839,0,0,0,0
p3m51txlozxc1.webp,2,5,4,4,1.0,adaptive,0.1003,0.0709,1,0.0709,0,0,0,0
p3m51txlozxc1.webp,2,6,9,9,0.9999,adaptive,0.1416,0.0844,1,0.0844,0,0,0,0
p3m51txlozxc1.webp,2,7,8,8,1.0,adaptive,0.1278,0.0855,1,0.0855,0,0,0,0
p3m51txlozxc1.webp,2,8,3,3,1.0,adaptive,0.0987,0.0735,1,0.0735,0,0,0,0
p3m51txlozxc1.webp,2,9,1,1,0.9982,adaptive,0.0875,0.0418,1,0.0418,0,0,0,0
p3m51txlozxc1.webp,3,1,3,3,1.0,adaptive,0.1557,0.0717,1,0.0717,0,0,0,0
p3m51txlozxc1.webp,3,2,1,1,0.996,adaptive,0.0997,0.0427,1,0.0427,0,0,0,0
p3m51txlozxc1.webp,3,3,6,6,0.9999,adaptive,0.1673,0.0829,1,0.0829,0,0,0,0
p3m51txlozxc1.webp,3,4,8,8,1.0,adaptive,0.1807,0.0842,1,0.0842,0,0,0,0
p3m51txlozxc1.webp,3,5,2,2,1.0,adaptive,0.128,0.0703,1,0.0703,0,0,0,0
p3m51txlozxc1.webp,3,6,7,7,1.0,adaptive,0.1094,0.0512,1,0.0512,0,0,0,0
p3m51txlozxc1.webp,3,8,4,4,1.0,adaptive,0.1239,0.0674,1,0.0674,0,0,0,0
p3m51txlozxc1.webp,4,1,6,6,0.9999,adaptive,0.1682,0.0835,1,0.0835,0,0,0,0
p3m51txlozxc1.webp,4,2,9,9,1.0,adaptive,0.1395,0.0823,1,0.0823,0,0,0,0
p3m51txlozxc1.webp,4,3,1,1,0.998,adaptive,0.1241,0.0392,1,0.0392,0,0,0,0
p3m51txlozxc1.webp,4,5,5,5,1.0,adaptive,0.1348,0.0771,1,0.0771,0,0,0,0
p3m51txlozxc1.webp,4,6,3,3,1.0,adaptive,0.1564,0.0715,1,0.0715,0,0,0,0
p3m51txlozxc1.webp,4,8,8,8,1.0,adaptive,0.1404,0.085,1,0.085,0,0,0,0
p3m51txlozxc1.webp,4,9,4,4,1.0,adaptive,0.155,0.0693,1,0.0693,0,0,0,0
p3m51txlozxc1.webp,5,1,5,5,1.0,adaptive,0.1477,0.0798,1,0.0798,0,0,0,0
p3m51txlozxc1.webp,5,2,4,4,1.0,adaptive,0.1113,0.0702,1,0.0702,0,0,0,0
p3m51txlozxc1.webp,5,3,7,7,1.0,adaptive,0.0805,0.0507,1,0.0507,0,0,0,0
p3m51txlozxc1.webp,5,5,1,1,0.9989,adaptive,0.0826,0.0406,1,0.0406,0,0,0,0
p3m51txlozxc1.webp,5,6,8,8,1.0,adaptive,0.1531,0.0844,1,0.0844,0,0,0,0
p3m51txlozxc1.webp,5,7,3,3,1.0,adaptive,0.1429,0.0739,1,0.0739,0,0,0,0
p3m51txlozxc1.webp,5,9,6,6,0.9999,adaptive,0.1542,0.0839,1,0.0839,0,0,0,0
p3m51txlozxc1.webp,6,1,2,2,1.0,adaptive,0.1515,0.0671,1,0.0671,0,0,0,0
p3m51txlozxc1.webp,6,2,3,3,1.0,adaptive,0.1298,0.0728,1,0.0728,0,0,0,0
p3m51txlozxc1.webp,6,3,8,8,1.0,adaptive,0.1693,0.0851,1,0.0851,0,0,0,0
p3m51txlozxc1.webp,6,4,4,4,1.0,adaptive,0.1669,0.0695,1,0.0695,0,0,0,0
p3m51txlozxc1.webp,6,6,6,6,0.9999,adaptive,0.1673,0.0824,1,0.0824,0,0,0,0
p3m51txlozxc1.webp,6,7,1,1,0.9972,adaptive,0.1223,0.0388,1,0.0388,0,0,0,0
p3m51txlozxc1.webp,6,8,5,5,1.0,adaptive,0.1357,0.0798,1,0.0798,0,0,0,0
p3m51txlozxc1.webp,7,1,1,1,0.9983,adaptive,0.1357,0.0397,1,0.0397,0,0,0,0
p3m51txlozxc1.webp,7,2,6,6,1.0,adaptive,0.1545,0.0841,1,0.0841,0,0,0,0
p3m51txlozxc1.webp,7,3,5,5,1.0,adaptive,0.1755,0.0793,1,0.0793,0,0,0,0
p3m51txlozxc1.webp,7,4,3,3,1.0,adaptive,0.1813,0.0733,1,0.0733,0,0,0,0
p3m51txlozxc1.webp,7,6,4,4,1.0,adaptive,0.1575,0.0671,1,0.0671,0,0,0,0
p3m51txlozxc1.webp,7,9,8,8,1.0,adaptive,0.1693,0.084,1,0.084,0,0,0,0
p3m51txlozxc1.webp,8,1,9,9,1.0,adaptive,0.1438,0.0864,1,0.0864,0,0,0,0
p3m51txlozxc1.webp,8,3,4,4,1.0,adaptive,0.1264,0.069,1,0.069,0,0,0,0
p3m51txlozxc1.webp,8,4,1,1,0.9979,adaptive,0.1117,0.0412,1,0.0412,0,0,0,0
p3m51txlozxc1.webp,8,5,8,8,1.0,adaptive,0.1162,0.0872,1,0.0872,0,0,0,0
p3m51txlozxc1.webp,8,8,6,6,0.9999,adaptive,0.0999,0.0856,1,0.0856,0,0,0,0
p3m51txlozxc1.webp,8,9,3,3,1.0,adaptive,0.1298,0.0721,1,0.0721,0,0,0,0
p3m51txlozxc1.webp,9,1,8,8,1.0,adaptive,0.155,0.0833,1,0.0833,0,0,0,0
p3m51txlozxc1.webp,9,3,3,3,1.0,adaptive,0.143,0.0706,1,0.0706,0,0,0,0
p3m51txlozxc1.webp,9,5,6,6,1.0,adaptive,0.1413,0.0868,1,0.0868,0,0,0,0
p3m51txlozxc1.webp,9,7,4,4,1.0,adaptive,0.1533,0.0704,1,0.0704,0,0,0,0
p3m51txlozxc1.webp,9,8,1,1,0.9983,adaptive,0.0823,0.04,1,0.04,0,0,0,0
p823z221i6pc1.webp,1,1,4,4,1.0,adaptive,0.1608,0.0762,1,0.0762,0,0,0,0
p823z221i6pc1.webp,1,4,9,9,0.9999,adaptive,0.1851,0.0896,1,0.0896,0,0,0,0
p823z221i6pc1.webp,1,5,7,7,1.0,adaptive,0.1486,0.0649,1,0.0649,0,0,0,0
p823z221i6pc1.webp,1,6,1,1,1.0,adaptive,0.1415,0.0581,1,0.0581,0,0,0,0
p823z221i6pc1.webp,1,7,2,2,1.0,adaptive,0.1744,0.0795,1,0.0795,0,0,0,0
p823z221i6pc1.webp,1,9,3,3,1.0,adaptive,0.1669,0.0811,1,0.0811,0,0,0,0
p823z221i6pc1.webp,2,1,7,7,1.0,adaptive,0.135,0.0638,1,0.0638,0,0,0,0
p823z221i6pc1.webp,2,3,1,1,1.0,adaptive,0.1316,0.0606,1,0.0606,0,0,0,0
p823z221i6pc1.webp,2,4,3,3,1.0,adaptive,0.1682,0.083,1,0.083,0,0,0,0
p823z221i6pc1.webp,2,6,8,8,1.0,adaptive,0.1687,0.0963,1,0.0963,0,0,0,0
p823z221i6pc1.webp,2,7,5,5,1.0,adaptive,0.1723,0.0868,1,0.0868,0,0,0,0
p823z221i6pc1.webp,2,9,4,4,1.0,adaptive,0.149,0.0773,1,0.0773,0,0,0,0
p823z221i6pc1.webp,3,4,4,4,1.0,adaptive,0.153,0.076,1,0.076,0,0,0,0
p823z221i6pc1.webp,3,7,7,7,1.0,adaptive,0.1588,0.0628,1,0.0628,0,0,0,0
p823z221i6pc1.webp,3,9,1,1,1.0,adaptive,0.1314,0.0584,1,0.0584,0,0,0,0
p823z221i6pc1.webp,4,1,3,3,1.0,adaptive,0.1646,0.0802,1,0.0802,0,0,0,0
p823z221i6pc1.webp,4,4,8,8,1.0,adaptive,0.1811,0.0949,1,0.0949,0,0,0,0
p823z221i6pc1.webp,4,7,1,1,1.0,adaptive,0.1573,0.0588,1,0.0588,0,0,0,0
p823z221i6pc1.webp,4,8,5,5,1.0,adaptive,0.1594,0.0866,1,0.0866,0,0,0,0
p823z221i6pc1.webp,4,9,9,9,0.9999,adaptive,0.1744,0.0898,1,0.0898,0,0,0,0
p823z221i6pc1.webp,5,1,2,2,1.0,adaptive,0.1649,0.0821,1,0.0821,0,0,0,0
p823z221i6pc1.webp,5,2,1,1,1.0,adaptive,0.1407,0.0604,1,0.0604,0,0,0,0
p823z221i6pc1.webp,5,3,4,4,1.0,adaptive,0.1486,0.0771,1,0.0771,0,0,0,0
p823z221i6pc1.webp,5,4,5,5,1.0,adaptive,0.1827,0.0868,1,0.0868,0,0,0,0
p823z221i6pc1.webp,5,5,9,9,0.9999,adaptive,0.1765,0.0934,1,0.0934,0,0,0,0
p823z221i6pc1.webp,5,6,6,6,0.9999,adaptive,0.1753,0.0907,1,0.0907,0,0,0,0
p823z221i6pc1.webp,5,7,8,8,1.0,adaptive,0.1943,0.0968,1,0.0968,0,0,0,0
p823z221i6pc1.webp,5,8,3,3,1.0,adaptive,0.1685,0.0849,1,0.0849,0,0,0,0
p823z221i6pc1.webp,5,9,7,7,1.0,adaptive,0.1481,0.0635,1,0.0635,0,0,0,0
p823z221i6pc1.webp,6,4,7,7,1.0,adaptive,0.1517,0.0644,1,0.0644,0,0,0,0
p823z221i6pc1.webp,6,5,1,1,0.9999,adaptive,0.1472,0.0613,1,0.0613,0,0,0,0
p823z221i6pc1.webp,6,6,3,3,1.0,adaptive,0.1669,0.0813,1,0.0813,0,0,0,0
p823z221i6pc1.webp,6,7,6,6,1.0,adaptive,0.1882,0.0898,1,0.0898,0,0,0,0
p823z221i6pc1.webp,6,8,4,4,1.0,adaptive,0.1628,0.0769,1,0.0769,0,0,0,0
p823z221i6pc1.webp,6,9,2,2,1.0,adaptive,0.1673,0.082,1,0.082,0,0,0,0
p823z221i6pc1.webp,7,1,1,1,1.0,adaptive,0.1595,0.0633,1,0.0633,0,0,0,0
p823z221i6pc1.webp,7,3,8,8,1.0,adaptive,0.1773,0.0936,1,0.0936,0,0,0,0
p823z221i6pc1.webp,7,4,2,2,1.0,adaptive,0.1775,0.0809,1,0.0809,0,0,0,0
p823z221i6pc1.webp,7,5,3,3,1.0,adaptive,0.1802,0.0828,1,0.0828,0,0,0,0
p823z221i6pc1.webp,7,8,7,7,1.0,adaptive,0.1612,0.0654,1,0.0654,0,0,0,0
p823z221i6pc1.webp,7,9,6,6,1.0,adaptive,0.1853,0.0887,1,0.0887,0,0,0,0
p823z221i6pc1.webp,8,1,9,9,1.0,adaptive,0.1608,0.0898,1,0.0898,0,0,0,0
p823z221i6pc1.webp,8,4,6,6,0.9999,adaptive,0.1646,0.0914,1,0.0914,0,0,0,0
p823z221i6pc1.webp,8,5,8,8,1.0,adaptive,0.1692,0.0971,1,0.0971,0,0,0,0
p823z221i6pc1.webp,8,7,3,3,1.0,adaptive,0.1689,0.0828,1,0.0828,0,0,0,0
p823z221i6pc1.webp,8,8,1,1,1.0,adaptive,0.1364,0.0634,1,0.0634,0,0,0,0
p823z221i6pc1.webp,8,9,5,5,1.0,adaptive,0.1601,0.0884,1,0.0884,0,0,0,0
p823z221i6pc1.webp,9,1,6,6,1.0,adaptive,0.1896,0.0896,1,0.0896,0,0,0,0
p823z221i6pc1.webp,9,3,3,3,1.0,adaptive,0.1711,0.0826,1,0.0826,0,0,0,0
p823z221i6pc1.webp,9,4,1,1,1.0,adaptive,0.1571,0.0604,1,0.0604,0,0,0,0
p823z221i6pc1.webp,9,8,2,2,1.0,adaptive,0.1671,0.0821,1,0.0821,0,0,0,0
p823z221i6pc1.webp,9,9,8,8,1.0,adaptive,0.1804,0.0931,1,0.0931,0,0,0,0
pjlx823hg31d1.webp,1,1,2,2,1.0,adaptive,0.1279,0.0495,1,0.0495,0,0,0,0
pjlx823hg31d1.webp,1,2,0,0,0.992,adaptive,0.0719,0.0,0,0.0,0,0,0,0
pjlx823hg31d1.webp,1,3,9,9,0.9999,adaptive,0.1553,0.0506,1,0.0506,0,0,0,0
pjlx823hg31d1.webp,1,4,6,6,0.999,adaptive,0.1497,0.0492,1,0.0492,0,0,0,0
pjlx823hg31d1.webp,1,5,5,5,1.0,adaptive,0.1327,0.0531,1,0.0531,0,0,0,0
pjlx823hg31d1.webp,1,6,8,8,0.9829,adaptive,0.184,0.0544,1,0.0544,0,0,0,0
pjlx823hg31d1.webp,1,7,3,3,1.0,adaptive,0.1742,0.0717,1,0.0717,0,0,0,0
pjlx823hg31d1.webp,1,8,1,1,0.996,adaptive,0.1201,0.0382,2,0.0258,0,0,0,0
pjlx823hg31d1.webp,1,9,0,0,0.992,adaptive,0.1049,0.0,1,0.0,1,0,0,0
pjlx823hg31d1.webp,2,1,0,0,0.992,adaptive,0.069,0.0,0,0.0,0,0,0,0
pjlx823hg31d1.webp,2,2,8,8,1.0,adaptive,0.1508,0.0937,1,0.0937,0,0,0,0
pjlx823hg31d1.webp,2,3,6,6,0.9993,adaptive,0.1601,0.0735,1,0.0735,0,0,0,0
pjlx823hg31d1.webp,2,4,1,1,0.9869,adaptive,0.1289,0.0366,1,0.0366,0,0,0,0
pjlx823hg31d1.webp,2,5,0,0,0.992,adaptive,0.0585,0.0,0,0.0,0,0,0,0
pjlx823hg31d1.webp,2,6,0,0,0.992,adaptive,0.0963,0.0,0,0.0,0,0,0,0
pjlx823hg31d1.webp,2,7,2,2,0.9997,adaptive,0.1443,0.0733,1,0.0733,0,0,0,0
pjlx823hg31d1.webp,2,8,0,0,0.992,adaptive,0.0684,0.0,3,0.0,3,0,0,0
pjlx823hg31d1.webp,2,9,5,5,1.0,adaptive,0.1764,0.0708,2,0.0708,0,1,0,0
pjlx823hg31d1.webp,3,1,5,5,1.0,adaptive,0.1497,0.0706,1,0.0706,0,0,0,0
pjlx823hg31d1.webp,3,2,0,0,0.992,adaptive,0.0791,0.0,0,0.0,0,0,0,0
pjlx823hg31d1.webp,3,3,1,1,0.9935,adaptive,0.1268,0.0376,1,0.0376,0,0,0,0
pjlx823hg31d1.webp,3,4,0,0,0.992,adaptive,0.0898,0.0,0,0.0,0,0,0,0
pjlx823hg31d1.webp,3,5,0,0,0.992,adaptive,0.0683,0.0,1,0.0,1,0,0,0
pjlx823hg31d1.webp,3,6,2,2,1.0,adaptive,0.1493,0.053,1,0.053,0,0,0,0
pjlx823hg31d1.webp,3,7,8,8,0.9992,adaptive,0.1319,0.0628,2,0.0628,1,0,0,0
pjlx823hg31d1.webp,3,8,9,9,0.9998,adaptive,0.1409,0.0726,2,0.0726,0,1,0,0
pjlx823hg31d1.webp,3,9,6,6,0.9997,adaptive,0.1722,0.0702,2,0.0702,0,1,0,0
pjlx823hg31d1.webp,4,1,1,1,0.9918,adaptive,0.1232,0.0379,1,0.0379,0,0,0,0
pjlx823hg31d1.webp,4,2,2,2,0.9999,adaptive,0.1556,0.0751,1,0.0751,0,0,0,0
pjlx823hg31d1.webp,4,3,4,4,0.9999,adaptive,0.1778,0.0704,1,0.0704,0,0,0,0
pjlx823hg31d1.webp,4,4,5,5,0.9986,adaptive,0.1862,0.061,3,0.0483,1,0,0,1
pjlx823hg31d1.webp,4,5,8,8,0.98,adaptive,0.1707,0.0595,1,0.0595,0,0,0,0
pjlx823hg31d1.webp,4,6,0,0,0.992,adaptive,0.1339,0.0,4,0.0,4,0,0,0
pjlx823hg31d1.webp,4,7,6,6,0.9987,adaptive,0.1392,0.0479,2,0.0479,0,1,0,0
pjlx823hg31d1.webp,4,8,3,3,1.0,adaptive,0.1352,0.0475,2,0.0475,0,1,0,0
pjlx823hg31d1.webp,4,9,0,0,0.992,adaptive,0.1339,0.0,1,0.0,0,1,0,0
pjlx823hg31d1.webp,5,1,9,9,0.9988,adaptive,0.1196,0.0615,1,0.0615,0,0,0,0
pjlx823hg31d1.webp,5,2,5,5,0.938,adaptive,0.1047,0.0528,1,0.0528,0,0,0,0
pjlx823hg31d1.webp,5,3,8,8,0.9649,adaptive,0.1508,0.0699,1,0.0699,0,0,0,0
pjlx823hg31d1.webp,5,4,0,0,0.992,adaptive,0.1101,0.0,1,0.0,1,0,0,0
pjlx823hg31d1.webp,5,5,6,6,0.9996,adaptive,0.1602,0.0725,1,0.0725,0,0,0,0
pjlx823hg31d1.webp,5,6,3,3,1.0,adaptive,0.1811,0.0708,3,0.0708,1,1,0,0
pjlx823hg31d1.webp,5,7,1,1,0.9979,adaptive,0.1119,0.0412,4,0.0412,2,1,0,0
pjlx823hg31d1.webp,5,8,0,0,0.992,adaptive,0.0762,0.0,2,0.0,1,1,0,0
pjlx823hg31d1.webp,5,9,2,2,0.9944,adaptive,0.1574,0.0484,2,0.0484,0,1,0,0
pjlx823hg31d1.webp,6,1,0,0,0.992,adaptive,0.0907,0.0,0,0.0,0,0,0,0
pjlx823hg31d1.webp,6,2,0,0,0.992,adaptive,0.0658,0.0,0,0.0,0,0,0,0
pjlx823hg31d1.webp,6,3,7,7,0.9999,adaptive,0.1673,0.0608,1,0.0608,0,0,0,0
pjlx823hg31d1.webp,6,4,0,0,0.992,adaptive,0.1361,0.0,2,0.0,2,0,0,0
pjlx823hg31d1.webp,6,5,2,2,1.0,adaptive,0.161,0.0536,2,0.0536,1,0,0,0
pjlx823hg31d1.webp,6,6,1,1,0.9952,adaptive,0.1702,0.0419,1,0.0419,0,0,0,0
pjlx823hg31d1.webp,6,7,5,5,0.9993,adaptive,0.1571,0.0588,4,0.0588,2,1,0,0
pjlx823hg31d1.webp,6,8,8,8,1.0,adaptive,0.1617,0.0678,2,0.0678,0,1,0,0
pjlx823hg31d1.webp,6,9,0,0,0.992,adaptive,0.1272,0.0,3,0.0,3,0,0,0
pjlx823hg31d1.webp,7,1,0,0,0.992,adaptive,0.0965,0.0,0,0.0,0,0,0,0
pjlx823hg31d1.webp,7,2,0,0,0.992,adaptive,0.0751,0.0,0,0.0,0,0,0,0
pjlx823hg31d1.webp,7,3,5,5,0.9997,adaptive,0.1709,0.0657,2,0.0657,1,0,0,0
pjlx823hg31d1.webp,7,4,3,3,1.0,adaptive,0.1778,0.0693,1,0.0693,0,0,0,0
pjlx823hg31d1.webp,7,5,1,1,0.9959,adaptive,0.1151,0.0432,1,0.0432,0,0,0,0
pjlx823hg31d1.webp,7,6,0,0,0.992,adaptive,0.1067,0.0,0,0.0,0,0,0,0
pjlx823hg31d1.webp,7,7,0,0,0.992,adaptive,0.0704,0.0,3,0.0,3,0,0,0
pjlx823hg31d1.webp,7,8,2,2,1.0,adaptive,0.1033,0.0387,3,0.0387,2,0,0,0
pjlx823hg31d1.webp,7,9,8,8,1.0,adaptive,0.1813,0.0891,1,0.0891,0,0,0,0
pjlx823hg31d1.webp,8,1,8,8,1.0,adaptive,0.1341,0.0681,1,0.0681,0,0,0,0
pjlx823hg31d1.webp,8,2,0,0,0.992,adaptive,0.048,0.0,0,0.0,0,0,0,0
pjlx823hg31d1.webp,8,3,3,3,0.9999,adaptive,0.1314,0.05,1,0.05,0,0,0,0
pjlx823hg31d1.webp,8,4,2,2,0.9999,adaptive,0.1538,0.0719,1,0.0719,0,0,0,0
pjlx823hg31d1.webp,8,5,0,0,0.992,adaptive,0.0631,0.0,0,0.0,0,0,0,0
pjlx823hg31d1.webp,8,6,0,0,0.992,adaptive,0.0914,0.0,0,0.0,0,0,0,0
pjlx823hg31d1.webp,8,7,0,0,0.992,adaptive,0.0733,0.0,0,0.0,0,0,0,0
pjlx823hg31d1.webp,8,8,5,5,1.0,adaptive,0.1458,0.0728,2,0.0728,1,0,0,0
pjlx823hg31d1.webp,8,9,1,1,0.9851,adaptive,0.1251,0.0403,1,0.0403,0,0,0,0
pjlx823hg31d1.webp,9,1,0,0,0.992,adaptive,0.0691,0.0,0,0.0,0,0,0,0
pjlx823hg31d1.webp,9,2,1,1,0.9947,adaptive,0.0963,0.0427,1,0.0427,0,0,0,0
pjlx823hg31d1.webp,9,3,2,2,0.9999,adaptive,0.1582,0.0713,1,0.0713,0,0,0,0
pjlx823hg31d1.webp,9,4,8,8,0.9996,adaptive,0.1513,0.0668,2,0.0668,1,0,0,0
pjlx823hg31d1.webp,9,5,0,0,0.992,adaptive,0.0771,0.0,0,0.0,0,0,0,0
pjlx823hg31d1.webp,9,6,5,5,1.0,adaptive,0.1746,0.0695,1,0.0695,0,0,0,0
pjlx823hg31d1.webp,9,7,9,9,0.9991,adaptive,0.1622,0.0713,1,0.0713,0,0,0,0
pjlx823hg31d1.webp,9,8,6,6,0.9983,adaptive,0.1513,0.0556,1,0.0556,0,0,0,0
pjlx823hg31d1.webp,9,9,3,3,1.0,adaptive,0.1775,0.0717,2,0.0717,1,0,0,0
pu5y3fu09gtc1.webp,1,1,2,2,1.0,adaptive,0.1508,0.0659,1,0.0659,0,0,0,0
pu5y3fu09gtc1.webp,1,3,3,3,1.0,adaptive,0.1557,0.0706,1,0.0706,0,0,0,0
pu5y3fu09gtc1.webp,1,5,7,7,1.0,adaptive,0.1119,0.054,1,0.054,0,0,0,0
pu5y3fu09gtc1.webp,1,6,1,1,0.9884,adaptive,0.1312,0.0463,1,0.0463,0,0,0,0
pu5y3fu09gtc1.webp,2,3,6,6,0.9977,adaptive,0.1309,0.0749,1,0.0749,0,0,0,0
pu5y3fu09gtc1.webp,2,4,3,3,1.0,adaptive,0.1409,0.0712,1,0.0712,0,0,0,0
pu5y3fu09gtc1.webp,2,7,7,7,1.0,adaptive,0.1124,0.0493,1,0.0493,0,0,0,0
pu5y3fu09gtc1.webp,2,9,1,1,0.9966,adaptive,0.0866,0.0416,1,0.0416,0,0,0,0
pu5y3fu09gtc1.webp,3,1,8,8,1.0,adaptive,0.1689,0.0844,1,0.0844,0,0,0,0
pu5y3fu09gtc1.webp,3,4,9,9,1.0,adaptive,0.1666,0.072,1,0.072,0,0,0,0
pu5y3fu09gtc1.webp,3,5,4,4,1.0,adaptive,0.1296,0.0715,1,0.0715,0,0,0,0
pu5y3fu09gtc1.webp,3,6,6,6,0.9938,adaptive,0.1575,0.0733,1,0.0733,0,0,0,0
pu5y3fu09gtc1.webp,3,7,3,3,1.0,adaptive,0.1675,0.0708,1,0.0708,0,0,0,0
pu5y3fu09gtc1.webp,3,8,5,5,1.0,adaptive,0.133,0.0746,1,0.0746,0,0,0,0
pu5y3fu09gtc1.webp,3,9,2,2,1.0,adaptive,0.1542,0.0691,1,0.0691,0,0,0,0
pu5y3fu09gtc1.webp,4,4,2,2,1.0,adaptive,0.1724,0.0677,1,0.0677,0,0,0,0
pu5y3fu09gtc1.webp,4,6,7,7,1.0,adaptive,0.1479,0.0519,1,0.0519,0,0,0,0
pu5y3fu09gtc1.webp,5,2,2,2,1.0,adaptive,0.1001,0.0707,1,0.0707,0,0,0,0
pu5y3fu09gtc1.webp,5,3,8,8,1.0,adaptive,0.1422,0.0844,1,0.0844,0,0,0,0
pu5y3fu09gtc1.webp,5,5,6,6,0.9951,adaptive,0.1063,0.0767,1,0.0767,0,0,0,0
pu5y3fu09gtc1.webp,5,6,9,9,1.0,adaptive,0.1323,0.0749,1,0.0749,0,0,0,0
pu5y3fu09gtc1.webp,5,7,4,4,1.0,adaptive,0.1422,0.071,1,0.071,0,0,0,0
pu5y3fu09gtc1.webp,5,8,7,7,1.0,adaptive,0.0831,0.0533,1,0.0533,0,0,0,0
pu5y3fu09gtc1.webp,6,4,4,4,1.0,adaptive,0.1528,0.0706,1,0.0706,0,0,0,0
pu5y3fu09gtc1.webp,6,6,8,8,1.0,adaptive,0.1662,0.0833,1,0.0833,0,0,0,0
pu5y3fu09gtc1.webp,6,8,2,2,1.0,adaptive,0.128,0.0701,1,0.0701,0,0,0,0
pu5y3fu09gtc1.webp,7,1,6,6,0.9978,adaptive,0.1553,0.0724,1,0.0724,0,0,0,0
pu5y3fu09gtc1.webp,7,2,3,3,1.0,adaptive,0.1282,0.0721,1,0.0721,0,0,0,0
pu5y3fu09gtc1.webp,7,9,4,4,1.0,adaptive,0.1412,0.0684,1,0.0684,0,0,0,0
pu5y3fu09gtc1.webp,8,1,9,9,1.0,adaptive,0.1581,0.0742,1,0.0742,0,0,0,0
pu5y3fu09gtc1.webp,8,6,3,3,1.0,adaptive,0.1413,0.0721,1,0.0721,0,0,0,0
pu5y3fu09gtc1.webp,8,7,6,6,0.9969,adaptive,0.1583,0.0746,1,0.0746,0,0,0,0
pu5y3fu09gtc1.webp,9,4,6,6,0.9984,adaptive,0.1711,0.0748,1,0.0748,0,0,0,0
pu5y3fu09gtc1.webp,9,5,9,9,1.0,adaptive,0.1355,0.0767,1,0.0767,0,0,0,0
pu5y3fu09gtc1.webp,9,6,4,4,0.9999,adaptive,0.1548,0.0699,1,0.0699,0,0,0,0
pu5y3fu09gtc1.webp,9,7,2,2,1.0,adaptive,0.168,0.0697,1,0.0697,0,0,0,0
pxvmn374jk9c1.webp,1,1,3,3,1.0,adaptive,0.1927,0.088,9,0.088,8,0,0,0
pxvmn374jk9c1.webp,1,2,9,9,0.9998,adaptive,0.2062,0.0886,2,0.0886,0,1,0,0
pxvmn374jk9c1.webp,1,3,6,2,0.3058,adaptive,0.1987,0.0423,18,0.0143,13,1,0,1
pxvmn374jk9c1.webp,1,6,8,8,0.9998,adaptive,0.2161,0.0798,7,0.0798,5,1,0,0
pxvmn374jk9c1.webp,1,7,7,7,0.853,adaptive,0.1918,0.0472,12,0.0305,8,1,0,1
pxvmn374jk9c1.webp,1,8,4,1,0.9815,adaptive,0.1936,0.0115,3,0.0115,0,1,1,0
pxvmn374jk9c1.webp,2,1,4,2,0.5477,adaptive,0.175,0.0749,5,0.0427,3,0,0,1
pxvmn374jk9c1.webp,2,3,2,2,0.9996,adaptive,0.1927,0.0606,9,0.0606,7,1,0,0
pxvmn374jk9c1.webp,2,4,6,4,0.3936,adaptive,0.1805,0.0387,7,0.0387,5,1,0,0
pxvmn374jk9c1.webp,2,5,9,5,0.455,adaptive,0.1967,0.0824,7,0.0769,4,1,0,0
pxvmn374jk9c1.webp,2,6,7,0,0.4056,adaptive,0.1445,0.033,7,0.0228,4,1,0,0
pxvmn374jk9c1.webp,2,7,8,8,0.9999,adaptive,0.2062,0.0821,6,0.0821,4,1,0,0
pxvmn374jk9c1.webp,2,8,3,3,1.0,adaptive,0.1662,0.0728,4,0.0728,2,1,0,0
pxvmn374jk9c1.webp,3,2,8,5,0.8326,adaptive,0.1988,0.0421,9,0.0246,6,1,0,0
pxvmn374jk9c1.webp,3,3,7,7,0.9997,adaptive,0.1925,0.0497,10,0.0497,8,1,0,0
pxvmn374jk9c1.webp,3,4,3,3,0.8437,adaptive,0.2194,0.1317,10,0.0697,8,0,0,0
pxvmn374jk9c1.webp,3,5,4,4,0.9964,adaptive,0.1829,0.0638,9,0.0638,7,0,1,0
pxvmn374jk9c1.webp,3,7,6,0,0.4023,adaptive,0.2078,0.0951,14,0.0795,10,0,1,1
pxvmn374jk9c1.webp,3,9,9,9,0.6729,adaptive,0.2274,0.1622,3,0.0889,1,0,0,0
pxvmn374jk9c1.webp,4,1,6,6,0.9979,adaptive,0.2196,0.0929,9,0.0929,8,0,0,0
pxvmn374jk9c1.webp,4,2,3,3,1.0,adaptive,0.1999,0.0828,10,0.0828,8,1,0,0
pxvmn374jk9c1.webp,4,3,8,0,0.5899,adaptive,0.2027,0.096,10,0.0619,7,0,1,0
pxvmn374jk9c1.webp,4,4,7,5,0.5492,adaptive,0.1816,0.1334,11,0.0887,7,0,0,1
pxvmn374jk9c1.webp,4,6,9,9,0.548,adaptive,0.1885,0.1506,4,0.0811,2,0,0,0
pxvmn374jk9c1.webp,4,7,4,7,0.7769,adaptive,0.1911,0.1397,13,0.0813,9,0,0,1
pxvmn374jk9c1.webp,5,1,2,2,1.0,adaptive,0.1922,0.0868,9,0.0868,8,0,0,0
pxvmn374jk9c1.webp,5,3,9,2,0.7581,adaptive,0.2092,0.1312,13,0.0712,10,0,0,0
pxvmn374jk9c1.webp,5,4,8,2,0.4601,adaptive,0.2157,0.1696,7,0.0873,5,0,0,0
pxvmn374jk9c1.webp,5,5,6,6,0.9974,adaptive,0.197,0.1292,7,0.0707,5,0,0,0
pxvmn374jk9c1.webp,5,6,4,4,0.9248,adaptive,0.1789,0.1375,12,0.0706,10,0,0,0
pxvmn374jk9c1.webp,5,7,3,5,0.7365,adaptive,0.1735,0.0988,20,0.0638,16,0,0,1
pxvmn374jk9c1.webp,5,9,7,7,0.9882,adaptive,0.1861,0.1305,14,0.0697,11,0,0,0
pxvmn374jk9c1.webp,6,2,7,7,0.6427,adaptive,0.2099,0.0635,7,0.0292,2,2,0,0
pxvmn374jk9c1.webp,6,3,4,0,0.4309,adaptive,0.2299,0.0858,4,0.0858,2,0,1,0
pxvmn374jk9c1.webp,6,5,3,7,0.5301,adaptive,0.1814,0.0864,5,0.0864,3,0,1,0
pxvmn374jk9c1.webp,6,7,9,9,0.8756,adaptive,0.2283,0.0822,16,0.047,12,0,1,1
pxvmn374jk9c1.webp,6,8,6,6,0.984,adaptive,0.2071,0.119,15,0.0839,12,0,0,1
pxvmn374jk9c1.webp,6,9,8,8,0.8783,adaptive,0.1996,0.1506,13,0.0762,11,0,0,0
pxvmn374jk9c1.webp,7,1,9,2,0.9055,adaptive,0.2413,0.1047,10,0.0965,8,0,0,1
pxvmn374jk9c1.webp,7,2,4,0,0.7763,adaptive,0.216,0.0909,9,0.0909,7,0,1,0
pxvmn374jk9c1.webp,7,3,3,2,0.504,adaptive,0.1856,0.1069,9,0.0688,6,0,0,1
pxvmn374jk9c1.webp,7,4,1,2,0.5492,adaptive,0.2312,0.1484,11,0.1432,9,0,0,0
pxvmn374jk9c1.webp,7,5,8,8,0.8359,adaptive,0.1748,0.1463,8,0.0796,6,0,0,0
pxvmn374jk9c1.webp,7,6,5,5,1.0,adaptive,0.182,0.0731,11,0.0731,9,0,1,0
pxvmn374jk9c1.webp,7,7,2,2,0.9999,adaptive,0.223,0.0766,19,0.0766,17,0,1,0
pxvmn374jk9c1.webp,7,8,7,7,0.3905,adaptive,0.1868,0.0787,27,0.0237,20,0,0,1
pxvmn374jk9c1.webp,7,9,6,2,0.4404,adaptive,0.223,0.1049,21,0.0452,16,1,0,0
pxvmn374jk9c1.webp,8,1,7,7,0.9824,adaptive,0.2166,0.0936,12,0.0525,10,0,0,1
pxvmn374jk9c1.webp,8,2,6,6,0.5788,adaptive,0.2018,0.1474,5,0.0824,3,0,0,0
pxvmn374jk9c1.webp,8,3,5,5,0.965,adaptive,0.1891,0.1474,7,0.076,5,0,0,0
pxvmn374jk9c1.webp,8,4,9,7,0.5328,adaptive,0.199,0.135,13,0.0853,10,0,0,0
pxvmn374jk9c1.webp,8,5,2,2,0.7259,adaptive,0.2117,0.115,10,0.0638,5,1,0,1
pxvmn374jk9c1.webp,8,6,3,3,0.616,adaptive,0.2001,0.1321,10,0.0611,6,0,0,0
pxvmn374jk9c1.webp,8,7,1,1,0.8185,adaptive,0.1954,0.0455,23,0.0391,20,0,1,0
pxvmn374jk9c1.webp,8,8,8,8,0.9797,adaptive,0.2266,0.1256,13,0.1148,11,0,0,0
pxvmn374jk9c1.webp,8,9,4,4,0.9344,adaptive,0.2243,0.088,19,0.0518,17,0,0,0
pxvmn374jk9c1.webp,9,1,8,8,0.8548,adaptive,0.2348,0.1027,6,0.0878,4,0,0,0
pxvmn374jk9c1.webp,9,2,2,9,0.5103,adaptive,0.2277,0.1554,5,0.0871,3,0,0,0
pxvmn374jk9c1.webp,9,3,1,2,0.4407,adaptive,0.2272,0.1446,7,0.0813,2,1,0,1
pxvmn374jk9c1.webp,9,4,4,2,0.8307,adaptive,0.213,0.1591,8,0.0858,5,0,0,0
pxvmn374jk9c1.webp,9,5,7,9,0.6999,adaptive,0.1653,0.118,15,0.0676,10,0,0,0
pxvmn374jk9c1.webp,9,6,6,8,0.9623,adaptive,0.2241,0.1644,12,0.0713,8,0,0,1
pxvmn374jk9c1.webp,9,7,5,7,0.3787,adaptive,0.2214,0.0499,25,0.0151,20,1,0,1
pxvmn374jk9c1.webp,9,8,9,5,0.7304,adaptive,0.235,0.1219,11,0.1065,8,0,0,1
pxvmn374jk9c1.webp,9,9,3,3,1.0,adaptive,0.258,0.1005,10,0.0782,8,0,0,1
pye7693oovac1.webp,1,1,4,4,1.0,adaptive,0.3417,0.1045,3,0.086,1,0,0,0
pye7693oovac1.webp,1,3,9,9,0.9978,adaptive,0.3417,0.1292,3,0.1005,0,1,0,0
pye7693oovac1.webp,1,4,6,6,1.0,adaptive,0.3593,0.1337,2,0.1018,0,0,0,0
pye7693oovac1.webp,1,6,0,0,0.992,adaptive,0.1775,0.0,1,0.0,0,1,0,0
pye7693oovac1.webp,1,7,0,0,0.992,adaptive,0.2368,0.0,0,0.0,0,0,0,0
pye7693oovac1.webp,2,2,0,0,0.992,adaptive,0.183,0.0,0,0.0,0,0,0,0
pye7693oovac1.webp,2,3,2,2,1.0,adaptive,0.3168,0.1262,2,0.1262,0,1,0,0
pye7693oovac1.webp,2,4,7,7,1.0,adaptive,0.3161,0.1124,1,0.1124,0,0,0,0
pye7693oovac1.webp,2,5,4,4,1.0,adaptive,0.2886,0.1198,2,0.1008,0,0,0,0
pye7693oovac1.webp,2,6,3,3,1.0,adaptive,0.2899,0.1488,2,0.1488,0,1,0,0
pye7693oovac1.webp,2,7,0,0,0.992,adaptive,0.1936,0.0,0,0.0,0,0,0,0
pye7693oovac1.webp,2,8,0,0,0.992,adaptive,0.1561,0.0,0,0.0,0,0,0,0
pye7693oovac1.webp,2,9,0,0,0.992,adaptive,0.1409,0.0,1,0.0,0,1,0,0
pye7693oovac1.webp,3,3,0,0,0.992,adaptive,0.1755,0.0,1,0.0,0,0,1,0
pye7693oovac1.webp,3,4,2,2,1.0,adaptive,0.3159,0.1256,2,0.1256,0,1,0,0
pye7693oovac1.webp,3,7,0,0,0.992,adaptive,0.194,0.0,1,0.0,0,1,0,0
pye7693oovac1.webp,3,8,4,4,1.0,adaptive,0.2576,0.1219,5,0.0972,2,0,0,0
pye7693oovac1.webp,4,3,7,7,1.0,adaptive,0.3239,0.1112,2,0.1112,0,1,0,0
pye7693oovac1.webp,4,4,3,3,0.9999,adaptive,0.3587,0.1337,1,0.1337,0,0,0,0
pye7693oovac1.webp,4,5,2,2,1.0,adaptive,0.3281,0.145,2,0.145,1,0,0,0
pye7693oovac1.webp,4,6,4,4,1.0,adaptive,0.2791,0.1063,3,0.0875,0,1,0,0
pye7693oovac1.webp,4,8,5,5,1.0,adaptive,0.332,0.1398,2,0.1398,1,0,0,0
pye7693oovac1.webp,5,1,9,9,0.9964,adaptive,0.3349,0.1318,2,0.102,0,0,0,0
pye7693oovac1.webp,5,2,1,1,0.9998,adaptive,0.2998,0.107,1,0.107,0,0,0,0
pye7693oovac1.webp,5,3,3,3,1.0,adaptive,0.3232,0.1321,2,0.1321,0,1,0,0
pye7693oovac1.webp,5,4,5,5,1.0,adaptive,0.3293,0.1266,1,0.1266,0,0,0,0
pye7693oovac1.webp,5,6,6,6,1.0,adaptive,0.2761,0.1226,3,0.0923,0,1,0,0
pye7693oovac1.webp,5,7,4,4,1.0,adaptive,0.3103,0.1054,2,0.0866,0,0,0,0
pye7693oovac1.webp,6,1,2,2,1.0,adaptive,0.3324,0.1421,2,0.1421,0,1,0,0
pye7693oovac1.webp,6,2,5,5,1.0,adaptive,0.3055,0.1264,3,0.1264,1,1,0,0
pye7693oovac1.webp,6,3,4,4,1.0,adaptive,0.2816,0.1049,3,0.0867,0,0,1,0
pye7693oovac1.webp,6,4,0,0,0.992,adaptive,0.1905,0.0,1,0.0,0,1,0,0
pye7693oovac1.webp,6,7,6,6,0.9999,adaptive,0.3333,0.1325,5,0.1011,3,0,0,0
pye7693oovac1.webp,6,8,3,3,1.0,adaptive,0.3141,0.1499,4,0.1499,3,0,0,0
pye7693oovac1.webp,6,9,0,0,0.992,adaptive,0.151,0.0,1,0.0,0,0,1,0
pye7693oovac1.webp,7,2,4,4,1.0,adaptive,0.3204,0.1158,2,0.0972,0,0,0,0
pye7693oovac1.webp,7,3,5,5,1.0,adaptive,0.3408,0.1383,2,0.1383,0,1,0,0
pye7693oovac1.webp,7,4,9,9,0.9965,adaptive,0.3419,0.1283,2,0.1002,0,0,0,0
pye7693oovac1.webp,7,6,2,2,1.0,adaptive,0.2976,0.1259,2,0.1259,0,1,0,0
pye7693oovac1.webp,7,8,1,1,0.9998,adaptive,0.2974,0.1099,1,0.1099,0,0,0,0
pye7693oovac1.webp,8,1,7,7,1.0,adaptive,0.2829,0.1018,2,0.1018,1,0,0,0
pye7693oovac1.webp,8,2,2,2,1.0,adaptive,0.2991,0.1297,1,0.1297,0,0,0,0
pye7693oovac1.webp,8,3,6,6,0.9999,adaptive,0.2999,0.1323,3,0.1009,0,1,0,0
pye7693oovac1.webp,8,6,5,5,1.0,adaptive,0.2944,0.1436,2,0.1436,0,1,0,0
pye7693oovac1.webp,8,7,3,3,1.0,adaptive,0.3422,0.1499,1,0.1499,0,0,0,0
pye7693oovac1.webp,8,8,9,9,0.9974,adaptive,0.289,0.1214,3,0.0923,1,0,0,0
pye7693oovac1.webp,8,9,4,4,1.0,adaptive,0.2533,0.1047,3,0.0862,0,1,0,0
pye7693oovac1.webp,9,2,9,9,0.9993,adaptive,0.2834,0.1165,3,0.0889,0,1,0,0
pye7693oovac1.webp,9,4,4,4,1.0,adaptive,0.2816,0.1038,3,0.0855,0,1,0,0
pye7693oovac1.webp,9,6,7,7,1.0,adaptive,0.2493,0.1121,2,0.1121,0,0,1,0
pye7693oovac1.webp,9,7,2,2,1.0,adaptive,0.3194,0.1419,2,0.1419,0,1,0,0
pye7693oovac1.webp,9,9,5,5,1.0,adaptive,0.2613,0.1241,2,0.1241,0,0,1,0
q1i54cb8xffc1.webp,1,1,4,4,1.0,adaptive,0.1374,0.0668,1,0.0668,0,0,0,0
q1i54cb8xffc1.webp,1,2,6,6,0.9999,adaptive,0.1246,0.0816,1,0.0816,0,0,0,0
q1i54cb8xffc1.webp,1,7,7,7,1.0,adaptive,0.1359,0.0535,1,0.0535,0,0,0,0
q1i54cb8xffc1.webp,1,8,9,9,1.0,adaptive,0.1422,0.0848,1,0.0848,0,0,0,0
q1i54cb8xffc1.webp,1,9,1,1,0.9992,adaptive,0.1261,0.0397,1,0.0397,0,0,0,0
q1i54cb8xffc1.webp,2,2,9,9,1.0,adaptive,0.0879,0.0879,1,0.0879,0,0,0,0
q1i54cb8xffc1.webp,2,4,1,1,0.9941,adaptive,0.0905,0.0457,1,0.0457,0,0,0,0
q1i54cb8xffc1.webp,2,7,2,2,1.0,adaptive,0.1085,0.0692,1,0.0692,0,0,0,0
q1i54cb8xffc1.webp,2,8,3,3,1.0,adaptive,0.087,0.073,1,0.073,0,0,0,0
q1i54cb8xffc1.webp,2,9,4,4,1.0,adaptive,0.1149,0.0701,1,0.0701,0,0,0,0
q1i54cb8xffc1.webp,3,3,3,3,1.0,adaptive,0.1339,0.0742,1,0.0742,0,0,0,0
q1i54cb8xffc1.webp,3,4,4,4,1.0,adaptive,0.1664,0.0699,1,0.0699,0,0,0,0
q1i54cb8xffc1.webp,3,5,7,7,1.0,adaptive,0.1085,0.0511,1,0.0511,0,0,0,0
q1i54cb8xffc1.webp,3,6,9,9,1.0,adaptive,0.182,0.0849,1,0.0849,0,0,0,0
q1i54cb8xffc1.webp,3,7,6,6,1.0,adaptive,0.1689,0.0862,1,0.0862,0,0,0,0
q1i54cb8xffc1.webp,3,8,5,5,1.0,adaptive,0.1366,0.0791,1,0.0791,0,0,0,0
q1i54cb8xffc1.webp,3,9,8,8,1.0,adaptive,0.172,0.0855,1,0.0855,0,0,0,0
q1i54cb8xffc1.webp,4,3,2,2,1.0,adaptive,0.1437,0.0717,1,0.0717,0,0,0,0
q1i54cb8xffc1.webp,4,6,4,4,1.0,adaptive,0.176,0.0666,1,0.0666,0,0,0,0
q1i54cb8xffc1.webp,4,8,1,1,0.9982,adaptive,0.1124,0.0409,1,0.0409,0,0,0,0
q1i54cb8xffc1.webp,5,1,6,6,1.0,adaptive,0.1434,0.0862,1,0.0862,0,0,0,0
q1i54cb8xffc1.webp,5,4,5,5,1.0,adaptive,0.1513,0.0812,1,0.0812,0,0,0,0
q1i54cb8xffc1.webp,5,7,8,8,1.0,adaptive,0.1443,0.0871,1,0.0871,0,0,0,0
q1i54cb8xffc1.webp,5,8,4,4,1.0,adaptive,0.1006,0.0712,1,0.0712,0,0,0,0
q1i54cb8xffc1.webp,5,9,2,2,1.0,adaptive,0.1296,0.0715,1,0.0715,0,0,0,0
q1i54cb8xffc1.webp,6,3,4,4,1.0,adaptive,0.1263,0.0664,1,0.0664,0,0,0,0
q1i54cb8xffc1.webp,6,6,8,8,1.0,adaptive,0.1954,0.086,1,0.086,0,0,0,0
q1i54cb8xffc1.webp,6,8,7,7,1.0,adaptive,0.1266,0.0552,1,0.0552,0,0,0,0
q1i54cb8xffc1.webp,7,2,4,4,1.0,adaptive,0.1298,0.0708,1,0.0708,0,0,0,0
q1i54cb8xffc1.webp,7,3,6,6,0.9999,adaptive,0.1386,0.0829,1,0.0829,0,0,0,0
q1i54cb8xffc1.webp,7,5,5,5,1.0,adaptive,0.1502,0.0801,1,0.0801,0,0,0,0
q1i54cb8xffc1.webp,7,6,1,1,0.9976,adaptive,0.1421,0.041,1,0.041,0,0,0,0
q1i54cb8xffc1.webp,7,7,9,9,1.0,adaptive,0.1784,0.0862,1,0.0862,0,0,0,0
q1i54cb8xffc1.webp,7,8,8,8,1.0,adaptive,0.1499,0.0868,1,0.0868,0,0,0,0
q1i54cb8xffc1.webp,7,9,3,3,1.0,adaptive,0.1586,0.0737,1,0.0737,0,0,0,0
q1i54cb8xffc1.webp,8,7,4,4,1.0,adaptive,0.1287,0.0715,1,0.0715,0,0,0,0
q1i54cb8xffc1.webp,8,8,2,2,1.0,adaptive,0.1028,0.0737,1,0.0737,0,0,0,0
q1i54cb8xffc1.webp,8,9,5,5,1.0,adaptive,0.1379,0.0796,1,0.0796,0,0,0,0
q1i54cb8xffc1.webp,9,1,5,5,1.0,adaptive,0.1646,0.0804,1,0.0804,0,0,0,0
q1i54cb8xffc1.webp,9,5,4,4,1.0,adaptive,0.1282,0.0699,1,0.0699,0,0,0,0
q1i54cb8xffc1.webp,9,7,1,1,0.9989,adaptive,0.1247,0.0401,1,0.0401,0,0,0,0
q1i54cb8xffc1.webp,9,8,6,6,0.9998,adaptive,0.1422,0.0841,1,0.0841,0,0,0,0
q1i54cb8xffc1.webp,9,9,7,7,1.0,adaptive,0.1383,0.0517,1,0.0517,0,0,0,0
q26yh6na4hxc1.webp,1,1,8,8,1.0,adaptive,0.1784,0.0947,1,0.0947,0,0,0,0
q26yh6na4hxc1.webp,1,2,4,4,1.0,adaptive,0.1495,0.0807,1,0.0807,0,0,0,0
q26yh6na4hxc1.webp,1,3,6,6,0.9982,adaptive,0.1673,0.0838,1,0.0838,0,0,0,0
q26yh6na4hxc1.webp,1,4,9,9,1.0,adaptive,0.1669,0.0835,1,0.0835,0,0,0,0
q26yh6na4hxc1.webp,1,5,7,7,1.0,adaptive,0.1275,0.0592,1,0.0592,0,0,0,0
q26yh6na4hxc1.webp,1,8,3,3,1.0,adaptive,0.1395,0.0825,1,0.0825,0,0,0,0
q26yh6na4hxc1.webp,1,9,5,5,1.0,adaptive,0.1515,0.0811,1,0.0811,0,0,0,0
q26yh6na4hxc1.webp,2,2,3,3,1.0,adaptive,0.1391,0.0838,1,0.0838,0,0,0,0
q26yh6na4hxc1.webp,2,3,5,5,1.0,adaptive,0.1529,0.0834,1,0.0834,0,0,0,0
q26yh6na4hxc1.webp,2,5,8,8,1.0,adaptive,0.155,0.0999,1,0.0999,0,0,0,0
q26yh6na4hxc1.webp,2,6,6,6,0.9992,adaptive,0.1407,0.0841,1,0.0841,0,0,0,0
q26yh6na4hxc1.webp,2,7,9,9,1.0,adaptive,0.1556,0.0857,1,0.0857,0,0,0,0
q26yh6na4hxc1.webp,2,8,4,4,1.0,adaptive,0.124,0.081,1,0.081,0,0,0,0
q26yh6na4hxc1.webp,2,9,7,7,1.0,adaptive,0.1119,0.0574,1,0.0574,0,0,0,0
q26yh6na4hxc1.webp,3,2,7,7,1.0,adaptive,0.128,0.0588,1,0.0588,0,0,0,0
q26yh6na4hxc1.webp,3,3,9,9,1.0,adaptive,0.1669,0.0829,1,0.0829,0,0,0,0
q26yh6na4hxc1.webp,3,4,5,5,1.0,adaptive,0.1677,0.0842,1,0.0842,0,0,0,0
q26yh6na4hxc1.webp,3,5,3,3,1.0,adaptive,0.1508,0.0816,1,0.0816,0,0,0,0
q26yh6na4hxc1.webp,3,6,4,4,1.0,adaptive,0.1488,0.0769,1,0.0769,0,0,0,0
q26yh6na4hxc1.webp,3,7,6,6,0.9979,adaptive,0.168,0.084,1,0.084,0,0,0,0
q26yh6na4hxc1.webp,4,1,3,3,1.0,adaptive,0.1633,0.0795,1,0.0795,0,0,0,0
q26yh6na4hxc1.webp,4,3,4,4,1.0,adaptive,0.1626,0.0791,1,0.0791,0,0,0,0
q26yh6na4hxc1.webp,4,5,5,5,1.0,adaptive,0.156,0.0868,1,0.0868,0,0,0,0
q26yh6na4hxc1.webp,4,6,8,8,1.0,adaptive,0.1662,0.0947,1,0.0947,0,0,0,0
q26yh6na4hxc1.webp,4,7,7,7,1.0,adaptive,0.1432,0.0595,1,0.0595,0,0,0,0
q26yh6na4hxc1.webp,4,8,6,6,0.9954,adaptive,0.1427,0.0848,1,0.0848,0,0,0,0
q26yh6na4hxc1.webp,4,9,9,9,1.0,adaptive,0.1548,0.0833,1,0.0833,0,0,0,0
q26yh6na4hxc1.webp,5,1,9,9,1.0,adaptive,0.1513,0.0834,1,0.0834,0,0,0,0
q26yh6na4hxc1.webp,5,2,5,5,1.0,adaptive,0.1437,0.0891,1,0.0891,0,0,0,0
q26yh6na4hxc1.webp,5,4,7,7,1.0,adaptive,0.1176,0.0597,1,0.0597,0,0,0,0
q26yh6na4hxc1.webp,5,5,6,6,0.9986,adaptive,0.1405,0.0877,1,0.0877,0,0,0,0
q26yh6na4hxc1.webp,5,7,3,3,1.0,adaptive,0.1493,0.0807,1,0.0807,0,0,0,0
q26yh6na4hxc1.webp,5,9,4,4,1.0,adaptive,0.1235,0.0803,1,0.0803,0,0,0,0
q26yh6na4hxc1.webp,6,1,7,7,1.0,adaptive,0.1299,0.0584,1,0.0584,0,0,0,0
q26yh6na4hxc1.webp,6,2,6,6,0.9988,adaptive,0.1422,0.0859,1,0.0859,0,0,0,0
q26yh6na4hxc1.webp,6,4,4,4,1.0,adaptive,0.1481,0.0766,1,0.0766,0,0,0,0
q26yh6na4hxc1.webp,6,5,9,9,1.0,adaptive,0.1395,0.0844,1,0.0844,0,0,0,0
q26yh6na4hxc1.webp,6,6,3,3,1.0,adaptive,0.1504,0.0809,1,0.0809,0,0,0,0
q26yh6na4hxc1.webp,6,8,5,5,1.0,adaptive,0.1312,0.0873,1,0.0873,0,0,0,0
q26yh6na4hxc1.webp,7,1,4,4,1.0,adaptive,0.1599,0.0784,1,0.0784,0,0,0,0
q26yh6na4hxc1.webp,7,2,9,9,1.0,adaptive,0.1375,0.0821,1,0.0821,0,0,0,0
q26yh6na4hxc1.webp,7,3,3,3,1.0,adaptive,0.1628,0.0804,1,0.0804,0,0,0,0
q26yh6na4hxc1.webp,7,4,6,6,0.9972,adaptive,0.1664,0.084,1,0.084,0,0,0,0
q26yh6na4hxc1.webp,7,5,1,1,0.989,adaptive,0.1065,0.0504,1,0.0504,0,0,0,0
q26yh6na4hxc1.webp,7,6,5,5,1.0,adaptive,0.1521,0.0818,1,0.0818,0,0,0,0
q26yh6na4hxc1.webp,7,7,8,8,1.0,adaptive,0.1771,0.0949,1,0.0949,0,0,0,0
q26yh6na4hxc1.webp,7,8,7,7,1.0,adaptive,0.1149,0.0583,1,0.0583,0,0,0,0
q26yh6na4hxc1.webp,7,9,2,2,1.0,adaptive,0.1334,0.0769,1,0.0769,0,0,0,0
q26yh6na4hxc1.webp,8,1,5,5,1.0,adaptive,0.1531,0.0834,1,0.0834,0,0,0,0
q26yh6na4hxc1.webp,8,2,8,8,1.0,adaptive,0.1536,0.0976,1,0.0976,0,0,0,0
q26yh6na4hxc1.webp,8,3,7,7,1.0,adaptive,0.128,0.0583,1,0.0583,0,0,0,0
q26yh6na4hxc1.webp,8,4,3,3,1.0,adaptive,0.1526,0.0832,1,0.0832,0,0,0,0
q26yh6na4hxc1.webp,8,5,2,2,1.0,adaptive,0.079,0.079,1,0.079,0,0,0,0
q26yh6na4hxc1.webp,8,6,9,9,1.0,adaptive,0.1517,0.0848,1,0.0848,0,0,0,0
q26yh6na4hxc1.webp,8,7,4,4,1.0,adaptive,0.1361,0.0789,1,0.0789,0,0,0,0
q26yh6na4hxc1.webp,8,8,1,1,0.9933,adaptive,0.0815,0.0521,1,0.0521,0,0,0,0
q26yh6na4hxc1.webp,8,9,6,6,0.9947,adaptive,0.1262,0.0828,1,0.0828,0,0,0,0
q26yh6na4hxc1.webp,9,1,6,6,0.9978,adaptive,0.1695,0.0835,1,0.0835,0,0,0,0
q26yh6na4hxc1.webp,9,4,8,8,1.0,adaptive,0.182,0.0967,1,0.0967,0,0,0,0
q26yh6na4hxc1.webp,9,5,4,4,1.0,adaptive,0.1477,0.0782,1,0.0782,0,0,0,0
q26yh6na4hxc1.webp,9,6,7,7,1.0,adaptive,0.143,0.0577,1,0.0577,0,0,0,0
q26yh6na4hxc1.webp,9,7,5,5,1.0,adaptive,0.1666,0.0815,1,0.0815,0,0,0,0
q26yh6na4hxc1.webp,9,8,9,9,1.0,adaptive,0.1425,0.0844,1,0.0844,0,0,0,0
q26yh6na4hxc1.webp,9,9,3,3,1.0,adaptive,0.1533,0.0809,1,0.0809,0,0,0,0
q7jjvqjblwmc1.webp,1,2,7,7,1.0,adaptive,0.1447,0.1447,1,0.1447,0,0,0,0
q7jjvqjblwmc1.webp,1,3,8,8,1.0,adaptive,0.2426,0.2025,3,0.1254,0,0,0,1
q7jjvqjblwmc1.webp,1,5,2,2,1.0,adaptive,0.2053,0.1904,1,0.1904,0,0,0,0
q7jjvqjblwmc1.webp,1,6,9,9,1.0,adaptive,0.2087,0.1662,2,0.123,0,0,0,0
q7jjvqjblwmc1.webp,1,7,0,0,0.992,adaptive,0.0149,0.0,0,0.0,0,0,0,0
q7jjvqjblwmc1.webp,2,4,4,4,1.0,adaptive,0.1735,0.1592,2,0.1278,0,0,0,0
q7jjvqjblwmc1.webp,2,5,0,0,0.992,adaptive,0.0,0.0,0,0.0,0,0,0,0
q7jjvqjblwmc1.webp,2,7,9,9,1.0,adaptive,0.1882,0.1882,2,0.1411,0,0,0,0
q7jjvqjblwmc1.webp,4,1,1,1,1.0,adaptive,0.1145,0.1145,1,0.1145,0,0,0,0
q7jjvqjblwmc1.webp,4,2,5,5,1.0,adaptive,0.2291,0.1857,1,0.1857,0,0,0,0
q7jjvqjblwmc1.webp,4,3,2,2,1.0,adaptive,0.1733,0.1733,1,0.1733,0,0,0,0
q7jjvqjblwmc1.webp,4,4,8,8,1.0,adaptive,0.1896,0.1929,3,0.1192,0,0,0,1
q7jjvqjblwmc1.webp,4,5,7,7,1.0,adaptive,0.1346,0.1346,1,0.1346,0,0,0,0
q7jjvqjblwmc1.webp,4,6,6,6,1.0,adaptive,0.1873,0.1862,2,0.1408,0,0,0,0
q7jjvqjblwmc1.webp,4,7,4,4,1.0,adaptive,0.145,0.145,2,0.1152,0,0,0,0
q7jjvqjblwmc1.webp,5,1,9,9,1.0,adaptive,0.1787,0.178,2,0.1332,0,0,0,0
q7jjvqjblwmc1.webp,5,4,3,3,0.9997,adaptive,0.209,0.1938,1,0.1938,0,0,0,0
q7jjvqjblwmc1.webp,5,6,2,2,1.0,adaptive,0.1949,0.1651,1,0.1651,0,0,0,0
q7jjvqjblwmc1.webp,5,8,7,7,1.0,adaptive,0.1476,0.1426,1,0.1426,0,0,0,0
q7jjvqjblwmc1.webp,5,9,8,8,1.0,adaptive,0.2196,0.2071,3,0.1303,0,0,0,1
q7jjvqjblwmc1.webp,6,1,8,8,1.0,adaptive,0.1925,0.1954,3,0.1212,0,0,0,1
q7jjvqjblwmc1.webp,6,2,3,3,0.9998,adaptive,0.1807,0.1807,1,0.1807,0,0,0,0
q7jjvqjblwmc1.webp,6,3,7,7,1.0,adaptive,0.1339,0.129,1,0.129,0,0,0,0
q7jjvqjblwmc1.webp,6,4,9,9,1.0,adaptive,0.2056,0.1644,2,0.121,0,0,0,0
q7jjvqjblwmc1.webp,6,8,2,2,1.0,adaptive,0.2144,0.1843,1,0.1843,0,0,0,0
q7jjvqjblwmc1.webp,7,1,6,6,1.0,adaptive,0.1963,0.1818,2,0.1366,0,0,0,0
q7jjvqjblwmc1.webp,7,7,3,3,0.9995,adaptive,0.2036,0.1927,1,0.1927,0,0,0,0
q7jjvqjblwmc1.webp,8,1,4,4,1.0,adaptive,0.1689,0.1524,2,0.1223,0,0,0,0
q7jjvqjblwmc1.webp,8,4,5,5,1.0,adaptive,0.2422,0.1861,1,0.1861,0,0,0,0
q7jjvqjblwmc1.webp,8,6,0,0,0.992,adaptive,0.0296,0.0,0,0.0,0,0,0,0
q7jjvqjblwmc1.webp,9,1,7,7,1.0,adaptive,0.1559,0.121,1,0.121,0,0,0,0
q7jjvqjblwmc1.webp,9,5,8,8,1.0,adaptive,0.2325,0.2047,3,0.1266,0,0,0,1
q7jjvqjblwmc1.webp,9,7,0,0,0.992,adaptive,0.0285,0.0,0,0.0,0,0,0,0
q9faotr9fiqc1.webp,1,1,7,7,1.0,adaptive,0.0673,0.0673,1,0.0673,0,0,0,0
q9faotr9fiqc1.webp,1,5,3,3,0.9998,adaptive,0.0923,0.0923,1,0.0923,0,0,0,0
q9faotr9fiqc1.webp,1,7,8,8,0.9998,adaptive,0.1078,0.0953,3,0.065,0,0,0,1
q9faotr9fiqc1.webp,1,8,4,4,0.9995,adaptive,0.0687,0.0687,2,0.0595,0,0,0,0
q9faotr9fiqc1.webp,2,1,4,4,0.9995,adaptive,0.0719,0.0694,2,0.0599,0,0,0,0
q9faotr9fiqc1.webp,2,3,3,3,0.9998,adaptive,0.0948,0.0902,1,0.0902,0,0,0,0
q9faotr9fiqc1.webp,2,4,6,6,0.9997,adaptive,0.1287,0.0839,2,0.0622,0,0,0,0
q9faotr9fiqc1.webp,3,3,8,8,1.0,adaptive,0.1308,0.0956,3,0.0655,0,0,0,1
q9faotr9fiqc1.webp,3,6,4,4,0.9993,adaptive,0.1446,0.0686,2,0.0606,0,0,0,0
q9faotr9fiqc1.webp,3,8,1,1,0.9996,adaptive,0.0941,0.0595,1,0.0595,0,0,0,0
q9faotr9fiqc1.webp,3,9,3,3,0.9999,adaptive,0.1149,0.086,1,0.086,0,0,0,0
q9faotr9fiqc1.webp,4,3,7,7,1.0,adaptive,0.1239,0.065,1,0.065,0,0,0,0
q9faotr9fiqc1.webp,4,4,5,5,1.0,adaptive,0.1818,0.0936,1,0.0936,0,0,0,0
q9faotr9fiqc1.webp,4,7,3,3,0.9999,adaptive,0.1459,0.0909,1,0.0909,0,0,0,0
q9faotr9fiqc1.webp,5,7,9,9,0.9969,adaptive,0.0868,0.0819,2,0.062,0,0,0,0
q9faotr9fiqc1.webp,5,9,7,7,1.0,adaptive,0.064,0.064,1,0.064,0,0,0,0
q9faotr9fiqc1.webp,6,4,9,9,0.983,adaptive,0.1726,0.0804,2,0.0619,0,0,0,0
q9faotr9fiqc1.webp,6,5,7,7,1.0,adaptive,0.1115,0.0638,1,0.0638,0,0,0,0
q9faotr9fiqc1.webp,6,6,6,6,0.9998,adaptive,0.1746,0.0831,3,0.0617,1,0,0,0
q9faotr9fiqc1.webp,6,7,4,4,0.9998,adaptive,0.1134,0.0657,2,0.057,0,0,0,0
q9faotr9fiqc1.webp,7,1,1,1,0.9997,adaptive,0.0568,0.0568,1,0.0568,0,0,0,0
q9faotr9fiqc1.webp,7,2,6,6,0.9997,adaptive,0.0875,0.0875,2,0.0656,0,0,0,0
q9faotr9fiqc1.webp,7,6,2,2,0.9999,adaptive,0.1352,0.0907,1,0.0907,0,0,0,0
q9faotr9fiqc1.webp,8,3,5,5,1.0,adaptive,0.1201,0.0957,1,0.0957,0,0,0,0
q9faotr9fiqc1.webp,8,6,9,9,0.993,adaptive,0.1282,0.0825,2,0.0629,0,0,0,0
q9faotr9fiqc1.webp,8,9,4,4,0.9996,adaptive,0.0687,0.0687,2,0.0602,0,0,0,0
q9faotr9fiqc1.webp,9,8,8,8,1.0,adaptive,0.0948,0.0966,3,0.0651,0,0,0,1
qheuj7xxy3pc1.webp,1,1,4,4,1.0,adaptive,0.1971,0.0724,1,0.0724,0,0,0,0
qheuj7xxy3pc1.webp,1,4,9,9,0.9999,adaptive,0.2119,0.088,1,0.088,0,0,0,0
qheuj7xxy3pc1.webp,1,5,7,7,1.0,adaptive,0.1753,0.064,1,0.064,0,0,0,0
qheuj7xxy3pc1.webp,1,6,1,1,0.9999,adaptive,0.1555,0.0566,1,0.0566,0,0,0,0
qheuj7xxy3pc1.webp,1,7,2,2,1.0,adaptive,0.1907,0.0798,1,0.0798,0,0,0,0
qheuj7xxy3pc1.webp,1,9,3,3,1.0,adaptive,0.2063,0.0791,1,0.0791,0,0,0,0
qheuj7xxy3pc1.webp,2,1,7,7,1.0,adaptive,0.1737,0.0635,1,0.0635,0,0,0,0
qheuj7xxy3pc1.webp,2,3,1,1,0.9999,adaptive,0.1588,0.0608,1,0.0608,0,0,0,0
qheuj7xxy3pc1.webp,2,4,3,3,1.0,adaptive,0.1922,0.081,1,0.081,0,0,0,0
qheuj7xxy3pc1.webp,2,6,8,8,1.0,adaptive,0.1911,0.0929,1,0.0929,0,0,0,0
qheuj7xxy3pc1.webp,2,7,5,5,1.0,adaptive,0.1947,0.0832,1,0.0832,0,0,0,0
qheuj7xxy3pc1.webp,2,9,4,4,1.0,adaptive,0.2019,0.0753,1,0.0753,0,0,0,0
qheuj7xxy3pc1.webp,3,2,3,3,1.0,adaptive,0.1936,0.0816,1,0.0816,0,0,0,0
qheuj7xxy3pc1.webp,3,4,4,4,1.0,adaptive,0.1845,0.074,1,0.074,0,0,0,0
qheuj7xxy3pc1.webp,3,7,7,7,1.0,adaptive,0.1735,0.0633,1,0.0633,0,0,0,0
qheuj7xxy3pc1.webp,3,9,1,1,1.0,adaptive,0.1842,0.0584,1,0.0584,0,0,0,0
qheuj7xxy3pc1.webp,4,1,3,3,1.0,adaptive,0.2014,0.0798,1,0.0798,0,0,0,0
qheuj7xxy3pc1.webp,4,4,8,8,1.0,adaptive,0.1894,0.0907,1,0.0907,0,0,0,0
qheuj7xxy3pc1.webp,4,7,1,1,0.9999,adaptive,0.1573,0.0588,1,0.0588,0,0,0,0
qheuj7xxy3pc1.webp,4,8,5,5,1.0,adaptive,0.1766,0.0857,1,0.0857,0,0,0,0
qheuj7xxy3pc1.webp,4,9,9,9,1.0,adaptive,0.1998,0.0862,1,0.0862,0,0,0,0
qheuj7xxy3pc1.webp,5,1,2,2,1.0,adaptive,0.1798,0.0821,1,0.0821,0,0,0,0
qheuj7xxy3pc1.webp,5,2,1,1,1.0,adaptive,0.1437,0.0588,1,0.0588,0,0,0,0
qheuj7xxy3pc1.webp,5,3,4,4,1.0,adaptive,0.1764,0.0776,1,0.0776,0,0,0,0
qheuj7xxy3pc1.webp,5,4,5,5,1.0,adaptive,0.1827,0.0828,1,0.0828,0,0,0,0
qheuj7xxy3pc1.webp,5,5,9,9,0.9999,adaptive,0.1765,0.09,1,0.09,0,0,0,0
qheuj7xxy3pc1.webp,5,6,6,6,1.0,adaptive,0.1737,0.0877,1,0.0877,0,0,0,0
qheuj7xxy3pc1.webp,5,7,8,8,1.0,adaptive,0.192,0.0934,1,0.0934,0,0,0,0
qheuj7xxy3pc1.webp,5,8,3,3,1.0,adaptive,0.1671,0.0801,1,0.0801,0,0,0,0
qheuj7xxy3pc1.webp,5,9,7,7,1.0,adaptive,0.1771,0.0633,1,0.0633,0,0,0,0
qheuj7xxy3pc1.webp,6,4,7,7,1.0,adaptive,0.1711,0.0595,1,0.0595,0,0,0,0
qheuj7xxy3pc1.webp,6,5,1,1,1.0,adaptive,0.1447,0.0588,1,0.0588,0,0,0,0
qheuj7xxy3pc1.webp,6,6,3,3,1.0,adaptive,0.1713,0.0804,1,0.0804,0,0,0,0
qheuj7xxy3pc1.webp,6,7,6,6,1.0,adaptive,0.1722,0.0867,1,0.0867,0,0,0,0
qheuj7xxy3pc1.webp,6,8,4,4,1.0,adaptive,0.173,0.0737,1,0.0737,0,0,0,0
qheuj7xxy3pc1.webp,6,9,2,2,1.0,adaptive,0.2052,0.0789,1,0.0789,0,0,0,0
qheuj7xxy3pc1.webp,7,1,1,1,0.9999,adaptive,0.1682,0.0573,1,0.0573,0,0,0,0
qheuj7xxy3pc1.webp,7,3,8,8,1.0,adaptive,0.2032,0.0922,1,0.0922,0,0,0,0
qheuj7xxy3pc1.webp,7,4,2,2,1.0,adaptive,0.1889,0.0791,1,0.0791,0,0,0,0
qheuj7xxy3pc1.webp,7,5,3,3,1.0,adaptive,0.1796,0.0803,1,0.0803,0,0,0,0
qheuj7xxy3pc1.webp,7,8,7,7,1.0,adaptive,0.163,0.0638,1,0.0638,0,0,0,0
qheuj7xxy3pc1.webp,7,9,6,6,0.9999,adaptive,0.2116,0.0855,1,0.0855,0,0,0,0
qheuj7xxy3pc1.webp,8,1,9,9,0.9999,adaptive,0.1737,0.0891,1,0.0891,0,0,0,0
qheuj7xxy3pc1.webp,8,4,6,6,0.9999,adaptive,0.1884,0.09,1,0.09,0,0,0,0
qheuj7xxy3pc1.webp,8,5,8,8,1.0,adaptive,0.1807,0.0971,1,0.0971,0,0,0,0
qheuj7xxy3pc1.webp,8,7,3,3,1.0,adaptive,0.1771,0.0796,1,0.0796,0,0,0,0
qheuj7xxy3pc1.webp,8,8,1,1,1.0,adaptive,0.1469,0.0606,1,0.0606,0,0,0,0
qheuj7xxy3pc1.webp,8,9,5,5,1.0,adaptive,0.1965,0.0839,1,0.0839,0,0,0,0
qheuj7xxy3pc1.webp,9,1,6,6,0.9999,adaptive,0.1889,0.0873,1,0.0873,0,0,0,0
qheuj7xxy3pc1.webp,9,3,3,3,1.0,adaptive,0.1902,0.0791,1,0.0791,0,0,0,0
qheuj7xxy3pc1.webp,9,4,1,1,1.0,adaptive,0.17,0.0577,1,0.0577,0,0,0,0
qheuj7xxy3pc1.webp,9,8,2,2,1.0,adaptive,0.1934,0.0796,1,0.0796,0,0,0,0
qheuj7xxy3pc1.webp,9,9,8,8,1.0,adaptive,0.2277,0.09,1,0.09,0,0,0,0
qpju4bv9nvuc1.webp,1,1,3,3,1.0,adaptive,0.1909,0.0791,1,0.0791,0,0,0,0
qpju4bv9nvuc1.webp,1,2,9,9,1.0,adaptive,0.1725,0.0891,1,0.0891,0,0,0,0
qpju4bv9nvuc1.webp,1,3,8,8,1.0,adaptive,0.1887,0.0945,1,0.0945,0,0,0,0
qpju4bv9nvuc1.webp,1,4,2,2,1.0,adaptive,0.1769,0.0798,1,0.0798,0,0,0,0
qpju4bv9nvuc1.webp,1,6,7,7,1.0,adaptive,0.1361,0.0644,1,0.0644,0,0,0,0
qpju4bv9nvuc1.webp,1,7,5,5,1.0,adaptive,0.17,0.0851,1,0.0851,0,0,0,0
qpju4bv9nvuc1.webp,2,1,4,4,1.0,adaptive,0.1615,0.076,1,0.076,0,0,0,0
qpju4bv9nvuc1.webp,2,2,5,5,1.0,adaptive,0.1478,0.0884,1,0.0884,0,0,0,0
qpju4bv9nvuc1.webp,2,4,9,9,0.9999,adaptive,0.163,0.0909,1,0.0909,0,0,0,0
qpju4bv9nvuc1.webp,2,6,8,8,1.0,adaptive,0.1757,0.0957,1,0.0957,0,0,0,0
qpju4bv9nvuc1.webp,2,8,3,3,1.0,adaptive,0.1543,0.0831,1,0.0831,0,0,0,0
qpju4bv9nvuc1.webp,3,2,1,1,1.0,adaptive,0.1321,0.0599,1,0.0599,0,0,0,0
qpju4bv9nvuc1.webp,3,3,2,2,1.0,adaptive,0.166,0.0818,1,0.0818,0,0,0,0
qpju4bv9nvuc1.webp,3,4,3,3,1.0,adaptive,0.1664,0.0806,1,0.0806,0,0,0,0
qpju4bv9nvuc1.webp,3,5,5,5,1.0,adaptive,0.1569,0.0848,1,0.0848,0,0,0,0
qpju4bv9nvuc1.webp,3,6,4,4,1.0,adaptive,0.1713,0.0751,1,0.0751,0,0,0,0
qpju4bv9nvuc1.webp,3,7,8,8,1.0,adaptive,0.1773,0.0918,1,0.0918,0,0,0,0
qpju4bv9nvuc1.webp,3,8,9,9,0.9999,adaptive,0.1744,0.0902,1,0.0902,0,0,0,0
qpju4bv9nvuc1.webp,4,1,9,9,0.9999,adaptive,0.1869,0.0907,1,0.0907,0,0,0,0
qpju4bv9nvuc1.webp,4,2,4,4,1.0,adaptive,0.1488,0.0771,1,0.0771,0,0,0,0
qpju4bv9nvuc1.webp,4,3,1,1,0.9999,adaptive,0.1455,0.0608,1,0.0608,0,0,0,0
qpju4bv9nvuc1.webp,4,4,5,5,1.0,adaptive,0.1693,0.0838,1,0.0838,0,0,0,0
qpju4bv9nvuc1.webp,4,5,8,8,1.0,adaptive,0.1784,0.0938,1,0.0938,0,0,0,0
qpju4bv9nvuc1.webp,4,6,3,3,1.0,adaptive,0.1764,0.0806,1,0.0806,0,0,0,0
qpju4bv9nvuc1.webp,4,7,7,7,1.0,adaptive,0.1488,0.0635,1,0.0635,0,0,0,0
qpju4bv9nvuc1.webp,5,2,2,2,1.0,adaptive,0.143,0.0849,1,0.0849,0,0,0,0
qpju4bv9nvuc1.webp,5,5,4,4,1.0,adaptive,0.1469,0.0758,1,0.0758,0,0,0,0
qpju4bv9nvuc1.webp,5,6,6,6,0.9999,adaptive,0.149,0.0902,1,0.0902,0,0,0,0
qpju4bv9nvuc1.webp,6,2,8,8,1.0,adaptive,0.1784,0.095,1,0.095,0,0,0,0
qpju4bv9nvuc1.webp,6,5,9,9,0.9999,adaptive,0.1692,0.0911,1,0.0911,0,0,0,0
qpju4bv9nvuc1.webp,6,6,2,2,1.0,adaptive,0.1513,0.0809,1,0.0809,0,0,0,0
qpju4bv9nvuc1.webp,7,1,8,8,1.0,adaptive,0.1858,0.0949,1,0.0949,0,0,0,0
qpju4bv9nvuc1.webp,7,2,7,7,1.0,adaptive,0.135,0.0624,1,0.0624,0,0,0,0
qpju4bv9nvuc1.webp,7,3,4,4,1.0,adaptive,0.1604,0.0748,1,0.0748,0,0,0,0
qpju4bv9nvuc1.webp,7,4,6,6,1.0,adaptive,0.1744,0.0884,1,0.0884,0,0,0,0
qpju4bv9nvuc1.webp,7,5,3,3,1.0,adaptive,0.1551,0.083,1,0.083,0,0,0,0
qpju4bv9nvuc1.webp,7,6,1,1,0.9999,adaptive,0.1546,0.0577,1,0.0577,0,0,0,0
qpju4bv9nvuc1.webp,7,8,5,5,1.0,adaptive,0.1723,0.0875,1,0.0875,0,0,0,0
qpju4bv9nvuc1.webp,8,2,6,6,1.0,adaptive,0.1623,0.0911,1,0.0911,0,0,0,0
qpju4bv9nvuc1.webp,8,3,9,9,0.9999,adaptive,0.1748,0.0902,1,0.0902,0,0,0,0
qpju4bv9nvuc1.webp,8,4,4,4,1.0,adaptive,0.161,0.0778,1,0.0778,0,0,0,0
qpju4bv9nvuc1.webp,8,6,5,5,1.0,adaptive,0.1807,0.0837,1,0.0837,0,0,0,0
qpju4bv9nvuc1.webp,9,2,3,3,1.0,adaptive,0.1542,0.0823,1,0.0823,0,0,0,0
qpju4bv9nvuc1.webp,9,3,5,5,1.0,adaptive,0.1684,0.084,1,0.084,0,0,0,0
qpju4bv9nvuc1.webp,9,4,8,8,1.0,adaptive,0.1771,0.0922,1,0.0922,0,0,0,0
qpju4bv9nvuc1.webp,9,6,9,9,1.0,adaptive,0.1611,0.0891,1,0.0891,0,0,0,0
qpju4bv9nvuc1.webp,9,7,6,6,1.0,adaptive,0.1729,0.0882,1,0.0882,0,0,0,0
r3j22jis7myc1.webp,1,1,0,0,0.992,adaptive,0.0285,0.0,0,0.0,0,0,0,0
r3j22jis7myc1.webp,1,2,3,3,1.0,adaptive,0.1483,0.1334,1,0.1334,0,0,0,0
r3j22jis7myc1.webp,1,3,2,2,1.0,adaptive,0.164,0.123,1,0.123,0,0,0,0
r3j22jis7myc1.webp,1,4,0,0,0.992,adaptive,0.0283,0.0,0,0.0,0,0,0,0
r3j22jis7myc1.webp,1,5,0,0,0.992,adaptive,0.0161,0.0,0,0.0,0,0,0,0
r3j22jis7myc1.webp,1,6,6,6,1.0,adaptive,0.1738,0.1381,2,0.1056,0,0,0,0
r3j22jis7myc1.webp,1,7,0,0,0.992,adaptive,0.0009,0.0,0,0.0,0,0,0,0
r3j22jis7myc1.webp,1,8,0,0,0.992,adaptive,0.0152,0.0,0,0.0,0,0,0,0
r3j22jis7myc1.webp,1,9,0,0,0.992,adaptive,0.0414,0.0,0,0.0,0,0,0,0
r3j22jis7myc1.webp,2,1,7,7,1.0,adaptive,0.1072,0.0923,1,0.0923,0,0,0,0
r3j22jis7myc1.webp,2,2,0,0,0.992,adaptive,0.0,0.0,0,0.0,0,0,0,0
r3j22jis7myc1.webp,2,3,0,0,0.992,adaptive,0.0287,0.0,0,0.0,0,0,0,0
r3j22jis7myc1.webp,2,4,0,0,0.992,adaptive,0.0149,0.0,0,0.0,0,0,0,0
r3j22jis7myc1.webp,2,5,0,0,0.992,adaptive,0.0,0.0,0,0.0,0,0,0,0
r3j22jis7myc1.webp,2,6,0,0,0.992,adaptive,0.0299,0.0,0,0.0,0,0,0,0
r3j22jis7myc1.webp,2,7,5,5,1.0,adaptive,0.1504,0.1504,1,0.1504,0,0,0,0
r3j22jis7myc1.webp,2,8,3,3,1.0,adaptive,0.1384,0.1384,1,0.1384,0,0,0,0
r3j22jis7myc1.webp,2,9,0,0,0.992,adaptive,0.0294,0.0,0,0.0,0,0,0,0
r3j22jis7myc1.webp,3,1,5,5,1.0,adaptive,0.1655,0.137,1,0.137,0,0,0,0
r3j22jis7myc1.webp,3,2,0,0,0.992,adaptive,0.0276,0.0,0,0.0,0,0,0,0
r3j22jis7myc1.webp,3,3,8,8,1.0,adaptive,0.1849,0.1464,3,0.088,0,0,0,1
r3j22jis7myc1.webp,3,4,0,0,0.992,adaptive,0.0356,0.0,0,0.0,0,0,0,0
r3j22jis7myc1.webp,3,5,3,3,1.0,adaptive,0.1628,0.1364,1,0.1364,0,0,0,0
r3j22jis7myc1.webp,3,6,7,7,1.0,adaptive,0.1439,0.0913,1,0.0913,0,0,0,0
r3j22jis7myc1.webp,3,7,1,1,1.0,adaptive,0.0777,0.0771,1,0.0771,0,0,0,0
r3j22jis7myc1.webp,3,8,0,0,0.992,adaptive,0.017,0.0,0,0.0,0,0,0,0
r3j22jis7myc1.webp,3,9,0,0,0.992,adaptive,0.0425,0.0,0,0.0,0,0,0,0
r3j22jis7myc1.webp,4,1,0,0,0.992,adaptive,0.0007,0.0,0,0.0,0,0,0,0
r3j22jis7myc1.webp,4,2,0,0,0.992,adaptive,0.0,0.0,0,0.0,0,0,0,0
r3j22jis7myc1.webp,4,3,0,0,0.992,adaptive,0.0127,0.0,0,0.0,0,0,0,0
r3j22jis7myc1.webp,4,4,0,0,0.992,adaptive,0.0007,0.0,0,0.0,0,0,0,0
r3j22jis7myc1.webp,4,5,0,0,0.992,adaptive,0.0,0.0,0,0.0,0,0,0,0
r3j22jis7myc1.webp,4,6,0,0,0.992,adaptive,0.0,0.0,0,0.0,0,0,0,0
r3j22jis7myc1.webp,4,7,9,9,1.0,adaptive,0.1651,0.1301,2,0.0991,0,0,0,0
r3j22jis7myc1.webp,4,8,1,1,0.9999,adaptive,0.078,0.078,1,0.078,0,0,0,0
r3j22jis7myc1.webp,4,9,3,3,1.0,adaptive,0.139,0.139,1,0.139,0,0,0,0
r3j22jis7myc1.webp,5,1,0,0,0.992,adaptive,0.0152,0.0,0,0.0,0,0,0,0
r3j22jis7myc1.webp,5,2,1,1,1.0,adaptive,0.0682,0.0682,1,0.0682,0,0,0,0
r3j22jis7myc1.webp,5,3,0,0,0.992,adaptive,0.0149,0.0,0,0.0,0,0,0,0
r3j22jis7myc1.webp,5,4,2,2,1.0,adaptive,0.135,0.1201,1,0.1201,0,0,0,0
r3j22jis7myc1.webp,5,5,4,4,1.0,adaptive,0.1079,0.1079,2,0.0863,0,0,0,0
r3j22jis7myc1.webp,5,6,0,0,0.992,adaptive,0.0299,0.0,0,0.0,0,0,0,0
r3j22jis7myc1.webp,5,7,6,6,1.0,adaptive,0.1483,0.1483,2,0.1142,0,0,0,0
r3j22jis7myc1.webp,5,8,0,0,0.992,adaptive,0.0,0.0,0,0.0,0,0,0,0
r3j22jis7myc1.webp,5,9,7,7,1.0,adaptive,0.0995,0.0995,1,0.0995,0,0,0,0
r3j22jis7myc1.webp,6,1,6,6,1.0,adaptive,0.182,0.1399,2,0.1072,0,0,0,0
r3j22jis7myc1.webp,6,2,0,0,0.992,adaptive,0.0299,0.0,0,0.0,0,0,0,0
r3j22jis7myc1.webp,6,3,3,3,1.0,adaptive,0.1744,0.1323,1,0.1323,0,0,0,0
r3j22jis7myc1.webp,6,4,0,0,0.992,adaptive,0.0405,0.0,0,0.0,0,0,0,0
r3j22jis7myc1.webp,6,5,0,0,0.992,adaptive,0.0294,0.0,0,0.0,0,0,0,0
r3j22jis7myc1.webp,6,6,0,0,0.992,adaptive,0.0552,0.0,0,0.0,0,0,0,0
r3j22jis7myc1.webp,6,7,2,2,1.0,adaptive,0.1314,0.1314,1,0.1314,0,0,0,0
r3j22jis7myc1.webp,6,8,0,0,0.992,adaptive,0.0,0.0,0,0.0,0,0,0,0
r3j22jis7myc1.webp,6,9,0,0,0.992,adaptive,0.0,0.0,0,0.0,0,0,0,0
r3j22jis7myc1.webp,7,1,8,8,1.0,adaptive,0.1664,0.141,3,0.084,0,0,0,1
r3j22jis7myc1.webp,7,2,7,7,1.0,adaptive,0.1072,0.0923,1,0.0923,0,0,0,0
r3j22jis7myc1.webp,7,3,1,1,0.9999,adaptive,0.1,0.0713,1,0.0713,0,0,0,0
r3j22jis7myc1.webp,7,4,6,6,1.0,adaptive,0.1675,0.1395,2,0.1067,0,0,0,0
r3j22jis7myc1.webp,7,5,2,2,1.0,adaptive,0.1402,0.1253,1,0.1253,0,0,0,0
r3j22jis7myc1.webp,7,6,9,9,0.9999,adaptive,0.1559,0.1553,2,0.1205,0,0,0,0
r3j22jis7myc1.webp,7,7,3,3,1.0,adaptive,0.1386,0.1386,1,0.1386,0,0,0,0
r3j22jis7myc1.webp,7,8,4,4,1.0,adaptive,0.118,0.1031,2,0.0825,0,0,0,0
r3j22jis7myc1.webp,7,9,5,5,1.0,adaptive,0.1829,0.1417,1,0.1417,0,0,0,0
r3j22jis7myc1.webp,8,1,3,3,1.0,adaptive,0.1506,0.1357,1,0.1357,0,0,0,0
r3j22jis7myc1.webp,8,2,4,4,1.0,adaptive,0.1072,0.1072,2,0.0849,0,0,0,0
r3j22jis7myc1.webp,8,3,9,9,0.9999,adaptive,0.1592,0.1592,2,0.1226,0,0,0,0
r3j22jis7myc1.webp,8,4,1,1,1.0,adaptive,0.0884,0.0735,1,0.0735,0,0,0,0
r3j22jis7myc1.webp,8,5,5,5,1.0,adaptive,0.1428,0.1428,1,0.1428,0,0,0,0
r3j22jis7myc1.webp,8,6,8,8,1.0,adaptive,0.1744,0.1474,3,0.0893,0,0,0,1
r3j22jis7myc1.webp,8,7,7,7,1.0,adaptive,0.1,0.1,1,0.1,0,0,0,0
r3j22jis7myc1.webp,8,8,2,2,1.0,adaptive,0.1201,0.1201,1,0.1201,0,0,0,0
r3j22jis7myc1.webp,8,9,6,6,1.0,adaptive,0.1732,0.1434,2,0.1099,0,0,0,0
r3j22jis7myc1.webp,9,1,2,2,1.0,adaptive,0.1651,0.123,1,0.123,0,0,0,0
r3j22jis7myc1.webp,9,2,5,5,1.0,adaptive,0.1719,0.1427,1,0.1427,0,0,0,0
r3j22jis7myc1.webp,9,3,6,6,1.0,adaptive,0.1796,0.137,2,0.1051,0,0,0,0
r3j22jis7myc1.webp,9,4,3,3,1.0,adaptive,0.1695,0.1283,1,0.1283,0,0,0,0
r3j22jis7myc1.webp,9,5,7,7,1.0,adaptive,0.1199,0.0902,1,0.0902,0,0,0,0
r3j22jis7myc1.webp,9,6,4,4,1.0,adaptive,0.1564,0.1009,2,0.0795,0,0,0,0
r3j22jis7myc1.webp,9,7,8,8,1.0,adaptive,0.1486,0.151,3,0.094,0,0,0,1
r3j22jis7myc1.webp,9,8,9,9,1.0,adaptive,0.1574,0.1569,2,0.1217,0,0,0,0
r3j22jis7myc1.webp,9,9,1,1,1.0,adaptive,0.1283,0.0735,1,0.0735,0,0,0,0
r68ocjf8tgnc1.webp,1,1,7,7,1.0,adaptive,0.1475,0.0628,1,0.0628,0,0,0,0
r68ocjf8tgnc1.webp,1,2,1,1,1.0,adaptive,0.1407,0.059,1,0.059,0,0,0,0
r68ocjf8tgnc1.webp,1,3,8,8,1.0,adaptive,0.1876,0.0938,1,0.0938,0,0,0,0
r68ocjf8tgnc1.webp,1,5,6,6,0.9999,adaptive,0.1735,0.0907,1,0.0907,0,0,0,0
r68ocjf8tgnc1.webp,1,6,3,3,1.0,adaptive,0.1642,0.0804,1,0.0804,0,0,0,0
r68ocjf8tgnc1.webp,1,7,0,0,0.992,adaptive,0.0962,0.0,0,0.0,0,0,0,0
r68ocjf8tgnc1.webp,2,1,6,6,0.9999,adaptive,0.1606,0.0898,1,0.0898,0,0,0,0
r68ocjf8tgnc1.webp,2,2,3,3,1.0,adaptive,0.154,0.0824,1,0.0824,0,0,0,0
r68ocjf8tgnc1.webp,2,3,5,5,1.0,adaptive,0.1452,0.0868,1,0.0868,0,0,0,0
r68ocjf8tgnc1.webp,2,5,9,9,1.0,adaptive,0.1637,0.0895,1,0.0895,0,0,0,0
r68ocjf8tgnc1.webp,2,6,4,4,1.0,adaptive,0.1477,0.0751,1,0.0751,0,0,0,0
r68ocjf8tgnc1.webp,3,1,9,9,0.9999,adaptive,0.1615,0.0904,1,0.0904,0,0,0,0
r68ocjf8tgnc1.webp,3,2,2,2,1.0,adaptive,0.1506,0.0814,1,0.0814,0,0,0,0
r68ocjf8tgnc1.webp,3,3,4,4,1.0,adaptive,0.1357,0.0764,1,0.0764,0,0,0,0
r68ocjf8tgnc1.webp,3,5,8,8,1.0,adaptive,0.1807,0.097,1,0.097,0,0,0,0
r68ocjf8tgnc1.webp,3,6,1,1,1.0,adaptive,0.1573,0.0595,1,0.0595,0,0,0,0
r68ocjf8tgnc1.webp,4,1,2,2,1.0,adaptive,0.1655,0.0813,1,0.0813,0,0,0,0
r68ocjf8tgnc1.webp,4,2,5,5,1.0,adaptive,0.171,0.0875,1,0.0875,0,0,0,0
r68ocjf8tgnc1.webp,4,3,7,7,1.0,adaptive,0.1352,0.0626,1,0.0626,0,0,0,0
r68ocjf8tgnc1.webp,4,4,3,3,1.0,adaptive,0.1677,0.0802,1,0.0802,0,0,0,0
r68ocjf8tgnc1.webp,4,5,4,4,1.0,adaptive,0.1612,0.076,1,0.076,0,0,0,0
r68ocjf8tgnc1.webp,4,6,6,6,0.9999,adaptive,0.1751,0.0887,1,0.0887,0,0,0,0
r68ocjf8tgnc1.webp,4,7,8,8,1.0,adaptive,0.1925,0.0956,1,0.0956,0,0,0,0
r68ocjf8tgnc1.webp,4,8,1,1,0.9999,adaptive,0.1332,0.0606,1,0.0606,0,0,0,0
r68ocjf8tgnc1.webp,4,9,9,9,0.9999,adaptive,0.1735,0.088,1,0.088,0,0,0,0
r68ocjf8tgnc1.webp,5,2,0,0,0.992,adaptive,0.084,0.0,0,0.0,0,0,0,0
r68ocjf8tgnc1.webp,5,4,8,8,1.0,adaptive,0.178,0.0941,1,0.0941,0,0,0,0
r68ocjf8tgnc1.webp,5,5,7,7,1.0,adaptive,0.1485,0.0643,1,0.0643,0,0,0,0
r68ocjf8tgnc1.webp,5,6,9,9,0.9999,adaptive,0.1755,0.0907,1,0.0907,0,0,0,0
r68ocjf8tgnc1.webp,5,8,2,2,1.0,adaptive,0.1492,0.0838,1,0.0838,0,0,0,0
r68ocjf8tgnc1.webp,6,1,8,8,1.0,adaptive,0.1775,0.0931,1,0.0931,0,0,0,0
r68ocjf8tgnc1.webp,6,4,1,1,1.0,adaptive,0.145,0.0593,1,0.0593,0,0,0,0
r68ocjf8tgnc1.webp,6,5,2,2,1.0,adaptive,0.1689,0.083,1,0.083,0,0,0,0
r68ocjf8tgnc1.webp,6,6,5,5,1.0,adaptive,0.1693,0.0831,1,0.0831,0,0,0,0
r68ocjf8tgnc1.webp,6,7,7,7,1.0,adaptive,0.1606,0.0615,1,0.0615,0,0,0,0
r68ocjf8tgnc1.webp,6,8,0,0,0.992,adaptive,0.0737,0.0,0,0.0,0,0,0,0
r68ocjf8tgnc1.webp,6,9,0,0,0.992,adaptive,0.0849,0.0,0,0.0,0,0,0,0
r68ocjf8tgnc1.webp,7,1,0,0,0.992,adaptive,0.0844,0.0,0,0.0,0,0,0,0
r68ocjf8tgnc1.webp,7,4,4,4,1.0,adaptive,0.1608,0.0755,1,0.0755,0,0,0,0
r68ocjf8tgnc1.webp,7,6,8,8,1.0,adaptive,0.188,0.0916,1,0.0916,0,0,0,0
r68ocjf8tgnc1.webp,7,8,5,5,1.0,adaptive,0.1574,0.0848,1,0.0848,0,0,0,0
r68ocjf8tgnc1.webp,8,2,8,8,1.0,adaptive,0.169,0.0969,1,0.0969,0,0,0,0
r68ocjf8tgnc1.webp,8,3,2,2,1.0,adaptive,0.1633,0.0812,1,0.0812,0,0,0,0
r68ocjf8tgnc1.webp,8,4,9,9,1.0,adaptive,0.1628,0.09,1,0.09,0,0,0,0
r68ocjf8tgnc1.webp,8,6,7,7,1.0,adaptive,0.1357,0.0631,1,0.0631,0,0,0,0
r68ocjf8tgnc1.webp,8,7,4,4,1.0,adaptive,0.1615,0.0782,1,0.0782,0,0,0,0
r68ocjf8tgnc1.webp,8,8,3,3,1.0,adaptive,0.1547,0.0831,1,0.0831,0,0,0,0
r68ocjf8tgnc1.webp,8,9,6,6,0.9999,adaptive,0.1633,0.0918,1,0.0918,0,0,0,0
r68ocjf8tgnc1.webp,9,3,0,0,0.992,adaptive,0.0842,0.0,0,0.0,0,0,0,0
r68ocjf8tgnc1.webp,9,4,6,6,1.0,adaptive,0.1713,0.0864,1,0.0864,0,0,0,0
r68ocjf8tgnc1.webp,9,6,2,2,1.0,adaptive,0.1657,0.0813,1,0.0813,0,0,0,0
r68ocjf8tgnc1.webp,9,7,0,0,0.992,adaptive,0.0976,0.0,0,0.0,0,0,0,0
rah1n5c90xuc1.webp,1,1,2,2,0.8467,adaptive,0.1232,0.039,1,0.039,0,0,0,0
rah1n5c90xuc1.webp,1,2,1,1,0.9944,adaptive,0.1572,0.0588,1,0.0588,0,0,0,0
rah1n5c90xuc1.webp,1,3,3,3,0.9988,adaptive,0.1611,0.0374,2,0.0374,0,1,0,0
rah1n5c90xuc1.webp,1,4,4,4,0.9982,adaptive,0.1744,0.0463,3,0.0463,2,0,0,0
rah1n5c90xuc1.webp,1,5,5,5,1.0,adaptive,0.1943,0.1119,1,0.1119,0,0,0,0
rah1n5c90xuc1.webp,1,6,8,8,0.978,adaptive,0.1753,0.0608,1,0.0608,0,0,0,0
rah1n5c90xuc1.webp,1,7,7,7,0.7684,adaptive,0.1622,0.0506,3,0.037,1,0,0,0
rah1n5c90xuc1.webp,1,8,6,6,0.9996,adaptive,0.1924,0.1151,1,0.1151,0,0,0,0
rah1n5c90xuc1.webp,1,9,9,9,0.9998,adaptive,0.2257,0.1141,1,0.1141,0,0,0,0
rah1n5c90xuc1.webp,2,1,5,5,1.0,adaptive,0.2103,0.1137,1,0.1137,0,0,0,0
rah1n5c90xuc1.webp,2,2,9,9,0.9975,adaptive,0.1561,0.0709,1,0.0709,0,0,0,0
rah1n5c90xuc1.webp,2,3,8,8,0.9991,adaptive,0.232,0.1361,3,0.1287,1,0,0,0
rah1n5c90xuc1.webp,2,4,1,1,0.8555,adaptive,0.1649,0.0572,1,0.0572,0,0,0,0
rah1n5c90xuc1.webp,2,5,6,6,0.9403,adaptive,0.1123,0.0507,1,0.0507,0,0,0,0
rah1n5c90xuc1.webp,2,6,7,7,0.9992,adaptive,0.1995,0.0602,1,0.0602,0,0,0,0
rah1n5c90xuc1.webp,2,7,2,2,0.9985,adaptive,0.1393,0.0369,1,0.0369,0,0,0,0
rah1n5c90xuc1.webp,2,8,4,4,0.9942,adaptive,0.1247,0.0512,1,0.0512,0,0,0,0
rah1n5c90xuc1.webp,2,9,3,3,0.9999,adaptive,0.2026,0.1,1,0.1,0,0,0,0
rah1n5c90xuc1.webp,3,1,4,4,0.9862,adaptive,0.1702,0.0412,3,0.0412,2,0,0,0
rah1n5c90xuc1.webp,3,4,2,2,0.9996,adaptive,0.2424,0.1107,2,0.1107,0,1,0,0
rah1n5c90xuc1.webp,3,5,3,3,0.5262,adaptive,0.1332,0.0371,3,0.0371,1,1,0,0
rah1n5c90xuc1.webp,3,6,9,9,0.9999,adaptive,0.2511,0.1187,2,0.1187,0,1,0,0
rah1n5c90xuc1.webp,3,7,1,1,0.9636,adaptive,0.1588,0.0561,3,0.0561,1,1,0,0
rah1n5c90xuc1.webp,3,8,5,5,0.9996,adaptive,0.1585,0.0441,2,0.0441,1,0,0,0
rah1n5c90xuc1.webp,3,9,8,8,1.0,adaptive,0.2711,0.1116,1,0.1116,0,0,0,0
rah1n5c90xuc1.webp,4,1,6,6,0.9998,adaptive,0.1791,0.055,2,0.055,1,0,0,0
rah1n5c90xuc1.webp,4,2,3,3,0.9997,adaptive,0.1547,0.0457,4,0.0457,3,0,0,0
rah1n5c90xuc1.webp,4,3,1,1,0.9722,adaptive,0.2072,0.0568,2,0.0568,1,0,0,0
rah1n5c90xuc1.webp,4,4,5,5,1.0,adaptive,0.2524,0.1158,1,0.1158,0,0,0,0
rah1n5c90xuc1.webp,4,5,2,2,0.9995,adaptive,0.2162,0.1137,1,0.1137,0,0,0,0
rah1n5c90xuc1.webp,4,6,4,4,0.9999,adaptive,0.2192,0.0965,1,0.0965,0,0,0,0
rah1n5c90xuc1.webp,4,7,8,8,1.0,adaptive,0.241,0.127,2,0.127,0,1,0,0
rah1n5c90xuc1.webp,4,8,9,9,0.9964,adaptive,0.2144,0.1199,2,0.1133,0,0,0,0
rah1n5c90xuc1.webp,4,9,7,7,0.9164,adaptive,0.1755,0.0506,3,0.0399,1,0,0,1
rah1n5c90xuc1.webp,5,1,7,7,0.7952,adaptive,0.1291,0.057,3,0.0511,1,0,0,0
rah1n5c90xuc1.webp,5,2,4,4,0.9489,adaptive,0.1499,0.0739,3,0.0636,1,0,0,0
rah1n5c90xuc1.webp,5,3,2,2,0.9964,adaptive,0.1549,0.0346,1,0.0346,0,0,0,0
rah1n5c90xuc1.webp,5,4,8,8,0.9905,adaptive,0.1567,0.0613,2,0.0613,1,0,0,0
rah1n5c90xuc1.webp,5,5,9,9,0.9999,adaptive,0.2006,0.1368,1,0.1368,0,0,0,0
rah1n5c90xuc1.webp,5,6,1,7,0.9489,adaptive,0.1133,0.0396,2,0.0253,0,0,0,1
rah1n5c90xuc1.webp,5,7,6,5,0.7513,adaptive,0.1536,0.0466,5,0.0391,2,1,0,0
rah1n5c90xuc1.webp,5,8,3,3,0.9949,adaptive,0.11,0.0429,2,0.0429,0,1,0,0
rah1n5c90xuc1.webp,5,9,5,5,0.9999,adaptive,0.1563,0.0452,5,0.0452,4,0,0,0
rah1n5c90xuc1.webp,6,1,9,9,0.8981,adaptive,0.1571,0.0528,3,0.0528,1,1,0,0
rah1n5c90xuc1.webp,6,2,8,8,1.0,adaptive,0.2327,0.1309,2,0.1309,0,1,0,0
rah1n5c90xuc1.webp,6,3,5,5,1.0,adaptive,0.2738,0.1225,3,0.1225,1,1,0,0
rah1n5c90xuc1.webp,6,4,6,6,0.9995,adaptive,0.2577,0.1299,5,0.1299,4,0,0,0
rah1n5c90xuc1.webp,6,5,7,7,0.9998,adaptive,0.2182,0.0805,2,0.0805,1,0,0,0
rah1n5c90xuc1.webp,6,6,3,3,0.9999,adaptive,0.2413,0.1156,2,0.1156,0,1,0,0
rah1n5c90xuc1.webp,6,7,4,4,1.0,adaptive,0.2825,0.0991,2,0.0991,0,1,0,0
rah1n5c90xuc1.webp,6,8,1,7,0.9566,adaptive,0.1728,0.0337,2,0.0337,0,1,0,0
rah1n5c90xuc1.webp,6,9,2,2,0.7809,adaptive,0.1943,0.0316,2,0.0316,0,1,0,0
rah1n5c90xuc1.webp,7,1,1,1,0.9427,adaptive,0.1564,0.0577,1,0.0577,0,0,0,0
rah1n5c90xuc1.webp,7,2,2,2,0.9946,adaptive,0.1456,0.0443,1,0.0443,0,0,0,0
rah1n5c90xuc1.webp,7,3,4,4,1.0,adaptive,0.2192,0.1007,1,0.1007,0,0,0,0
rah1n5c90xuc1.webp,7,4,3,3,0.9998,adaptive,0.2303,0.1167,2,0.1167,0,1,0,0
rah1n5c90xuc1.webp,7,5,8,8,0.9991,adaptive,0.152,0.0595,2,0.0595,1,0,0,0
rah1n5c90xuc1.webp,7,6,5,5,1.0,adaptive,0.2154,0.121,2,0.121,0,1,0,0
rah1n5c90xuc1.webp,7,7,9,9,0.9987,adaptive,0.233,0.0499,2,0.0499,0,1,0,0
rah1n5c90xuc1.webp,7,8,7,7,0.9848,adaptive,0.1522,0.0445,4,0.0246,0,1,0,1
rah1n5c90xuc1.webp,7,9,6,6,0.9354,adaptive,0.1824,0.045,2,0.045,0,1,0,0
rah1n5c90xuc1.webp,8,1,3,3,0.9999,adaptive,0.1891,0.1126,1,0.1126,0,0,0,0
rah1n5c90xuc1.webp,8,4,9,9,0.9784,adaptive,0.2218,0.1606,3,0.1294,0,0,0,0
rah1n5c90xuc1.webp,8,5,1,7,0.6642,adaptive,0.1292,0.0411,3,0.0411,1,1,0,0
rah1n5c90xuc1.webp,8,6,2,2,1.0,adaptive,0.201,0.1113,3,0.1113,1,1,0,0
rah1n5c90xuc1.webp,8,7,5,5,1.0,adaptive,0.2795,0.1113,3,0.1113,1,1,0,0
rah1n5c90xuc1.webp,8,8,8,8,0.9854,adaptive,0.146,0.0517,2,0.0517,0,1,0,0
rah1n5c90xuc1.webp,8,9,4,4,0.9999,adaptive,0.1981,0.0787,2,0.0787,0,1,0,0
rah1n5c90xuc1.webp,9,1,8,8,1.0,adaptive,0.2221,0.131,1,0.131,0,0,0,0
rah1n5c90xuc1.webp,9,2,5,5,1.0,adaptive,0.2067,0.1196,1,0.1196,0,0,0,0
rah1n5c90xuc1.webp,9,3,9,9,0.9917,adaptive,0.1312,0.0497,2,0.0497,1,0,0,0
rah1n5c90xuc1.webp,9,4,7,7,0.9566,adaptive,0.1998,0.0499,2,0.0499,0,1,0,0
rah1n5c90xuc1.webp,9,5,4,4,0.9999,adaptive,0.1868,0.0963,2,0.0963,0,1,0,0
rah1n5c90xuc1.webp,9,6,6,6,0.9972,adaptive,0.1388,0.0501,2,0.0501,0,1,0,0
rah1n5c90xuc1.webp,9,7,3,3,0.8102,adaptive,0.2212,0.1268,2,0.0818,0,0,0,0
rah1n5c90xuc1.webp,9,8,2,2,1.0,adaptive,0.1986,0.0961,2,0.0961,0,1,0,0
rah1n5c90xuc1.webp,9,9,1,7,0.8077,adaptive,0.1608,0.0283,3,0.0283,1,1,0,0
rdr92qysuxhc1.webp,1,4,6,6,0.9997,adaptive,0.1666,0.1078,1,0.1078,0,0,0,0
rdr92qysuxhc1.webp,1,6,1,1,0.9861,adaptive,0.1234,0.0657,1,0.0657,0,0,0,0
rdr92qysuxhc1.webp,1,8,3,3,1.0,adaptive,0.1379,0.1054,1,0.1054,0,0,0,0
rdr92qysuxhc1.webp,1,9,5,5,1.0,adaptive,0.1664,0.1078,1,0.1078,0,0,0,0
rdr92qysuxhc1.webp,2,6,5,5,1.0,adaptive,0.1816,0.1115,1,0.1115,0,0,0,0
rdr92qysuxhc1.webp,2,8,6,6,0.9998,adaptive,0.157,0.1136,1,0.1136,0,0,0,0
rdr92qysuxhc1.webp,3,2,6,6,0.9993,adaptive,0.1617,0.1106,1,0.1106,0,0,0,0
rdr92qysuxhc1.webp,3,3,5,5,1.0,adaptive,0.1865,0.1098,1,0.1098,0,0,0,0
rdr92qysuxhc1.webp,3,5,7,7,1.0,adaptive,0.1217,0.0805,1,0.0805,0,0,0,0
rdr92qysuxhc1.webp,3,7,2,2,0.9999,adaptive,0.1809,0.104,1,0.104,0,0,0,0
rdr92qysuxhc1.webp,4,1,9,9,1.0,adaptive,0.1902,0.1049,1,0.1049,0,0,0,0
rdr92qysuxhc1.webp,4,4,1,1,0.9948,adaptive,0.1395,0.0666,1,0.0666,0,0,0,0
rdr92qysuxhc1.webp,4,5,5,5,1.0,adaptive,0.1703,0.1122,1,0.1122,0,0,0,0
rdr92qysuxhc1.webp,4,6,8,8,1.0,adaptive,0.2087,0.1241,1,0.1241,0,0,0,0
rdr92qysuxhc1.webp,4,7,6,6,0.9998,adaptive,0.1945,0.1103,1,0.1103,0,0,0,0
rdr92qysuxhc1.webp,4,8,7,7,1.0,adaptive,0.1373,0.0794,1,0.0794,0,0,0,0
rdr92qysuxhc1.webp,4,9,2,2,1.0,adaptive,0.1871,0.1025,1,0.1025,0,0,0,0
rdr92qysuxhc1.webp,5,1,8,8,1.0,adaptive,0.1789,0.1251,1,0.1251,0,0,0,0
rdr92qysuxhc1.webp,5,2,1,1,0.997,adaptive,0.1129,0.0705,1,0.0705,0,0,0,0
rdr92qysuxhc1.webp,5,3,6,6,0.9997,adaptive,0.1678,0.1122,1,0.1122,0,0,0,0
rdr92qysuxhc1.webp,5,4,2,2,1.0,adaptive,0.1479,0.1045,1,0.1045,0,0,0,0
rdr92qysuxhc1.webp,5,5,3,3,1.0,adaptive,0.1398,0.1107,1,0.1107,0,0,0,0
rdr92qysuxhc1.webp,5,6,7,7,1.0,adaptive,0.1339,0.078,1,0.078,0,0,0,0
rdr92qysuxhc1.webp,5,7,4,4,1.0,adaptive,0.1563,0.1015,1,0.1015,0,0,0,0
rdr92qysuxhc1.webp,5,8,5,5,1.0,adaptive,0.1412,0.1125,1,0.1125,0,0,0,0
rdr92qysuxhc1.webp,5,9,9,9,1.0,adaptive,0.1651,0.1088,1,0.1088,0,0,0,0
rdr92qysuxhc1.webp,6,1,2,2,1.0,adaptive,0.1579,0.1005,1,0.1005,0,0,0,0
rdr92qysuxhc1.webp,6,2,5,5,1.0,adaptive,0.1662,0.1101,1,0.1101,0,0,0,0
rdr92qysuxhc1.webp,6,3,7,7,1.0,adaptive,0.1466,0.0804,1,0.0804,0,0,0,0
rdr92qysuxhc1.webp,6,4,9,9,1.0,adaptive,0.162,0.1063,1,0.1063,0,0,0,0
rdr92qysuxhc1.webp,6,5,4,4,1.0,adaptive,0.1452,0.104,1,0.104,0,0,0,0
rdr92qysuxhc1.webp,6,6,6,6,0.9999,adaptive,0.1742,0.1078,1,0.1078,0,0,0,0
rdr92qysuxhc1.webp,6,7,1,1,0.9979,adaptive,0.1245,0.0626,1,0.0626,0,0,0,0
rdr92qysuxhc1.webp,6,8,8,8,1.0,adaptive,0.1572,0.1253,1,0.1253,0,0,0,0
rdr92qysuxhc1.webp,6,9,3,3,1.0,adaptive,0.1729,0.1058,1,0.1058,0,0,0,0
rdr92qysuxhc1.webp,7,2,9,9,1.0,adaptive,0.1793,0.1081,1,0.1081,0,0,0,0
rdr92qysuxhc1.webp,7,3,8,8,1.0,adaptive,0.209,0.125,1,0.125,0,0,0,0
rdr92qysuxhc1.webp,7,5,6,6,0.9999,adaptive,0.1707,0.1126,1,0.1126,0,0,0,0
rdr92qysuxhc1.webp,7,6,2,2,1.0,adaptive,0.188,0.1031,1,0.1031,0,0,0,0
rdr92qysuxhc1.webp,7,7,5,5,1.0,adaptive,0.1945,0.1098,1,0.1098,0,0,0,0
rdr92qysuxhc1.webp,7,8,1,1,0.9924,adaptive,0.1239,0.0663,1,0.0663,0,0,0,0
rdr92qysuxhc1.webp,8,1,5,5,1.0,adaptive,0.1574,0.1106,1,0.1106,0,0,0,0
rdr92qysuxhc1.webp,8,8,2,2,0.9999,adaptive,0.1348,0.1067,1,0.1067,0,0,0,0
rdr92qysuxhc1.webp,8,9,6,6,0.9997,adaptive,0.1676,0.1115,1,0.1115,0,0,0,0
rdr92qysuxhc1.webp,9,1,6,6,0.9996,adaptive,0.1782,0.1076,1,0.1076,0,0,0,0
rdr92qysuxhc1.webp,9,2,2,2,1.0,adaptive,0.1588,0.1038,1,0.1038,0,0,0,0
rdr92qysuxhc1.webp,9,4,5,5,1.0,adaptive,0.1662,0.1085,1,0.1085,0,0,0,0
rks35q5juzwc1.webp,1,3,2,2,1.0,adaptive,0.1526,0.0824,1,0.0824,0,0,0,0
rks35q5juzwc1.webp,1,4,1,1,1.0,adaptive,0.1426,0.0608,1,0.0608,0,0,0,0
rks35q5juzwc1.webp,1,5,7,7,1.0,adaptive,0.1185,0.0633,1,0.0633,0,0,0,0
rks35q5juzwc1.webp,1,7,8,8,1.0,adaptive,0.1767,0.0942,1,0.0942,0,0,0,0
rks35q5juzwc1.webp,1,8,9,9,0.9999,adaptive,0.1515,0.0941,1,0.0941,0,0,0,0
rks35q5juzwc1.webp,2,3,9,9,0.9999,adaptive,0.1644,0.0925,1,0.0925,0,0,0,0
rks35q5juzwc1.webp,2,4,2,2,1.0,adaptive,0.163,0.0834,1,0.0834,0,0,0,0
rks35q5juzwc1.webp,2,8,1,1,1.0,adaptive,0.1139,0.0631,1,0.0631,0,0,0,0
rks35q5juzwc1.webp,3,2,7,7,1.0,adaptive,0.163,0.0649,1,0.0649,0,0,0,0
rks35q5juzwc1.webp,3,3,1,1,1.0,adaptive,0.1622,0.063,1,0.063,0,0,0,0
rks35q5juzwc1.webp,3,7,2,2,1.0,adaptive,0.1956,0.0851,1,0.0851,0,0,0,0
rks35q5juzwc1.webp,3,8,6,6,1.0,adaptive,0.1777,0.092,1,0.092,0,0,0,0
rks35q5juzwc1.webp,3,9,4,4,1.0,adaptive,0.1626,0.078,1,0.078,0,0,0,0
rks35q5juzwc1.webp,4,1,9,9,0.9999,adaptive,0.1611,0.0913,1,0.0913,0,0,0,0
rks35q5juzwc1.webp,4,2,8,8,1.0,adaptive,0.1671,0.0957,1,0.0957,0,0,0,0
rks35q5juzwc1.webp,4,3,7,7,1.0,adaptive,0.1343,0.0624,1,0.0624,0,0,0,0
rks35q5juzwc1.webp,4,6,2,2,1.0,adaptive,0.1548,0.0826,1,0.0826,0,0,0,0
rks35q5juzwc1.webp,4,7,6,6,0.9999,adaptive,0.1755,0.0904,1,0.0904,0,0,0,0
rks35q5juzwc1.webp,5,2,1,1,1.0,adaptive,0.1465,0.062,1,0.062,0,0,0,0
rks35q5juzwc1.webp,5,3,5,5,1.0,adaptive,0.175,0.0893,1,0.0893,0,0,0,0
rks35q5juzwc1.webp,5,5,8,8,1.0,adaptive,0.1618,0.098,1,0.098,0,0,0,0
rks35q5juzwc1.webp,5,6,7,7,1.0,adaptive,0.1481,0.064,1,0.064,0,0,0,0
rks35q5juzwc1.webp,5,7,3,3,1.0,adaptive,0.1773,0.0832,1,0.0832,0,0,0,0
rks35q5juzwc1.webp,5,9,9,9,0.9999,adaptive,0.1775,0.0934,1,0.0934,0,0,0,0
rks35q5juzwc1.webp,6,2,4,4,1.0,adaptive,0.1606,0.0769,1,0.0769,0,0,0,0
rks35q5juzwc1.webp,6,3,3,3,1.0,adaptive,0.1673,0.082,1,0.082,0,0,0,0
rks35q5juzwc1.webp,7,1,3,3,1.0,adaptive,0.1666,0.0838,1,0.0838,0,0,0,0
rks35q5juzwc1.webp,7,2,2,2,1.0,adaptive,0.1678,0.0841,1,0.0841,0,0,0,0
rks35q5juzwc1.webp,7,4,8,8,1.0,adaptive,0.1891,0.0931,1,0.0931,0,0,0,0
rks35q5juzwc1.webp,7,6,9,9,0.9999,adaptive,0.1778,0.0918,1,0.0918,0,0,0,0
rks35q5juzwc1.webp,7,8,7,7,1.0,adaptive,0.1323,0.0633,1,0.0633,0,0,0,0
rks35q5juzwc1.webp,8,1,1,1,0.9999,adaptive,0.1052,0.0617,1,0.0617,0,0,0,0
rks35q5juzwc1.webp,8,2,9,9,0.9999,adaptive,0.1524,0.0955,1,0.0955,0,0,0,0
rks35q5juzwc1.webp,8,4,7,7,1.0,adaptive,0.1477,0.064,1,0.064,0,0,0,0
rks35q5juzwc1.webp,8,8,3,3,1.0,adaptive,0.1423,0.0852,1,0.0852,0,0,0,0
rks35q5juzwc1.webp,9,1,7,7,1.0,adaptive,0.151,0.0657,1,0.0657,0,0,0,0
rks35q5juzwc1.webp,9,2,5,5,1.0,adaptive,0.1703,0.0859,1,0.0859,0,0,0,0
rks35q5juzwc1.webp,9,7,9,9,0.9999,adaptive,0.1887,0.0907,1,0.0907,0,0,0,0
rks35q5juzwc1.webp,9,9,6,6,0.9999,adaptive,0.1764,0.0898,1,0.0898,0,0,0,0
rsedsxb810lc1.webp,1,1,9,9,1.0,adaptive,0.1524,0.0813,1,0.0813,0,0,0,0
rsedsxb810lc1.webp,1,2,6,6,0.9999,adaptive,0.1278,0.0828,1,0.0828,0,0,0,0
rsedsxb810lc1.webp,1,3,4,4,1.0,adaptive,0.1488,0.0657,1,0.0657,0,0,0,0
rsedsxb810lc1.webp,1,4,3,3,1.0,adaptive,0.1537,0.0704,1,0.0704,0,0,0,0
rsedsxb810lc1.webp,1,5,2,2,1.0,adaptive,0.1264,0.0697,1,0.0697,0,0,0,0
rsedsxb810lc1.webp,2,1,2,2,1.0,adaptive,0.1221,0.0672,1,0.0672,0,0,0,0
rsedsxb810lc1.webp,2,2,7,7,1.0,adaptive,0.0643,0.0517,1,0.0517,0,0,0,0
rsedsxb810lc1.webp,2,3,5,5,1.0,adaptive,0.1318,0.0785,1,0.0785,0,0,0,0
rsedsxb810lc1.webp,2,6,1,1,0.9983,adaptive,0.0832,0.0405,1,0.0405,0,0,0,0
rsedsxb810lc1.webp,2,7,6,6,1.0,adaptive,0.1536,0.0846,1,0.0846,0,0,0,0
rsedsxb810lc1.webp,2,8,3,3,1.0,adaptive,0.1033,0.0744,1,0.0744,0,0,0,0
rsedsxb810lc1.webp,2,9,9,9,1.0,adaptive,0.1117,0.0819,1,0.0819,0,0,0,0
rsedsxb810lc1.webp,3,1,8,8,1.0,adaptive,0.1559,0.0849,1,0.0849,0,0,0,0
rsedsxb810lc1.webp,3,2,1,1,0.999,adaptive,0.0699,0.0398,1,0.0398,0,0,0,0
rsedsxb810lc1.webp,3,3,3,3,1.0,adaptive,0.1421,0.0715,1,0.0715,0,0,0,0
rsedsxb810lc1.webp,3,5,6,6,1.0,adaptive,0.1291,0.0855,1,0.0855,0,0,0,0
rsedsxb810lc1.webp,3,8,4,4,1.0,adaptive,0.1232,0.0676,1,0.0676,0,0,0,0
rsedsxb810lc1.webp,4,1,4,4,1.0,adaptive,0.1495,0.0673,1,0.0673,0,0,0,0
rsedsxb810lc1.webp,4,2,2,2,1.0,adaptive,0.1137,0.0687,1,0.0687,0,0,0,0
rsedsxb810lc1.webp,4,3,9,9,1.0,adaptive,0.1388,0.0813,1,0.0813,0,0,0,0
rsedsxb810lc1.webp,4,4,7,7,1.0,adaptive,0.1354,0.051,1,0.051,0,0,0,0
rsedsxb810lc1.webp,4,9,3,3,1.0,adaptive,0.1417,0.0704,1,0.0704,0,0,0,0
rsedsxb810lc1.webp,5,1,6,6,0.9999,adaptive,0.1271,0.0832,1,0.0832,0,0,0,0
rsedsxb810lc1.webp,5,2,5,5,1.0,adaptive,0.0953,0.0806,1,0.0806,0,0,0,0
rsedsxb810lc1.webp,5,3,1,1,0.9976,adaptive,0.0968,0.0398,1,0.0398,0,0,0,0
rsedsxb810lc1.webp,5,5,3,3,1.0,adaptive,0.1022,0.0739,1,0.0739,0,0,0,0
rsedsxb810lc1.webp,5,6,2,2,1.0,adaptive,0.1183,0.0672,1,0.0672,0,0,0,0
rsedsxb810lc1.webp,5,7,4,4,1.0,adaptive,0.1278,0.0706,1,0.0706,0,0,0,0
rsedsxb810lc1.webp,5,9,7,7,1.0,adaptive,0.0943,0.0511,1,0.0511,0,0,0,0
rsedsxb810lc1.webp,6,1,3,3,1.0,adaptive,0.143,0.0724,1,0.0724,0,0,0,0
rsedsxb810lc1.webp,6,2,8,8,1.0,adaptive,0.1271,0.0839,1,0.0839,0,0,0,0
rsedsxb810lc1.webp,6,3,7,7,1.0,adaptive,0.133,0.0495,1,0.0495,0,0,0,0
rsedsxb810lc1.webp,7,2,9,9,1.0,adaptive,0.1106,0.0807,1,0.0807,0,0,0,0
rsedsxb810lc1.webp,7,6,3,3,1.0,adaptive,0.155,0.072,1,0.072,0,0,0,0
rsedsxb810lc1.webp,7,7,5,5,1.0,adaptive,0.1622,0.0782,1,0.0782,0,0,0,0
rsedsxb810lc1.webp,8,2,4,4,1.0,adaptive,0.0868,0.0712,1,0.0712,0,0,0,0
rsedsxb810lc1.webp,8,6,8,8,1.0,adaptive,0.1418,0.085,1,0.085,0,0,0,0
rsedsxb810lc1.webp,8,7,3,3,1.0,adaptive,0.1307,0.073,1,0.073,0,0,0,0
rsedsxb810lc1.webp,9,1,5,5,1.0,adaptive,0.1606,0.0777,1,0.0777,0,0,0,0
rsedsxb810lc1.webp,9,2,3,3,1.0,adaptive,0.1327,0.0742,1,0.0742,0,0,0,0
rsedsxb810lc1.webp,9,3,8,8,1.0,adaptive,0.1769,0.0813,1,0.0813,0,0,0,0
rsedsxb810lc1.webp,9,4,2,2,1.0,adaptive,0.1657,0.0697,1,0.0697,0,0,0,0
rsedsxb810lc1.webp,9,8,7,7,1.0,adaptive,0.1151,0.0516,1,0.0516,0,0,0,0
s28or9i4drtc1.webp,1,7,1,1,0.9984,adaptive,0.1662,0.0417,14,0.0417,13,0,0,0
s28or9i4drtc1.webp,2,3,5,5,1.0,adaptive,0.1927,0.0683,4,0.0683,3,0,0,0
s28or9i4drtc1.webp,2,8,8,8,1.0,adaptive,0.1825,0.0783,17,0.0783,16,0,0,0
s28or9i4drtc1.webp,3,2,6,6,1.0,adaptive,0.2074,0.0735,4,0.0735,3,0,0,0
s28or9i4drtc1.webp,3,5,3,3,1.0,adaptive,0.201,0.0633,7,0.0633,6,0,0,0
s28or9i4drtc1.webp,3,8,9,9,1.0,adaptive,0.1965,0.073,14,0.073,12,1,0,0
s28or9i4drtc1.webp,4,2,5,5,1.0,adaptive,0.1716,0.0724,6,0.0663,4,0,0,0
s28or9i4drtc1.webp,4,6,7,7,1.0,adaptive,0.19,0.0479,19,0.0479,18,0,0,0
s28or9i4drtc1.webp,5,2,8,8,1.0,adaptive,0.1719,0.0735,6,0.0735,4,1,0,0
s28or9i4drtc1.webp,5,6,3,3,1.0,adaptive,0.1784,0.0613,12,0.0613,11,0,0,0
s28or9i4drtc1.webp,5,9,2,2,1.0,adaptive,0.2205,0.0645,18,0.0645,16,1,0,0
s28or9i4drtc1.webp,6,3,9,9,1.0,adaptive,0.2025,0.0724,10,0.0724,8,1,0,0
s28or9i4drtc1.webp,6,5,6,6,0.9999,adaptive,0.2044,0.0746,11,0.0746,9,1,0,0
s28or9i4drtc1.webp,6,8,4,4,1.0,adaptive,0.1888,0.0604,20,0.0604,18,0,1,0
s28or9i4drtc1.webp,7,1,5,5,0.9985,adaptive,0.1925,0.1227,4,0.0673,2,0,0,0
s28or9i4drtc1.webp,7,2,3,3,1.0,adaptive,0.1522,0.0617,7,0.0617,4,2,0,0
s28or9i4drtc1.webp,7,3,4,4,0.9997,adaptive,0.1555,0.0521,13,0.0521,11,1,0,0
s28or9i4drtc1.webp,7,6,6,6,0.9996,adaptive,0.1929,0.0731,8,0.0731,6,1,0,0
s28or9i4drtc1.webp,7,8,2,2,1.0,adaptive,0.1667,0.0642,19,0.0642,18,0,0,0
s28or9i4drtc1.webp,8,1,1,1,0.9973,adaptive,0.1696,0.0502,7,0.0407,4,1,0,0
s28or9i4drtc1.webp,8,3,6,6,1.0,adaptive,0.1624,0.055,8,0.055,6,1,0,0
s28or9i4drtc1.webp,8,5,4,4,1.0,adaptive,0.1758,0.0622,12,0.0622,10,1,0,0
s28or9i4drtc1.webp,8,7,8,8,1.0,adaptive,0.1741,0.0771,11,0.0771,10,0,0,0
s28or9i4drtc1.webp,9,1,8,8,1.0,adaptive,0.1791,0.0581,3,0.0581,2,0,0,0
s28or9i4drtc1.webp,9,3,2,2,1.0,adaptive,0.1927,0.0671,4,0.0671,3,0,0,0
s28or9i4drtc1.webp,9,4,3,3,1.0,adaptive,0.1816,0.0662,8,0.0662,7,0,0,0
s28or9i4drtc1.webp,9,6,5,5,1.0,adaptive,0.2183,0.0699,13,0.0699,12,0,0,0
s28or9i4drtc1.webp,9,9,4,4,1.0,adaptive,0.1974,0.0635,13,0.0635,12,0,0,0
s3zgo6fxbqac1.webp,1,6,9,9,1.0,adaptive,0.1733,0.0898,1,0.0898,0,0,0,0
s3zgo6fxbqac1.webp,1,8,7,7,1.0,adaptive,0.1346,0.0633,1,0.0633,0,0,0,0
s3zgo6fxbqac1.webp,1,9,5,5,1.0,adaptive,0.1715,0.0853,1,0.0853,0,0,0,0
s3zgo6fxbqac1.webp,2,6,6,6,0.9999,adaptive,0.1624,0.0898,1,0.0898,0,0,0,0
s3zgo6fxbqac1.webp,2,8,2,2,1.0,adaptive,0.1437,0.0849,1,0.0849,0,0,0,0
s3zgo6fxbqac1.webp,3,1,8,8,1.0,adaptive,0.1782,0.0951,1,0.0951,0,0,0,0
s3zgo6fxbqac1.webp,3,5,4,4,1.0,adaptive,0.1626,0.0782,1,0.0782,0,0,0,0
s3zgo6fxbqac1.webp,3,8,1,1,1.0,adaptive,0.1327,0.0606,1,0.0606,0,0,0,0
s3zgo6fxbqac1.webp,4,1,3,3,1.0,adaptive,0.1637,0.0809,1,0.0809,0,0,0,0
s3zgo6fxbqac1.webp,4,2,5,5,1.0,adaptive,0.1597,0.0882,1,0.0882,0,0,0,0
s3zgo6fxbqac1.webp,4,4,6,6,0.9999,adaptive,0.1755,0.0896,1,0.0896,0,0,0,0
s3zgo6fxbqac1.webp,4,6,8,8,1.0,adaptive,0.1809,0.0945,1,0.0945,0,0,0,0
s3zgo6fxbqac1.webp,4,7,2,2,1.0,adaptive,0.1838,0.0811,1,0.0811,0,0,0,0
s3zgo6fxbqac1.webp,4,8,4,4,1.0,adaptive,0.1472,0.0749,1,0.0749,0,0,0,0
s3zgo6fxbqac1.webp,4,9,7,7,1.0,adaptive,0.1477,0.0626,1,0.0626,0,0,0,0
s3zgo6fxbqac1.webp,5,1,2,2,1.0,adaptive,0.164,0.0816,1,0.0816,0,0,0,0
s3zgo6fxbqac1.webp,5,2,8,8,1.0,adaptive,0.1779,0.0962,1,0.0962,0,0,0,0
s3zgo6fxbqac1.webp,5,8,6,6,0.9999,adaptive,0.1621,0.0927,1,0.0927,0,0,0,0
s3zgo6fxbqac1.webp,5,9,3,3,1.0,adaptive,0.1667,0.0819,1,0.0819,0,0,0,0
s3zgo6fxbqac1.webp,6,5,2,2,1.0,adaptive,0.1696,0.0839,1,0.0839,0,0,0,0
s3zgo6fxbqac1.webp,6,6,3,3,1.0,adaptive,0.1677,0.0818,1,0.0818,0,0,0,0
s3zgo6fxbqac1.webp,6,8,8,8,1.0,adaptive,0.1671,0.0945,1,0.0945,0,0,0,0
s3zgo6fxbqac1.webp,6,9,1,1,1.0,adaptive,0.1459,0.0608,1,0.0608,0,0,0,0
s3zgo6fxbqac1.webp,7,1,4,4,1.0,adaptive,0.1571,0.0737,1,0.0737,0,0,0,0
s3zgo6fxbqac1.webp,7,2,3,3,1.0,adaptive,0.1662,0.0825,1,0.0825,0,0,0,0
s3zgo6fxbqac1.webp,7,3,6,6,0.9999,adaptive,0.1733,0.0887,1,0.0887,0,0,0,0
s3zgo6fxbqac1.webp,7,7,7,7,1.0,adaptive,0.1731,0.063,1,0.063,0,0,0,0
s3zgo6fxbqac1.webp,7,8,5,5,1.0,adaptive,0.1701,0.0848,1,0.0848,0,0,0,0
s3zgo6fxbqac1.webp,7,9,8,8,1.0,adaptive,0.1925,0.0945,1,0.0945,0,0,0,0
s3zgo6fxbqac1.webp,8,1,5,5,1.0,adaptive,0.1682,0.0855,1,0.0855,0,0,0,0
s3zgo6fxbqac1.webp,8,2,9,9,0.9999,adaptive,0.1515,0.093,1,0.093,0,0,0,0
s3zgo6fxbqac1.webp,8,3,8,8,1.0,adaptive,0.1868,0.0948,1,0.0948,0,0,0,0
s3zgo6fxbqac1.webp,8,4,7,7,1.0,adaptive,0.1355,0.0638,1,0.0638,0,0,0,0
s3zgo6fxbqac1.webp,8,5,6,6,1.0,adaptive,0.1641,0.0916,1,0.0916,0,0,0,0
s3zgo6fxbqac1.webp,8,6,4,4,1.0,adaptive,0.147,0.0742,1,0.0742,0,0,0,0
s3zgo6fxbqac1.webp,8,7,1,1,0.9999,adaptive,0.1461,0.0604,1,0.0604,0,0,0,0
s3zgo6fxbqac1.webp,8,8,3,3,1.0,adaptive,0.1428,0.0833,1,0.0833,0,0,0,0
s3zgo6fxbqac1.webp,8,9,2,2,1.0,adaptive,0.1533,0.0816,1,0.0816,0,0,0,0
s3zgo6fxbqac1.webp,9,1,7,7,1.0,adaptive,0.1481,0.0615,1,0.0615,0,0,0,0
s3zgo6fxbqac1.webp,9,2,1,1,1.0,adaptive,0.1339,0.0611,1,0.0611,0,0,0,0
s3zgo6fxbqac1.webp,9,3,2,2,1.0,adaptive,0.168,0.0835,1,0.0835,0,0,0,0
s3zgo6fxbqac1.webp,9,4,3,3,1.0,adaptive,0.1655,0.0806,1,0.0806,0,0,0,0
s3zgo6fxbqac1.webp,9,5,8,8,1.0,adaptive,0.1793,0.095,1,0.095,0,0,0,0
s3zgo6fxbqac1.webp,9,6,5,5,1.0,adaptive,0.1675,0.0829,1,0.0829,0,0,0,0
s3zgo6fxbqac1.webp,9,8,9,9,1.0,adaptive,0.1608,0.0889,1,0.0889,0,0,0,0
scs8kr533hvc1.webp,1,1,0,0,0.992,adaptive,0.1118,0.0,0,0.0,0,0,0,0
scs8kr533hvc1.webp,1,2,0,0,0.992,adaptive,0.0981,0.0,0,0.0,0,0,0,0
scs8kr533hvc1.webp,1,3,0,0,0.992,adaptive,0.1009,0.0,0,0.0,0,0,0,0
scs8kr533hvc1.webp,1,4,2,2,0.9999,adaptive,0.2499,0.1448,1,0.1448,0,0,0,0
scs8kr533hvc1.webp,1,5,0,0,0.992,adaptive,0.0966,0.0,0,0.0,0,0,0,0
scs8kr533hvc1.webp,1,6,4,4,0.9997,adaptive,0.2179,0.1194,1,0.1194,0,0,0,0
scs8kr533hvc1.webp,1,7,5,5,1.0,adaptive,0.2707,0.1718,1,0.1718,0,0,0,0
scs8kr533hvc1.webp,1,8,0,0,0.992,adaptive,0.0981,0.0,0,0.0,0,0,0,0
scs8kr533hvc1.webp,1,9,7,7,1.0,adaptive,0.229,0.1176,1,0.1176,0,0,0,0
scs8kr533hvc1.webp,2,1,2,2,1.0,adaptive,0.265,0.1658,1,0.1658,0,0,0,0
scs8kr533hvc1.webp,2,2,0,0,0.992,adaptive,0.0843,0.0,0,0.0,0,0,0,0
scs8kr533hvc1.webp,2,3,0,0,0.992,adaptive,0.0871,0.0,0,0.0,0,0,0,0
scs8kr533hvc1.webp,2,4,0,0,0.992,adaptive,0.097,0.0,0,0.0,0,0,0,0
scs8kr533hvc1.webp,2,5,5,5,1.0,adaptive,0.2452,0.1596,1,0.1596,0,0,0,0
scs8kr533hvc1.webp,2,6,0,0,0.992,adaptive,0.0864,0.0,0,0.0,0,0,0,0
scs8kr533hvc1.webp,2,7,0,0,0.992,adaptive,0.0857,0.0,0,0.0,0,0,0,0
scs8kr533hvc1.webp,2,8,0,0,0.992,adaptive,0.0854,0.0,0,0.0,0,0,0,0
scs8kr533hvc1.webp,2,9,0,0,0.992,adaptive,0.0984,0.0,0,0.0,0,0,0,0
scs8kr533hvc1.webp,3,1,5,5,1.0,adaptive,0.2724,0.1718,1,0.1718,0,0,0,0
scs8kr533hvc1.webp,3,2,0,0,0.992,adaptive,0.0841,0.0,0,0.0,0,0,0,0
scs8kr533hvc1.webp,3,3,6,6,0.9999,adaptive,0.2687,0.1816,1,0.1816,0,0,0,0
scs8kr533hvc1.webp,3,4,8,8,1.0,adaptive,0.2731,0.1738,1,0.1738,0,0,0,0
scs8kr533hvc1.webp,3,5,7,7,1.0,adaptive,0.1974,0.1108,1,0.1108,0,0,0,0
scs8kr533hvc1.webp,3,6,3,3,1.0,adaptive,0.2288,0.1417,1,0.1417,0,0,0,0
scs8kr533hvc1.webp,3,7,9,9,1.0,adaptive,0.2687,0.1816,1,0.1816,0,0,0,0
scs8kr533hvc1.webp,3,8,0,0,0.992,adaptive,0.0866,0.0,0,0.0,0,0,0,0
scs8kr533hvc1.webp,3,9,2,2,1.0,adaptive,0.2604,0.1606,1,0.1606,0,0,0,0
scs8kr533hvc1.webp,4,1,0,0,0.992,adaptive,0.0991,0.0,0,0.0,0,0,0,0
scs8kr533hvc1.webp,4,2,6,6,1.0,adaptive,0.2359,0.1626,1,0.1626,0,0,0,0
scs8kr533hvc1.webp,4,3,0,0,0.992,adaptive,0.0869,0.0,0,0.0,0,0,0,0
scs8kr533hvc1.webp,4,4,0,0,0.992,adaptive,0.1072,0.0,0,0.0,0,0,0,0
scs8kr533hvc1.webp,4,5,0,0,0.992,adaptive,0.0981,0.0,0,0.0,0,0,0,0
scs8kr533hvc1.webp,4,6,0,0,0.992,adaptive,0.1049,0.0,0,0.0,0,0,0,0
scs8kr533hvc1.webp,4,7,4,4,0.9978,adaptive,0.2085,0.1227,1,0.1227,0,0,0,0
scs8kr533hvc1.webp,4,8,0,0,0.992,adaptive,0.0825,0.0,0,0.0,0,0,0,0
scs8kr533hvc1.webp,4,9,0,0,0.992,adaptive,0.0853,0.0,0,0.0,0,0,0,0
scs8kr533hvc1.webp,5,1,4,4,0.9983,adaptive,0.2332,0.1355,1,0.1355,0,0,0,0
scs8kr533hvc1.webp,5,2,0,0,0.992,adaptive,0.0723,0.0,0,0.0,0,0,0,0
scs8kr533hvc1.webp,5,3,0,0,0.992,adaptive,0.0866,0.0,0,0.0,0,0,0,0
scs8kr533hvc1.webp,5,4,5,5,1.0,adaptive,0.2698,0.171,1,0.171,0,0,0,0
scs8kr533hvc1.webp,5,5,0,0,0.992,adaptive,0.0865,0.0,0,0.0,0,0,0,0
scs8kr533hvc1.webp,5,6,7,7,0.9999,adaptive,0.2178,0.1196,1,0.1196,0,0,0,0
scs8kr533hvc1.webp,5,7,0,0,0.992,adaptive,0.085,0.0,0,0.0,0,0,0,0
scs8kr533hvc1.webp,5,8,0,0,0.992,adaptive,0.0838,0.0,0,0.0,0,0,0,0
scs8kr533hvc1.webp,5,9,0,0,0.992,adaptive,0.0848,0.0,0,0.0,0,0,0,0
scs8kr533hvc1.webp,6,1,0,0,0.992,adaptive,0.1002,0.0,0,0.0,0,0,0,0
scs8kr533hvc1.webp,6,2,0,0,0.992,adaptive,0.0728,0.0,0,0.0,0,0,0,0
scs8kr533hvc1.webp,6,3,3,3,1.0,adaptive,0.229,0.1426,1,0.1426,0,0,0,0
scs8kr533hvc1.webp,6,4,4,4,1.0,adaptive,0.2515,0.1501,1,0.1501,0,0,0,0
scs8kr533hvc1.webp,6,5,0,0,0.992,adaptive,0.0871,0.0,0,0.0,0,0,0,0
scs8kr533hvc1.webp,6,6,0,0,0.992,adaptive,0.0994,0.0,0,0.0,0,0,0,0
scs8kr533hvc1.webp,6,7,0,0,0.992,adaptive,0.0864,0.0,0,0.0,0,0,0,0
scs8kr533hvc1.webp,6,8,8,8,0.9999,adaptive,0.261,0.1771,1,0.1771,0,0,0,0
scs8kr533hvc1.webp,6,9,0,0,0.992,adaptive,0.0862,0.0,0,0.0,0,0,0,0
scs8kr533hvc1.webp,7,1,8,8,1.0,adaptive,0.2843,0.1845,1,0.1845,0,0,0,0
scs8kr533hvc1.webp,7,2,0,0,0.992,adaptive,0.0848,0.0,0,0.0,0,0,0,0
scs8kr533hvc1.webp,7,3,1,1,0.992,adaptive,0.2217,0.1109,1,0.1109,0,0,0,0
scs8kr533hvc1.webp,7,4,7,7,1.0,adaptive,0.2045,0.1067,1,0.1067,0,0,0,0
scs8kr533hvc1.webp,7,5,4,4,0.9995,adaptive,0.2239,0.1389,1,0.1389,0,0,0,0
scs8kr533hvc1.webp,7,6,5,5,1.0,adaptive,0.2401,0.1533,1,0.1533,0,0,0,0
scs8kr533hvc1.webp,7,7,0,0,0.992,adaptive,0.0864,0.0,0,0.0,0,0,0,0
scs8kr533hvc1.webp,7,8,0,0,0.992,adaptive,0.0857,0.0,0,0.0,0,0,0,0
scs8kr533hvc1.webp,7,9,3,3,1.0,adaptive,0.2493,0.1508,1,0.1508,0,0,0,0
scs8kr533hvc1.webp,8,1,6,6,0.9998,adaptive,0.2822,0.1832,1,0.1832,0,0,0,0
scs8kr533hvc1.webp,8,2,0,0,0.992,adaptive,0.0829,0.0,0,0.0,0,0,0,0
scs8kr533hvc1.webp,8,3,0,0,0.992,adaptive,0.0873,0.0,0,0.0,0,0,0,0
scs8kr533hvc1.webp,8,4,3,3,1.0,adaptive,0.2463,0.149,1,0.149,0,0,0,0
scs8kr533hvc1.webp,8,5,2,2,0.9999,adaptive,0.2307,0.1462,1,0.1462,0,0,0,0
scs8kr533hvc1.webp,8,6,0,0,0.992,adaptive,0.0866,0.0,0,0.0,0,0,0,0
scs8kr533hvc1.webp,8,7,0,0,0.992,adaptive,0.0859,0.0,0,0.0,0,0,0,0
scs8kr533hvc1.webp,8,8,0,0,0.992,adaptive,0.0854,0.0,0,0.0,0,0,0,0
scs8kr533hvc1.webp,8,9,4,4,0.9998,adaptive,0.2488,0.1506,1,0.1506,0,0,0,0
scs8kr533hvc1.webp,9,1,3,3,1.0,adaptive,0.2624,0.1497,1,0.1497,0,0,0,0
scs8kr533hvc1.webp,9,2,0,0,0.992,adaptive,0.0975,0.0,0,0.0,0,0,0,0
scs8kr533hvc1.webp,9,3,4,4,0.9999,adaptive,0.2486,0.1481,1,0.1481,0,0,0,0
scs8kr533hvc1.webp,9,4,6,6,1.0,adaptive,0.2709,0.1606,1,0.1606,0,0,0,0
scs8kr533hvc1.webp,9,5,0,0,0.992,adaptive,0.0988,0.0,0,0.0,0,0,0,0
scs8kr533hvc1.webp,9,6,1,1,0.9978,adaptive,0.2174,0.1047,1,0.1047,0,0,0,0
scs8kr533hvc1.webp,9,7,0,0,0.992,adaptive,0.0994,0.0,0,0.0,0,0,0,0
scs8kr533hvc1.webp,9,8,0,0,0.992,adaptive,0.0986,0.0,0,0.0,0,0,0,0
scs8kr533hvc1.webp,9,9,0,0,0.992,adaptive,0.1123,0.0,0,0.0,0,0,0,0
stg9z3p8idzc1.webp,1,1,0,0,0.992,adaptive,0.0835,0.0,0,0.0,0,0,0,0
stg9z3p8idzc1.webp,1,2,3,3,1.0,adaptive,0.152,0.0819,1,0.0819,0,0,0,0
stg9z3p8idzc1.webp,1,3,1,1,0.9942,adaptive,0.1183,0.047,1,0.047,0,0,0,0
stg9z3p8idzc1.webp,1,4,5,5,1.0,adaptive,0.1544,0.0831,1,0.0831,0,0,0,0
stg9z3p8idzc1.webp,1,5,8,8,1.0,adaptive,0.1603,0.102,1,0.102,0,0,0,0
stg9z3p8idzc1.webp,1,6,2,2,1.0,adaptive,0.1611,0.0773,1,0.0773,0,0,0,0
stg9z3p8idzc1.webp,1,7,4,4,1.0,adaptive,0.1517,0.0806,1,0.0806,0,0,0,0
stg9z3p8idzc1.webp,2,1,4,4,1.0,adaptive,0.1499,0.0789,1,0.0789,0,0,0,0
stg9z3p8idzc1.webp,2,2,5,5,1.0,adaptive,0.1435,0.0859,1,0.0859,0,0,0,0
stg9z3p8idzc1.webp,2,4,3,3,1.0,adaptive,0.14,0.0821,1,0.0821,0,0,0,0
stg9z3p8idzc1.webp,2,5,6,6,0.9943,adaptive,0.1364,0.0923,1,0.0923,0,0,0,0
stg9z3p8idzc1.webp,2,6,0,0,0.992,adaptive,0.0708,0.0,0,0.0,0,0,0,0
stg9z3p8idzc1.webp,2,7,0,0,0.992,adaptive,0.0559,0.0,0,0.0,0,0,0,0
stg9z3p8idzc1.webp,2,8,1,1,0.987,adaptive,0.0923,0.0487,1,0.0487,0,0,0,0
stg9z3p8idzc1.webp,2,9,2,2,1.0,adaptive,0.137,0.0807,1,0.0807,0,0,0,0
stg9z3p8idzc1.webp,3,1,2,2,1.0,adaptive,0.1508,0.0793,1,0.0793,0,0,0,0
stg9z3p8idzc1.webp,3,2,6,6,0.9983,adaptive,0.1495,0.0918,1,0.0918,0,0,0,0
stg9z3p8idzc1.webp,3,4,0,0,0.992,adaptive,0.0579,0.0,0,0.0,0,0,0,0
stg9z3p8idzc1.webp,3,5,1,1,0.984,adaptive,0.0938,0.0498,1,0.0498,0,0,0,0
stg9z3p8idzc1.webp,3,6,4,4,1.0,adaptive,0.1508,0.0791,1,0.0791,0,0,0,0
stg9z3p8idzc1.webp,3,7,5,5,1.0,adaptive,0.1428,0.084,1,0.084,0,0,0,0
stg9z3p8idzc1.webp,3,8,3,3,1.0,adaptive,0.1271,0.0832,1,0.0832,0,0,0,0
stg9z3p8idzc1.webp,3,9,0,0,0.992,adaptive,0.0573,0.0,0,0.0,0,0,0,0
stg9z3p8idzc1.webp,4,1,3,3,1.0,adaptive,0.153,0.082,1,0.082,0,0,0,0
stg9z3p8idzc1.webp,4,2,0,0,0.992,adaptive,0.0572,0.0,0,0.0,0,0,0,0
stg9z3p8idzc1.webp,4,3,2,2,1.0,adaptive,0.1343,0.0769,1,0.0769,0,0,0,0
stg9z3p8idzc1.webp,4,4,1,1,0.984,adaptive,0.108,0.0492,1,0.0492,0,0,0,0
stg9z3p8idzc1.webp,4,5,0,0,0.992,adaptive,0.0445,0.0,0,0.0,0,0,0,0
stg9z3p8idzc1.webp,4,6,5,5,1.0,adaptive,0.1566,0.0882,1,0.0882,0,0,0,0
stg9z3p8idzc1.webp,4,7,6,6,0.9933,adaptive,0.1448,0.0871,1,0.0871,0,0,0,0
stg9z3p8idzc1.webp,4,8,8,8,1.0,adaptive,0.1443,0.1,1,0.1,0,0,0,0
stg9z3p8idzc1.webp,4,9,4,4,1.0,adaptive,0.1352,0.0784,1,0.0784,0,0,0,0
stg9z3p8idzc1.webp,5,2,8,8,1.0,adaptive,0.146,0.1022,1,0.1022,0,0,0,0
stg9z3p8idzc1.webp,5,3,6,6,0.9992,adaptive,0.1341,0.0902,1,0.0902,0,0,0,0
stg9z3p8idzc1.webp,5,4,2,2,1.0,adaptive,0.1223,0.078,1,0.078,0,0,0,0
stg9z3p8idzc1.webp,5,5,4,4,1.0,adaptive,0.1111,0.0813,1,0.0813,0,0,0,0
stg9z3p8idzc1.webp,5,6,3,3,1.0,adaptive,0.1269,0.0823,1,0.0823,0,0,0,0
stg9z3p8idzc1.webp,5,7,7,7,1.0,adaptive,0.1022,0.0583,1,0.0583,0,0,0,0
stg9z3p8idzc1.webp,5,8,0,0,0.992,adaptive,0.0298,0.0,0,0.0,0,0,0,0
stg9z3p8idzc1.webp,5,9,1,1,0.9926,adaptive,0.0909,0.0473,1,0.0473,0,0,0,0
stg9z3p8idzc1.webp,6,2,1,1,0.9919,adaptive,0.1085,0.0484,1,0.0484,0,0,0,0
stg9z3p8idzc1.webp,6,3,4,4,1.0,adaptive,0.141,0.0809,1,0.0809,0,0,0,0
stg9z3p8idzc1.webp,6,4,6,6,0.9971,adaptive,0.149,0.0902,1,0.0902,0,0,0,0
stg9z3p8idzc1.webp,6,5,0,0,0.992,adaptive,0.0561,0.0,0,0.0,0,0,0,0
stg9z3p8idzc1.webp,6,6,8,8,1.0,adaptive,0.1682,0.0982,1,0.0982,0,0,0,0
stg9z3p8idzc1.webp,6,7,3,3,1.0,adaptive,0.1383,0.0798,1,0.0798,0,0,0,0
stg9z3p8idzc1.webp,6,8,2,2,1.0,adaptive,0.1214,0.0773,1,0.0773,0,0,0,0
stg9z3p8idzc1.webp,6,9,0,0,0.992,adaptive,0.0566,0.0,0,0.0,0,0,0,0
stg9z3p8idzc1.webp,7,1,8,8,1.0,adaptive,0.1693,0.098,1,0.098,0,0,0,0
stg9z3p8idzc1.webp,7,2,4,4,1.0,adaptive,0.1389,0.081,1,0.081,0,0,0,0
stg9z3p8idzc1.webp,7,3,0,0,0.992,adaptive,0.0588,0.0,0,0.0,0,0,0,0
stg9z3p8idzc1.webp,7,4,0,0,0.992,adaptive,0.0579,0.0,0,0.0,0,0,0,0
stg9z3p8idzc1.webp,7,5,3,3,1.0,adaptive,0.1257,0.0816,1,0.0816,0,0,0,0
stg9z3p8idzc1.webp,7,6,1,1,0.9851,adaptive,0.1074,0.0486,1,0.0486,0,0,0,0
stg9z3p8idzc1.webp,7,7,2,2,1.0,adaptive,0.139,0.08,1,0.08,0,0,0,0
stg9z3p8idzc1.webp,8,1,1,1,0.9841,adaptive,0.1067,0.0488,1,0.0488,0,0,0,0
stg9z3p8idzc1.webp,8,2,2,2,1.0,adaptive,0.1258,0.0815,1,0.0815,0,0,0,0
stg9z3p8idzc1.webp,8,3,3,3,1.0,adaptive,0.1262,0.0821,1,0.0821,0,0,0,0
stg9z3p8idzc1.webp,8,4,4,4,1.0,adaptive,0.1257,0.0812,1,0.0812,0,0,0,0
stg9z3p8idzc1.webp,8,5,5,5,1.0,adaptive,0.1175,0.0875,1,0.0875,0,0,0,0
stg9z3p8idzc1.webp,8,6,6,6,0.9982,adaptive,0.1346,0.0905,1,0.0905,0,0,0,0
stg9z3p8idzc1.webp,9,1,6,6,0.999,adaptive,0.1608,0.0898,1,0.0898,0,0,0,0
stg9z3p8idzc1.webp,9,2,0,0,0.992,adaptive,0.0577,0.0,0,0.0,0,0,0,0
stg9z3p8idzc1.webp,9,3,5,5,1.0,adaptive,0.1426,0.0851,1,0.0851,0,0,0,0
stg9z3p8idzc1.webp,9,4,8,8,1.0,adaptive,0.1555,0.0976,1,0.0976,0,0,0,0
stg9z3p8idzc1.webp,9,5,2,2,1.0,adaptive,0.1232,0.0791,1,0.0791,0,0,0,0
stg9z3p8idzc1.webp,9,6,0,0,0.992,adaptive,0.0577,0.0,0,0.0,0,0,0,0
stg9z3p8idzc1.webp,9,7,1,1,0.991,adaptive,0.1047,0.0472,1,0.0472,0,0,0,0
stg9z3p8idzc1.webp,9,8,4,4,1.0,adaptive,0.1255,0.0814,1,0.0814,0,0,0,0
stg9z3p8idzc1.webp,9,9,3,3,1.0,adaptive,0.1379,0.0809,1,0.0809,0,0,0,0
t1u5hksh73uc1.webp,1,1,1,1,0.913,adaptive,0.1956,0.0673,3,0.059,0,1,0,0
t1u5hksh73uc1.webp,1,2,0,0,0.8084,adaptive,0.1359,0.0669,1,0.0669,0,0,0,0
t1u5hksh73uc1.webp,1,3,3,3,0.9987,adaptive,0.2303,0.1479,2,0.0806,0,0,0,0
t1u5hksh73uc1.webp,1,4,0,0,0.992,adaptive,0.1704,0.0,3,0.0051,1,1,0,0
t1u5hksh73uc1.webp,1,5,8,8,0.9998,adaptive,0.2431,0.0948,2,0.0948,0,1,0,0
t1u5hksh73uc1.webp,1,6,6,6,0.9996,adaptive,0.2497,0.0869,2,0.0869,0,1,0,0
t1u5hksh73uc1.webp,1,7,2,2,1.0,adaptive,0.2214,0.0824,3,0.0824,1,1,0,0
t1u5hksh73uc1.webp,1,8,0,0,0.9326,adaptive,0.1389,0.0681,1,0.0681,0,0,0,0
t1u5hksh73uc1.webp,1,9,0,3,0.5261,adaptive,0.1488,0.0953,1,0.0953,0,0,0,0
t1u5hksh73uc1.webp,2,1,0,7,0.7684,adaptive,0.1187,0.097,1,0.097,0,0,0,0
t1u5hksh73uc1.webp,2,2,2,2,0.9735,adaptive,0.2135,0.0992,4,0.0934,0,2,0,0
t1u5hksh73uc1.webp,2,3,0,0,0.992,adaptive,0.1348,0.0,2,0.0,1,1,0,0
t1u5hksh73uc1.webp,2,4,1,7,0.5997,adaptive,0.2033,0.0631,3,0.0631,1,1,0,0
t1u5hksh73uc1.webp,2,5,0,0,0.992,adaptive,0.1086,0.0,2,0.0,1,1,0,0
t1u5hksh73uc1.webp,2,6,7,7,0.9997,adaptive,0.199,0.0733,2,0.0733,0,1,0,0
t1u5hksh73uc1.webp,2,7,3,3,0.9999,adaptive,0.2067,0.0875,2,0.0875,0,1,0,0
t1u5hksh73uc1.webp,2,8,6,6,0.9997,adaptive,0.2071,0.1008,2,0.1008,0,1,0,0
t1u5hksh73uc1.webp,2,9,0,0,0.9697,adaptive,0.1287,0.0615,1,0.0615,0,0,0,0
t1u5hksh73uc1.webp,3,1,0,0,0.7719,adaptive,0.1346,0.0149,2,0.0149,0,1,0,0
t1u5hksh73uc1.webp,3,2,0,0,0.992,adaptive,0.1266,0.0,2,0.0,1,1,0,0
t1u5hksh73uc1.webp,3,3,6,6,0.983,adaptive,0.217,0.0555,3,0.0555,1,1,0,0
t1u5hksh73uc1.webp,3,4,0,0,0.992,adaptive,0.1501,0.0,1,0.0,0,1,0,0
t1u5hksh73uc1.webp,3,5,0,0,0.992,adaptive,0.1128,0.0,1,0.0,0,1,0,0
t1u5hksh73uc1.webp,3,6,2,2,0.9999,adaptive,0.2426,0.0991,2,0.0991,0,1,0,0
t1u5hksh73uc1.webp,3,7,0,0,0.992,adaptive,0.139,0.0,2,0.0,1,1,0,0
t1u5hksh73uc1.webp,3,8,1,1,0.744,adaptive,0.194,0.071,2,0.071,0,1,0,0
t1u5hksh73uc1.webp,3,9,0,0,0.992,adaptive,0.1395,0.0,4,0.0,3,1,0,0
t1u5hksh73uc1.webp,4,1,0,0,0.992,adaptive,0.1281,0.0,2,0.0,1,1,0,0
t1u5hksh73uc1.webp,4,2,3,3,0.9925,adaptive,0.1832,0.071,4,0.071,1,1,0,1
t1u5hksh73uc1.webp,4,3,0,0,0.992,adaptive,0.141,0.0,3,0.0,2,1,0,0
t1u5hksh73uc1.webp,4,4,6,6,0.8951,adaptive,0.2544,0.1305,2,0.1305,0,1,0,0
t1u5hksh73uc1.webp,4,5,0,0,0.992,adaptive,0.095,0.0,5,0.0,4,1,0,0
t1u5hksh73uc1.webp,4,6,5,5,1.0,adaptive,0.2335,0.1141,2,0.1141,0,1,0,0
t1u5hksh73uc1.webp,4,7,7,7,0.9994,adaptive,0.202,0.0862,3,0.0862,1,1,0,0
t1u5hksh73uc1.webp,4,8,8,8,0.9999,adaptive,0.2203,0.1212,2,0.1212,0,1,0,0
t1u5hksh73uc1.webp,4,9,1,1,0.698,adaptive,0.1943,0.0693,3,0.0693,1,1,0,0
t1u5hksh73uc1.webp,5,1,0,1,0.6602,adaptive,0.145,0.0176,3,0.0176,1,1,0,0
t1u5hksh73uc1.webp,5,2,8,8,0.9998,adaptive,0.213,0.1196,2,0.1196,0,1,0,0
t1u5hksh73uc1.webp,5,3,1,1,0.4843,adaptive,0.1843,0.0599,3,0.0405,0,1,0,0
t1u5hksh73uc1.webp,5,4,0,0,0.992,adaptive,0.1049,0.0,3,0.0,2,1,0,0
t1u5hksh73uc1.webp,5,5,7,7,0.807,adaptive,0.1935,0.0629,5,0.0629,3,1,0,0
t1u5hksh73uc1.webp,5,6,0,0,0.992,adaptive,0.1244,0.0,2,0.0,1,1,0,0
t1u5hksh73uc1.webp,5,7,0,0,0.992,adaptive,0.1095,0.0,4,0.0,3,1,0,0
t1u5hksh73uc1.webp,5,8,9,9,0.9999,adaptive,0.2252,0.1258,5,0.1258,2,1,0,1
t1u5hksh73uc1.webp,5,9,0,0,0.992,adaptive,0.1205,0.0,1,0.0,0,1,0,0
t1u5hksh73uc1.webp,6,1,6,6,0.9999,adaptive,0.2651,0.1152,2,0.1152,0,1,0,0
t1u5hksh73uc1.webp,6,2,5,5,1.0,adaptive,0.2377,0.1219,2,0.1219,0,1,0,0
t1u5hksh73uc1.webp,6,3,7,7,0.9987,adaptive,0.2181,0.0942,3,0.0887,1,0,0,0
t1u5hksh73uc1.webp,6,4,8,8,0.9999,adaptive,0.2448,0.1259,2,0.1259,1,0,0,0
t1u5hksh73uc1.webp,6,5,0,0,0.992,adaptive,0.1126,0.0,7,0.0,7,0,0,0
t1u5hksh73uc1.webp,6,6,0,0,0.992,adaptive,0.1392,0.0,8,0.0076,7,0,0,0
t1u5hksh73uc1.webp,6,7,0,0,0.992,adaptive,0.1198,0.0,3,0.0,3,0,0,0
t1u5hksh73uc1.webp,6,8,0,0,0.992,adaptive,0.1085,0.0,0,0.0,0,0,0,0
t1u5hksh73uc1.webp,6,9,0,0,0.992,adaptive,0.1325,0.0,0,0.0,0,0,0,0
t1u5hksh73uc1.webp,7,1,0,0,0.992,adaptive,0.1147,0.0,0,0.0,0,0,0,0
t1u5hksh73uc1.webp,7,2,6,6,0.9999,adaptive,0.2227,0.1124,1,0.1124,0,0,0,0
t1u5hksh73uc1.webp,7,3,0,0,0.992,adaptive,0.1247,0.0,3,0.0058,2,0,0,0
t1u5hksh73uc1.webp,7,4,2,2,1.0,adaptive,0.2038,0.1005,2,0.1005,1,0,0,0
t1u5hksh73uc1.webp,7,5,0,0,0.992,adaptive,0.0796,0.0,3,0.0,3,0,0,0
t1u5hksh73uc1.webp,7,6,0,0,0.992,adaptive,0.0882,0.0,1,0.0,1,0,0,0
t1u5hksh73uc1.webp,7,7,0,0,0.992,adaptive,0.0795,0.0,2,0.0,2,0,0,0
t1u5hksh73uc1.webp,7,8,0,0,0.992,adaptive,0.0631,0.0,2,0.0,2,0,0,0
t1u5hksh73uc1.webp,7,9,0,0,0.992,adaptive,0.086,0.0,3,0.0,3,0,0,0
t1u5hksh73uc1.webp,8,1,0,0,0.992,adaptive,0.1124,0.0,2,0.0,1,1,0,0
t1u5hksh73uc1.webp,8,2,9,9,0.9998,adaptive,0.1997,0.1061,1,0.1061,0,0,0,0
t1u5hksh73uc1.webp,8,3,2,2,1.0,adaptive,0.2155,0.0957,2,0.0957,1,0,0,0
t1u5hksh73uc1.webp,8,4,7,7,1.0,adaptive,0.2022,0.0805,1,0.0805,0,0,0,0
t1u5hksh73uc1.webp,8,5,0,0,0.992,adaptive,0.1061,0.0,2,0.0,2,0,0,0
t1u5hksh73uc1.webp,8,6,8,8,0.9999,adaptive,0.2282,0.1113,4,0.1113,3,0,0,0
t1u5hksh73uc1.webp,8,7,0,0,0.992,adaptive,0.1061,0.0,0,0.0,0,0,0,0
t1u5hksh73uc1.webp,8,8,0,0,0.992,adaptive,0.0877,0.0,0,0.0,0,0,0,0
t1u5hksh73uc1.webp,8,9,0,0,0.992,adaptive,0.111,0.0,1,0.0,1,0,0,0
t1u5hksh73uc1.webp,9,1,7,7,0.9961,adaptive,0.229,0.1114,2,0.1114,0,1,0,0
t1u5hksh73uc1.webp,9,2,1,4,0.4091,adaptive,0.216,0.0898,2,0.0898,0,1,0,0
t1u5hksh73uc1.webp,9,3,5,5,1.0,adaptive,0.2266,0.1114,4,0.1058,2,0,0,0
t1u5hksh73uc1.webp,9,4,0,0,0.992,adaptive,0.1479,0.0,0,0.0,0,0,0,0
t1u5hksh73uc1.webp,9,5,6,6,0.9997,adaptive,0.2341,0.1061,3,0.1061,2,0,0,0
t1u5hksh73uc1.webp,9,6,0,0,0.992,adaptive,0.1372,0.0,0,0.0,0,0,0,0
t1u5hksh73uc1.webp,9,7,8,8,0.8494,adaptive,0.2259,0.1132,5,0.1054,3,0,0,0
t1u5hksh73uc1.webp,9,8,2,2,1.0,adaptive,0.2325,0.0977,2,0.0977,0,1,0,0
t1u5hksh73uc1.webp,9,9,4,4,0.9928,adaptive,0.2279,0.076,2,0.076,0,1,0,0
tdksw4dnghzc1.webp,1,1,5,5,1.0,adaptive,0.125,0.0675,1,0.0675,0,0,0,0
tdksw4dnghzc1.webp,1,2,4,4,1.0,adaptive,0.1022,0.0588,1,0.0588,0,0,0,0
tdksw4dnghzc1.webp,1,3,7,7,1.0,adaptive,0.1145,0.0441,1,0.0441,0,0,0,0
tdksw4dnghzc1.webp,1,4,3,3,1.0,adaptive,0.1185,0.0613,1,0.0613,0,0,0,0
tdksw4dnghzc1.webp,1,5,2,2,1.0,adaptive,0.0868,0.057,1,0.057,0,0,0,0
tdksw4dnghzc1.webp,1,6,1,1,0.9981,adaptive,0.0945,0.0368,1,0.0368,0,0,0,0
tdksw4dnghzc1.webp,1,7,6,6,0.9998,adaptive,0.1276,0.0708,1,0.0708,0,0,0,0
tdksw4dnghzc1.webp,1,8,8,8,1.0,adaptive,0.1284,0.0728,1,0.0728,0,0,0,0
tdksw4dnghzc1.webp,1,9,9,9,0.9999,adaptive,0.1303,0.0722,1,0.0722,0,0,0,0
tdksw4dnghzc1.webp,2,1,2,2,1.0,adaptive,0.1002,0.057,1,0.057,0,0,0,0
tdksw4dnghzc1.webp,2,2,8,8,1.0,adaptive,0.1045,0.0755,1,0.0755,0,0,0,0
tdksw4dnghzc1.webp,2,3,1,1,0.9988,adaptive,0.0665,0.0366,1,0.0366,0,0,0,0
tdksw4dnghzc1.webp,2,4,9,9,1.0,adaptive,0.116,0.0739,1,0.0739,0,0,0,0
tdksw4dnghzc1.webp,2,5,7,7,1.0,adaptive,0.045,0.0448,1,0.0448,0,0,0,0
tdksw4dnghzc1.webp,2,6,6,6,0.9997,adaptive,0.116,0.0726,1,0.0726,0,0,0,0
tdksw4dnghzc1.webp,2,7,3,3,1.0,adaptive,0.1049,0.0626,1,0.0626,0,0,0,0
tdksw4dnghzc1.webp,2,8,5,5,1.0,adaptive,0.1113,0.0696,1,0.0696,0,0,0,0
tdksw4dnghzc1.webp,2,9,4,4,1.0,adaptive,0.1015,0.0583,1,0.0583,0,0,0,0
tdksw4dnghzc1.webp,3,1,9,9,0.9999,adaptive,0.1421,0.0724,1,0.0724,0,0,0,0
tdksw4dnghzc1.webp,3,2,6,6,0.9997,adaptive,0.1291,0.0733,1,0.0733,0,0,0,0
tdksw4dnghzc1.webp,3,3,3,3,1.0,adaptive,0.1448,0.0622,1,0.0622,0,0,0,0
tdksw4dnghzc1.webp,3,4,8,8,1.0,adaptive,0.141,0.0733,1,0.0733,0,0,0,0
tdksw4dnghzc1.webp,3,5,4,4,1.0,adaptive,0.0764,0.0597,1,0.0597,0,0,0,0
tdksw4dnghzc1.webp,3,6,5,5,1.0,adaptive,0.1328,0.0644,1,0.0644,0,0,0,0
tdksw4dnghzc1.webp,3,7,2,2,1.0,adaptive,0.1346,0.057,1,0.057,0,0,0,0
tdksw4dnghzc1.webp,3,8,1,1,0.9985,adaptive,0.0461,0.0308,1,0.0308,0,0,0,0
tdksw4dnghzc1.webp,3,9,7,7,1.0,adaptive,0.0891,0.0419,1,0.0419,0,0,0,0
tdksw4dnghzc1.webp,4,1,0,0,0.992,adaptive,0.0566,0.0,0,0.0,0,0,0,0
tdksw4dnghzc1.webp,4,2,0,0,0.992,adaptive,0.0418,0.0,0,0.0,0,0,0,0
tdksw4dnghzc1.webp,4,3,0,0,0.992,adaptive,0.0677,0.0,0,0.0,0,0,0,0
tdksw4dnghzc1.webp,4,4,7,7,1.0,adaptive,0.0724,0.0423,1,0.0423,0,0,0,0
tdksw4dnghzc1.webp,4,5,5,5,1.0,adaptive,0.0819,0.0667,1,0.0667,0,0,0,0
tdksw4dnghzc1.webp,4,6,8,8,1.0,adaptive,0.1163,0.0722,1,0.0722,0,0,0,0
tdksw4dnghzc1.webp,4,7,9,9,1.0,adaptive,0.1268,0.0708,1,0.0708,0,0,0,0
tdksw4dnghzc1.webp,4,8,2,2,1.0,adaptive,0.1117,0.0586,1,0.0586,0,0,0,0
tdksw4dnghzc1.webp,4,9,0,0,0.992,adaptive,0.0492,0.0,0,0.0,0,0,0,0
tdksw4dnghzc1.webp,5,1,0,0,0.992,adaptive,0.0299,0.0,0,0.0,0,0,0,0
tdksw4dnghzc1.webp,5,2,7,7,1.0,adaptive,0.0604,0.0455,1,0.0455,0,0,0,0
tdksw4dnghzc1.webp,5,3,0,0,0.992,adaptive,0.0445,0.0,0,0.0,0,0,0,0
tdksw4dnghzc1.webp,5,4,0,0,0.992,adaptive,0.0152,0.0,0,0.0,0,0,0,0
tdksw4dnghzc1.webp,5,5,3,3,1.0,adaptive,0.0618,0.0618,1,0.0618,0,0,0,0
tdksw4dnghzc1.webp,5,6,2,2,1.0,adaptive,0.0873,0.0574,1,0.0574,0,0,0,0
tdksw4dnghzc1.webp,5,7,0,0,0.992,adaptive,0.0301,0.0,0,0.0,0,0,0,0
tdksw4dnghzc1.webp,5,8,0,0,0.992,adaptive,0.0275,0.0,0,0.0,0,0,0,0
tdksw4dnghzc1.webp,5,9,0,0,0.992,adaptive,0.0299,0.0,0,0.0,0,0,0,0
tdksw4dnghzc1.webp,6,1,8,8,1.0,adaptive,0.1297,0.0722,1,0.0722,0,0,0,0
tdksw4dnghzc1.webp,6,2,0,0,0.992,adaptive,0.0299,0.0,0,0.0,0,0,0,0
tdksw4dnghzc1.webp,6,3,0,0,0.992,adaptive,0.0573,0.0,0,0.0,0,0,0,0
tdksw4dnghzc1.webp,6,4,0,0,0.992,adaptive,0.0439,0.0,0,0.0,0,0,0,0
tdksw4dnghzc1.webp,6,5,1,1,0.9985,adaptive,0.0595,0.0296,1,0.0296,0,0,0,0
tdksw4dnghzc1.webp,6,6,9,9,0.9999,adaptive,0.1297,0.0722,1,0.0722,0,0,0,0
tdksw4dnghzc1.webp,6,7,0,0,0.992,adaptive,0.0434,0.0,0,0.0,0,0,0,0
tdksw4dnghzc1.webp,6,8,0,0,0.992,adaptive,0.0301,0.0,0,0.0,0,0,0,0
tdksw4dnghzc1.webp,6,9,3,3,1.0,adaptive,0.119,0.0613,1,0.0613,0,0,0,0
tdksw4dnghzc1.webp,7,1,4,4,0.9999,adaptive,0.1161,0.0597,1,0.0597,0,0,0,0
tdksw4dnghzc1.webp,7,2,9,9,1.0,adaptive,0.1147,0.073,1,0.073,0,0,0,0
tdksw4dnghzc1.webp,7,3,0,0,0.992,adaptive,0.0686,0.0,0,0.0,0,0,0,0
tdksw4dnghzc1.webp,7,4,0,0,0.992,adaptive,0.0548,0.0,0,0.0,0,0,0,0
tdksw4dnghzc1.webp,7,5,0,0,0.992,adaptive,0.0152,0.0,0,0.0,0,0,0,0
tdksw4dnghzc1.webp,7,6,0,0,0.992,adaptive,0.0566,0.0,0,0.0,0,0,0,0
tdksw4dnghzc1.webp,7,7,1,1,0.9974,adaptive,0.0677,0.0352,1,0.0352,0,0,0,0
tdksw4dnghzc1.webp,7,8,0,0,0.992,adaptive,0.0525,0.0,0,0.0,0,0,0,0
tdksw4dnghzc1.webp,7,9,2,2,1.0,adaptive,0.1154,0.0588,1,0.0588,0,0,0,0
tdksw4dnghzc1.webp,8,1,7,7,1.0,adaptive,0.0844,0.0445,1,0.0445,0,0,0,0
tdksw4dnghzc1.webp,8,2,0,0,0.992,adaptive,0.0181,0.0,0,0.0,0,0,0,0
tdksw4dnghzc1.webp,8,3,0,0,0.992,adaptive,0.0445,0.0,0,0.0,0,0,0,0
tdksw4dnghzc1.webp,8,4,0,0,0.992,adaptive,0.0314,0.0,0,0.0,0,0,0,0
tdksw4dnghzc1.webp,8,5,0,0,0.992,adaptive,0.0,0.0,0,0.0,0,0,0,0
tdksw4dnghzc1.webp,8,6,4,4,1.0,adaptive,0.0871,0.0561,1,0.0561,0,0,0,0
tdksw4dnghzc1.webp,8,7,8,8,1.0,adaptive,0.1099,0.0749,1,0.0749,0,0,0,0
tdksw4dnghzc1.webp,8,8,3,3,1.0,adaptive,0.0895,0.0622,1,0.0622,0,0,0,0
tdksw4dnghzc1.webp,8,9,0,0,0.992,adaptive,0.0348,0.0,0,0.0,0,0,0,0
tdksw4dnghzc1.webp,9,1,0,0,0.992,adaptive,0.0579,0.0,0,0.0,0,0,0,0
tdksw4dnghzc1.webp,9,2,2,2,1.0,adaptive,0.1011,0.0577,1,0.0577,0,0,0,0
tdksw4dnghzc1.webp,9,3,0,0,0.992,adaptive,0.0711,0.0,0,0.0,0,0,0,0
tdksw4dnghzc1.webp,9,4,5,5,1.0,adaptive,0.1223,0.065,1,0.065,0,0,0,0
tdksw4dnghzc1.webp,9,5,0,0,0.992,adaptive,0.0299,0.0,0,0.0,0,0,0,0
tdksw4dnghzc1.webp,9,6,0,0,0.992,adaptive,0.0581,0.0,0,0.0,0,0,0,0
tdksw4dnghzc1.webp,9,7,0,0,0.992,adaptive,0.0568,0.0,0,0.0,0,0,0,0
tdksw4dnghzc1.webp,9,8,0,0,0.992,adaptive,0.0552,0.0,0,0.0,0,0,0,0
tdksw4dnghzc1.webp,9,9,0,0,0.992,adaptive,0.0586,0.0,0,0.0,0,0,0,0
tgxgb0rxkmdc1.webp,1,4,2,2,1.0,adaptive,0.1911,0.0791,1,0.0791,0,0,0,0
tgxgb0rxkmdc1.webp,2,3,8,8,1.0,adaptive,0.2069,0.0941,1,0.0941,0,0,0,0
tgxgb0rxkmdc1.webp,2,4,5,5,1.0,adaptive,0.1934,0.085,1,0.085,0,0,0,0
tgxgb0rxkmdc1.webp,2,5,9,9,1.0,adaptive,0.1761,0.0893,1,0.0893,0,0,0,0
tgxgb0rxkmdc1.webp,2,7,3,3,1.0,adaptive,0.1791,0.0812,1,0.0812,0,0,0,0
tgxgb0rxkmdc1.webp,2,9,7,7,1.0,adaptive,0.1757,0.0622,1,0.0622,0,0,0,0
tgxgb0rxkmdc1.webp,3,7,6,6,1.0,adaptive,0.196,0.0855,1,0.0855,0,0,0,0
tgxgb0rxkmdc1.webp,3,8,9,9,0.9999,adaptive,0.175,0.0886,1,0.0886,0,0,0,0
tgxgb0rxkmdc1.webp,4,6,8,8,1.0,adaptive,0.1896,0.0933,1,0.0933,0,0,0,0
tgxgb0rxkmdc1.webp,5,1,6,6,1.0,adaptive,0.1868,0.0896,1,0.0896,0,0,0,0
tgxgb0rxkmdc1.webp,5,2,1,1,0.9999,adaptive,0.1437,0.0592,1,0.0592,0,0,0,0
tgxgb0rxkmdc1.webp,5,3,9,9,1.0,adaptive,0.1875,0.0886,1,0.0886,0,0,0,0
tgxgb0rxkmdc1.webp,5,8,8,8,1.0,adaptive,0.1786,0.0939,1,0.0939,0,0,0,0
tgxgb0rxkmdc1.webp,5,9,3,3,1.0,adaptive,0.1922,0.0791,1,0.0791,0,0,0,0
tgxgb0rxkmdc1.webp,6,1,8,8,1.0,adaptive,0.2159,0.0936,1,0.0936,0,0,0,0
tgxgb0rxkmdc1.webp,6,3,4,4,1.0,adaptive,0.1702,0.0726,1,0.0726,0,0,0,0
tgxgb0rxkmdc1.webp,6,5,6,6,0.9999,adaptive,0.1732,0.088,1,0.088,0,0,0,0
tgxgb0rxkmdc1.webp,7,1,3,3,1.0,adaptive,0.1887,0.0782,1,0.0782,0,0,0,0
tgxgb0rxkmdc1.webp,7,3,6,6,1.0,adaptive,0.1994,0.0864,1,0.0864,0,0,0,0
tgxgb0rxkmdc1.webp,7,4,8,8,1.0,adaptive,0.2043,0.0924,1,0.0924,0,0,0,0
tgxgb0rxkmdc1.webp,7,5,2,2,1.0,adaptive,0.1782,0.0794,1,0.0794,0,0,0,0
tgxgb0rxkmdc1.webp,7,7,7,7,1.0,adaptive,0.1709,0.059,1,0.059,0,0,0,0
tgxgb0rxkmdc1.webp,7,9,1,1,0.9999,adaptive,0.1856,0.0597,1,0.0597,0,0,0,0
tgxgb0rxkmdc1.webp,8,2,5,5,1.0,adaptive,0.1713,0.0847,1,0.0847,0,0,0,0
tgxgb0rxkmdc1.webp,8,3,7,7,1.0,adaptive,0.1601,0.0624,1,0.0624,0,0,0,0
tgxgb0rxkmdc1.webp,8,5,1,1,1.0,adaptive,0.1476,0.0613,1,0.0613,0,0,0,0
tgxgb0rxkmdc1.webp,8,6,4,4,1.0,adaptive,0.1694,0.073,1,0.073,0,0,0,0
tgxgb0rxkmdc1.webp,8,8,3,3,1.0,adaptive,0.1926,0.0822,1,0.0822,0,0,0,0
tgxgb0rxkmdc1.webp,9,2,8,8,1.0,adaptive,0.192,0.0923,1,0.0923,0,0,0,0
tgxgb0rxkmdc1.webp,9,5,3,3,1.0,adaptive,0.1913,0.0796,1,0.0796,0,0,0,0
ti26mj97cyvc1.webp,1,2,5,5,1.0,adaptive,0.1162,0.1083,1,0.1083,0,0,0,0
ti26mj97cyvc1.webp,1,5,6,6,0.9996,adaptive,0.1047,0.1047,2,0.0828,0,0,0,0
ti26mj97cyvc1.webp,1,6,1,1,0.9995,adaptive,0.1346,0.0695,4,0.0695,3,0,0,0
ti26mj97cyvc1.webp,1,8,7,7,0.9998,adaptive,0.0853,0.0791,3,0.0791,2,0,0,0
ti26mj97cyvc1.webp,2,4,8,8,0.9991,adaptive,0.1879,0.1099,5,0.0801,2,0,0,1
ti26mj97cyvc1.webp,2,6,3,3,0.9998,adaptive,0.1787,0.1036,5,0.1036,4,0,0,0
ti26mj97cyvc1.webp,2,8,9,9,0.9969,adaptive,0.1088,0.0948,3,0.0753,1,0,0,0
ti26mj97cyvc1.webp,3,1,2,2,0.9994,adaptive,0.1666,0.1049,2,0.1049,1,0,0,0
ti26mj97cyvc1.webp,3,4,7,7,0.9998,adaptive,0.2063,0.0769,3,0.0769,2,0,0,0
ti26mj97cyvc1.webp,3,6,4,4,0.9928,adaptive,0.2009,0.092,2,0.0831,0,0,0,0
ti26mj97cyvc1.webp,4,2,4,4,0.9994,adaptive,0.1637,0.0803,3,0.0724,1,0,0,0
ti26mj97cyvc1.webp,4,4,3,3,0.9997,adaptive,0.2259,0.1134,1,0.1134,0,0,0,0
ti26mj97cyvc1.webp,4,5,8,8,0.9998,adaptive,0.1848,0.1081,4,0.0773,1,0,0,1
ti26mj97cyvc1.webp,4,6,6,6,0.9989,adaptive,0.221,0.0976,4,0.0748,2,0,0,0
ti26mj97cyvc1.webp,4,7,1,1,0.9987,adaptive,0.1374,0.0648,3,0.0648,2,0,0,0
ti26mj97cyvc1.webp,4,8,2,2,0.9997,adaptive,0.1746,0.107,2,0.107,1,0,0,0
ti26mj97cyvc1.webp,4,9,5,5,1.0,adaptive,0.1644,0.1198,1,0.1198,0,0,0,0
ti26mj97cyvc1.webp,5,1,5,5,1.0,adaptive,0.121,0.1099,1,0.1099,0,0,0,0
ti26mj97cyvc1.webp,5,2,8,8,0.9998,adaptive,0.1247,0.1095,3,0.0783,0,0,0,1
ti26mj97cyvc1.webp,5,6,7,7,0.9993,adaptive,0.147,0.0873,1,0.0873,0,0,0,0
ti26mj97cyvc1.webp,5,8,4,4,0.9989,adaptive,0.0957,0.082,2,0.0744,0,0,0,0
ti26mj97cyvc1.webp,6,2,3,3,0.9996,adaptive,0.1766,0.1131,3,0.1072,1,0,0,0
ti26mj97cyvc1.webp,6,4,4,4,0.999,adaptive,0.2016,0.09,3,0.0813,0,1,0,0
ti26mj97cyvc1.webp,6,6,5,5,1.0,adaptive,0.2221,0.1203,5,0.1092,2,0,0,0
ti26mj97cyvc1.webp,6,7,7,7,0.9999,adaptive,0.1513,0.084,4,0.0782,2,0,0,0
ti26mj97cyvc1.webp,6,8,8,8,0.9986,adaptive,0.175,0.1174,4,0.0862,0,1,0,1
ti26mj97cyvc1.webp,6,9,9,9,0.9968,adaptive,0.1533,0.1058,4,0.074,0,0,0,0
ti26mj97cyvc1.webp,7,2,7,7,0.9998,adaptive,0.0968,0.0798,1,0.0798,0,0,0,0
ti26mj97cyvc1.webp,7,4,6,6,0.9997,adaptive,0.164,0.1043,2,0.0824,0,0,0,0
ti26mj97cyvc1.webp,7,5,3,3,0.9998,adaptive,0.1167,0.1167,1,0.1167,0,0,0,0
ti26mj97cyvc1.webp,7,6,9,9,0.9947,adaptive,0.1599,0.1002,2,0.0804,0,0,0,0
ti26mj97cyvc1.webp,7,7,2,2,0.9979,adaptive,0.1116,0.1116,1,0.1116,0,0,0,0
ti26mj97cyvc1.webp,7,8,5,5,1.0,adaptive,0.1201,0.1201,1,0.1201,0,0,0,0
ti26mj97cyvc1.webp,7,9,8,8,0.9999,adaptive,0.1074,0.1067,3,0.0762,0,0,0,1
ti26mj97cyvc1.webp,8,2,2,2,0.9958,adaptive,0.1194,0.1194,1,0.1194,0,0,0,0
ti26mj97cyvc1.webp,8,4,5,5,1.0,adaptive,0.1943,0.111,6,0.111,5,0,0,0
ti26mj97cyvc1.webp,8,5,4,4,0.9987,adaptive,0.1012,0.0843,4,0.0753,2,0,0,0
ti26mj97cyvc1.webp,8,6,8,8,0.9986,adaptive,0.1741,0.1165,3,0.0866,0,0,0,1
ti26mj97cyvc1.webp,8,7,9,9,0.9956,adaptive,0.1242,0.0941,6,0.0744,4,0,0,0
ti26mj97cyvc1.webp,8,8,1,1,0.9968,adaptive,0.0783,0.0682,1,0.0682,0,0,0,0
ti26mj97cyvc1.webp,8,9,7,7,0.9999,adaptive,0.0864,0.0814,1,0.0814,0,0,0,0
ti26mj97cyvc1.webp,9,1,8,8,0.9997,adaptive,0.1063,0.1087,4,0.0786,1,0,0,1
ti26mj97cyvc1.webp,9,2,9,9,0.9947,adaptive,0.1047,0.0934,3,0.0737,1,0,0,0
ti26mj97cyvc1.webp,9,3,5,5,0.9999,adaptive,0.1588,0.1165,1,0.1165,0,0,0,0
ti26mj97cyvc1.webp,9,4,1,1,0.9989,adaptive,0.1372,0.0648,3,0.0648,2,0,0,0
ti26mj97cyvc1.webp,9,5,7,7,0.9999,adaptive,0.0898,0.0789,1,0.0789,0,0,0,0
ti26mj97cyvc1.webp,9,6,2,2,0.9967,adaptive,0.1729,0.1129,1,0.1129,0,0,0,0
ti26mj97cyvc1.webp,9,9,4,4,0.9976,adaptive,0.0809,0.0809,2,0.0735,0,0,0,0
tik0az2563rc1.webp,1,1,0,0,0.992,adaptive,0.0982,0.0,0,0.0,0,0,0,0
tik0az2563rc1.webp,1,3,3,3,1.0,adaptive,0.1542,0.082,1,0.082,0,0,0,0
tik0az2563rc1.webp,1,4,7,7,1.0,adaptive,0.1608,0.0642,1,0.0642,0,0,0,0
tik0az2563rc1.webp,1,5,0,0,0.992,adaptive,0.0977,0.0,0,0.0,0,0,0,0
tik0az2563rc1.webp,1,6,0,0,0.992,adaptive,0.0982,0.0,0,0.0,0,0,0,0
tik0az2563rc1.webp,1,7,2,2,1.0,adaptive,0.1775,0.0806,1,0.0806,0,0,0,0
tik0az2563rc1.webp,1,8,1,1,1.0,adaptive,0.1574,0.0597,1,0.0597,0,0,0,0
tik0az2563rc1.webp,1,9,0,0,0.992,adaptive,0.0996,0.0,0,0.0,0,0,0,0
tik0az2563rc1.webp,2,1,0,0,0.992,adaptive,0.071,0.0,0,0.0,0,0,0,0
tik0az2563rc1.webp,2,2,2,2,1.0,adaptive,0.1421,0.0843,1,0.0843,0,0,0,0
tik0az2563rc1.webp,2,4,0,0,0.992,adaptive,0.0724,0.0,0,0.0,0,0,0,0
tik0az2563rc1.webp,2,6,1,1,0.9999,adaptive,0.133,0.0608,1,0.0608,0,0,0,0
tik0az2563rc1.webp,3,1,7,7,1.0,adaptive,0.1459,0.0628,1,0.0628,0,0,0,0
tik0az2563rc1.webp,3,2,1,1,0.9999,adaptive,0.1429,0.0588,1,0.0588,0,0,0,0
tik0az2563rc1.webp,3,3,5,5,1.0,adaptive,0.1566,0.0844,1,0.0844,0,0,0,0
tik0az2563rc1.webp,3,4,0,0,0.992,adaptive,0.0909,0.0,0,0.0,0,0,0,0
tik0az2563rc1.webp,3,6,2,2,1.0,adaptive,0.1778,0.0798,1,0.0798,0,0,0,0
tik0az2563rc1.webp,3,8,6,6,0.9999,adaptive,0.1739,0.0907,1,0.0907,0,0,0,0
tik0az2563rc1.webp,4,2,9,9,0.9999,adaptive,0.173,0.0907,1,0.0907,0,0,0,0
tik0az2563rc1.webp,4,4,3,3,1.0,adaptive,0.1666,0.0804,1,0.0804,0,0,0,0
tik0az2563rc1.webp,4,5,2,2,1.0,adaptive,0.1662,0.083,1,0.083,0,0,0,0
tik0az2563rc1.webp,4,6,0,0,0.992,adaptive,0.086,0.0,0,0.0,0,0,0,0
tik0az2563rc1.webp,4,7,1,1,1.0,adaptive,0.1461,0.061,1,0.061,0,0,0,0
tik0az2563rc1.webp,4,9,0,0,0.992,adaptive,0.0851,0.0,0,0.0,0,0,0,0
tik0az2563rc1.webp,5,2,0,0,0.992,adaptive,0.0829,0.0,0,0.0,0,0,0,0
tik0az2563rc1.webp,5,4,0,0,0.992,adaptive,0.0844,0.0,0,0.0,0,0,0,0
tik0az2563rc1.webp,5,5,0,0,0.992,adaptive,0.0836,0.0,0,0.0,0,0,0,0
tik0az2563rc1.webp,5,6,4,4,1.0,adaptive,0.163,0.0794,1,0.0794,0,0,0,0
tik0az2563rc1.webp,5,8,3,3,1.0,adaptive,0.1653,0.0836,1,0.0836,0,0,0,0
tik0az2563rc1.webp,5,9,8,8,1.0,adaptive,0.1807,0.0966,1,0.0966,0,0,0,0
tik0az2563rc1.webp,6,1,3,3,1.0,adaptive,0.164,0.0809,1,0.0809,0,0,0,0
tik0az2563rc1.webp,6,2,0,0,0.992,adaptive,0.0853,0.0,0,0.0,0,0,0,0
tik0az2563rc1.webp,6,3,0,0,0.992,adaptive,0.0862,0.0,0,0.0,0,0,0,0
tik0az2563rc1.webp,6,4,0,0,0.992,adaptive,0.0862,0.0,0,0.0,0,0,0,0
tik0az2563rc1.webp,6,5,0,0,0.992,adaptive,0.0862,0.0,0,0.0,0,0,0,0
tik0az2563rc1.webp,6,6,0,0,0.992,adaptive,0.086,0.0,0,0.0,0,0,0,0
tik0az2563rc1.webp,6,8,2,2,1.0,adaptive,0.1694,0.0834,1,0.0834,0,0,0,0
tik0az2563rc1.webp,6,9,0,0,0.992,adaptive,0.0851,0.0,0,0.0,0,0,0,0
tik0az2563rc1.webp,7,1,0,0,0.992,adaptive,0.0842,0.0,0,0.0,0,0,0,0
tik0az2563rc1.webp,7,2,3,3,1.0,adaptive,0.1653,0.0805,1,0.0805,0,0,0,0
tik0az2563rc1.webp,7,3,0,0,0.992,adaptive,0.0956,0.0,0,0.0,0,0,0,0
tik0az2563rc1.webp,7,4,2,2,1.0,adaptive,0.1669,0.082,1,0.082,0,0,0,0
tik0az2563rc1.webp,7,5,0,0,0.992,adaptive,0.085,0.0,0,0.0,0,0,0,0
tik0az2563rc1.webp,7,6,6,6,1.0,adaptive,0.1749,0.0898,1,0.0898,0,0,0,0
tik0az2563rc1.webp,7,7,5,5,1.0,adaptive,0.1711,0.0864,1,0.0864,0,0,0,0
tik0az2563rc1.webp,7,9,1,1,0.9999,adaptive,0.1455,0.0606,1,0.0606,0,0,0,0
tik0az2563rc1.webp,8,1,8,8,1.0,adaptive,0.1676,0.0966,1,0.0966,0,0,0,0
tik0az2563rc1.webp,8,4,9,9,0.9999,adaptive,0.1746,0.0918,1,0.0918,0,0,0,0
tik0az2563rc1.webp,8,5,0,0,0.992,adaptive,0.0836,0.0,0,0.0,0,0,0,0
tik0az2563rc1.webp,8,6,3,3,1.0,adaptive,0.1542,0.0823,1,0.0823,0,0,0,0
tik0az2563rc1.webp,8,7,4,4,1.0,adaptive,0.1628,0.0785,1,0.0785,0,0,0,0
tik0az2563rc1.webp,8,8,7,7,1.0,adaptive,0.1357,0.0645,1,0.0645,0,0,0,0
tik0az2563rc1.webp,8,9,2,2,1.0,adaptive,0.1653,0.0814,1,0.0814,0,0,0,0
tik0az2563rc1.webp,9,2,0,0,0.992,adaptive,0.0846,0.0,0,0.0,0,0,0,0
tik0az2563rc1.webp,9,4,0,0,0.992,adaptive,0.0849,0.0,0,0.0,0,0,0,0
tik0az2563rc1.webp,9,5,0,0,0.992,adaptive,0.0846,0.0,0,0.0,0,0,0,0
tik0az2563rc1.webp,9,6,0,0,0.992,adaptive,0.0858,0.0,0,0.0,0,0,0,0
tik0az2563rc1.webp,9,7,3,3,1.0,adaptive,0.1648,0.0802,1,0.0802,0,0,0,0
tik0az2563rc1.webp,9,9,6,6,0.9999,adaptive,0.176,0.0889,1,0.0889,0,0,0,0
to3bwvup3unc1.webp,1,1,3,3,0.9999,adaptive,0.1804,0.1802,1,0.1802,0,0,0,0
to3bwvup3unc1.webp,1,2,5,5,1.0,adaptive,0.2038,0.2024,1,0.2024,0,0,0,0
to3bwvup3unc1.webp,1,4,1,1,1.0,adaptive,0.1731,0.104,1,0.104,0,0,0,0
to3bwvup3unc1.webp,1,6,7,7,1.0,adaptive,0.1343,0.1343,1,0.1343,0,0,0,0
to3bwvup3unc1.webp,2,4,4,4,1.0,adaptive,0.1567,0.1567,2,0.1253,0,0,0,0
to3bwvup3unc1.webp,2,6,3,3,0.9999,adaptive,0.1836,0.182,1,0.182,0,0,0,0
to3bwvup3unc1.webp,2,8,7,7,1.0,adaptive,0.1446,0.1446,1,0.1446,0,0,0,0
to3bwvup3unc1.webp,3,2,7,7,1.0,adaptive,0.1531,0.1273,1,0.1273,0,0,0,0
to3bwvup3unc1.webp,3,8,3,3,0.9993,adaptive,0.209,0.194,1,0.194,0,0,0,0
to3bwvup3unc1.webp,4,5,7,7,1.0,adaptive,0.1606,0.1459,1,0.1459,0,0,0,0
to3bwvup3unc1.webp,4,7,3,3,1.0,adaptive,0.1965,0.1686,1,0.1686,0,0,0,0
to3bwvup3unc1.webp,4,9,5,5,1.0,adaptive,0.2344,0.1925,1,0.1925,0,0,0,0
to3bwvup3unc1.webp,5,2,9,9,1.0,adaptive,0.1896,0.1896,2,0.1433,0,0,0,0
to3bwvup3unc1.webp,5,3,7,7,1.0,adaptive,0.1386,0.121,1,0.121,0,0,0,0
to3bwvup3unc1.webp,5,4,3,3,0.9999,adaptive,0.1829,0.1829,1,0.1829,0,0,0,0
to3bwvup3unc1.webp,5,7,8,8,1.0,adaptive,0.2209,0.2092,3,0.1303,0,0,0,1
to3bwvup3unc1.webp,6,1,4,4,1.0,adaptive,0.1934,0.1515,2,0.1214,0,0,0,0
to3bwvup3unc1.webp,6,2,3,3,0.9997,adaptive,0.2013,0.1714,1,0.1714,0,0,0,0
to3bwvup3unc1.webp,6,7,7,7,1.0,adaptive,0.1593,0.1185,1,0.1185,0,0,0,0
to3bwvup3unc1.webp,7,4,9,9,1.0,adaptive,0.1898,0.1898,2,0.1439,0,0,0,0
to3bwvup3unc1.webp,7,5,3,3,0.9998,adaptive,0.1698,0.1694,1,0.1694,0,0,0,0
to3bwvup3unc1.webp,7,6,5,5,1.0,adaptive,0.2245,0.1969,1,0.1969,0,0,0,0
to3bwvup3unc1.webp,7,7,6,6,1.0,adaptive,0.1974,0.1833,2,0.1386,0,0,0,0
to3bwvup3unc1.webp,7,9,7,7,1.0,adaptive,0.1573,0.1265,1,0.1265,0,0,0,0
to3bwvup3unc1.webp,8,1,7,7,1.0,adaptive,0.1578,0.1366,1,0.1366,0,0,0,0
to3bwvup3unc1.webp,8,4,8,8,1.0,adaptive,0.1976,0.1992,3,0.1219,0,0,0,1
to3bwvup3unc1.webp,8,5,6,6,1.0,adaptive,0.1882,0.1882,2,0.1416,0,0,0,0
to3bwvup3unc1.webp,8,7,2,2,1.0,adaptive,0.1999,0.1825,1,0.1825,0,0,0,0
to3bwvup3unc1.webp,8,9,3,3,0.9997,adaptive,0.1981,0.1676,1,0.1676,0,0,0,0
to3bwvup3unc1.webp,9,2,6,6,1.0,adaptive,0.192,0.1649,2,0.1226,0,0,0,0
to3bwvup3unc1.webp,9,3,3,3,0.9995,adaptive,0.2288,0.1887,1,0.1887,0,0,0,0
to3bwvup3unc1.webp,9,4,7,7,1.0,adaptive,0.1346,0.1285,1,0.1285,0,0,0,0
tziiat6u36rc1.webp,1,1,1,1,0.9999,adaptive,0.1744,0.0595,1,0.0595,0,0,0,0
tziiat6u36rc1.webp,1,3,9,9,0.9999,adaptive,0.1987,0.0864,1,0.0864,0,0,0,0
tziiat6u36rc1.webp,1,4,5,5,1.0,adaptive,0.1809,0.082,1,0.082,0,0,0,0
tziiat6u36rc1.webp,1,5,3,3,1.0,adaptive,0.1784,0.0791,1,0.0791,0,0,0,0
tziiat6u36rc1.webp,2,2,3,3,1.0,adaptive,0.1915,0.0815,1,0.0815,0,0,0,0
tziiat6u36rc1.webp,2,9,9,9,1.0,adaptive,0.2146,0.0886,1,0.0886,0,0,0,0
tziiat6u36rc1.webp,3,6,7,7,1.0,adaptive,0.1599,0.0619,1,0.0619,0,0,0,0
tziiat6u36rc1.webp,3,7,3,3,1.0,adaptive,0.1891,0.0782,1,0.0782,0,0,0,0
tziiat6u36rc1.webp,4,1,2,2,1.0,adaptive,0.1902,0.0786,1,0.0786,0,0,0,0
tziiat6u36rc1.webp,4,2,1,1,1.0,adaptive,0.1689,0.0581,1,0.0581,0,0,0,0
tziiat6u36rc1.webp,4,3,3,3,1.0,adaptive,0.1902,0.0789,1,0.0789,0,0,0,0
tziiat6u36rc1.webp,4,5,5,5,1.0,adaptive,0.1845,0.0857,1,0.0857,0,0,0,0
tziiat6u36rc1.webp,4,6,4,4,1.0,adaptive,0.1697,0.072,1,0.072,0,0,0,0
tziiat6u36rc1.webp,4,8,7,7,1.0,adaptive,0.1578,0.0604,1,0.0604,0,0,0,0
tziiat6u36rc1.webp,5,2,5,5,1.0,adaptive,0.182,0.0838,1,0.0838,0,0,0,0
tziiat6u36rc1.webp,5,8,4,4,1.0,adaptive,0.1632,0.0767,1,0.0767,0,0,0,0
tziiat6u36rc1.webp,5,9,2,2,1.0,adaptive,0.1784,0.0794,1,0.0794,0,0,0,0
tziiat6u36rc1.webp,6,2,4,4,1.0,adaptive,0.1848,0.073,1,0.073,0,0,0,0
tziiat6u36rc1.webp,6,3,6,6,0.9999,adaptive,0.1849,0.0873,1,0.0873,0,0,0,0
tziiat6u36rc1.webp,6,7,5,5,1.0,adaptive,0.194,0.0824,1,0.0824,0,0,0,0
tziiat6u36rc1.webp,7,1,3,3,1.0,adaptive,0.1909,0.0786,1,0.0786,0,0,0,0
tziiat6u36rc1.webp,7,2,9,9,0.9999,adaptive,0.1755,0.0896,1,0.0896,0,0,0,0
tziiat6u36rc1.webp,7,3,5,5,1.0,adaptive,0.194,0.0815,1,0.0815,0,0,0,0
tziiat6u36rc1.webp,7,4,8,8,1.0,adaptive,0.1914,0.0922,1,0.0922,0,0,0,0
tziiat6u36rc1.webp,7,5,4,4,1.0,adaptive,0.1768,0.0769,1,0.0769,0,0,0,0
tziiat6u36rc1.webp,7,6,2,2,0.9999,adaptive,0.1916,0.0786,1,0.0786,0,0,0,0
tziiat6u36rc1.webp,7,7,1,1,0.9999,adaptive,0.1693,0.059,1,0.059,0,0,0,0
tziiat6u36rc1.webp,7,8,6,6,1.0,adaptive,0.1872,0.0871,1,0.0871,0,0,0,0
tziiat6u36rc1.webp,7,9,7,7,1.0,adaptive,0.1742,0.0628,1,0.0628,0,0,0,0
tziiat6u36rc1.webp,8,1,6,6,1.0,adaptive,0.1884,0.0893,1,0.0893,0,0,0,0
tziiat6u36rc1.webp,8,3,2,2,1.0,adaptive,0.1802,0.0814,1,0.0814,0,0,0,0
tziiat6u36rc1.webp,8,6,5,5,1.0,adaptive,0.1823,0.0825,1,0.0825,0,0,0,0
tziiat6u36rc1.webp,9,1,4,4,1.0,adaptive,0.2,0.0731,1,0.0731,0,0,0,0
tziiat6u36rc1.webp,9,3,1,1,0.9999,adaptive,0.1853,0.0604,1,0.0604,0,0,0,0
tziiat6u36rc1.webp,9,5,6,6,0.9999,adaptive,0.1918,0.0886,1,0.0886,0,0,0,0
tziiat6u36rc1.webp,9,6,9,9,1.0,adaptive,0.1987,0.0867,1,0.0867,0,0,0,0
u5mt6st4pifc1.jpeg,1,1,5,5,1.0,adaptive,0.1653,0.0822,1,0.0822,0,0,0,0
u5mt6st4pifc1.jpeg,1,4,6,6,0.9986,adaptive,0.1666,0.0829,1,0.0829,0,0,0,0
u5mt6st4pifc1.jpeg,1,6,1,1,0.9964,adaptive,0.123,0.0512,1,0.0512,0,0,0,0
u5mt6st4pifc1.jpeg,2,3,3,3,1.0,adaptive,0.1508,0.0819,1,0.0819,0,0,0,0
u5mt6st4pifc1.jpeg,2,4,9,9,1.0,adaptive,0.1538,0.0844,1,0.0844,0,0,0,0
u5mt6st4pifc1.jpeg,3,9,4,4,1.0,adaptive,0.1644,0.0784,1,0.0784,0,0,0,0
u5mt6st4pifc1.jpeg,4,1,3,3,1.0,adaptive,0.1642,0.0813,1,0.0813,0,0,0,0
u5mt6st4pifc1.jpeg,4,2,7,7,1.0,adaptive,0.1289,0.059,1,0.059,0,0,0,0
u5mt6st4pifc1.jpeg,4,3,8,8,1.0,adaptive,0.1787,0.0949,1,0.0949,0,0,0,0
u5mt6st4pifc1.jpeg,4,5,1,1,0.9942,adaptive,0.1088,0.0513,1,0.0513,0,0,0,0
u5mt6st4pifc1.jpeg,5,4,8,8,1.0,adaptive,0.1538,0.0959,1,0.0959,0,0,0,0
u5mt6st4pifc1.jpeg,5,5,9,9,1.0,adaptive,0.1152,0.0852,1,0.0852,0,0,0,0
u5mt6st4pifc1.jpeg,5,6,6,6,0.997,adaptive,0.1289,0.085,1,0.085,0,0,0,0
u5mt6st4pifc1.jpeg,5,7,1,1,0.9974,adaptive,0.1029,0.0468,1,0.0468,0,0,0,0
u5mt6st4pifc1.jpeg,5,8,7,7,1.0,adaptive,0.1001,0.0574,1,0.0574,0,0,0,0
u5mt6st4pifc1.jpeg,5,9,3,3,1.0,adaptive,0.1407,0.0825,1,0.0825,0,0,0,0
u5mt6st4pifc1.jpeg,6,3,6,6,0.9994,adaptive,0.1553,0.0835,1,0.0835,0,0,0,0
u5mt6st4pifc1.jpeg,6,4,4,4,1.0,adaptive,0.1495,0.0782,1,0.0782,0,0,0,0
u5mt6st4pifc1.jpeg,6,5,7,7,1.0,adaptive,0.1036,0.0599,1,0.0599,0,0,0,0
u5mt6st4pifc1.jpeg,6,6,3,3,1.0,adaptive,0.1386,0.0795,1,0.0795,0,0,0,0
u5mt6st4pifc1.jpeg,6,7,5,5,1.0,adaptive,0.1548,0.0844,1,0.0844,0,0,0,0
u5mt6st4pifc1.jpeg,6,8,2,2,1.0,adaptive,0.1332,0.0771,1,0.0771,0,0,0,0
u5mt6st4pifc1.jpeg,6,9,8,8,1.0,adaptive,0.1673,0.0947,1,0.0947,0,0,0,0
u5mt6st4pifc1.jpeg,7,7,8,8,1.0,adaptive,0.1624,0.0927,1,0.0927,0,0,0,0
u5mt6st4pifc1.jpeg,7,8,6,6,0.9993,adaptive,0.149,0.0848,1,0.0848,0,0,0,0
u5mt6st4pifc1.jpeg,7,9,7,7,1.0,adaptive,0.1415,0.0575,1,0.0575,0,0,0,0
u5mt6st4pifc1.jpeg,8,2,4,4,1.0,adaptive,0.1159,0.076,1,0.076,0,0,0,0
u5mt6st4pifc1.jpeg,8,4,7,7,1.0,adaptive,0.116,0.0581,1,0.0581,0,0,0,0
u5mt6st4pifc1.jpeg,8,5,6,6,0.9983,adaptive,0.1162,0.0838,1,0.0838,0,0,0,0
u5mt6st4pifc1.jpeg,8,7,9,9,1.0,adaptive,0.1436,0.0844,1,0.0844,0,0,0,0
u5mt6st4pifc1.jpeg,8,8,3,3,1.0,adaptive,0.1263,0.0824,1,0.0824,0,0,0,0
u5mt6st4pifc1.jpeg,8,9,1,1,0.9935,adaptive,0.1063,0.0452,1,0.0452,0,0,0,0
u5mt6st4pifc1.jpeg,9,4,1,1,0.9923,adaptive,0.135,0.0503,1,0.0503,0,0,0,0
u70edcv699dc1.webp,1,1,0,0,0.992,adaptive,0.0829,0.0,0,0.0,0,0,0,0
u70edcv699dc1.webp,1,2,0,0,0.992,adaptive,0.0554,0.0,0,0.0,0,0,0,0
u70edcv699dc1.webp,1,3,4,4,1.0,adaptive,0.1517,0.0684,1,0.0684,0,0,0,0
u70edcv699dc1.webp,1,4,0,0,0.992,adaptive,0.0933,0.0,0,0.0,0,0,0,0
u70edcv699dc1.webp,1,5,1,1,0.9988,adaptive,0.0966,0.0398,1,0.0398,0,0,0,0
u70edcv699dc1.webp,1,6,7,7,1.0,adaptive,0.1337,0.0517,1,0.0517,0,0,0,0
u70edcv699dc1.webp,1,7,8,8,1.0,adaptive,0.1666,0.0838,1,0.0838,0,0,0,0
u70edcv699dc1.webp,1,8,3,3,1.0,adaptive,0.1043,0.0744,1,0.0744,0,0,0,0
u70edcv699dc1.webp,1,9,2,2,1.0,adaptive,0.1403,0.0679,1,0.0679,0,0,0,0
u70edcv699dc1.webp,2,1,0,0,0.992,adaptive,0.0572,0.0,0,0.0,0,0,0,0
u70edcv699dc1.webp,2,2,1,1,0.9965,adaptive,0.0666,0.0406,1,0.0406,0,0,0,0
u70edcv699dc1.webp,2,3,2,2,1.0,adaptive,0.1251,0.0685,1,0.0685,0,0,0,0
u70edcv699dc1.webp,2,4,9,9,1.0,adaptive,0.154,0.0848,1,0.0848,0,0,0,0
u70edcv699dc1.webp,2,5,3,3,1.0,adaptive,0.0742,0.0742,1,0.0742,0,0,0,0
u70edcv699dc1.webp,2,6,0,0,0.992,adaptive,0.0552,0.0,0,0.0,0,0,0,0
u70edcv699dc1.webp,2,7,7,7,1.0,adaptive,0.104,0.0516,1,0.0516,0,0,0,0
u70edcv699dc1.webp,2,8,0,0,0.992,adaptive,0.0234,0.0,0,0.0,0,0,0,0
u70edcv699dc1.webp,2,9,5,5,1.0,adaptive,0.1253,0.0805,1,0.0805,0,0,0,0
u70edcv699dc1.webp,3,1,3,3,1.0,adaptive,0.1312,0.0731,1,0.0731,0,0,0,0
u70edcv699dc1.webp,3,2,5,5,1.0,adaptive,0.126,0.0805,1,0.0805,0,0,0,0
u70edcv699dc1.webp,3,3,7,7,1.0,adaptive,0.1341,0.0535,1,0.0535,0,0,0,0
u70edcv699dc1.webp,3,4,0,0,0.992,adaptive,0.094,0.0,0,0.0,0,0,0,0
u70edcv699dc1.webp,3,5,2,2,1.0,adaptive,0.1246,0.0687,1,0.0687,0,0,0,0
u70edcv699dc1.webp,3,6,4,4,1.0,adaptive,0.1533,0.0702,1,0.0702,0,0,0,0
u70edcv699dc1.webp,3,7,1,1,0.9991,adaptive,0.1212,0.0392,1,0.0392,0,0,0,0
u70edcv699dc1.webp,3,8,0,0,0.992,adaptive,0.0586,0.0,0,0.0,0,0,0,0
u70edcv699dc1.webp,3,9,0,0,0.992,adaptive,0.0728,0.0,0,0.0,0,0,0,0
u70edcv699dc1.webp,4,1,1,1,0.9985,adaptive,0.1346,0.0392,1,0.0392,0,0,0,0
u70edcv699dc1.webp,4,2,3,3,1.0,adaptive,0.1024,0.0728,1,0.0728,0,0,0,0
u70edcv699dc1.webp,4,3,0,0,0.992,adaptive,0.0958,0.0,0,0.0,0,0,0,0
u70edcv699dc1.webp,4,4,0,0,0.992,adaptive,0.1065,0.0,0,0.0,0,0,0,0
u70edcv699dc1.webp,4,5,0,0,0.992,adaptive,0.071,0.0,0,0.0,0,0,0,0
u70edcv699dc1.webp,4,6,2,2,1.0,adaptive,0.1648,0.0693,1,0.0693,0,0,0,0
u70edcv699dc1.webp,4,7,9,9,1.0,adaptive,0.1417,0.0847,1,0.0847,0,0,0,0
u70edcv699dc1.webp,4,8,8,8,1.0,adaptive,0.1418,0.0868,1,0.0868,0,0,0,0
u70edcv699dc1.webp,4,9,4,4,1.0,adaptive,0.1535,0.0684,1,0.0684,0,0,0,0
u70edcv699dc1.webp,5,1,0,0,0.992,adaptive,0.0301,0.0,0,0.0,0,0,0,0
u70edcv699dc1.webp,5,2,0,0,0.992,adaptive,0.0002,0.0,0,0.0,0,0,0,0
u70edcv699dc1.webp,5,3,0,0,0.992,adaptive,0.0301,0.0,0,0.0,0,0,0,0
u70edcv699dc1.webp,5,4,0,0,0.992,adaptive,0.0436,0.0,0,0.0,0,0,0,0
u70edcv699dc1.webp,5,5,8,8,1.0,adaptive,0.0868,0.0868,1,0.0868,0,0,0,0
u70edcv699dc1.webp,5,6,1,1,0.9984,adaptive,0.071,0.0409,1,0.0409,0,0,0,0
u70edcv699dc1.webp,5,7,2,2,1.0,adaptive,0.0905,0.0685,1,0.0685,0,0,0,0
u70edcv699dc1.webp,5,8,0,0,0.992,adaptive,0.0147,0.0,0,0.0,0,0,0,0
u70edcv699dc1.webp,5,9,3,3,1.0,adaptive,0.1162,0.0715,1,0.0715,0,0,0,0
u70edcv699dc1.webp,6,1,0,0,0.992,adaptive,0.0844,0.0,0,0.0,0,0,0,0
u70edcv699dc1.webp,6,2,2,2,1.0,adaptive,0.1237,0.069,1,0.069,0,0,0,0
u70edcv699dc1.webp,6,3,0,0,0.992,adaptive,0.0824,0.0,0,0.0,0,0,0,0
u70edcv699dc1.webp,6,4,0,0,0.992,adaptive,0.0911,0.0,0,0.0,0,0,0,0
u70edcv699dc1.webp,6,5,0,0,0.992,adaptive,0.0561,0.0,0,0.0,0,0,0,0
u70edcv699dc1.webp,6,6,0,0,0.992,adaptive,0.0833,0.0,0,0.0,0,0,0,0
u70edcv699dc1.webp,6,7,6,6,0.9997,adaptive,0.1292,0.0838,1,0.0838,0,0,0,0
u70edcv699dc1.webp,6,8,1,1,0.998,adaptive,0.0832,0.0409,1,0.0409,0,0,0,0
u70edcv699dc1.webp,6,9,0,0,0.992,adaptive,0.0726,0.0,0,0.0,0,0,0,0
u70edcv699dc1.webp,7,1,4,4,1.0,adaptive,0.1515,0.0695,1,0.0695,0,0,0,0
u70edcv699dc1.webp,7,2,7,7,1.0,adaptive,0.1029,0.0516,1,0.0516,0,0,0,0
u70edcv699dc1.webp,7,3,3,3,1.0,adaptive,0.1154,0.0717,1,0.0717,0,0,0,0
u70edcv699dc1.webp,7,4,2,2,1.0,adaptive,0.1535,0.0693,1,0.0693,0,0,0,0
u70edcv699dc1.webp,7,5,0,0,0.992,adaptive,0.0559,0.0,0,0.0,0,0,0,0
u70edcv699dc1.webp,7,6,8,8,1.0,adaptive,0.1675,0.0858,1,0.0858,0,0,0,0
u70edcv699dc1.webp,7,7,0,0,0.992,adaptive,0.0809,0.0,0,0.0,0,0,0,0
u70edcv699dc1.webp,7,8,0,0,0.992,adaptive,0.0663,0.0,0,0.0,0,0,0,0
u70edcv699dc1.webp,7,9,1,1,0.9986,adaptive,0.0976,0.039,1,0.039,0,0,0,0
u70edcv699dc1.webp,8,1,2,2,1.0,adaptive,0.1303,0.0728,1,0.0728,0,0,0,0
u70edcv699dc1.webp,8,2,6,6,0.9999,adaptive,0.1038,0.087,1,0.087,0,0,0,0
u70edcv699dc1.webp,8,3,0,0,0.992,adaptive,0.0574,0.0,0,0.0,0,0,0,0
u70edcv699dc1.webp,8,4,1,1,0.9981,adaptive,0.1095,0.0423,1,0.0423,0,0,0,0
u70edcv699dc1.webp,8,5,0,0,0.992,adaptive,0.0271,0.0,0,0.0,0,0,0,0
u70edcv699dc1.webp,8,6,0,0,0.992,adaptive,0.0577,0.0,0,0.0,0,0,0,0
u70edcv699dc1.webp,8,7,3,3,1.0,adaptive,0.0855,0.0706,1,0.0706,0,0,0,0
u70edcv699dc1.webp,8,8,7,7,1.0,adaptive,0.0882,0.0523,1,0.0523,0,0,0,0
u70edcv699dc1.webp,8,9,8,8,1.0,adaptive,0.1418,0.0844,1,0.0844,0,0,0,0
u70edcv699dc1.webp,9,1,5,5,1.0,adaptive,0.164,0.0791,1,0.0791,0,0,0,0
u70edcv699dc1.webp,9,2,0,0,0.992,adaptive,0.0459,0.0,0,0.0,0,0,0,0
u70edcv699dc1.webp,9,3,1,1,0.9977,adaptive,0.125,0.0399,1,0.0399,0,0,0,0
u70edcv699dc1.webp,9,4,6,6,1.0,adaptive,0.1722,0.0853,1,0.0853,0,0,0,0
u70edcv699dc1.webp,9,5,0,0,0.992,adaptive,0.0563,0.0,0,0.0,0,0,0,0
u70edcv699dc1.webp,9,6,3,3,1.0,adaptive,0.1428,0.0711,1,0.0711,0,0,0,0
u70edcv699dc1.webp,9,7,4,4,1.0,adaptive,0.1553,0.0711,1,0.0711,0,0,0,0
u70edcv699dc1.webp,9,8,2,2,1.0,adaptive,0.1248,0.0665,1,0.0665,0,0,0,0
u70edcv699dc1.webp,9,9,0,0,0.992,adaptive,0.086,0.0,0,0.0,0,0,0,0
u70va43mafic1.webp,1,3,9,9,1.0,adaptive,0.153,0.098,1,0.098,0,0,0,0
u70va43mafic1.webp,1,5,1,1,0.9923,adaptive,0.071,0.0561,1,0.0561,0,0,0,0
u70va43mafic1.webp,1,7,5,5,1.0,adaptive,0.1517,0.0989,1,0.0989,0,0,0,0
u70va43mafic1.webp,2,1,5,5,1.0,adaptive,0.1158,0.1004,1,0.1004,0,0,0,0
u70va43mafic1.webp,2,2,1,1,0.981,adaptive,0.0574,0.0574,1,0.0574,0,0,0,0
u70va43mafic1.webp,2,8,4,4,1.0,adaptive,0.1079,0.0932,1,0.0932,0,0,0,0
u70va43mafic1.webp,3,1,7,7,1.0,adaptive,0.1132,0.0697,1,0.0697,0,0,0,0
u70va43mafic1.webp,3,3,4,4,1.0,adaptive,0.17,0.0918,1,0.0918,0,0,0,0
u70va43mafic1.webp,3,4,6,6,0.9851,adaptive,0.2141,0.1715,2,0.0953,0,0,0,0
u70va43mafic1.webp,3,5,8,8,1.0,adaptive,0.1334,0.1133,1,0.1133,0,0,0,0
u70va43mafic1.webp,3,6,5,5,1.0,adaptive,0.1693,0.1005,1,0.1005,0,0,0,0
u70va43mafic1.webp,3,9,9,9,1.0,adaptive,0.1671,0.0971,1,0.0971,0,0,0,0
u70va43mafic1.webp,4,3,2,2,1.0,adaptive,0.1568,0.0902,1,0.0902,0,0,0,0
u70va43mafic1.webp,4,7,6,6,0.9762,adaptive,0.2076,0.1796,2,0.0933,0,0,0,0
u70va43mafic1.webp,5,2,4,4,1.0,adaptive,0.0932,0.0932,1,0.0932,0,0,0,0
u70va43mafic1.webp,5,5,6,6,0.9983,adaptive,0.1623,0.1006,1,0.1006,0,0,0,0
u70va43mafic1.webp,5,8,2,2,1.0,adaptive,0.0921,0.0921,1,0.0921,0,0,0,0
u70va43mafic1.webp,5,9,5,5,1.0,adaptive,0.1316,0.1018,1,0.1018,0,0,0,0
u70va43mafic1.webp,6,1,6,6,0.9821,adaptive,0.2212,0.1778,2,0.0962,0,0,0,0
u70va43mafic1.webp,6,4,2,2,1.0,adaptive,0.1343,0.0884,1,0.0884,0,0,0,0
u70va43mafic1.webp,6,6,7,7,1.0,adaptive,0.1219,0.0642,1,0.0642,0,0,0,0
u70va43mafic1.webp,6,7,4,4,1.0,adaptive,0.1354,0.0922,1,0.0922,0,0,0,0
u70va43mafic1.webp,6,9,8,8,1.0,adaptive,0.1722,0.1149,1,0.1149,0,0,0,0
u70va43mafic1.webp,7,5,4,4,1.0,adaptive,0.0909,0.0905,1,0.0905,0,0,0,0
u70va43mafic1.webp,7,8,5,5,1.0,adaptive,0.142,0.1006,1,0.1006,0,0,0,0
u70va43mafic1.webp,8,1,4,4,1.0,adaptive,0.1049,0.0884,1,0.0884,0,0,0,0
u70va43mafic1.webp,8,4,5,5,1.0,adaptive,0.1318,0.102,1,0.102,0,0,0,0
u70va43mafic1.webp,8,6,8,8,1.0,adaptive,0.159,0.1156,1,0.1156,0,0,0,0
u70va43mafic1.webp,8,9,2,2,1.0,adaptive,0.1228,0.0929,1,0.0929,0,0,0,0
u70va43mafic1.webp,9,2,8,8,1.0,adaptive,0.1481,0.1183,1,0.1183,0,0,0,0
u70va43mafic1.webp,9,3,5,5,1.0,adaptive,0.1539,0.0967,1,0.0967,0,0,0,0
u70va43mafic1.webp,9,6,6,6,0.9937,adaptive,0.2181,0.17,2,0.0971,0,0,0,0
u70va43mafic1.webp,9,7,7,7,1.0,adaptive,0.1125,0.0688,1,0.0688,0,0,0,0
u70va43mafic1.webp,9,8,9,9,1.0,adaptive,0.1389,0.0986,1,0.0986,0,0,0,0
u70va43mafic1.webp,9,9,4,4,1.0,adaptive,0.1506,0.092,1,0.092,0,0,0,0
uekttwjf8tic1.webp,1,1,6,6,0.9977,adaptive,0.1936,0.1109,1,0.1109,0,0,0,0
uekttwjf8tic1.webp,1,2,4,4,1.0,adaptive,0.1316,0.1018,1,0.1018,0,0,0,0
uekttwjf8tic1.webp,1,3,2,2,1.0,adaptive,0.1724,0.1014,1,0.1014,0,0,0,0
uekttwjf8tic1.webp,1,5,7,7,1.0,adaptive,0.1373,0.0805,1,0.0805,0,0,0,0
uekttwjf8tic1.webp,1,6,8,8,1.0,adaptive,0.1971,0.1268,1,0.1268,0,0,0,0
uekttwjf8tic1.webp,1,9,1,1,0.9889,adaptive,0.1325,0.0613,1,0.0613,0,0,0,0
uekttwjf8tic1.webp,2,1,7,7,1.0,adaptive,0.1149,0.0751,1,0.0751,0,0,0,0
uekttwjf8tic1.webp,2,2,8,8,1.0,adaptive,0.1444,0.1306,1,0.1306,0,0,0,0
uekttwjf8tic1.webp,2,3,1,1,0.9873,adaptive,0.0925,0.0624,1,0.0624,0,0,0,0
uekttwjf8tic1.webp,2,7,6,6,0.9966,adaptive,0.1583,0.1119,1,0.1119,0,0,0,0
uekttwjf8tic1.webp,2,8,4,4,1.0,adaptive,0.1045,0.1045,1,0.1045,0,0,0,0
uekttwjf8tic1.webp,3,1,3,3,1.0,adaptive,0.1887,0.106,1,0.106,0,0,0,0
uekttwjf8tic1.webp,3,4,1,1,0.9925,adaptive,0.1437,0.0604,1,0.0604,0,0,0,0
uekttwjf8tic1.webp,3,5,6,6,0.998,adaptive,0.1694,0.1131,1,0.1131,0,0,0,0
uekttwjf8tic1.webp,3,6,4,4,1.0,adaptive,0.1631,0.1049,1,0.1049,0,0,0,0
uekttwjf8tic1.webp,3,7,2,2,1.0,adaptive,0.172,0.1054,1,0.1054,0,0,0,0
uekttwjf8tic1.webp,3,8,8,8,1.0,adaptive,0.1728,0.1294,1,0.1294,0,0,0,0
uekttwjf8tic1.webp,3,9,7,7,0.9999,adaptive,0.1501,0.0793,1,0.0793,0,0,0,0
uekttwjf8tic1.webp,4,1,4,4,1.0,adaptive,0.1582,0.1005,1,0.1005,0,0,0,0
uekttwjf8tic1.webp,4,2,2,2,1.0,adaptive,0.1728,0.1079,1,0.1079,0,0,0,0
uekttwjf8tic1.webp,4,3,7,7,1.0,adaptive,0.1464,0.0755,1,0.0755,0,0,0,0
uekttwjf8tic1.webp,4,4,6,6,0.9979,adaptive,0.1934,0.1103,1,0.1103,0,0,0,0
uekttwjf8tic1.webp,4,5,3,3,1.0,adaptive,0.166,0.1092,1,0.1092,0,0,0,0
uekttwjf8tic1.webp,4,6,9,9,1.0,adaptive,0.1804,0.1094,1,0.1094,0,0,0,0
uekttwjf8tic1.webp,4,7,5,5,1.0,adaptive,0.1978,0.1152,1,0.1152,0,0,0,0
uekttwjf8tic1.webp,4,8,1,1,0.9776,adaptive,0.1056,0.0622,1,0.0622,0,0,0,0
uekttwjf8tic1.webp,4,9,8,8,1.0,adaptive,0.2092,0.1254,1,0.1254,0,0,0,0
uekttwjf8tic1.webp,5,2,1,1,0.9919,adaptive,0.1038,0.062,1,0.062,0,0,0,0
uekttwjf8tic1.webp,5,3,6,6,0.9912,adaptive,0.1558,0.1126,1,0.1126,0,0,0,0
uekttwjf8tic1.webp,5,5,8,8,1.0,adaptive,0.1605,0.1313,1,0.1313,0,0,0,0
uekttwjf8tic1.webp,5,6,2,2,1.0,adaptive,0.1511,0.1074,1,0.1074,0,0,0,0
uekttwjf8tic1.webp,5,7,7,7,0.9999,adaptive,0.1379,0.0807,1,0.0807,0,0,0,0
uekttwjf8tic1.webp,5,8,3,3,1.0,adaptive,0.1375,0.109,1,0.109,0,0,0,0
uekttwjf8tic1.webp,6,1,8,8,1.0,adaptive,0.1974,0.1263,1,0.1263,0,0,0,0
uekttwjf8tic1.webp,6,3,3,3,1.0,adaptive,0.1666,0.1078,1,0.1078,0,0,0,0
uekttwjf8tic1.webp,6,4,7,7,0.9999,adaptive,0.1499,0.0786,1,0.0786,0,0,0,0
uekttwjf8tic1.webp,6,8,2,2,1.0,adaptive,0.1441,0.1009,1,0.1009,0,0,0,0
uekttwjf8tic1.webp,6,9,6,6,0.997,adaptive,0.172,0.1118,1,0.1118,0,0,0,0
uekttwjf8tic1.webp,7,2,6,6,0.9982,adaptive,0.1809,0.1128,1,0.1128,0,0,0,0
uekttwjf8tic1.webp,7,3,4,4,1.0,adaptive,0.147,0.1031,1,0.1031,0,0,0,0
uekttwjf8tic1.webp,7,7,8,8,1.0,adaptive,0.1969,0.1261,1,0.1261,0,0,0,0
uekttwjf8tic1.webp,7,8,7,7,0.9999,adaptive,0.1217,0.0791,1,0.0791,0,0,0,0
uekttwjf8tic1.webp,7,9,2,2,1.0,adaptive,0.1582,0.1005,1,0.1005,0,0,0,0
uekttwjf8tic1.webp,8,1,2,2,1.0,adaptive,0.1592,0.1036,1,0.1036,0,0,0,0
uekttwjf8tic1.webp,8,2,7,7,0.9999,adaptive,0.1203,0.0785,1,0.0785,0,0,0,0
uekttwjf8tic1.webp,8,4,8,8,1.0,adaptive,0.187,0.13,1,0.13,0,0,0,0
uekttwjf8tic1.webp,8,6,6,6,0.9986,adaptive,0.1556,0.1131,1,0.1131,0,0,0,0
uekttwjf8tic1.webp,9,2,3,3,1.0,adaptive,0.1791,0.1085,1,0.1085,0,0,0,0
uekttwjf8tic1.webp,9,3,8,8,1.0,adaptive,0.1992,0.1265,1,0.1265,0,0,0,0
uekttwjf8tic1.webp,9,6,7,7,1.0,adaptive,0.149,0.076,1,0.076,0,0,0,0
uekttwjf8tic1.webp,9,8,6,6,0.9967,adaptive,0.1696,0.1115,1,0.1115,0,0,0,0
umjgd2hf0ync1.webp,1,1,4,4,1.0,adaptive,0.1597,0.0755,1,0.0755,0,0,0,0
umjgd2hf0ync1.webp,1,2,8,8,1.0,adaptive,0.1653,0.0961,1,0.0961,0,0,0,0
umjgd2hf0ync1.webp,1,3,5,5,1.0,adaptive,0.1657,0.082,1,0.082,0,0,0,0
umjgd2hf0ync1.webp,1,4,6,6,0.9961,adaptive,0.1666,0.0829,1,0.0829,0,0,0,0
umjgd2hf0ync1.webp,1,5,2,2,1.0,adaptive,0.1368,0.0794,1,0.0794,0,0,0,0
umjgd2hf0ync1.webp,1,7,7,7,1.0,adaptive,0.127,0.0573,1,0.0573,0,0,0,0
umjgd2hf0ync1.webp,1,8,9,9,1.0,adaptive,0.1463,0.0819,1,0.0819,0,0,0,0
umjgd2hf0ync1.webp,2,2,7,7,1.0,adaptive,0.1155,0.0599,1,0.0599,0,0,0,0
umjgd2hf0ync1.webp,2,4,9,9,1.0,adaptive,0.1549,0.0853,1,0.0853,0,0,0,0
umjgd2hf0ync1.webp,2,5,5,5,1.0,adaptive,0.1281,0.0849,1,0.0849,0,0,0,0
umjgd2hf0ync1.webp,2,6,8,8,1.0,adaptive,0.1529,0.0966,1,0.0966,0,0,0,0
umjgd2hf0ync1.webp,2,9,4,4,1.0,adaptive,0.1495,0.0787,1,0.0787,0,0,0,0
umjgd2hf0ync1.webp,3,3,9,9,1.0,adaptive,0.1535,0.0833,1,0.0833,0,0,0,0
umjgd2hf0ync1.webp,3,4,7,7,1.0,adaptive,0.1283,0.0573,1,0.0573,0,0,0,0
umjgd2hf0ync1.webp,3,5,4,4,1.0,adaptive,0.1244,0.0805,1,0.0805,0,0,0,0
umjgd2hf0ync1.webp,3,7,5,5,1.0,adaptive,0.1459,0.0824,1,0.0824,0,0,0,0
umjgd2hf0ync1.webp,3,8,8,8,1.0,adaptive,0.142,0.0968,1,0.0968,0,0,0,0
umjgd2hf0ync1.webp,4,1,7,7,1.0,adaptive,0.1441,0.0599,1,0.0599,0,0,0,0
umjgd2hf0ync1.webp,4,4,8,8,1.0,adaptive,0.1787,0.0951,1,0.0951,0,0,0,0
umjgd2hf0ync1.webp,4,5,6,6,0.9973,adaptive,0.1429,0.0855,1,0.0855,0,0,0,0
umjgd2hf0ync1.webp,4,6,5,5,1.0,adaptive,0.1597,0.0882,1,0.0882,0,0,0,0
umjgd2hf0ync1.webp,4,9,9,9,1.0,adaptive,0.1689,0.0835,1,0.0835,0,0,0,0
umjgd2hf0ync1.webp,5,1,5,5,1.0,adaptive,0.1454,0.0875,1,0.0875,0,0,0,0
umjgd2hf0ync1.webp,5,2,9,9,1.0,adaptive,0.1283,0.0859,1,0.0859,0,0,0,0
umjgd2hf0ync1.webp,5,3,8,8,1.0,adaptive,0.1522,0.097,1,0.097,0,0,0,0
umjgd2hf0ync1.webp,5,4,2,2,1.0,adaptive,0.137,0.0798,1,0.0798,0,0,0,0
umjgd2hf0ync1.webp,5,5,1,1,0.9877,adaptive,0.0833,0.0519,1,0.0519,0,0,0,0
umjgd2hf0ync1.webp,5,6,4,4,1.0,adaptive,0.1246,0.081,1,0.081,0,0,0,0
umjgd2hf0ync1.webp,5,7,6,6,0.9994,adaptive,0.1436,0.0857,1,0.0857,0,0,0,0
umjgd2hf0ync1.webp,5,8,3,3,1.0,adaptive,0.1279,0.084,1,0.084,0,0,0,0
umjgd2hf0ync1.webp,5,9,7,7,1.0,adaptive,0.118,0.0599,1,0.0599,0,0,0,0
umjgd2hf0ync1.webp,6,1,6,6,0.9962,adaptive,0.1553,0.0838,1,0.0838,0,0,0,0
umjgd2hf0ync1.webp,6,3,4,4,1.0,adaptive,0.1419,0.076,1,0.076,0,0,0,0
umjgd2hf0ync1.webp,6,4,3,3,1.0,adaptive,0.1524,0.0806,1,0.0806,0,0,0,0
umjgd2hf0ync1.webp,6,5,7,7,1.0,adaptive,0.1038,0.0599,1,0.0599,0,0,0,0
umjgd2hf0ync1.webp,6,6,9,9,1.0,adaptive,0.1421,0.0835,1,0.0835,0,0,0,0
umjgd2hf0ync1.webp,6,8,5,5,1.0,adaptive,0.1443,0.0871,1,0.0871,0,0,0,0
umjgd2hf0ync1.webp,6,9,8,8,1.0,adaptive,0.1677,0.0949,1,0.0949,0,0,0,0
umjgd2hf0ync1.webp,7,3,7,7,1.0,adaptive,0.1361,0.0568,1,0.0568,0,0,0,0
umjgd2hf0ync1.webp,7,5,8,8,1.0,adaptive,0.1651,0.0966,1,0.0966,0,0,0,0
umjgd2hf0ync1.webp,7,6,2,2,1.0,adaptive,0.1546,0.0775,1,0.0775,0,0,0,0
umjgd2hf0ync1.webp,7,7,9,9,1.0,adaptive,0.1648,0.0824,1,0.0824,0,0,0,0
umjgd2hf0ync1.webp,8,1,8,8,1.0,adaptive,0.1669,0.0968,1,0.0968,0,0,0,0
umjgd2hf0ync1.webp,8,5,9,9,1.0,adaptive,0.143,0.0865,1,0.0865,0,0,0,0
umjgd2hf0ync1.webp,8,6,6,6,0.9978,adaptive,0.1569,0.0859,1,0.0859,0,0,0,0
umjgd2hf0ync1.webp,8,8,7,7,1.0,adaptive,0.1185,0.0604,1,0.0604,0,0,0,0
umjgd2hf0ync1.webp,9,1,9,9,1.0,adaptive,0.1706,0.0849,1,0.0849,0,0,0,0
umjgd2hf0ync1.webp,9,5,3,3,1.0,adaptive,0.1524,0.0821,1,0.0821,0,0,0,0
umjgd2hf0ync1.webp,9,6,7,7,1.0,adaptive,0.1439,0.0579,1,0.0579,0,0,0,0
umjgd2hf0ync1.webp,9,7,8,8,1.0,adaptive,0.1813,0.0969,1,0.0969,0,0,0,0
umjgd2hf0ync1.webp,9,9,5,5,1.0,adaptive,0.1691,0.0822,1,0.0822,0,0,0,0
uxzvzcm2hkdc1.webp,1,1,6,6,1.0,adaptive,0.1778,0.1504,2,0.1147,0,0,0,0
uxzvzcm2hkdc1.webp,1,3,7,7,1.0,adaptive,0.1457,0.1178,1,0.1178,0,0,0,0
uxzvzcm2hkdc1.webp,1,4,5,5,1.0,adaptive,0.19,0.162,1,0.162,0,0,0,0
uxzvzcm2hkdc1.webp,1,6,8,8,1.0,adaptive,0.1958,0.1519,3,0.0947,0,0,0,1
uxzvzcm2hkdc1.webp,1,7,2,2,1.0,adaptive,0.1579,0.1337,1,0.1337,0,0,0,0
uxzvzcm2hkdc1.webp,1,8,4,4,1.0,adaptive,0.1382,0.1092,2,0.0884,0,0,0,0
uxzvzcm2hkdc1.webp,2,1,2,2,1.0,adaptive,0.1511,0.1361,1,0.1361,0,0,0,0
uxzvzcm2hkdc1.webp,2,4,7,7,1.0,adaptive,0.1205,0.1065,1,0.1065,0,0,0,0
uxzvzcm2hkdc1.webp,2,5,6,6,1.0,adaptive,0.1476,0.1476,2,0.1113,0,0,0,0
uxzvzcm2hkdc1.webp,2,6,4,4,1.0,adaptive,0.1549,0.1255,2,0.1036,0,0,0,0
uxzvzcm2hkdc1.webp,2,8,9,9,1.0,adaptive,0.1561,0.1561,2,0.1185,0,0,0,0
uxzvzcm2hkdc1.webp,2,9,8,8,1.0,adaptive,0.1805,0.1536,3,0.0952,0,0,0,1
uxzvzcm2hkdc1.webp,3,1,8,8,1.0,adaptive,0.2072,0.1695,3,0.1094,0,0,0,1
uxzvzcm2hkdc1.webp,3,3,4,4,1.0,adaptive,0.1537,0.1127,2,0.0904,0,0,0,0
uxzvzcm2hkdc1.webp,3,8,6,6,1.0,adaptive,0.1545,0.1389,2,0.1047,0,0,0,0
uxzvzcm2hkdc1.webp,3,9,7,7,1.0,adaptive,0.1419,0.0998,1,0.0998,0,0,0,0
uxzvzcm2hkdc1.webp,4,2,2,2,1.0,adaptive,0.1612,0.1612,1,0.1612,0,0,0,0
uxzvzcm2hkdc1.webp,4,3,6,6,1.0,adaptive,0.1428,0.1428,2,0.1078,0,0,0,0
uxzvzcm2hkdc1.webp,4,5,3,3,0.9999,adaptive,0.1979,0.1545,1,0.1545,0,0,0,0
uxzvzcm2hkdc1.webp,4,6,7,7,1.0,adaptive,0.1116,0.1116,1,0.1116,0,0,0,0
uxzvzcm2hkdc1.webp,4,7,4,4,1.0,adaptive,0.1165,0.1165,2,0.0947,0,0,0,0
uxzvzcm2hkdc1.webp,4,8,8,8,1.0,adaptive,0.161,0.1637,3,0.1031,0,0,0,1
uxzvzcm2hkdc1.webp,4,9,5,5,1.0,adaptive,0.1517,0.1517,1,0.1517,0,0,0,0
uxzvzcm2hkdc1.webp,5,2,7,7,1.0,adaptive,0.1061,0.1061,1,0.1061,0,0,0,0
uxzvzcm2hkdc1.webp,5,3,5,5,1.0,adaptive,0.1597,0.1447,1,0.1447,0,0,0,0
uxzvzcm2hkdc1.webp,5,4,8,8,1.0,adaptive,0.1716,0.175,3,0.1131,0,0,0,1
uxzvzcm2hkdc1.webp,5,5,4,4,1.0,adaptive,0.1212,0.1212,2,0.0999,0,0,0,0
uxzvzcm2hkdc1.webp,5,7,6,6,1.0,adaptive,0.1626,0.1517,2,0.1151,0,0,0,0
uxzvzcm2hkdc1.webp,6,2,4,4,1.0,adaptive,0.1547,0.1248,2,0.1029,0,0,0,0
uxzvzcm2hkdc1.webp,6,3,8,8,1.0,adaptive,0.1914,0.153,3,0.0951,0,0,0,1
uxzvzcm2hkdc1.webp,6,5,5,5,1.0,adaptive,0.1536,0.1536,1,0.1536,0,0,0,0
uxzvzcm2hkdc1.webp,6,6,6,6,1.0,adaptive,0.1419,0.1419,2,0.1069,0,0,0,0
uxzvzcm2hkdc1.webp,6,7,7,7,1.0,adaptive,0.1602,0.1198,1,0.1198,0,0,0,0
uxzvzcm2hkdc1.webp,7,1,5,5,1.0,adaptive,0.1771,0.1615,1,0.1615,0,0,0,0
uxzvzcm2hkdc1.webp,7,3,9,9,1.0,adaptive,0.1517,0.137,2,0.1014,0,0,0,0
uxzvzcm2hkdc1.webp,7,4,4,4,1.0,adaptive,0.1223,0.1083,2,0.0864,0,0,0,0
uxzvzcm2hkdc1.webp,7,5,7,7,1.0,adaptive,0.1085,0.1085,1,0.1085,0,0,0,0
uxzvzcm2hkdc1.webp,7,7,8,8,1.0,adaptive,0.1749,0.1662,3,0.1078,0,0,0,1
uxzvzcm2hkdc1.webp,7,8,2,2,1.0,adaptive,0.1348,0.1348,1,0.1348,0,0,0,0
uxzvzcm2hkdc1.webp,7,9,6,6,1.0,adaptive,0.1682,0.1513,2,0.1152,0,0,0,0
uxzvzcm2hkdc1.webp,8,1,7,7,1.0,adaptive,0.1183,0.1015,1,0.1015,0,0,0,0
uxzvzcm2hkdc1.webp,8,2,6,6,1.0,adaptive,0.1419,0.1419,2,0.1065,0,0,0,0
uxzvzcm2hkdc1.webp,8,3,2,2,1.0,adaptive,0.1522,0.1375,1,0.1375,0,0,0,0
uxzvzcm2hkdc1.webp,8,5,8,8,1.0,adaptive,0.1637,0.1664,3,0.1047,0,0,0,1
uxzvzcm2hkdc1.webp,8,6,9,9,0.9999,adaptive,0.1845,0.1549,2,0.1169,0,0,0,0
uxzvzcm2hkdc1.webp,8,8,5,5,1.0,adaptive,0.1492,0.1492,1,0.1492,0,0,0,0
uxzvzcm2hkdc1.webp,8,9,4,4,1.0,adaptive,0.1271,0.1104,2,0.0886,0,0,0,0
uxzvzcm2hkdc1.webp,9,1,4,4,1.0,adaptive,0.1535,0.1121,2,0.0904,0,0,0,0
uxzvzcm2hkdc1.webp,9,2,8,8,1.0,adaptive,0.1741,0.1515,3,0.0938,0,0,0,1
uxzvzcm2hkdc1.webp,9,4,6,6,1.0,adaptive,0.1646,0.1348,2,0.1011,0,0,0,0
uxzvzcm2hkdc1.webp,9,5,2,2,1.0,adaptive,0.1621,0.1621,1,0.1621,0,0,0,0
uxzvzcm2hkdc1.webp,9,6,5,5,1.0,adaptive,0.1976,0.1426,1,0.1426,0,0,0,0
uxzvzcm2hkdc1.webp,9,7,9,9,1.0,adaptive,0.1762,0.1343,2,0.1,0,0,0,0
uxzvzcm2hkdc1.webp,9,8,7,7,1.0,adaptive,0.135,0.1052,1,0.1052,0,0,0,0
v0zndjbcx8ec1.webp,1,1,9,9,1.0,adaptive,0.1417,0.084,1,0.084,0,0,0,0
v0zndjbcx8ec1.webp,1,3,3,3,1.0,adaptive,0.1564,0.0735,1,0.0735,0,0,0,0
v0zndjbcx8ec1.webp,1,6,8,8,1.0,adaptive,0.1695,0.0849,1,0.0849,0,0,0,0
v0zndjbcx8ec1.webp,1,9,7,7,1.0,adaptive,0.1388,0.0532,1,0.0532,0,0,0,0
v0zndjbcx8ec1.webp,2,1,6,6,0.9999,adaptive,0.1418,0.0846,1,0.0846,0,0,0,0
v0zndjbcx8ec1.webp,2,2,8,8,1.0,adaptive,0.1159,0.0868,1,0.0868,0,0,0,0
v0zndjbcx8ec1.webp,2,3,7,7,1.0,adaptive,0.1081,0.052,1,0.052,0,0,0,0
v0zndjbcx8ec1.webp,2,4,3,3,1.0,adaptive,0.1305,0.0733,1,0.0733,0,0,0,0
v0zndjbcx8ec1.webp,2,5,4,4,1.0,adaptive,0.1022,0.073,1,0.073,0,0,0,0
v0zndjbcx8ec1.webp,2,6,2,2,1.0,adaptive,0.1266,0.0687,1,0.0687,0,0,0,0
v0zndjbcx8ec1.webp,2,7,9,9,1.0,adaptive,0.0988,0.0839,1,0.0839,0,0,0,0
v0zndjbcx8ec1.webp,2,8,1,1,0.9986,adaptive,0.0542,0.0416,1,0.0416,0,0,0,0
v0zndjbcx8ec1.webp,2,9,5,5,1.0,adaptive,0.1386,0.0805,1,0.0805,0,0,0,0
v0zndjbcx8ec1.webp,3,1,2,2,1.0,adaptive,0.1432,0.0715,1,0.0715,0,0,0,0
v0zndjbcx8ec1.webp,3,2,5,5,1.0,adaptive,0.1235,0.0805,1,0.0805,0,0,0,0
v0zndjbcx8ec1.webp,3,6,7,7,1.0,adaptive,0.1234,0.0517,1,0.0517,0,0,0,0
v0zndjbcx8ec1.webp,3,8,8,8,1.0,adaptive,0.1287,0.0864,1,0.0864,0,0,0,0
v0zndjbcx8ec1.webp,3,9,3,3,1.0,adaptive,0.1464,0.0735,1,0.0735,0,0,0,0
v0zndjbcx8ec1.webp,4,3,8,8,1.0,adaptive,0.1682,0.0855,1,0.0855,0,0,0,0
v0zndjbcx8ec1.webp,4,4,2,2,1.0,adaptive,0.1604,0.0697,1,0.0697,0,0,0,0
v0zndjbcx8ec1.webp,4,6,9,9,1.0,adaptive,0.1415,0.0835,1,0.0835,0,0,0,0
v0zndjbcx8ec1.webp,4,7,7,7,1.0,adaptive,0.1187,0.0508,1,0.0508,0,0,0,0
v0zndjbcx8ec1.webp,4,9,4,4,1.0,adaptive,0.155,0.0702,1,0.0702,0,0,0,0
v0zndjbcx8ec1.webp,5,2,6,6,0.9999,adaptive,0.0898,0.0875,1,0.0875,0,0,0,0
v0zndjbcx8ec1.webp,5,3,2,2,1.0,adaptive,0.1117,0.0699,1,0.0699,0,0,0,0
v0zndjbcx8ec1.webp,5,4,7,7,1.0,adaptive,0.0945,0.0507,1,0.0507,0,0,0,0
v0zndjbcx8ec1.webp,5,6,4,4,1.0,adaptive,0.1,0.0692,1,0.0692,0,0,0,0
v0zndjbcx8ec1.webp,5,8,9,9,1.0,adaptive,0.0868,0.0868,1,0.0868,0,0,0,0
v0zndjbcx8ec1.webp,5,9,8,8,1.0,adaptive,0.13,0.0848,1,0.0848,0,0,0,0
v0zndjbcx8ec1.webp,6,1,4,4,1.0,adaptive,0.1528,0.0675,1,0.0675,0,0,0,0
v0zndjbcx8ec1.webp,6,2,7,7,1.0,adaptive,0.111,0.0531,1,0.0531,0,0,0,0
v0zndjbcx8ec1.webp,6,3,9,9,1.0,adaptive,0.1526,0.0809,1,0.0809,0,0,0,0
v0zndjbcx8ec1.webp,6,5,8,8,1.0,adaptive,0.1445,0.0864,1,0.0864,0,0,0,0
v0zndjbcx8ec1.webp,6,6,5,5,1.0,adaptive,0.1553,0.0795,1,0.0795,0,0,0,0
v0zndjbcx8ec1.webp,6,8,3,3,1.0,adaptive,0.1294,0.0728,1,0.0728,0,0,0,0
v0zndjbcx8ec1.webp,7,6,6,6,0.9999,adaptive,0.1535,0.0829,1,0.0829,0,0,0,0
v0zndjbcx8ec1.webp,7,7,8,8,1.0,adaptive,0.1555,0.086,1,0.086,0,0,0,0
v0zndjbcx8ec1.webp,7,8,7,7,1.0,adaptive,0.0819,0.0507,1,0.0507,0,0,0,0
v0zndjbcx8ec1.webp,8,1,8,8,1.0,adaptive,0.145,0.0875,1,0.0875,0,0,0,0
v0zndjbcx8ec1.webp,8,2,9,9,1.0,adaptive,0.0863,0.0863,1,0.0863,0,0,0,0
v0zndjbcx8ec1.webp,8,5,7,7,1.0,adaptive,0.0829,0.0535,1,0.0535,0,0,0,0
v0zndjbcx8ec1.webp,8,6,3,3,1.0,adaptive,0.1321,0.0767,1,0.0767,0,0,0,0
v0zndjbcx8ec1.webp,8,9,6,6,0.9999,adaptive,0.1441,0.0859,1,0.0859,0,0,0,0
v0zndjbcx8ec1.webp,9,1,7,7,1.0,adaptive,0.1368,0.0515,1,0.0515,0,0,0,0
v0zndjbcx8ec1.webp,9,3,6,6,0.9999,adaptive,0.1669,0.0824,1,0.0824,0,0,0,0
v0zndjbcx8ec1.webp,9,4,8,8,1.0,adaptive,0.1709,0.0855,1,0.0855,0,0,0,0
v0zndjbcx8ec1.webp,9,6,1,1,0.9972,adaptive,0.1232,0.0412,1,0.0412,0,0,0,0
v0zndjbcx8ec1.webp,9,7,3,3,1.0,adaptive,0.1461,0.0746,1,0.0746,0,0,0,0
v1ulg38tqw8c1.webp,1,1,2,2,1.0,adaptive,0.174,0.0813,1,0.0813,0,0,0,0
v1ulg38tqw8c1.webp,1,2,8,8,1.0,adaptive,0.187,0.0941,1,0.0941,0,0,0,0
v1ulg38tqw8c1.webp,1,3,3,3,0.9879,adaptive,0.2058,0.0793,2,0.0722,0,0,0,0
v1ulg38tqw8c1.webp,1,4,4,4,1.0,adaptive,0.2303,0.076,2,0.076,0,1,0,0
v1ulg38tqw8c1.webp,1,5,9,9,0.5188,adaptive,0.2268,0.0988,2,0.0988,0,1,0,0
v1ulg38tqw8c1.webp,1,6,7,7,0.614,adaptive,0.186,0.0782,2,0.0782,0,1,0,0
v1ulg38tqw8c1.webp,1,7,6,6,0.9999,adaptive,0.2477,0.084,2,0.084,0,1,0,0
v1ulg38tqw8c1.webp,1,8,5,5,0.9851,adaptive,0.2026,0.0717,4,0.0717,2,1,0,0
v1ulg38tqw8c1.webp,1,9,1,1,0.9848,adaptive,0.2274,0.0497,2,0.0497,0,1,0,0
v1ulg38tqw8c1.webp,2,1,9,9,0.9012,adaptive,0.1859,0.0916,1,0.0916,0,0,0,0
v1ulg38tqw8c1.webp,2,2,6,6,0.9999,adaptive,0.1584,0.0884,1,0.0884,0,0,0,0
v1ulg38tqw8c1.webp,2,3,4,4,0.9342,adaptive,0.1766,0.0896,1,0.0896,0,0,0,0
v1ulg38tqw8c1.webp,2,4,5,5,0.9996,adaptive,0.2304,0.1149,2,0.1149,0,1,0,0
v1ulg38tqw8c1.webp,2,5,3,3,1.0,adaptive,0.1618,0.0794,5,0.0794,4,0,0,0
v1ulg38tqw8c1.webp,2,6,1,1,0.9956,adaptive,0.1343,0.0543,2,0.0543,0,1,0,0
v1ulg38tqw8c1.webp,2,7,2,2,0.9967,adaptive,0.1924,0.057,2,0.057,0,1,0,0
v1ulg38tqw8c1.webp,2,8,7,2,0.5564,adaptive,0.1729,0.0891,3,0.0817,1,0,0,0
v1ulg38tqw8c1.webp,2,9,8,8,0.9996,adaptive,0.2203,0.0848,2,0.0785,0,0,0,0
v1ulg38tqw8c1.webp,3,1,5,5,0.999,adaptive,0.2132,0.0871,1,0.0871,0,0,0,0
v1ulg38tqw8c1.webp,3,2,7,7,0.9993,adaptive,0.1594,0.0658,1,0.0658,0,0,0,0
v1ulg38tqw8c1.webp,3,3,1,1,0.9985,adaptive,0.1631,0.0552,1,0.0552,0,0,0,0
v1ulg38tqw8c1.webp,3,4,6,6,0.5996,adaptive,0.2139,0.1118,1,0.1118,0,0,0,0
v1ulg38tqw8c1.webp,3,5,2,2,0.999,adaptive,0.187,0.0767,1,0.0767,0,0,0,0
v1ulg38tqw8c1.webp,3,6,8,8,1.0,adaptive,0.1889,0.0936,2,0.0936,0,1,0,0
v1ulg38tqw8c1.webp,3,7,3,3,0.9067,adaptive,0.27,0.0847,4,0.0693,0,1,0,0
v1ulg38tqw8c1.webp,3,8,9,9,0.9992,adaptive,0.2171,0.1092,1,0.1092,0,0,0,0
v1ulg38tqw8c1.webp,3,9,4,4,0.9967,adaptive,0.2092,0.0664,1,0.0664,0,0,0,0
v1ulg38tqw8c1.webp,4,3,2,2,0.9397,adaptive,0.2199,0.1107,4,0.1107,3,0,0,0
v1ulg38tqw8c1.webp,4,4,1,1,0.9996,adaptive,0.1713,0.0584,2,0.0584,1,0,0,0
v1ulg38tqw8c1.webp,4,5,7,4,0.6621,adaptive,0.2519,0.142,3,0.1237,1,0,0,0
v1ulg38tqw8c1.webp,4,6,4,4,1.0,adaptive,0.1869,0.0769,2,0.0769,0,1,0,0
v1ulg38tqw8c1.webp,4,8,6,6,0.9948,adaptive,0.2365,0.119,1,0.119,0,0,0,0
v1ulg38tqw8c1.webp,5,3,6,6,0.9728,adaptive,0.2388,0.1289,3,0.1289,2,0,0,0
v1ulg38tqw8c1.webp,5,4,9,9,0.8649,adaptive,0.1829,0.0923,1,0.0923,0,0,0,0
v1ulg38tqw8c1.webp,5,5,8,8,1.0,adaptive,0.1768,0.1024,1,0.1024,0,0,0,0
v1ulg38tqw8c1.webp,5,6,2,2,0.9968,adaptive,0.1633,0.0866,3,0.0866,1,1,0,0
v1ulg38tqw8c1.webp,6,3,7,7,0.999,adaptive,0.2199,0.0938,16,0.0938,15,0,0,0
v1ulg38tqw8c1.webp,6,4,3,3,1.0,adaptive,0.1891,0.0766,1,0.0766,0,0,0,0
v1ulg38tqw8c1.webp,6,5,6,6,0.8974,adaptive,0.2485,0.1142,4,0.0699,1,0,0,1
v1ulg38tqw8c1.webp,6,6,5,5,1.0,adaptive,0.2049,0.0889,2,0.0889,0,1,0,0
v1ulg38tqw8c1.webp,6,9,2,2,0.9995,adaptive,0.2557,0.092,6,0.092,5,0,0,0
v1ulg38tqw8c1.webp,7,1,7,7,1.0,adaptive,0.1994,0.059,2,0.059,0,1,0,0
v1ulg38tqw8c1.webp,7,2,1,1,0.9888,adaptive,0.1398,0.0452,2,0.0452,0,1,0,0
v1ulg38tqw8c1.webp,7,3,9,9,0.9999,adaptive,0.2047,0.1,3,0.1,2,0,0,0
v1ulg38tqw8c1.webp,7,4,2,2,1.0,adaptive,0.1804,0.0815,1,0.0815,0,0,0,0
v1ulg38tqw8c1.webp,7,5,5,5,0.9627,adaptive,0.2022,0.0963,2,0.0963,1,0,0,0
v1ulg38tqw8c1.webp,7,6,3,3,0.9972,adaptive,0.2043,0.1092,1,0.1092,0,0,0,0
v1ulg38tqw8c1.webp,7,7,4,4,1.0,adaptive,0.2297,0.078,2,0.078,0,1,0,0
v1ulg38tqw8c1.webp,7,8,8,8,0.9992,adaptive,0.2309,0.1095,2,0.1095,1,0,0,0
v1ulg38tqw8c1.webp,7,9,6,6,0.9963,adaptive,0.2522,0.1022,1,0.1022,0,0,0,0
v1ulg38tqw8c1.webp,8,1,4,4,0.9999,adaptive,0.1825,0.0753,1,0.0753,0,0,0,0
v1ulg38tqw8c1.webp,8,2,3,3,0.9742,adaptive,0.2059,0.0976,2,0.0976,1,0,0,0
v1ulg38tqw8c1.webp,8,3,5,5,1.0,adaptive,0.2169,0.1063,2,0.1063,1,0,0,0
v1ulg38tqw8c1.webp,8,4,8,8,0.9995,adaptive,0.2343,0.1199,1,0.1199,0,0,0,0
v1ulg38tqw8c1.webp,8,5,1,1,0.8565,adaptive,0.1738,0.0886,3,0.0886,1,0,0,1
v1ulg38tqw8c1.webp,8,6,6,6,0.9273,adaptive,0.1922,0.085,2,0.0443,0,0,0,1
v1ulg38tqw8c1.webp,8,8,2,2,1.0,adaptive,0.1646,0.0769,1,0.0769,0,0,0,0
v1ulg38tqw8c1.webp,9,1,6,6,0.9996,adaptive,0.2479,0.0806,5,0.0806,4,0,0,0
v1ulg38tqw8c1.webp,9,2,2,2,0.9998,adaptive,0.204,0.0803,1,0.0803,0,0,0,0
v1ulg38tqw8c1.webp,9,3,8,8,1.0,adaptive,0.2205,0.0847,1,0.0847,0,0,0,0
v1ulg38tqw8c1.webp,9,4,7,7,0.9999,adaptive,0.1909,0.0599,1,0.0599,0,0,0,0
v1ulg38tqw8c1.webp,9,5,4,4,0.9909,adaptive,0.2076,0.0837,1,0.0837,0,0,0,0
v1ulg38tqw8c1.webp,9,6,9,9,1.0,adaptive,0.2163,0.086,2,0.086,1,0,0,0
v1ulg38tqw8c1.webp,9,7,1,1,0.9974,adaptive,0.2034,0.0425,2,0.0425,0,1,0,0
v1ulg38tqw8c1.webp,9,8,3,3,1.0,adaptive,0.194,0.0676,1,0.0676,0,0,0,0
v1ulg38tqw8c1.webp,9,9,5,5,1.0,adaptive,0.2245,0.0746,3,0.0746,2,0,0,0
v999rnsyjfvc1.webp,1,2,7,7,1.0,adaptive,0.1481,0.0633,1,0.0633,0,0,0,0
v999rnsyjfvc1.webp,1,5,8,8,1.0,adaptive,0.163,0.0934,1,0.0934,0,0,0,0
v999rnsyjfvc1.webp,1,7,2,2,1.0,adaptive,0.1526,0.0806,1,0.0806,0,0,0,0
v999rnsyjfvc1.webp,1,9,1,1,1.0,adaptive,0.1461,0.0597,1,0.0597,0,0,0,0
v999rnsyjfvc1.webp,2,2,8,8,1.0,adaptive,0.1788,0.0966,1,0.0966,0,0,0,0
v999rnsyjfvc1.webp,2,3,1,1,1.0,adaptive,0.1477,0.0608,1,0.0608,0,0,0,0
v999rnsyjfvc1.webp,2,6,7,7,1.0,adaptive,0.1499,0.0631,1,0.0631,0,0,0,0
v999rnsyjfvc1.webp,3,2,9,9,1.0,adaptive,0.171,0.0905,1,0.0905,0,0,0,0
v999rnsyjfvc1.webp,3,6,1,1,1.0,adaptive,0.1446,0.0595,1,0.0595,0,0,0,0
v999rnsyjfvc1.webp,3,7,7,7,1.0,adaptive,0.1566,0.0626,1,0.0626,0,0,0,0
v999rnsyjfvc1.webp,3,8,8,8,1.0,adaptive,0.1649,0.0938,1,0.0938,0,0,0,0
v999rnsyjfvc1.webp,4,3,7,7,1.0,adaptive,0.1499,0.0642,1,0.0642,0,0,0,0
v999rnsyjfvc1.webp,4,5,9,9,0.9999,adaptive,0.1599,0.0905,1,0.0905,0,0,0,0
v999rnsyjfvc1.webp,4,7,4,4,1.0,adaptive,0.153,0.076,1,0.076,0,0,0,0
v999rnsyjfvc1.webp,4,8,1,1,1.0,adaptive,0.1441,0.0599,1,0.0599,0,0,0,0
v999rnsyjfvc1.webp,5,1,1,1,1.0,adaptive,0.1305,0.0606,1,0.0606,0,0,0,0
v999rnsyjfvc1.webp,5,4,7,7,1.0,adaptive,0.1359,0.0654,1,0.0654,0,0,0,0
v999rnsyjfvc1.webp,6,1,9,9,0.9999,adaptive,0.1831,0.0884,1,0.0884,0,0,0,0
v999rnsyjfvc1.webp,6,2,4,4,1.0,adaptive,0.1739,0.0767,1,0.0767,0,0,0,0
v999rnsyjfvc1.webp,6,6,6,6,1.0,adaptive,0.1878,0.0898,1,0.0898,0,0,0,0
v999rnsyjfvc1.webp,6,7,5,5,1.0,adaptive,0.1807,0.0829,1,0.0829,0,0,0,0
v999rnsyjfvc1.webp,6,8,3,3,1.0,adaptive,0.1682,0.083,1,0.083,0,0,0,0
v999rnsyjfvc1.webp,6,9,7,7,1.0,adaptive,0.1602,0.063,1,0.063,0,0,0,0
v999rnsyjfvc1.webp,7,2,1,1,1.0,adaptive,0.1375,0.0599,1,0.0599,0,0,0,0
v999rnsyjfvc1.webp,7,3,9,9,0.9999,adaptive,0.1744,0.0878,1,0.0878,0,0,0,0
v999rnsyjfvc1.webp,7,4,5,5,1.0,adaptive,0.1706,0.0851,1,0.0851,0,0,0,0
v999rnsyjfvc1.webp,7,5,7,7,1.0,adaptive,0.1228,0.0645,1,0.0645,0,0,0,0
v999rnsyjfvc1.webp,8,1,7,7,1.0,adaptive,0.1334,0.0633,1,0.0633,0,0,0,0
v999rnsyjfvc1.webp,8,2,2,2,1.0,adaptive,0.1407,0.084,1,0.084,0,0,0,0
v999rnsyjfvc1.webp,8,6,9,9,1.0,adaptive,0.1617,0.0905,1,0.0905,0,0,0,0
v999rnsyjfvc1.webp,8,7,1,1,0.9999,adaptive,0.1278,0.0583,1,0.0583,0,0,0,0
v999rnsyjfvc1.webp,8,8,5,5,1.0,adaptive,0.1442,0.0865,1,0.0865,0,0,0,0
v999rnsyjfvc1.webp,9,1,6,6,1.0,adaptive,0.1775,0.0909,1,0.0909,0,0,0,0
v999rnsyjfvc1.webp,9,2,5,5,1.0,adaptive,0.1682,0.0844,1,0.0844,0,0,0,0
v999rnsyjfvc1.webp,9,3,4,4,1.0,adaptive,0.1853,0.0766,1,0.0766,0,0,0,0
v999rnsyjfvc1.webp,9,6,3,3,1.0,adaptive,0.1791,0.0822,1,0.0822,0,0,0,0
v999rnsyjfvc1.webp,9,7,8,8,1.0,adaptive,0.1891,0.0927,1,0.0927,0,0,0,0
v999rnsyjfvc1.webp,9,8,7,7,1.0,adaptive,0.1615,0.0645,1,0.0645,0,0,0,0
v999rnsyjfvc1.webp,9,9,9,9,0.9999,adaptive,0.1885,0.0884,1,0.0884,0,0,0,0
vlqeozute2bc1.webp,1,1,6,6,1.0,adaptive,0.182,0.0853,1,0.0853,0,0,0,0
vlqeozute2bc1.webp,1,2,2,2,1.0,adaptive,0.1393,0.0685,1,0.0685,0,0,0,0
vlqeozute2bc1.webp,1,3,7,7,1.0,adaptive,0.1076,0.0501,1,0.0501,0,0,0,0
vlqeozute2bc1.webp,1,4,3,3,1.0,adaptive,0.155,0.0724,1,0.0724,0,0,0,0
vlqeozute2bc1.webp,1,5,9,9,1.0,adaptive,0.1298,0.085,1,0.085,0,0,0,0
vlqeozute2bc1.webp,1,6,4,4,1.0,adaptive,0.1361,0.065,1,0.065,0,0,0,0
vlqeozute2bc1.webp,1,7,0,0,0.992,adaptive,0.0965,0.0,0,0.0,0,0,0,0
vlqeozute2bc1.webp,1,8,0,0,0.992,adaptive,0.0642,0.0,0,0.0,0,0,0,0
vlqeozute2bc1.webp,1,9,1,1,0.9986,adaptive,0.1259,0.0405,1,0.0405,0,0,0,0
vlqeozute2bc1.webp,2,1,5,5,1.0,adaptive,0.123,0.0803,1,0.0803,0,0,0,0
vlqeozute2bc1.webp,2,2,4,4,1.0,adaptive,0.0863,0.0719,1,0.0719,0,0,0,0
vlqeozute2bc1.webp,2,3,3,3,1.0,adaptive,0.1278,0.0719,1,0.0719,0,0,0,0
vlqeozute2bc1.webp,2,4,7,7,1.0,adaptive,0.0798,0.05,1,0.05,0,0,0,0
vlqeozute2bc1.webp,2,5,1,1,0.9982,adaptive,0.0583,0.0448,1,0.0448,0,0,0,0
vlqeozute2bc1.webp,2,6,0,0,0.992,adaptive,0.0425,0.0,0,0.0,0,0,0,0
vlqeozute2bc1.webp,2,7,2,2,1.0,adaptive,0.1262,0.0706,1,0.0706,0,0,0,0
vlqeozute2bc1.webp,2,8,9,9,1.0,adaptive,0.1012,0.0877,1,0.0877,0,0,0,0
vlqeozute2bc1.webp,2,9,0,0,0.992,adaptive,0.0473,0.0,0,0.0,0,0,0,0
vlqeozute2bc1.webp,3,1,1,1,0.9982,adaptive,0.121,0.0401,1,0.0401,0,0,0,0
vlqeozute2bc1.webp,3,2,9,9,1.0,adaptive,0.116,0.0846,1,0.0846,0,0,0,0
vlqeozute2bc1.webp,3,3,8,8,1.0,adaptive,0.1566,0.0851,1,0.0851,0,0,0,0
vlqeozute2bc1.webp,3,4,0,0,0.992,adaptive,0.0722,0.0,0,0.0,0,0,0,0
vlqeozute2bc1.webp,3,5,6,6,0.9999,adaptive,0.116,0.0859,1,0.0859,0,0,0,0
vlqeozute2bc1.webp,3,6,0,0,0.992,adaptive,0.0588,0.0,0,0.0,0,0,0,0
vlqeozute2bc1.webp,3,7,0,0,0.992,adaptive,0.0726,0.0,0,0.0,0,0,0,0
vlqeozute2bc1.webp,3,8,0,0,0.992,adaptive,0.0427,0.0,0,0.0,0,0,0,0
vlqeozute2bc1.webp,3,9,0,0,0.992,adaptive,0.0722,0.0,0,0.0,0,0,0,0
vlqeozute2bc1.webp,4,1,4,4,1.0,adaptive,0.1539,0.0717,1,0.0717,0,0,0,0
vlqeozute2bc1.webp,4,2,0,0,0.992,adaptive,0.0464,0.0,0,0.0,0,0,0,0
vlqeozute2bc1.webp,4,3,2,2,1.0,adaptive,0.1521,0.0699,1,0.0699,0,0,0,0
vlqeozute2bc1.webp,4,4,0,0,0.992,adaptive,0.0691,0.0,0,0.0,0,0,0,0
vlqeozute2bc1.webp,4,5,0,0,0.992,adaptive,0.0676,0.0,0,0.0,0,0,0,0
vlqeozute2bc1.webp,4,6,8,8,1.0,adaptive,0.1729,0.0849,1,0.0849,0,0,0,0
vlqeozute2bc1.webp,4,7,9,9,0.9999,adaptive,0.1784,0.0847,1,0.0847,0,0,0,0
vlqeozute2bc1.webp,4,8,0,0,0.992,adaptive,0.0685,0.0,0,0.0,0,0,0,0
vlqeozute2bc1.webp,4,9,0,0,0.992,adaptive,0.0911,0.0,0,0.0,0,0,0,0
vlqeozute2bc1.webp,5,1,7,7,1.0,adaptive,0.0796,0.0498,1,0.0498,0,0,0,0
vlqeozute2bc1.webp,5,2,0,0,0.992,adaptive,0.0149,0.0,0,0.0,0,0,0,0
vlqeozute2bc1.webp,5,3,0,0,0.992,adaptive,0.0574,0.0,0,0.0,0,0,0,0
vlqeozute2bc1.webp,5,4,9,9,1.0,adaptive,0.1307,0.085,1,0.085,0,0,0,0
vlqeozute2bc1.webp,5,5,0,0,0.992,adaptive,0.0411,0.0,0,0.0,0,0,0,0
vlqeozute2bc1.webp,5,6,1,1,0.9984,adaptive,0.0977,0.0405,1,0.0405,0,0,0,0
vlqeozute2bc1.webp,5,7,4,4,1.0,adaptive,0.1291,0.0715,1,0.0715,0,0,0,0
vlqeozute2bc1.webp,5,8,0,0,0.992,adaptive,0.0294,0.0,0,0.0,0,0,0,0
vlqeozute2bc1.webp,5,9,2,2,1.0,adaptive,0.1246,0.071,1,0.071,0,0,0,0
vlqeozute2bc1.webp,6,1,3,3,1.0,adaptive,0.1457,0.0742,1,0.0742,0,0,0,0
vlqeozute2bc1.webp,6,2,1,1,0.9974,adaptive,0.0721,0.0418,1,0.0418,0,0,0,0
vlqeozute2bc1.webp,6,3,0,0,0.992,adaptive,0.0715,0.0,0,0.0,0,0,0,0
vlqeozute2bc1.webp,6,4,0,0,0.992,adaptive,0.0717,0.0,0,0.0,0,0,0,0
vlqeozute2bc1.webp,6,5,7,7,1.0,adaptive,0.0828,0.0529,1,0.0529,0,0,0,0
vlqeozute2bc1.webp,6,6,0,0,0.992,adaptive,0.0717,0.0,0,0.0,0,0,0,0
vlqeozute2bc1.webp,6,7,0,0,0.992,adaptive,0.0717,0.0,0,0.0,0,0,0,0
vlqeozute2bc1.webp,6,8,0,0,0.992,adaptive,0.0427,0.0,0,0.0,0,0,0,0
vlqeozute2bc1.webp,6,9,8,8,1.0,adaptive,0.1519,0.0858,1,0.0858,0,0,0,0
vlqeozute2bc1.webp,7,1,9,9,1.0,adaptive,0.1666,0.0855,1,0.0855,0,0,0,0
vlqeozute2bc1.webp,7,2,0,0,0.992,adaptive,0.0305,0.0,0,0.0,0,0,0,0
vlqeozute2bc1.webp,7,3,0,0,0.992,adaptive,0.0711,0.0,0,0.0,0,0,0,0
vlqeozute2bc1.webp,7,4,0,0,0.992,adaptive,0.0693,0.0,0,0.0,0,0,0,0
vlqeozute2bc1.webp,7,5,2,2,1.0,adaptive,0.1208,0.071,1,0.071,0,0,0,0
vlqeozute2bc1.webp,7,6,3,3,1.0,adaptive,0.143,0.0724,1,0.0724,0,0,0,0
vlqeozute2bc1.webp,7,7,8,8,1.0,adaptive,0.1689,0.0862,1,0.0862,0,0,0,0
vlqeozute2bc1.webp,7,8,0,0,0.992,adaptive,0.0473,0.0,0,0.0,0,0,0,0
vlqeozute2bc1.webp,7,9,5,5,1.0,adaptive,0.1586,0.0793,1,0.0793,0,0,0,0
vlqeozute2bc1.webp,8,1,2,2,1.0,adaptive,0.1287,0.071,1,0.071,0,0,0,0
vlqeozute2bc1.webp,8,2,6,6,0.9999,adaptive,0.1017,0.0865,1,0.0865,0,0,0,0
vlqeozute2bc1.webp,8,3,0,0,0.992,adaptive,0.0577,0.0,0,0.0,0,0,0,0
vlqeozute2bc1.webp,8,4,5,5,1.0,adaptive,0.1379,0.0821,1,0.0821,0,0,0,0
vlqeozute2bc1.webp,8,5,8,8,1.0,adaptive,0.1279,0.0886,1,0.0886,0,0,0,0
vlqeozute2bc1.webp,8,6,0,0,0.992,adaptive,0.0574,0.0,0,0.0,0,0,0,0
vlqeozute2bc1.webp,8,7,3,3,1.0,adaptive,0.1339,0.0762,1,0.0762,0,0,0,0
vlqeozute2bc1.webp,8,8,0,0,0.992,adaptive,0.0296,0.0,0,0.0,0,0,0,0
vlqeozute2bc1.webp,8,9,0,0,0.992,adaptive,0.0604,0.0,0,0.0,0,0,0,0
vlqeozute2bc1.webp,9,1,8,8,1.0,adaptive,0.1691,0.0858,1,0.0858,0,0,0,0
vlqeozute2bc1.webp,9,2,3,3,1.0,adaptive,0.1088,0.0758,1,0.0758,0,0,0,0
vlqeozute2bc1.webp,9,3,0,0,0.992,adaptive,0.086,0.0,0,0.0,0,0,0,0
vlqeozute2bc1.webp,9,4,0,0,0.992,adaptive,0.0844,0.0,0,0.0,0,0,0,0
vlqeozute2bc1.webp,9,5,0,0,0.992,adaptive,0.0602,0.0,0,0.0,0,0,0,0
vlqeozute2bc1.webp,9,6,0,0,0.992,adaptive,0.0851,0.0,0,0.0,0,0,0,0
vlqeozute2bc1.webp,9,7,1,1,0.9955,adaptive,0.1272,0.0417,1,0.0417,0,0,0,0
vlqeozute2bc1.webp,9,8,2,2,1.0,adaptive,0.1284,0.0715,1,0.0715,0,0,0,0
vlqeozute2bc1.webp,9,9,9,9,1.0,adaptive,0.1677,0.0838,1,0.0838,0,0,0,0
vwcqsix55gtc1.webp,1,1,7,7,1.0,adaptive,0.1328,0.0488,1,0.0488,0,0,0,0
vwcqsix55gtc1.webp,1,2,3,3,1.0,adaptive,0.1296,0.0728,1,0.0728,0,0,0,0
vwcqsix55gtc1.webp,1,4,9,9,1.0,adaptive,0.1769,0.0824,1,0.0824,0,0,0,0
vwcqsix55gtc1.webp,1,5,6,6,1.0,adaptive,0.1303,0.0857,1,0.0857,0,0,0,0
vwcqsix55gtc1.webp,1,6,2,2,1.0,adaptive,0.1455,0.0673,1,0.0673,0,0,0,0
vwcqsix55gtc1.webp,1,7,4,4,1.0,adaptive,0.1519,0.0695,1,0.0695,0,0,0,0
vwcqsix55gtc1.webp,2,1,2,2,1.0,adaptive,0.1275,0.071,1,0.071,0,0,0,0
vwcqsix55gtc1.webp,2,2,4,4,1.0,adaptive,0.096,0.0682,1,0.0682,0,0,0,0
vwcqsix55gtc1.webp,2,3,9,9,0.9999,adaptive,0.1395,0.0828,1,0.0828,0,0,0,0
vwcqsix55gtc1.webp,2,4,1,1,0.9978,adaptive,0.0981,0.0407,1,0.0407,0,0,0,0
vwcqsix55gtc1.webp,2,5,8,8,1.0,adaptive,0.0985,0.0836,1,0.0836,0,0,0,0
vwcqsix55gtc1.webp,2,6,5,5,1.0,adaptive,0.1219,0.0785,1,0.0785,0,0,0,0
vwcqsix55gtc1.webp,2,7,7,7,1.0,adaptive,0.1011,0.0516,1,0.0516,0,0,0,0
vwcqsix55gtc1.webp,3,1,6,6,0.9999,adaptive,0.1648,0.0813,1,0.0813,0,0,0,0
vwcqsix55gtc1.webp,3,3,1,1,0.9977,adaptive,0.1221,0.039,1,0.039,0,0,0,0
vwcqsix55gtc1.webp,3,4,3,3,1.0,adaptive,0.1666,0.072,1,0.072,0,0,0,0
vwcqsix55gtc1.webp,3,5,7,7,1.0,adaptive,0.0957,0.0509,1,0.0509,0,0,0,0
vwcqsix55gtc1.webp,3,6,4,4,1.0,adaptive,0.145,0.0677,1,0.0677,0,0,0,0
vwcqsix55gtc1.webp,3,8,2,2,1.0,adaptive,0.1251,0.0681,1,0.0681,0,0,0,0
vwcqsix55gtc1.webp,4,1,8,8,1.0,adaptive,0.1686,0.0815,1,0.0815,0,0,0,0
vwcqsix55gtc1.webp,4,2,9,9,1.0,adaptive,0.1429,0.0841,1,0.0841,0,0,0,0
vwcqsix55gtc1.webp,4,3,4,4,1.0,adaptive,0.1513,0.0668,1,0.0668,0,0,0,0
vwcqsix55gtc1.webp,4,4,5,5,1.0,adaptive,0.1631,0.0775,1,0.0775,0,0,0,0
vwcqsix55gtc1.webp,4,5,3,3,1.0,adaptive,0.1226,0.0733,1,0.0733,0,0,0,0
vwcqsix55gtc1.webp,4,6,1,1,0.9977,adaptive,0.1232,0.0394,1,0.0394,0,0,0,0
vwcqsix55gtc1.webp,4,7,6,6,0.9999,adaptive,0.164,0.0815,1,0.0815,0,0,0,0
vwcqsix55gtc1.webp,4,8,7,7,1.0,adaptive,0.1072,0.0493,1,0.0493,0,0,0,0
vwcqsix55gtc1.webp,4,9,2,2,1.0,adaptive,0.1417,0.0693,1,0.0693,0,0,0,0
vwcqsix55gtc1.webp,5,1,5,5,1.0,adaptive,0.1228,0.0782,1,0.0782,0,0,0,0
vwcqsix55gtc1.webp,5,2,2,2,1.0,adaptive,0.0826,0.0675,1,0.0675,0,0,0,0
vwcqsix55gtc1.webp,5,3,7,7,1.0,adaptive,0.1063,0.0504,1,0.0504,0,0,0,0
vwcqsix55gtc1.webp,5,4,6,6,0.9999,adaptive,0.1524,0.0839,1,0.0839,0,0,0,0
vwcqsix55gtc1.webp,5,5,4,4,1.0,adaptive,0.084,0.0712,1,0.0712,0,0,0,0
vwcqsix55gtc1.webp,5,6,9,9,1.0,adaptive,0.1275,0.0844,1,0.0844,0,0,0,0
vwcqsix55gtc1.webp,6,1,1,1,0.9978,adaptive,0.1232,0.0392,1,0.0392,0,0,0,0
vwcqsix55gtc1.webp,6,2,6,6,0.9999,adaptive,0.1404,0.0834,1,0.0834,0,0,0,0
vwcqsix55gtc1.webp,6,3,3,3,1.0,adaptive,0.1544,0.0706,1,0.0706,0,0,0,0
vwcqsix55gtc1.webp,6,4,8,8,1.0,adaptive,0.1682,0.0835,1,0.0835,0,0,0,0
vwcqsix55gtc1.webp,6,5,2,2,1.0,adaptive,0.1122,0.0676,1,0.0676,0,0,0,0
vwcqsix55gtc1.webp,6,6,7,7,1.0,adaptive,0.1317,0.0488,1,0.0488,0,0,0,0
vwcqsix55gtc1.webp,6,8,4,4,1.0,adaptive,0.1266,0.0692,1,0.0692,0,0,0,0
vwcqsix55gtc1.webp,7,1,3,3,1.0,adaptive,0.1526,0.0706,1,0.0706,0,0,0,0
vwcqsix55gtc1.webp,7,3,2,2,1.0,adaptive,0.1521,0.0693,1,0.0693,0,0,0,0
vwcqsix55gtc1.webp,7,4,4,4,1.0,adaptive,0.1366,0.0662,1,0.0662,0,0,0,0
vwcqsix55gtc1.webp,7,5,9,9,1.0,adaptive,0.1135,0.0834,1,0.0834,0,0,0,0
vwcqsix55gtc1.webp,7,7,1,1,0.9983,adaptive,0.1219,0.0397,1,0.0397,0,0,0,0
vwcqsix55gtc1.webp,7,9,7,7,1.0,adaptive,0.121,0.0506,1,0.0506,0,0,0,0
vwcqsix55gtc1.webp,8,1,4,4,1.0,adaptive,0.1113,0.0676,1,0.0676,0,0,0,0
vwcqsix55gtc1.webp,8,2,7,7,1.0,adaptive,0.0794,0.051,1,0.051,0,0,0,0
vwcqsix55gtc1.webp,8,4,2,2,1.0,adaptive,0.1257,0.0685,1,0.0685,0,0,0,0
vwcqsix55gtc1.webp,8,5,1,1,0.9987,adaptive,0.0535,0.0388,1,0.0388,0,0,0,0
vwcqsix55gtc1.webp,8,8,9,9,1.0,adaptive,0.1143,0.0856,1,0.0856,0,0,0,0
vwcqsix55gtc1.webp,9,1,9,9,0.9999,adaptive,0.1517,0.08,1,0.08,0,0,0,0
vwcqsix55gtc1.webp,9,2,1,1,0.9982,adaptive,0.0846,0.0414,1,0.0414,0,0,0,0
vwcqsix55gtc1.webp,9,3,6,6,0.9999,adaptive,0.1533,0.0815,1,0.0815,0,0,0,0
vwcqsix55gtc1.webp,9,4,7,7,1.0,adaptive,0.1187,0.0479,1,0.0479,0,0,0,0
vwcqsix55gtc1.webp,9,5,5,5,1.0,adaptive,0.1085,0.0785,1,0.0785,0,0,0,0
vwcqsix55gtc1.webp,9,6,3,3,1.0,adaptive,0.141,0.0699,1,0.0699,0,0,0,0
vwcqsix55gtc1.webp,9,7,2,2,1.0,adaptive,0.1363,0.0668,1,0.0668,0,0,0,0
vwcqsix55gtc1.webp,9,8,8,8,1.0,adaptive,0.1255,0.0823,1,0.0823,0,0,0,0
vwcqsix55gtc1.webp,9,9,4,4,1.0,adaptive,0.1241,0.0653,1,0.0653,0,0,0,0
wbdhjl2qm3ic1.webp,1,6,8,8,1.0,adaptive,0.17,0.086,1,0.086,0,0,0,0
wbdhjl2qm3ic1.webp,1,9,9,9,1.0,adaptive,0.1542,0.0835,1,0.0835,0,0,0,0
wbdhjl2qm3ic1.webp,2,1,8,8,1.0,adaptive,0.1318,0.0884,1,0.0884,0,0,0,0
wbdhjl2qm3ic1.webp,2,2,7,7,1.0,adaptive,0.0539,0.0533,1,0.0533,0,0,0,0
wbdhjl2qm3ic1.webp,2,6,1,1,0.9975,adaptive,0.0855,0.0412,1,0.0412,0,0,0,0
wbdhjl2qm3ic1.webp,2,7,3,3,1.0,adaptive,0.1205,0.0758,1,0.0758,0,0,0,0
wbdhjl2qm3ic1.webp,3,1,5,5,1.0,adaptive,0.1383,0.0806,1,0.0806,0,0,0,0
wbdhjl2qm3ic1.webp,3,5,2,2,1.0,adaptive,0.0993,0.0694,1,0.0694,0,0,0,0
wbdhjl2qm3ic1.webp,3,6,7,7,1.0,adaptive,0.1094,0.0508,1,0.0508,0,0,0,0
wbdhjl2qm3ic1.webp,3,9,6,6,1.0,adaptive,0.143,0.0847,1,0.0847,0,0,0,0
wbdhjl2qm3ic1.webp,4,3,4,4,1.0,adaptive,0.1537,0.0697,1,0.0697,0,0,0,0
wbdhjl2qm3ic1.webp,4,4,5,5,1.0,adaptive,0.1644,0.08,1,0.08,0,0,0,0
wbdhjl2qm3ic1.webp,4,7,9,9,0.9999,adaptive,0.1804,0.0858,1,0.0858,0,0,0,0
wbdhjl2qm3ic1.webp,5,1,3,3,1.0,adaptive,0.13,0.0742,1,0.0742,0,0,0,0
wbdhjl2qm3ic1.webp,5,2,5,5,1.0,adaptive,0.0955,0.0799,1,0.0799,0,0,0,0
wbdhjl2qm3ic1.webp,5,3,7,7,1.0,adaptive,0.1083,0.0509,1,0.0509,0,0,0,0
wbdhjl2qm3ic1.webp,5,4,2,2,1.0,adaptive,0.1278,0.0701,1,0.0701,0,0,0,0
wbdhjl2qm3ic1.webp,5,6,9,9,1.0,adaptive,0.1429,0.0855,1,0.0855,0,0,0,0
wbdhjl2qm3ic1.webp,5,9,4,4,1.0,adaptive,0.1153,0.0721,1,0.0721,0,0,0,0
wbdhjl2qm3ic1.webp,6,2,9,9,1.0,adaptive,0.1174,0.0871,1,0.0871,0,0,0,0
wbdhjl2qm3ic1.webp,6,3,8,8,1.0,adaptive,0.1564,0.0847,1,0.0847,0,0,0,0
wbdhjl2qm3ic1.webp,7,1,4,4,1.0,adaptive,0.1395,0.0711,1,0.0711,0,0,0,0
wbdhjl2qm3ic1.webp,7,5,9,9,1.0,adaptive,0.1343,0.0848,1,0.0848,0,0,0,0
wbdhjl2qm3ic1.webp,7,6,5,5,1.0,adaptive,0.1548,0.08,1,0.08,0,0,0,0
wbdhjl2qm3ic1.webp,7,8,1,1,0.998,adaptive,0.0938,0.04,1,0.04,0,0,0,0
wbdhjl2qm3ic1.webp,8,1,9,9,1.0,adaptive,0.1411,0.0848,1,0.0848,0,0,0,0
wbdhjl2qm3ic1.webp,9,1,7,7,1.0,adaptive,0.1359,0.0524,1,0.0524,0,0,0,0
wbdhjl2qm3ic1.webp,9,4,6,6,0.9999,adaptive,0.1568,0.0855,1,0.0855,0,0,0,0
wbdhjl2qm3ic1.webp,9,8,9,9,1.0,adaptive,0.1427,0.0853,1,0.0853,0,0,0,0
wbdhjl2qm3ic1.webp,9,9,3,3,1.0,adaptive,0.1461,0.0737,1,0.0737,0,0,0,0
we35dxk29spc1.webp,1,1,6,6,0.9776,adaptive,0.1323,0.0512,7,0.0359,3,1,0,0
we35dxk29spc1.webp,1,2,1,1,0.9752,adaptive,0.1235,0.0176,2,0.0176,0,1,0,0
we35dxk29spc1.webp,1,3,5,5,0.9998,adaptive,0.2482,0.1733,2,0.0956,0,0,0,0
we35dxk29spc1.webp,1,4,4,4,1.0,adaptive,0.1791,0.0875,2,0.0875,0,1,0,0
we35dxk29spc1.webp,1,5,3,3,0.9996,adaptive,0.142,0.0602,2,0.0529,0,0,0,0
we35dxk29spc1.webp,1,6,8,8,0.9998,adaptive,0.1798,0.0581,1,0.0581,0,0,0,0
we35dxk29spc1.webp,1,7,2,2,1.0,adaptive,0.1628,0.0887,1,0.0887,0,0,0,0
we35dxk29spc1.webp,1,8,9,9,0.9991,adaptive,0.1113,0.0606,1,0.0606,0,0,0,0
we35dxk29spc1.webp,1,9,7,7,1.0,adaptive,0.1599,0.0668,1,0.0668,0,0,0,0
we35dxk29spc1.webp,2,1,7,7,0.9989,adaptive,0.1382,0.0285,4,0.0285,2,1,0,0
we35dxk29spc1.webp,2,2,4,4,0.9992,adaptive,0.146,0.0774,2,0.0774,0,1,0,0
we35dxk29spc1.webp,2,3,3,3,0.9992,adaptive,0.2044,0.1689,2,0.0896,0,0,0,0
we35dxk29spc1.webp,2,4,9,9,0.9995,adaptive,0.1119,0.0611,2,0.0611,0,1,0,0
we35dxk29spc1.webp,2,5,1,1,0.9992,adaptive,0.0996,0.0452,2,0.0452,0,1,0,0
we35dxk29spc1.webp,2,6,2,2,0.9979,adaptive,0.152,0.0518,2,0.0518,0,1,0,0
we35dxk29spc1.webp,2,7,8,8,1.0,adaptive,0.1692,0.1079,1,0.1079,0,0,0,0
we35dxk29spc1.webp,2,8,5,5,1.0,adaptive,0.126,0.0955,1,0.0955,0,0,0,0
we35dxk29spc1.webp,2,9,6,6,0.9998,adaptive,0.1798,0.104,1,0.104,0,0,0,0
we35dxk29spc1.webp,3,2,8,8,0.7469,adaptive,0.1839,0.0697,3,0.0645,0,1,0,0
we35dxk29spc1.webp,3,4,6,6,0.9988,adaptive,0.145,0.0517,2,0.0517,0,1,0,0
we35dxk29spc1.webp,3,5,5,5,1.0,adaptive,0.1963,0.1013,2,0.1013,0,1,0,0
we35dxk29spc1.webp,3,6,7,7,1.0,adaptive,0.2163,0.0666,2,0.0666,0,1,0,0
we35dxk29spc1.webp,3,7,1,1,0.9973,adaptive,0.1341,0.0294,1,0.0294,0,0,0,0
we35dxk29spc1.webp,3,8,4,4,0.9995,adaptive,0.1153,0.0466,1,0.0466,0,0,0,0
we35dxk29spc1.webp,3,9,3,3,0.9986,adaptive,0.1254,0.049,1,0.049,0,0,0,0
we35dxk29spc1.webp,4,3,7,5,0.6925,adaptive,0.2181,0.1459,3,0.0777,1,0,0,0
we35dxk29spc1.webp,4,4,8,8,1.0,adaptive,0.2067,0.1109,2,0.1109,0,1,0,0
we35dxk29spc1.webp,4,6,1,1,0.9958,adaptive,0.2049,0.0566,2,0.0566,0,1,0,0
we35dxk29spc1.webp,4,7,6,6,0.9998,adaptive,0.2161,0.1078,1,0.1078,0,0,0,0
we35dxk29spc1.webp,4,8,3,3,1.0,adaptive,0.1829,0.0875,1,0.0875,0,0,0,0
we35dxk29spc1.webp,4,9,2,2,0.9999,adaptive,0.1526,0.0483,1,0.0483,0,0,0,0
we35dxk29spc1.webp,5,2,6,6,0.9992,adaptive,0.1451,0.0691,2,0.0691,0,1,0,0
we35dxk29spc1.webp,5,4,7,7,0.9962,adaptive,0.1058,0.0398,2,0.0398,0,1,0,0
we35dxk29spc1.webp,5,7,5,5,1.0,adaptive,0.1235,0.0529,1,0.0529,0,0,0,0
we35dxk29spc1.webp,5,8,8,8,1.0,adaptive,0.188,0.1109,1,0.1109,0,0,0,0
we35dxk29spc1.webp,5,9,1,1,0.993,adaptive,0.1208,0.0556,1,0.0556,0,0,0,0
we35dxk29spc1.webp,6,1,1,1,0.9989,adaptive,0.184,0.0488,4,0.0488,2,1,0,0
we35dxk29spc1.webp,6,3,8,8,0.5335,adaptive,0.2266,0.133,2,0.0708,0,0,0,0
we35dxk29spc1.webp,6,5,6,6,1.0,adaptive,0.2205,0.1085,2,0.1085,0,1,0,0
we35dxk29spc1.webp,6,6,5,5,1.0,adaptive,0.2577,0.0945,2,0.0945,0,1,0,0
we35dxk29spc1.webp,6,7,9,9,0.9993,adaptive,0.1818,0.0579,1,0.0579,0,0,0,0
we35dxk29spc1.webp,6,8,7,7,1.0,adaptive,0.1805,0.0651,1,0.0651,0,0,0,0
we35dxk29spc1.webp,6,9,4,4,1.0,adaptive,0.2058,0.0815,1,0.0815,0,0,0,0
we35dxk29spc1.webp,7,1,8,8,1.0,adaptive,0.215,0.0893,2,0.0893,0,1,0,0
we35dxk29spc1.webp,7,2,7,7,0.9997,adaptive,0.1513,0.0351,2,0.0351,0,1,0,0
we35dxk29spc1.webp,7,4,5,5,1.0,adaptive,0.2043,0.0949,2,0.0949,0,1,0,0
we35dxk29spc1.webp,7,6,6,6,0.9993,adaptive,0.2049,0.0408,2,0.0408,0,1,0,0
we35dxk29spc1.webp,7,7,3,3,1.0,adaptive,0.1889,0.0864,3,0.0864,1,1,0,0
we35dxk29spc1.webp,7,8,1,1,0.969,adaptive,0.1771,0.054,1,0.054,0,0,0,0
we35dxk29spc1.webp,7,9,9,9,0.9997,adaptive,0.2123,0.0668,1,0.0668,0,0,0,0
we35dxk29spc1.webp,8,3,1,1,0.9998,adaptive,0.1707,0.0427,2,0.0427,0,1,0,0
we35dxk29spc1.webp,8,5,8,8,1.0,adaptive,0.1412,0.0558,2,0.0558,0,1,0,0
we35dxk29spc1.webp,8,7,7,7,0.993,adaptive,0.1239,0.0403,2,0.0403,0,1,0,0
we35dxk29spc1.webp,8,8,6,6,0.9999,adaptive,0.1887,0.1035,1,0.1035,0,0,0,0
we35dxk29spc1.webp,8,9,5,5,1.0,adaptive,0.199,0.092,1,0.092,0,0,0,0
we35dxk29spc1.webp,9,3,6,6,0.9999,adaptive,0.2504,0.1063,2,0.1063,0,1,0,0
we35dxk29spc1.webp,9,4,1,1,0.9985,adaptive,0.1343,0.0256,2,0.0256,0,1,0,0
we35dxk29spc1.webp,9,5,7,7,0.9999,adaptive,0.1872,0.0638,2,0.0638,0,0,1,0
we35dxk29spc1.webp,9,6,9,9,0.9998,adaptive,0.2684,0.1802,3,0.1005,1,0,0,0
we35dxk29spc1.webp,9,7,4,4,0.8367,adaptive,0.1657,0.0501,3,0.0261,0,0,1,1
we35dxk29spc1.webp,9,8,2,2,0.9996,adaptive,0.1707,0.0513,4,0.0513,3,0,0,0
we35dxk29spc1.webp,9,9,8,8,1.0,adaptive,0.2359,0.1018,2,0.1018,1,0,0,0
wf5sveh0ndbc1.webp,1,1,0,0,0.992,adaptive,0.0702,0.0,0,0.0,0,0,0,0
wf5sveh0ndbc1.webp,1,2,4,4,1.0,adaptive,0.135,0.0769,1,0.0769,0,0,0,0
wf5sveh0ndbc1.webp,1,3,0,0,0.992,adaptive,0.0847,0.0,0,0.0,0,0,0,0
wf5sveh0ndbc1.webp,1,4,0,0,0.992,adaptive,0.1047,0.0,0,0.0,0,0,0,0
wf5sveh0ndbc1.webp,1,5,0,0,0.992,adaptive,0.1054,0.0,0,0.0,0,0,0,0
wf5sveh0ndbc1.webp,1,6,6,6,0.9999,adaptive,0.1974,0.0898,1,0.0898,0,0,0,0
wf5sveh0ndbc1.webp,1,7,9,9,0.9999,adaptive,0.1971,0.0909,1,0.0909,0,0,0,0
wf5sveh0ndbc1.webp,1,8,0,0,0.992,adaptive,0.097,0.0,0,0.0,0,0,0,0
wf5sveh0ndbc1.webp,1,9,0,0,0.992,adaptive,0.1132,0.0,0,0.0,0,0,0,0
wf5sveh0ndbc1.webp,2,1,0,0,0.992,adaptive,0.081,0.0,0,0.0,0,0,0,0
wf5sveh0ndbc1.webp,2,2,1,1,1.0,adaptive,0.0987,0.0622,1,0.0622,0,0,0,0
wf5sveh0ndbc1.webp,2,3,0,0,0.992,adaptive,0.0846,0.0,0,0.0,0,0,0,0
wf5sveh0ndbc1.webp,2,4,0,0,0.992,adaptive,0.083,0.0,0,0.0,0,0,0,0
wf5sveh0ndbc1.webp,2,5,0,0,0.992,adaptive,0.0946,0.0,0,0.0,0,0,0,0
wf5sveh0ndbc1.webp,2,6,0,0,0.992,adaptive,0.0975,0.0,0,0.0,0,0,0,0
wf5sveh0ndbc1.webp,2,7,0,0,0.992,adaptive,0.0952,0.0,0,0.0,0,0,0,0
wf5sveh0ndbc1.webp,2,8,4,4,1.0,adaptive,0.1331,0.0792,1,0.0792,0,0,0,0
wf5sveh0ndbc1.webp,2,9,3,3,1.0,adaptive,0.1653,0.0814,1,0.0814,0,0,0,0
wf5sveh0ndbc1.webp,3,1,0,0,0.992,adaptive,0.094,0.0,0,0.0,0,0,0,0
wf5sveh0ndbc1.webp,3,2,0,0,0.992,adaptive,0.085,0.0,0,0.0,0,0,0,0
wf5sveh0ndbc1.webp,3,3,0,0,0.992,adaptive,0.0862,0.0,0,0.0,0,0,0,0
wf5sveh0ndbc1.webp,3,4,0,0,0.992,adaptive,0.0867,0.0,0,0.0,0,0,0,0
wf5sveh0ndbc1.webp,3,5,0,0,0.992,adaptive,0.0972,0.0,0,0.0,0,0,0,0
wf5sveh0ndbc1.webp,3,6,0,0,0.992,adaptive,0.09,0.0,0,0.0,0,0,0,0
wf5sveh0ndbc1.webp,3,7,0,0,0.992,adaptive,0.0989,0.0,0,0.0,0,0,0,0
wf5sveh0ndbc1.webp,3,8,0,0,0.992,adaptive,0.0862,0.0,0,0.0,0,0,0,0
wf5sveh0ndbc1.webp,3,9,0,0,0.992,adaptive,0.0989,0.0,0,0.0,0,0,0,0
wf5sveh0ndbc1.webp,4,1,1,1,1.0,adaptive,0.1421,0.0597,1,0.0597,0,0,0,0
wf5sveh0ndbc1.webp,4,2,3,3,1.0,adaptive,0.1384,0.0819,1,0.0819,0,0,0,0
wf5sveh0ndbc1.webp,4,3,0,0,0.992,adaptive,0.0864,0.0,0,0.0,0,0,0,0
wf5sveh0ndbc1.webp,4,4,0,0,0.992,adaptive,0.0844,0.0,0,0.0,0,0,0,0
wf5sveh0ndbc1.webp,4,5,0,0,0.992,adaptive,0.0943,0.0,0,0.0,0,0,0,0
wf5sveh0ndbc1.webp,4,6,0,0,0.992,adaptive,0.0862,0.0,0,0.0,0,0,0,0
wf5sveh0ndbc1.webp,4,7,0,0,0.992,adaptive,0.0976,0.0,0,0.0,0,0,0,0
wf5sveh0ndbc1.webp,4,8,0,0,0.992,adaptive,0.095,0.0,0,0.0,0,0,0,0
wf5sveh0ndbc1.webp,4,9,8,8,1.0,adaptive,0.1934,0.0947,1,0.0947,0,0,0,0
wf5sveh0ndbc1.webp,5,1,0,0,0.992,adaptive,0.0703,0.0,0,0.0,0,0,0,0
wf5sveh0ndbc1.webp,5,2,0,0,0.992,adaptive,0.0684,0.0,0,0.0,0,0,0,0
wf5sveh0ndbc1.webp,5,3,7,7,1.0,adaptive,0.1357,0.0649,1,0.0649,0,0,0,0
wf5sveh0ndbc1.webp,5,4,0,0,0.992,adaptive,0.0746,0.0,0,0.0,0,0,0,0
wf5sveh0ndbc1.webp,5,5,9,9,1.0,adaptive,0.1577,0.0918,1,0.0918,0,0,0,0
wf5sveh0ndbc1.webp,5,6,0,0,0.992,adaptive,0.0726,0.0,0,0.0,0,0,0,0
wf5sveh0ndbc1.webp,5,7,0,0,0.992,adaptive,0.0832,0.0,0,0.0,0,0,0,0
wf5sveh0ndbc1.webp,5,8,6,6,0.9999,adaptive,0.1462,0.0911,1,0.0911,0,0,0,0
wf5sveh0ndbc1.webp,5,9,5,5,1.0,adaptive,0.1705,0.0855,1,0.0855,0,0,0,0
wf5sveh0ndbc1.webp,6,1,2,2,1.0,adaptive,0.1769,0.0815,1,0.0815,0,0,0,0
wf5sveh0ndbc1.webp,6,2,0,0,0.992,adaptive,0.0984,0.0,0,0.0,0,0,0,0
wf5sveh0ndbc1.webp,6,3,0,0,0.992,adaptive,0.0991,0.0,0,0.0,0,0,0,0
wf5sveh0ndbc1.webp,6,4,7,7,1.0,adaptive,0.1608,0.0628,1,0.0628,0,0,0,0
wf5sveh0ndbc1.webp,6,5,4,4,1.0,adaptive,0.1658,0.0753,1,0.0753,0,0,0,0
wf5sveh0ndbc1.webp,6,6,0,0,0.992,adaptive,0.0987,0.0,0,0.0,0,0,0,0
wf5sveh0ndbc1.webp,6,7,0,0,0.992,adaptive,0.1127,0.0,0,0.0,0,0,0,0
wf5sveh0ndbc1.webp,6,8,0,0,0.992,adaptive,0.0993,0.0,0,0.0,0,0,0,0
wf5sveh0ndbc1.webp,6,9,0,0,0.992,adaptive,0.1118,0.0,0,0.0,0,0,0,0
wf5sveh0ndbc1.webp,7,1,0,0,0.992,adaptive,0.0953,0.0,0,0.0,0,0,0,0
wf5sveh0ndbc1.webp,7,2,0,0,0.992,adaptive,0.0941,0.0,0,0.0,0,0,0,0
wf5sveh0ndbc1.webp,7,3,0,0,0.992,adaptive,0.0989,0.0,0,0.0,0,0,0,0
wf5sveh0ndbc1.webp,7,4,5,5,1.0,adaptive,0.1677,0.084,1,0.084,0,0,0,0
wf5sveh0ndbc1.webp,7,5,0,0,0.992,adaptive,0.0948,0.0,0,0.0,0,0,0,0
wf5sveh0ndbc1.webp,7,6,0,0,0.992,adaptive,0.0989,0.0,0,0.0,0,0,0,0
wf5sveh0ndbc1.webp,7,7,0,0,0.992,adaptive,0.108,0.0,0,0.0,0,0,0,0
wf5sveh0ndbc1.webp,7,8,0,0,0.992,adaptive,0.0963,0.0,0,0.0,0,0,0,0
wf5sveh0ndbc1.webp,7,9,0,0,0.992,adaptive,0.1105,0.0,0,0.0,0,0,0,0
wf5sveh0ndbc1.webp,8,1,6,6,1.0,adaptive,0.1583,0.0889,1,0.0889,0,0,0,0
wf5sveh0ndbc1.webp,8,2,0,0,0.992,adaptive,0.0803,0.0,0,0.0,0,0,0,0
wf5sveh0ndbc1.webp,8,3,0,0,0.992,adaptive,0.0828,0.0,0,0.0,0,0,0,0
wf5sveh0ndbc1.webp,8,4,0,0,0.992,adaptive,0.0712,0.0,0,0.0,0,0,0,0
wf5sveh0ndbc1.webp,8,5,0,0,0.992,adaptive,0.0838,0.0,0,0.0,0,0,0,0
wf5sveh0ndbc1.webp,8,6,9,9,1.0,adaptive,0.1612,0.0893,1,0.0893,0,0,0,0
wf5sveh0ndbc1.webp,8,7,0,0,0.992,adaptive,0.0841,0.0,0,0.0,0,0,0,0
wf5sveh0ndbc1.webp,8,8,0,0,0.992,adaptive,0.0845,0.0,0,0.0,0,0,0,0
wf5sveh0ndbc1.webp,8,9,0,0,0.992,adaptive,0.0859,0.0,0,0.0,0,0,0,0
wf5sveh0ndbc1.webp,9,1,0,0,0.992,adaptive,0.1007,0.0,0,0.0,0,0,0,0
wf5sveh0ndbc1.webp,9,2,0,0,0.992,adaptive,0.0977,0.0,0,0.0,0,0,0,0
wf5sveh0ndbc1.webp,9,3,0,0,0.992,adaptive,0.0989,0.0,0,0.0,0,0,0,0
wf5sveh0ndbc1.webp,9,4,0,0,0.992,adaptive,0.0991,0.0,0,0.0,0,0,0,0
wf5sveh0ndbc1.webp,9,5,6,6,0.9999,adaptive,0.1882,0.0905,1,0.0905,0,0,0,0
wf5sveh0ndbc1.webp,9,6,3,3,1.0,adaptive,0.1813,0.0822,1,0.0822,0,0,0,0
wf5sveh0ndbc1.webp,9,7,0,0,0.992,adaptive,0.1121,0.0,0,0.0,0,0,0,0
wf5sveh0ndbc1.webp,9,8,5,5,1.0,adaptive,0.1929,0.0853,1,0.0853,0,0,0,0
wf5sveh0ndbc1.webp,9,9,7,7,1.0,adaptive,0.1887,0.0628,1,0.0628,0,0,0,0
wsaxcnhrqdec1.jpg,1,1,0,0,0.992,adaptive,0.139,0.0,0,0.0,0,0,0,0
wsaxcnhrqdec1.jpg,1,2,0,0,0.992,adaptive,0.0979,0.0,0,0.0,0,0,0,0
wsaxcnhrqdec1.jpg,1,3,6,6,0.9998,adaptive,0.2306,0.0942,1,0.0942,0,0,0,0
wsaxcnhrqdec1.jpg,1,4,9,9,1.0,adaptive,0.2185,0.0927,1,0.0927,0,0,0,0
wsaxcnhrqdec1.jpg,1,5,0,0,0.992,adaptive,0.0866,0.0,0,0.0,0,0,0,0
wsaxcnhrqdec1.jpg,1,6,0,0,0.992,adaptive,0.1386,0.0,0,0.0,0,0,0,0
wsaxcnhrqdec1.jpg,1,7,0,0,0.992,adaptive,0.1403,0.0,0,0.0,0,0,0,0
wsaxcnhrqdec1.jpg,1,8,0,0,0.992,adaptive,0.1113,0.0,0,0.0,0,0,0,0
wsaxcnhrqdec1.jpg,1,9,5,5,1.0,adaptive,0.2375,0.0873,1,0.0873,0,0,0,0
wsaxcnhrqdec1.jpg,2,1,0,0,0.992,adaptive,0.0995,0.0,0,0.0,0,0,0,0
wsaxcnhrqdec1.jpg,2,2,2,2,1.0,adaptive,0.1472,0.0893,1,0.0893,0,0,0,0
wsaxcnhrqdec1.jpg,2,3,0,0,0.992,adaptive,0.0884,0.0,0,0.0,0,0,0,0
wsaxcnhrqdec1.jpg,2,4,0,0,0.992,adaptive,0.0984,0.0,0,0.0,0,0,0,0
wsaxcnhrqdec1.jpg,2,5,0,0,0.992,adaptive,0.0445,0.0,0,0.0,0,0,0,0
wsaxcnhrqdec1.jpg,2,6,0,0,0.992,adaptive,0.0997,0.0,0,0.0,0,0,0,0
wsaxcnhrqdec1.jpg,2,7,0,0,0.992,adaptive,0.0991,0.0,0,0.0,0,0,0,0
wsaxcnhrqdec1.jpg,2,8,4,4,1.0,adaptive,0.1313,0.0725,1,0.0725,0,0,0,0
wsaxcnhrqdec1.jpg,2,9,0,0,0.992,adaptive,0.1009,0.0,0,0.0,0,0,0,0
wsaxcnhrqdec1.jpg,3,1,0,0,0.992,adaptive,0.1374,0.0,0,0.0,0,0,0,0
wsaxcnhrqdec1.jpg,3,2,0,0,0.992,adaptive,0.0961,0.0,0,0.0,0,0,0,0
wsaxcnhrqdec1.jpg,3,3,1,1,0.9986,adaptive,0.1706,0.0457,1,0.0457,0,0,0,0
wsaxcnhrqdec1.jpg,3,4,8,8,1.0,adaptive,0.2346,0.0971,1,0.0971,0,0,0,0
wsaxcnhrqdec1.jpg,3,5,2,2,1.0,adaptive,0.1714,0.085,1,0.085,0,0,0,0
wsaxcnhrqdec1.jpg,3,6,5,5,1.0,adaptive,0.2228,0.0842,1,0.0842,0,0,0,0
wsaxcnhrqdec1.jpg,3,7,0,0,0.992,adaptive,0.1377,0.0,0,0.0,0,0,0,0
wsaxcnhrqdec1.jpg,3,8,0,0,0.992,adaptive,0.1004,0.0,0,0.0,0,0,0,0
wsaxcnhrqdec1.jpg,3,9,0,0,0.992,adaptive,0.1397,0.0,0,0.0,0,0,0,0
wsaxcnhrqdec1.jpg,4,1,0,0,0.992,adaptive,0.1392,0.0,0,0.0,0,0,0,0
wsaxcnhrqdec1.jpg,4,2,0,0,0.992,adaptive,0.0988,0.0,0,0.0,0,0,0,0
wsaxcnhrqdec1.jpg,4,3,4,4,1.0,adaptive,0.2014,0.074,1,0.074,0,0,0,0
wsaxcnhrqdec1.jpg,4,4,0,0,0.992,adaptive,0.1381,0.0,0,0.0,0,0,0,0
wsaxcnhrqdec1.jpg,4,5,0,0,0.992,adaptive,0.088,0.0,0,0.0,0,0,0,0
wsaxcnhrqdec1.jpg,4,6,0,0,0.992,adaptive,0.1395,0.0,0,0.0,0,0,0,0
wsaxcnhrqdec1.jpg,4,7,0,0,0.992,adaptive,0.1388,0.0,0,0.0,0,0,0,0
wsaxcnhrqdec1.jpg,4,8,0,0,0.992,adaptive,0.1013,0.0,0,0.0,0,0,0,0
wsaxcnhrqdec1.jpg,4,9,0,0,0.992,adaptive,0.1399,0.0,0,0.0,0,0,0,0
wsaxcnhrqdec1.jpg,5,1,5,5,1.0,adaptive,0.1802,0.0868,1,0.0868,0,0,0,0
wsaxcnhrqdec1.jpg,5,2,0,0,0.992,adaptive,0.0556,0.0,0,0.0,0,0,0,0
wsaxcnhrqdec1.jpg,5,3,0,0,0.992,adaptive,0.085,0.0,0,0.0,0,0,0,0
wsaxcnhrqdec1.jpg,5,4,1,1,0.9968,adaptive,0.147,0.0493,1,0.0493,0,0,0,0
wsaxcnhrqdec1.jpg,5,5,8,8,1.0,adaptive,0.1423,0.0987,1,0.0987,0,0,0,0
wsaxcnhrqdec1.jpg,5,6,0,0,0.992,adaptive,0.0995,0.0,0,0.0,0,0,0,0
wsaxcnhrqdec1.jpg,5,7,0,0,0.992,adaptive,0.0988,0.0,0,0.0,0,0,0,0
wsaxcnhrqdec1.jpg,5,8,0,0,0.992,adaptive,0.0581,0.0,0,0.0,0,0,0,0
wsaxcnhrqdec1.jpg,5,9,9,9,1.0,adaptive,0.1958,0.0952,1,0.0952,0,0,0,0
wsaxcnhrqdec1.jpg,6,1,0,0,0.992,adaptive,0.1268,0.0,0,0.0,0,0,0,0
wsaxcnhrqdec1.jpg,6,2,0,0,0.992,adaptive,0.0943,0.0,0,0.0,0,0,0,0
wsaxcnhrqdec1.jpg,6,3,0,0,0.992,adaptive,0.1252,0.0,0,0.0,0,0,0,0
wsaxcnhrqdec1.jpg,6,4,0,0,0.992,adaptive,0.1381,0.0,0,0.0,0,0,0,0
wsaxcnhrqdec1.jpg,6,5,0,0,0.992,adaptive,0.0873,0.0,0,0.0,0,0,0,0
wsaxcnhrqdec1.jpg,6,6,0,0,0.992,adaptive,0.1392,0.0,0,0.0,0,0,0,0
wsaxcnhrqdec1.jpg,6,7,7,7,1.0,adaptive,0.1989,0.0604,1,0.0604,0,0,0,0
wsaxcnhrqdec1.jpg,6,8,0,0,0.992,adaptive,0.1011,0.0,0,0.0,0,0,0,0
wsaxcnhrqdec1.jpg,6,9,1,1,0.9916,adaptive,0.1885,0.0497,1,0.0497,0,0,0,0
wsaxcnhrqdec1.jpg,7,1,0,0,0.992,adaptive,0.1383,0.0,0,0.0,0,0,0,0
wsaxcnhrqdec1.jpg,7,2,0,0,0.992,adaptive,0.0984,0.0,0,0.0,0,0,0,0
wsaxcnhrqdec1.jpg,7,3,0,0,0.992,adaptive,0.1263,0.0,0,0.0,0,0,0,0
wsaxcnhrqdec1.jpg,7,4,3,3,1.0,adaptive,0.2221,0.0849,1,0.0849,0,0,0,0
wsaxcnhrqdec1.jpg,7,5,9,9,1.0,adaptive,0.182,0.0952,1,0.0952,0,0,0,0
wsaxcnhrqdec1.jpg,7,6,2,2,1.0,adaptive,0.2203,0.0826,1,0.0826,0,0,0,0
wsaxcnhrqdec1.jpg,7,7,6,6,0.9996,adaptive,0.2174,0.0924,1,0.0924,0,0,0,0
wsaxcnhrqdec1.jpg,7,8,0,0,0.992,adaptive,0.0868,0.0,0,0.0,0,0,0,0
wsaxcnhrqdec1.jpg,7,9,0,0,0.992,adaptive,0.1239,0.0,0,0.0,0,0,0,0
wsaxcnhrqdec1.jpg,8,1,0,0,0.992,adaptive,0.1067,0.0,0,0.0,0,0,0,0
wsaxcnhrqdec1.jpg,8,2,5,5,1.0,adaptive,0.1467,0.0886,1,0.0886,0,0,0,0
wsaxcnhrqdec1.jpg,8,3,0,0,0.992,adaptive,0.0855,0.0,0,0.0,0,0,0,0
wsaxcnhrqdec1.jpg,8,4,0,0,0.992,adaptive,0.0991,0.0,0,0.0,0,0,0,0
wsaxcnhrqdec1.jpg,8,5,0,0,0.992,adaptive,0.0445,0.0,0,0.0,0,0,0,0
wsaxcnhrqdec1.jpg,8,6,0,0,0.992,adaptive,0.1002,0.0,0,0.0,0,0,0,0
wsaxcnhrqdec1.jpg,8,7,0,0,0.992,adaptive,0.0991,0.0,0,0.0,0,0,0,0
wsaxcnhrqdec1.jpg,8,8,3,3,1.0,adaptive,0.1472,0.0888,1,0.0888,0,0,0,0
wsaxcnhrqdec1.jpg,8,9,0,0,0.992,adaptive,0.0871,0.0,0,0.0,0,0,0,0
wsaxcnhrqdec1.jpg,9,1,8,8,1.0,adaptive,0.2379,0.0989,1,0.0989,0,0,0,0
wsaxcnhrqdec1.jpg,9,2,0,0,0.992,adaptive,0.0993,0.0,0,0.0,0,0,0,0
wsaxcnhrqdec1.jpg,9,3,0,0,0.992,adaptive,0.1265,0.0,0,0.0,0,0,0,0
wsaxcnhrqdec1.jpg,9,4,0,0,0.992,adaptive,0.1388,0.0,0,0.0,0,0,0,0
wsaxcnhrqdec1.jpg,9,5,0,0,0.992,adaptive,0.0877,0.0,0,0.0,0,0,0,0
wsaxcnhrqdec1.jpg,9,6,4,4,1.0,adaptive,0.2107,0.0717,1,0.0717,0,0,0,0
wsaxcnhrqdec1.jpg,9,7,9,9,1.0,adaptive,0.231,0.0931,1,0.0931,0,0,0,0
wsaxcnhrqdec1.jpg,9,8,0,0,0.992,adaptive,0.1009,0.0,0,0.0,0,0,0,0
wsaxcnhrqdec1.jpg,9,9,0,0,0.992,adaptive,0.127,0.0,0,0.0,0,0,0,0
wu9plduhvybc1.webp,1,1,0,0,0.992,adaptive,0.0459,0.0,0,0.0,0,0,0,0
wu9plduhvybc1.webp,1,2,0,0,0.992,adaptive,0.0321,0.0,0,0.0,0,0,0,0
wu9plduhvybc1.webp,1,3,0,0,0.992,adaptive,0.0557,0.0,0,0.0,0,0,0,0
wu9plduhvybc1.webp,1,4,5,5,1.0,adaptive,0.1437,0.0748,1,0.0748,0,0,0,0
wu9plduhvybc1.webp,1,5,0,0,0.992,adaptive,0.0303,0.0,0,0.0,0,0,0,0
wu9plduhvybc1.webp,1,6,0,0,0.992,adaptive,0.0673,0.0,0,0.0,0,0,0,0
wu9plduhvybc1.webp,1,7,0,0,0.992,adaptive,0.0432,0.0,0,0.0,0,0,0,0
wu9plduhvybc1.webp,1,8,0,0,0.992,adaptive,0.0421,0.0,0,0.0,0,0,0,0
wu9plduhvybc1.webp,1,9,0,0,0.992,adaptive,0.0715,0.0,0,0.0,0,0,0,0
wu9plduhvybc1.webp,2,1,3,3,1.0,adaptive,0.1061,0.0762,1,0.0762,0,0,0,0
wu9plduhvybc1.webp,2,3,6,6,0.9955,adaptive,0.1203,0.078,1,0.078,0,0,0,0
wu9plduhvybc1.webp,2,4,1,1,0.9957,adaptive,0.0807,0.0491,1,0.0491,0,0,0,0
wu9plduhvybc1.webp,2,5,0,0,0.992,adaptive,0.0002,0.0,0,0.0,0,0,0,0
wu9plduhvybc1.webp,2,6,0,0,0.992,adaptive,0.0344,0.0,0,0.0,0,0,0,0
wu9plduhvybc1.webp,2,7,0,0,0.992,adaptive,0.0152,0.0,0,0.0,0,0,0,0
wu9plduhvybc1.webp,3,3,0,0,0.992,adaptive,0.0566,0.0,0,0.0,0,0,0,0
wu9plduhvybc1.webp,3,4,9,9,1.0,adaptive,0.1328,0.0757,1,0.0757,0,0,0,0
wu9plduhvybc1.webp,3,5,4,4,1.0,adaptive,0.1083,0.0789,1,0.0789,0,0,0,0
wu9plduhvybc1.webp,3,6,0,0,0.992,adaptive,0.0691,0.0,0,0.0,0,0,0,0
wu9plduhvybc1.webp,3,7,8,8,1.0,adaptive,0.1305,0.0889,1,0.0889,0,0,0,0
wu9plduhvybc1.webp,3,9,2,2,1.0,adaptive,0.1163,0.0722,1,0.0722,0,0,0,0
wu9plduhvybc1.webp,4,3,0,0,0.992,adaptive,0.0334,0.0,0,0.0,0,0,0,0
wu9plduhvybc1.webp,4,4,0,0,0.992,adaptive,0.0428,0.0,0,0.0,0,0,0,0
wu9plduhvybc1.webp,4,5,5,5,1.0,adaptive,0.0938,0.0789,1,0.0789,0,0,0,0
wu9plduhvybc1.webp,4,6,1,1,0.9981,adaptive,0.0855,0.0423,1,0.0423,0,0,0,0
wu9plduhvybc1.webp,4,7,0,0,0.992,adaptive,0.0287,0.0,0,0.0,0,0,0,0
wu9plduhvybc1.webp,4,9,0,0,0.992,adaptive,0.0437,0.0,0,0.0,0,0,0,0
wu9plduhvybc1.webp,5,1,8,8,1.0,adaptive,0.1178,0.088,1,0.088,0,0,0,0
wu9plduhvybc1.webp,5,3,0,0,0.992,adaptive,0.0156,0.0,0,0.0,0,0,0,0
wu9plduhvybc1.webp,5,4,0,0,0.992,adaptive,0.0427,0.0,0,0.0,0,0,0,0
wu9plduhvybc1.webp,5,5,0,0,0.992,adaptive,0.0142,0.0,0,0.0,0,0,0,0
wu9plduhvybc1.webp,5,6,0,0,0.992,adaptive,0.0561,0.0,0,0.0,0,0,0,0
wu9plduhvybc1.webp,5,7,0,0,0.992,adaptive,0.0276,0.0,0,0.0,0,0,0,0
wu9plduhvybc1.webp,5,9,7,7,1.0,adaptive,0.0984,0.0556,1,0.0556,0,0,0,0
wu9plduhvybc1.webp,6,2,4,4,1.0,adaptive,0.1013,0.0715,1,0.0715,0,0,0,0
wu9plduhvybc1.webp,6,3,9,9,1.0,adaptive,0.1221,0.0777,1,0.0777,0,0,0,0
wu9plduhvybc1.webp,6,4,0,0,0.992,adaptive,0.0615,0.0,0,0.0,0,0,0,0
wu9plduhvybc1.webp,6,5,0,0,0.992,adaptive,0.0299,0.0,0,0.0,0,0,0,0
wu9plduhvybc1.webp,6,6,0,0,0.992,adaptive,0.0699,0.0,0,0.0,0,0,0,0
wu9plduhvybc1.webp,6,7,0,0,0.992,adaptive,0.0479,0.0,0,0.0,0,0,0,0
wu9plduhvybc1.webp,7,1,0,0,0.992,adaptive,0.043,0.0,0,0.0,0,0,0,0
wu9plduhvybc1.webp,7,2,0,0,0.992,adaptive,0.0154,0.0,0,0.0,0,0,0,0
wu9plduhvybc1.webp,7,3,0,0,0.992,adaptive,0.0524,0.0,0,0.0,0,0,0,0
wu9plduhvybc1.webp,7,4,0,0,0.992,adaptive,0.0566,0.0,0,0.0,0,0,0,0
wu9plduhvybc1.webp,7,5,0,0,0.992,adaptive,0.0154,0.0,0,0.0,0,0,0,0
wu9plduhvybc1.webp,7,6,0,0,0.992,adaptive,0.0548,0.0,0,0.0,0,0,0,0
wu9plduhvybc1.webp,7,7,5,5,1.0,adaptive,0.1054,0.076,1,0.076,0,0,0,0
wu9plduhvybc1.webp,7,8,6,6,0.9977,adaptive,0.1056,0.0773,1,0.0773,0,0,0,0
wu9plduhvybc1.webp,7,9,0,0,0.992,adaptive,0.0434,0.0,0,0.0,0,0,0,0
wu9plduhvybc1.webp,8,1,7,7,1.0,adaptive,0.0864,0.0565,1,0.0565,0,0,0,0
wu9plduhvybc1.webp,8,2,0,0,0.992,adaptive,0.0007,0.0,0,0.0,0,0,0,0
wu9plduhvybc1.webp,8,3,0,0,0.992,adaptive,0.0423,0.0,0,0.0,0,0,0,0
wu9plduhvybc1.webp,8,4,8,8,1.0,adaptive,0.123,0.0923,1,0.0923,0,0,0,0
wu9plduhvybc1.webp,8,5,1,1,0.9972,adaptive,0.0505,0.0494,1,0.0494,0,0,0,0
wu9plduhvybc1.webp,8,6,5,5,1.0,adaptive,0.123,0.0787,1,0.0787,0,0,0,0
wu9plduhvybc1.webp,8,7,4,4,1.0,adaptive,0.0923,0.0762,1,0.0762,0,0,0,0
wu9plduhvybc1.webp,8,8,0,0,0.992,adaptive,0.0207,0.0,0,0.0,0,0,0,0
wu9plduhvybc1.webp,8,9,0,0,0.992,adaptive,0.0301,0.0,0,0.0,0,0,0,0
wu9plduhvybc1.webp,9,1,0,0,0.992,adaptive,0.0588,0.0,0,0.0,0,0,0,0
wu9plduhvybc1.webp,9,2,0,0,0.992,adaptive,0.0299,0.0,0,0.0,0,0,0,0
wu9plduhvybc1.webp,9,3,5,5,1.0,adaptive,0.1464,0.0764,1,0.0764,0,0,0,0
wu9plduhvybc1.webp,9,4,6,6,0.9918,adaptive,0.1346,0.0755,1,0.0755,0,0,0,0
wu9plduhvybc1.webp,9,5,0,0,0.992,adaptive,0.0299,0.0,0,0.0,0,0,0,0
wu9plduhvybc1.webp,9,6,2,2,1.0,adaptive,0.1417,0.0717,1,0.0717,0,0,0,0
wu9plduhvybc1.webp,9,7,0,0,0.992,adaptive,0.0452,0.0,0,0.0,0,0,0,0
wu9plduhvybc1.webp,9,8,0,0,0.992,adaptive,0.0432,0.0,0,0.0,0,0,0,0
wu9plduhvybc1.webp,9,9,0,0,0.992,adaptive,0.0595,0.0,0,0.0,0,0,0,0
wuuy25r924qc1.webp,1,2,9,9,1.0,adaptive,0.1809,0.1085,1,0.1085,0,0,0,0
wuuy25r924qc1.webp,1,3,1,1,0.999,adaptive,0.1435,0.0566,1,0.0566,0,0,0,0
wuuy25r924qc1.webp,1,4,8,8,1.0,adaptive,0.2092,0.1105,1,0.1105,0,0,0,0
wuuy25r924qc1.webp,1,6,7,7,1.0,adaptive,0.1671,0.0673,1,0.0673,0,0,0,0
wuuy25r924qc1.webp,1,7,2,2,1.0,adaptive,0.1829,0.0942,1,0.0942,0,0,0,0
wuuy25r924qc1.webp,2,5,9,9,1.0,adaptive,0.1825,0.1104,1,0.1104,0,0,0,0
wuuy25r924qc1.webp,2,8,6,6,0.9999,adaptive,0.1841,0.1113,1,0.1113,0,0,0,0
wuuy25r924qc1.webp,2,9,7,7,1.0,adaptive,0.1495,0.071,1,0.071,0,0,0,0
wuuy25r924qc1.webp,3,5,2,2,1.0,adaptive,0.1938,0.0961,1,0.0961,0,0,0,0
wuuy25r924qc1.webp,3,8,9,9,1.0,adaptive,0.1979,0.1088,1,0.1088,0,0,0,0
wuuy25r924qc1.webp,3,9,3,3,1.0,adaptive,0.2052,0.0922,1,0.0922,0,0,0,0
wuuy25r924qc1.webp,4,1,1,1,0.9993,adaptive,0.1564,0.0566,1,0.0566,0,0,0,0
wuuy25r924qc1.webp,4,6,8,8,1.0,adaptive,0.2502,0.1112,1,0.1112,0,0,0,0
wuuy25r924qc1.webp,4,7,7,7,1.0,adaptive,0.2054,0.0688,1,0.0688,0,0,0,0
wuuy25r924qc1.webp,4,9,9,9,1.0,adaptive,0.2143,0.1085,1,0.1085,0,0,0,0
wuuy25r924qc1.webp,5,1,9,9,1.0,adaptive,0.1682,0.1092,1,0.1092,0,0,0,0
wuuy25r924qc1.webp,5,3,5,5,1.0,adaptive,0.1983,0.1011,1,0.1011,0,0,0,0
wuuy25r924qc1.webp,5,4,7,7,1.0,adaptive,0.1814,0.0701,1,0.0701,0,0,0,0
wuuy25r924qc1.webp,5,5,1,1,0.9996,adaptive,0.1311,0.0581,1,0.0581,0,0,0,0
wuuy25r924qc1.webp,5,8,2,2,1.0,adaptive,0.1575,0.098,1,0.098,0,0,0,0
wuuy25r924qc1.webp,6,6,9,9,1.0,adaptive,0.2283,0.1076,1,0.1076,0,0,0,0
wuuy25r924qc1.webp,6,8,1,1,0.9993,adaptive,0.1558,0.0568,1,0.0568,0,0,0,0
wuuy25r924qc1.webp,7,1,7,7,1.0,adaptive,0.1684,0.0686,1,0.0686,0,0,0,0
wuuy25r924qc1.webp,7,2,1,1,0.9997,adaptive,0.159,0.0588,1,0.0588,0,0,0,0
wuuy25r924qc1.webp,7,3,2,2,1.0,adaptive,0.2176,0.0953,1,0.0953,0,0,0,0
wuuy25r924qc1.webp,7,4,3,3,1.0,adaptive,0.2156,0.0907,1,0.0907,0,0,0,0
wuuy25r924qc1.webp,7,5,5,5,1.0,adaptive,0.185,0.1,1,0.1,0,0,0,0
wuuy25r924qc1.webp,7,6,4,4,1.0,adaptive,0.1947,0.0907,1,0.0907,0,0,0,0
wuuy25r924qc1.webp,7,7,9,9,1.0,adaptive,0.2201,0.108,1,0.108,0,0,0,0
wuuy25r924qc1.webp,7,8,8,8,1.0,adaptive,0.1992,0.1124,1,0.1124,0,0,0,0
wuuy25r924qc1.webp,7,9,6,6,1.0,adaptive,0.1951,0.1085,1,0.1085,0,0,0,0
wuuy25r924qc1.webp,8,1,8,8,1.0,adaptive,0.171,0.1117,1,0.1117,0,0,0,0
wuuy25r924qc1.webp,8,2,6,6,0.9999,adaptive,0.1703,0.1107,1,0.1107,0,0,0,0
wuuy25r924qc1.webp,8,3,4,4,1.0,adaptive,0.1748,0.0866,1,0.0866,0,0,0,0
wuuy25r924qc1.webp,8,4,9,9,1.0,adaptive,0.2123,0.1108,1,0.1108,0,0,0,0
wuuy25r924qc1.webp,8,5,7,7,1.0,adaptive,0.1276,0.0684,1,0.0684,0,0,0,0
wuuy25r924qc1.webp,8,6,1,1,0.9997,adaptive,0.1461,0.0579,1,0.0579,0,0,0,0
wuuy25r924qc1.webp,8,7,5,5,1.0,adaptive,0.1904,0.1022,1,0.1022,0,0,0,0
wuuy25r924qc1.webp,8,8,3,3,1.0,adaptive,0.1687,0.0948,1,0.0948,0,0,0,0
wuuy25r924qc1.webp,8,9,2,2,1.0,adaptive,0.1789,0.0972,1,0.0972,0,0,0,0
wuuy25r924qc1.webp,9,1,5,5,1.0,adaptive,0.1889,0.1014,1,0.1014,0,0,0,0
wuuy25r924qc1.webp,9,2,3,3,1.0,adaptive,0.1809,0.0929,1,0.0929,0,0,0,0
wuuy25r924qc1.webp,9,3,9,9,1.0,adaptive,0.2245,0.1083,1,0.1083,0,0,0,0
wuuy25r924qc1.webp,9,4,6,6,0.9999,adaptive,0.2355,0.1074,1,0.1074,0,0,0,0
wuuy25r924qc1.webp,9,5,8,8,1.0,adaptive,0.1999,0.1124,1,0.1124,0,0,0,0
wuuy25r924qc1.webp,9,6,2,2,1.0,adaptive,0.2085,0.0949,1,0.0949,0,0,0,0
wuuy25r924qc1.webp,9,7,4,4,1.0,adaptive,0.1983,0.0844,1,0.0844,0,0,0,0
wuuy25r924qc1.webp,9,8,7,7,1.0,adaptive,0.1725,0.0715,1,0.0715,0,0,0,0
wuuy25r924qc1.webp,9,9,1,1,0.9996,adaptive,0.1591,0.0559,1,0.0559,0,0,0,0
wvx0nshr1tdc1.webp,1,1,0,0,0.992,adaptive,0.0831,0.0,0,0.0,0,0,0,0
wvx0nshr1tdc1.webp,1,2,0,0,0.992,adaptive,0.0708,0.0,0,0.0,0,0,0,0
wvx0nshr1tdc1.webp,1,3,0,0,0.992,adaptive,0.0956,0.0,0,0.0,0,0,0,0
wvx0nshr1tdc1.webp,1,4,0,0,0.992,adaptive,0.0838,0.0,0,0.0,0,0,0,0
wvx0nshr1tdc1.webp,1,5,0,0,0.992,adaptive,0.0834,0.0,0,0.0,0,0,0,0
wvx0nshr1tdc1.webp,1,6,0,0,0.992,adaptive,0.0842,0.0,0,0.0,0,0,0,0
wvx0nshr1tdc1.webp,1,7,0,0,0.992,adaptive,0.0958,0.0,0,0.0,0,0,0,0
wvx0nshr1tdc1.webp,1,8,0,0,0.992,adaptive,0.0715,0.0,0,0.0,0,0,0,0
wvx0nshr1tdc1.webp,1,9,0,0,0.992,adaptive,0.0996,0.0,0,0.0,0,0,0,0
wvx0nshr1tdc1.webp,2,1,0,0,0.992,adaptive,0.0823,0.0,0,0.0,0,0,0,0
wvx0nshr1tdc1.webp,2,2,0,0,0.992,adaptive,0.0707,0.0,0,0.0,0,0,0,0
wvx0nshr1tdc1.webp,2,3,6,6,1.0,adaptive,0.1603,0.0898,1,0.0898,0,0,0,0
wvx0nshr1tdc1.webp,2,4,0,0,0.992,adaptive,0.0841,0.0,0,0.0,0,0,0,0
wvx0nshr1tdc1.webp,2,5,4,4,1.0,adaptive,0.1488,0.0787,1,0.0787,0,0,0,0
wvx0nshr1tdc1.webp,2,6,0,0,0.992,adaptive,0.0855,0.0,0,0.0,0,0,0,0
wvx0nshr1tdc1.webp,2,7,0,0,0.992,adaptive,0.0932,0.0,0,0.0,0,0,0,0
wvx0nshr1tdc1.webp,2,8,8,8,1.0,adaptive,0.1563,0.098,1,0.098,0,0,0,0
wvx0nshr1tdc1.webp,2,9,0,0,0.992,adaptive,0.0862,0.0,0,0.0,0,0,0,0
wvx0nshr1tdc1.webp,3,1,7,7,1.0,adaptive,0.1457,0.0626,1,0.0626,0,0,0,0
wvx0nshr1tdc1.webp,3,2,0,0,0.992,adaptive,0.0837,0.0,0,0.0,0,0,0,0
wvx0nshr1tdc1.webp,3,3,0,0,0.992,adaptive,0.1092,0.0,0,0.0,0,0,0,0
wvx0nshr1tdc1.webp,3,4,0,0,0.992,adaptive,0.0971,0.0,0,0.0,0,0,0,0
wvx0nshr1tdc1.webp,3,5,0,0,0.992,adaptive,0.0975,0.0,0,0.0,0,0,0,0
wvx0nshr1tdc1.webp,3,6,0,0,0.992,adaptive,0.0987,0.0,0,0.0,0,0,0,0
wvx0nshr1tdc1.webp,3,7,5,5,1.0,adaptive,0.1818,0.0847,1,0.0847,0,0,0,0
wvx0nshr1tdc1.webp,3,8,9,9,1.0,adaptive,0.1653,0.0902,1,0.0902,0,0,0,0
wvx0nshr1tdc1.webp,3,9,6,6,1.0,adaptive,0.188,0.0896,1,0.0896,0,0,0,0
wvx0nshr1tdc1.webp,4,1,4,4,1.0,adaptive,0.1593,0.0764,1,0.0764,0,0,0,0
wvx0nshr1tdc1.webp,4,2,0,0,0.992,adaptive,0.0726,0.0,0,0.0,0,0,0,0
wvx0nshr1tdc1.webp,4,3,0,0,0.992,adaptive,0.0973,0.0,0,0.0,0,0,0,0
wvx0nshr1tdc1.webp,4,4,8,8,1.0,adaptive,0.1804,0.0949,1,0.0949,0,0,0,0
wvx0nshr1tdc1.webp,4,5,7,7,1.0,adaptive,0.1463,0.0626,1,0.0626,0,0,0,0
wvx0nshr1tdc1.webp,4,6,0,0,0.992,adaptive,0.0869,0.0,0,0.0,0,0,0,0
wvx0nshr1tdc1.webp,4,7,0,0,0.992,adaptive,0.0987,0.0,0,0.0,0,0,0,0
wvx0nshr1tdc1.webp,4,8,3,3,1.0,adaptive,0.1549,0.0828,1,0.0828,0,0,0,0
wvx0nshr1tdc1.webp,4,9,0,0,0.992,adaptive,0.0927,0.0,0,0.0,0,0,0,0
wvx0nshr1tdc1.webp,5,1,0,0,0.992,adaptive,0.0832,0.0,0,0.0,0,0,0,0
wvx0nshr1tdc1.webp,5,2,7,7,1.0,adaptive,0.1334,0.0643,1,0.0643,0,0,0,0
wvx0nshr1tdc1.webp,5,3,0,0,0.992,adaptive,0.0972,0.0,0,0.0,0,0,0,0
wvx0nshr1tdc1.webp,5,4,0,0,0.992,adaptive,0.085,0.0,0,0.0,0,0,0,0
wvx0nshr1tdc1.webp,5,5,0,0,0.992,adaptive,0.0849,0.0,0,0.0,0,0,0,0
wvx0nshr1tdc1.webp,5,6,9,9,0.9999,adaptive,0.1653,0.0902,1,0.0902,0,0,0,0
wvx0nshr1tdc1.webp,5,7,0,0,0.992,adaptive,0.0977,0.0,0,0.0,0,0,0,0
wvx0nshr1tdc1.webp,5,8,0,0,0.992,adaptive,0.0721,0.0,0,0.0,0,0,0,0
wvx0nshr1tdc1.webp,5,9,0,0,0.992,adaptive,0.0853,0.0,0,0.0,0,0,0,0
wvx0nshr1tdc1.webp,6,1,9,9,1.0,adaptive,0.1715,0.0878,1,0.0878,0,0,0,0
wvx0nshr1tdc1.webp,6,2,1,1,1.0,adaptive,0.1316,0.0595,1,0.0595,0,0,0,0
wvx0nshr1tdc1.webp,6,3,0,0,0.992,adaptive,0.0989,0.0,0,0.0,0,0,0,0
wvx0nshr1tdc1.webp,6,4,0,0,0.992,adaptive,0.0867,0.0,0,0.0,0,0,0,0
wvx0nshr1tdc1.webp,6,5,0,0,0.992,adaptive,0.0864,0.0,0,0.0,0,0,0,0
wvx0nshr1tdc1.webp,6,6,5,5,1.0,adaptive,0.1711,0.0853,1,0.0853,0,0,0,0
wvx0nshr1tdc1.webp,6,7,6,6,1.0,adaptive,0.1758,0.0893,1,0.0893,0,0,0,0
wvx0nshr1tdc1.webp,6,8,7,7,1.0,adaptive,0.1377,0.0654,1,0.0654,0,0,0,0
wvx0nshr1tdc1.webp,6,9,0,0,0.992,adaptive,0.0851,0.0,0,0.0,0,0,0,0
wvx0nshr1tdc1.webp,7,1,0,0,0.992,adaptive,0.0953,0.0,0,0.0,0,0,0,0
wvx0nshr1tdc1.webp,7,2,5,5,1.0,adaptive,0.168,0.0857,1,0.0857,0,0,0,0
wvx0nshr1tdc1.webp,7,3,0,0,0.992,adaptive,0.1103,0.0,0,0.0,0,0,0,0
wvx0nshr1tdc1.webp,7,4,0,0,0.992,adaptive,0.098,0.0,0,0.0,0,0,0,0
wvx0nshr1tdc1.webp,7,5,2,2,1.0,adaptive,0.1768,0.0816,1,0.0816,0,0,0,0
wvx0nshr1tdc1.webp,7,6,4,4,1.0,adaptive,0.1731,0.0751,1,0.0751,0,0,0,0
wvx0nshr1tdc1.webp,7,7,0,0,0.992,adaptive,0.11,0.0,0,0.0,0,0,0,0
wvx0nshr1tdc1.webp,7,8,0,0,0.992,adaptive,0.0864,0.0,0,0.0,0,0,0,0
wvx0nshr1tdc1.webp,7,9,0,0,0.992,adaptive,0.0976,0.0,0,0.0,0,0,0,0
wvx0nshr1tdc1.webp,8,1,0,0,0.992,adaptive,0.0712,0.0,0,0.0,0,0,0,0
wvx0nshr1tdc1.webp,8,2,6,6,0.9999,adaptive,0.1515,0.0937,1,0.0937,0,0,0,0
wvx0nshr1tdc1.webp,8,3,0,0,0.992,adaptive,0.085,0.0,0,0.0,0,0,0,0
wvx0nshr1tdc1.webp,8,4,3,3,1.0,adaptive,0.1538,0.0821,1,0.0821,0,0,0,0
wvx0nshr1tdc1.webp,8,5,0,0,0.992,adaptive,0.0721,0.0,0,0.0,0,0,0,0
wvx0nshr1tdc1.webp,8,6,0,0,0.992,adaptive,0.0726,0.0,0,0.0,0,0,0,0
wvx0nshr1tdc1.webp,8,7,0,0,0.992,adaptive,0.0855,0.0,0,0.0,0,0,0,0
wvx0nshr1tdc1.webp,8,8,5,5,1.0,adaptive,0.1472,0.0886,1,0.0886,0,0,0,0
wvx0nshr1tdc1.webp,8,9,0,0,0.992,adaptive,0.0719,0.0,0,0.0,0,0,0,0
wvx0nshr1tdc1.webp,9,1,0,0,0.992,adaptive,0.0862,0.0,0,0.0,0,0,0,0
wvx0nshr1tdc1.webp,9,2,0,0,0.992,adaptive,0.0726,0.0,0,0.0,0,0,0,0
wvx0nshr1tdc1.webp,9,3,0,0,0.992,adaptive,0.0973,0.0,0,0.0,0,0,0,0
wvx0nshr1tdc1.webp,9,4,0,0,0.992,adaptive,0.0849,0.0,0,0.0,0,0,0,0
wvx0nshr1tdc1.webp,9,5,0,0,0.992,adaptive,0.0848,0.0,0,0.0,0,0,0,0
wvx0nshr1tdc1.webp,9,6,0,0,0.992,adaptive,0.0851,0.0,0,0.0,0,0,0,0
wvx0nshr1tdc1.webp,9,7,0,0,0.992,adaptive,0.0978,0.0,0,0.0,0,0,0,0
wvx0nshr1tdc1.webp,9,8,0,0,0.992,adaptive,0.0837,0.0,0,0.0,0,0,0,0
wvx0nshr1tdc1.webp,9,9,1,1,1.0,adaptive,0.1486,0.0619,1,0.0619,0,0,0,0
x2nhovdu009c1.webp,1,1,0,0,0.992,adaptive,0.0697,0.0,0,0.0,0,0,0,0
x2nhovdu009c1.webp,1,2,0,0,0.992,adaptive,0.0425,0.0,0,0.0,0,0,0,0
x2nhovdu009c1.webp,1,3,3,3,1.0,adaptive,0.1495,0.0795,1,0.0795,0,0,0,0
x2nhovdu009c1.webp,1,4,0,0,0.992,adaptive,0.0815,0.0,0,0.0,0,0,0,0
x2nhovdu009c1.webp,1,5,0,0,0.992,adaptive,0.0441,0.0,0,0.0,0,0,0,0
x2nhovdu009c1.webp,1,6,7,7,1.0,adaptive,0.1432,0.0724,1,0.0724,0,0,0,0
x2nhovdu009c1.webp,1,7,0,0,0.992,adaptive,0.0813,0.0,0,0.0,0,0,0,0
x2nhovdu009c1.webp,1,8,9,9,1.0,adaptive,0.1578,0.102,1,0.102,0,0,0,0
x2nhovdu009c1.webp,1,9,0,0,0.992,adaptive,0.0844,0.0,0,0.0,0,0,0,0
x2nhovdu009c1.webp,2,1,0,0,0.992,adaptive,0.0308,0.0,0,0.0,0,0,0,0
x2nhovdu009c1.webp,2,2,9,9,1.0,adaptive,0.1031,0.1026,1,0.1026,0,0,0,0
x2nhovdu009c1.webp,2,3,0,0,0.992,adaptive,0.0303,0.0,0,0.0,0,0,0,0
x2nhovdu009c1.webp,2,4,0,0,0.992,adaptive,0.0436,0.0,0,0.0,0,0,0,0
x2nhovdu009c1.webp,2,5,4,4,0.9996,adaptive,0.0836,0.0829,1,0.0829,0,0,0,0
x2nhovdu009c1.webp,2,6,0,0,0.992,adaptive,0.0303,0.0,0,0.0,0,0,0,0
x2nhovdu009c1.webp,2,7,0,0,0.992,adaptive,0.0439,0.0,0,0.0,0,0,0,0
x2nhovdu009c1.webp,2,8,0,0,0.992,adaptive,0.0138,0.0,0,0.0,0,0,0,0
x2nhovdu009c1.webp,2,9,6,6,0.998,adaptive,0.1463,0.1013,1,0.1013,0,0,0,0
x2nhovdu009c1.webp,3,1,0,0,0.992,adaptive,0.0586,0.0,0,0.0,0,0,0,0
x2nhovdu009c1.webp,3,2,0,0,0.992,adaptive,0.0303,0.0,0,0.0,0,0,0,0
x2nhovdu009c1.webp,3,3,5,5,1.0,adaptive,0.1461,0.0871,1,0.0871,0,0,0,0
x2nhovdu009c1.webp,3,4,0,0,0.992,adaptive,0.0697,0.0,0,0.0,0,0,0,0
x2nhovdu009c1.webp,3,5,0,0,0.992,adaptive,0.0303,0.0,0,0.0,0,0,0,0
x2nhovdu009c1.webp,3,6,3,3,1.0,adaptive,0.1408,0.0818,1,0.0818,0,0,0,0
x2nhovdu009c1.webp,3,7,0,0,0.992,adaptive,0.0699,0.0,0,0.0,0,0,0,0
x2nhovdu009c1.webp,3,8,8,8,1.0,adaptive,0.1531,0.1115,1,0.1115,0,0,0,0
x2nhovdu009c1.webp,3,9,0,0,0.992,adaptive,0.0726,0.0,0,0.0,0,0,0,0
x2nhovdu009c1.webp,4,1,0,0,0.992,adaptive,0.0693,0.0,0,0.0,0,0,0,0
x2nhovdu009c1.webp,4,2,5,5,1.0,adaptive,0.1282,0.0862,1,0.0862,0,0,0,0
x2nhovdu009c1.webp,4,3,0,0,0.992,adaptive,0.0695,0.0,0,0.0,0,0,0,0
x2nhovdu009c1.webp,4,4,0,0,0.992,adaptive,0.0806,0.0,0,0.0,0,0,0,0
x2nhovdu009c1.webp,4,5,8,8,1.0,adaptive,0.1524,0.1106,1,0.1106,0,0,0,0
x2nhovdu009c1.webp,4,6,0,0,0.992,adaptive,0.0686,0.0,0,0.0,0,0,0,0
x2nhovdu009c1.webp,4,7,0,0,0.992,adaptive,0.0804,0.0,0,0.0,0,0,0,0
x2nhovdu009c1.webp,4,8,0,0,0.992,adaptive,0.0484,0.0,0,0.0,0,0,0,0
x2nhovdu009c1.webp,4,9,2,2,1.0,adaptive,0.1662,0.0889,1,0.0889,0,0,0,0
x2nhovdu009c1.webp,5,1,2,2,1.0,adaptive,0.1452,0.0925,1,0.0925,0,0,0,0
x2nhovdu009c1.webp,5,2,1,1,1.0,adaptive,0.0797,0.0659,1,0.0659,0,0,0,0
x2nhovdu009c1.webp,5,3,8,8,1.0,adaptive,0.1508,0.1085,1,0.1085,0,0,0,0
x2nhovdu009c1.webp,5,4,3,3,1.0,adaptive,0.1389,0.0828,1,0.0828,0,0,0,0
x2nhovdu009c1.webp,5,5,9,9,1.0,adaptive,0.1159,0.1017,1,0.1017,0,0,0,0
x2nhovdu009c1.webp,5,6,4,4,0.9998,adaptive,0.1251,0.0828,1,0.0828,0,0,0,0
x2nhovdu009c1.webp,5,7,7,7,1.0,adaptive,0.1309,0.0751,1,0.0751,0,0,0,0
x2nhovdu009c1.webp,5,8,6,6,0.9996,adaptive,0.132,0.1051,1,0.1051,0,0,0,0
x2nhovdu009c1.webp,5,9,5,5,1.0,adaptive,0.1441,0.0873,1,0.0873,0,0,0,0
x2nhovdu009c1.webp,6,1,9,9,1.0,adaptive,0.1599,0.1011,1,0.1011,0,0,0,0
x2nhovdu009c1.webp,6,2,0,0,0.992,adaptive,0.0301,0.0,0,0.0,0,0,0,0
x2nhovdu009c1.webp,6,3,0,0,0.992,adaptive,0.0586,0.0,0,0.0,0,0,0,0
x2nhovdu009c1.webp,6,4,0,0,0.992,adaptive,0.0706,0.0,0,0.0,0,0,0,0
x2nhovdu009c1.webp,6,5,0,0,0.992,adaptive,0.0301,0.0,0,0.0,0,0,0,0
x2nhovdu009c1.webp,6,6,0,0,0.992,adaptive,0.059,0.0,0,0.0,0,0,0,0
x2nhovdu009c1.webp,6,7,0,0,0.992,adaptive,0.0708,0.0,0,0.0,0,0,0,0
x2nhovdu009c1.webp,6,8,0,0,0.992,adaptive,0.0409,0.0,0,0.0,0,0,0,0
x2nhovdu009c1.webp,6,9,8,8,1.0,adaptive,0.1905,0.1094,1,0.1094,0,0,0,0
x2nhovdu009c1.webp,7,1,8,8,1.0,adaptive,0.1642,0.1087,1,0.1087,0,0,0,0
x2nhovdu009c1.webp,7,2,6,6,0.9978,adaptive,0.1232,0.1011,1,0.1011,0,0,0,0
x2nhovdu009c1.webp,7,3,0,0,0.992,adaptive,0.0454,0.0,0,0.0,0,0,0,0
x2nhovdu009c1.webp,7,4,0,0,0.992,adaptive,0.0559,0.0,0,0.0,0,0,0,0
x2nhovdu009c1.webp,7,5,0,0,0.992,adaptive,0.0276,0.0,0,0.0,0,0,0,0
x2nhovdu009c1.webp,7,6,0,0,0.992,adaptive,0.0532,0.0,0,0.0,0,0,0,0
x2nhovdu009c1.webp,7,7,0,0,0.992,adaptive,0.0677,0.0,0,0.0,0,0,0,0
x2nhovdu009c1.webp,7,8,5,5,1.0,adaptive,0.1232,0.0884,1,0.0884,0,0,0,0
x2nhovdu009c1.webp,7,9,9,9,1.0,adaptive,0.1646,0.1002,1,0.1002,0,0,0,0
x2nhovdu009c1.webp,8,1,0,0,0.992,adaptive,0.0421,0.0,0,0.0,0,0,0,0
x2nhovdu009c1.webp,8,2,3,3,1.0,adaptive,0.0971,0.0833,1,0.0833,0,0,0,0
x2nhovdu009c1.webp,8,3,0,0,0.992,adaptive,0.0427,0.0,0,0.0,0,0,0,0
x2nhovdu009c1.webp,8,4,0,0,0.992,adaptive,0.0563,0.0,0,0.0,0,0,0,0
x2nhovdu009c1.webp,8,5,0,0,0.992,adaptive,0.0147,0.0,0,0.0,0,0,0,0
x2nhovdu009c1.webp,8,6,0,0,0.992,adaptive,0.0427,0.0,0,0.0,0,0,0,0
x2nhovdu009c1.webp,8,7,0,0,0.992,adaptive,0.0565,0.0,0,0.0,0,0,0,0
x2nhovdu009c1.webp,8,8,2,2,1.0,adaptive,0.1063,0.0907,1,0.0907,0,0,0,0
x2nhovdu009c1.webp,8,9,0,0,0.992,adaptive,0.0423,0.0,0,0.0,0,0,0,0
x2nhovdu009c1.webp,9,1,0,0,0.992,adaptive,0.0586,0.0,0,0.0,0,0,0,0
x2nhovdu009c1.webp,9,2,0,0,0.992,adaptive,0.0299,0.0,0,0.0,0,0,0,0
x2nhovdu009c1.webp,9,3,9,9,1.0,adaptive,0.1662,0.1011,1,0.1011,0,0,0,0
x2nhovdu009c1.webp,9,4,4,4,0.9994,adaptive,0.1651,0.0811,1,0.0811,0,0,0,0
x2nhovdu009c1.webp,9,5,5,5,1.0,adaptive,0.1314,0.0866,1,0.0866,0,0,0,0
x2nhovdu009c1.webp,9,6,6,6,0.999,adaptive,0.1724,0.0998,1,0.0998,0,0,0,0
x2nhovdu009c1.webp,9,7,8,8,1.0,adaptive,0.1916,0.1078,1,0.1078,0,0,0,0
x2nhovdu009c1.webp,9,8,0,0,0.992,adaptive,0.0457,0.0,0,0.0,0,0,0,0
x2nhovdu009c1.webp,9,9,0,0,0.992,adaptive,0.0731,0.0,0,0.0,0,0,0,0
x3andcrt9tpc1.webp,1,1,9,9,0.9999,adaptive,0.1671,0.0831,1,0.0831,0,0,0,0
x3andcrt9tpc1.webp,1,3,7,7,1.0,adaptive,0.1334,0.0495,1,0.0495,0,0,0,0
x3andcrt9tpc1.webp,1,4,4,4,1.0,adaptive,0.1617,0.0664,1,0.0664,0,0,0,0
x3andcrt9tpc1.webp,1,5,5,5,1.0,adaptive,0.1368,0.0796,1,0.0796,0,0,0,0
x3andcrt9tpc1.webp,1,7,1,1,0.9992,adaptive,0.082,0.0383,1,0.0383,0,0,0,0
x3andcrt9tpc1.webp,2,1,6,6,0.9999,adaptive,0.1389,0.0825,1,0.0825,0,0,0,0
x3andcrt9tpc1.webp,2,2,1,1,0.9977,adaptive,0.0399,0.0399,1,0.0399,0,0,0,0
x3andcrt9tpc1.webp,2,3,4,4,1.0,adaptive,0.1255,0.0692,1,0.0692,0,0,0,0
x3andcrt9tpc1.webp,2,4,2,2,1.0,adaptive,0.1386,0.069,1,0.069,0,0,0,0
x3andcrt9tpc1.webp,3,1,2,2,1.0,adaptive,0.1533,0.0697,1,0.0697,0,0,0,0
x3andcrt9tpc1.webp,3,2,5,5,1.0,adaptive,0.1425,0.0798,1,0.0798,0,0,0,0
x3andcrt9tpc1.webp,3,5,7,7,1.0,adaptive,0.1083,0.0513,1,0.0513,0,0,0,0
x3andcrt9tpc1.webp,3,8,4,4,1.0,adaptive,0.1232,0.0678,1,0.0678,0,0,0,0
x3andcrt9tpc1.webp,4,3,9,9,1.0,adaptive,0.1789,0.0833,1,0.0833,0,0,0,0
x3andcrt9tpc1.webp,5,6,3,3,1.0,adaptive,0.1298,0.0733,1,0.0733,0,0,0,0
x3andcrt9tpc1.webp,5,9,8,8,1.0,adaptive,0.1296,0.0848,1,0.0848,0,0,0,0
x3andcrt9tpc1.webp,6,1,4,4,1.0,adaptive,0.1366,0.0659,1,0.0659,0,0,0,0
x3andcrt9tpc1.webp,6,2,7,7,1.0,adaptive,0.0819,0.0516,1,0.0516,0,0,0,0
x3andcrt9tpc1.webp,6,5,2,2,1.0,adaptive,0.1196,0.0701,1,0.0701,0,0,0,0
x3andcrt9tpc1.webp,6,8,1,1,0.9978,adaptive,0.0819,0.0405,1,0.0405,0,0,0,0
x3andcrt9tpc1.webp,7,3,1,1,0.9985,adaptive,0.0829,0.039,1,0.039,0,0,0,0
x3andcrt9tpc1.webp,7,5,9,9,1.0,adaptive,0.1427,0.0855,1,0.0855,0,0,0,0
x3andcrt9tpc1.webp,8,1,5,5,1.0,adaptive,0.1377,0.0798,1,0.0798,0,0,0,0
x3andcrt9tpc1.webp,8,2,9,9,1.0,adaptive,0.1143,0.0852,1,0.0852,0,0,0,0
x3andcrt9tpc1.webp,8,6,2,2,1.0,adaptive,0.1393,0.0703,1,0.0703,0,0,0,0
x3andcrt9tpc1.webp,8,7,3,3,1.0,adaptive,0.1303,0.0728,1,0.0728,0,0,0,0
x3andcrt9tpc1.webp,9,3,6,6,0.9999,adaptive,0.1537,0.0833,1,0.0833,0,0,0,0
x3andcrt9tpc1.webp,9,8,5,5,1.0,adaptive,0.1219,0.0787,1,0.0787,0,0,0,0
xbkj5xcdv6xc1.webp,1,1,0,0,0.992,adaptive,0.0693,0.0,0,0.0,0,0,0,0
xbkj5xcdv6xc1.webp,1,2,0,0,0.992,adaptive,0.0301,0.0,0,0.0,0,0,0,0
xbkj5xcdv6xc1.webp,1,3,0,0,0.992,adaptive,0.0586,0.0,0,0.0,0,0,0,0
xbkj5xcdv6xc1.webp,1,4,0,0,0.992,adaptive,0.0581,0.0,0,0.0,0,0,0,0
xbkj5xcdv6xc1.webp,1,5,0,0,0.992,adaptive,0.0301,0.0,0,0.0,0,0,0,0
xbkj5xcdv6xc1.webp,1,6,0,0,0.992,adaptive,0.0584,0.0,0,0.0,0,0,0,0
xbkj5xcdv6xc1.webp,1,7,0,0,0.992,adaptive,0.0581,0.0,0,0.0,0,0,0,0
xbkj5xcdv6xc1.webp,1,8,0,0,0.992,adaptive,0.0303,0.0,0,0.0,0,0,0,0
xbkj5xcdv6xc1.webp,1,9,7,7,0.9998,adaptive,0.1631,0.0971,1,0.0971,0,0,0,0
xbkj5xcdv6xc1.webp,2,1,4,4,1.0,adaptive,0.1721,0.1361,1,0.1361,0,0,0,0
xbkj5xcdv6xc1.webp,2,2,0,0,0.992,adaptive,0.0,0.0,0,0.0,0,0,0,0
xbkj5xcdv6xc1.webp,2,3,0,0,0.992,adaptive,0.0299,0.0,0,0.0,0,0,0,0
xbkj5xcdv6xc1.webp,2,4,6,6,0.9942,adaptive,0.2121,0.1687,1,0.1687,0,0,0,0
xbkj5xcdv6xc1.webp,2,5,0,0,0.992,adaptive,0.0,0.0,0,0.0,0,0,0,0
xbkj5xcdv6xc1.webp,2,6,0,0,0.992,adaptive,0.0299,0.0,0,0.0,0,0,0,0
xbkj5xcdv6xc1.webp,2,7,0,0,0.992,adaptive,0.0303,0.0,0,0.0,0,0,0,0
xbkj5xcdv6xc1.webp,2,8,1,1,0.8614,adaptive,0.095,0.0895,1,0.0895,0,0,0,0
xbkj5xcdv6xc1.webp,2,9,0,0,0.992,adaptive,0.0299,0.0,0,0.0,0,0,0,0
xbkj5xcdv6xc1.webp,3,1,5,5,1.0,adaptive,0.2239,0.1539,1,0.1539,0,0,0,0
xbkj5xcdv6xc1.webp,3,2,0,0,0.992,adaptive,0.0301,0.0,0,0.0,0,0,0,0
xbkj5xcdv6xc1.webp,3,3,0,0,0.992,adaptive,0.059,0.0,0,0.0,0,0,0,0
xbkj5xcdv6xc1.webp,3,4,2,2,0.9992,adaptive,0.2176,0.1493,1,0.1493,0,0,0,0
xbkj5xcdv6xc1.webp,3,5,0,0,0.992,adaptive,0.0301,0.0,0,0.0,0,0,0,0
xbkj5xcdv6xc1.webp,3,6,0,0,0.992,adaptive,0.0588,0.0,0,0.0,0,0,0,0
xbkj5xcdv6xc1.webp,3,7,8,8,0.9999,adaptive,0.2466,0.1784,1,0.1784,0,0,0,0
xbkj5xcdv6xc1.webp,3,8,0,0,0.992,adaptive,0.0301,0.0,0,0.0,0,0,0,0
xbkj5xcdv6xc1.webp,3,9,0,0,0.992,adaptive,0.0588,0.0,0,0.0,0,0,0,0
xbkj5xcdv6xc1.webp,4,1,2,2,0.9994,adaptive,0.2107,0.1484,1,0.1484,0,0,0,0
xbkj5xcdv6xc1.webp,4,2,1,1,0.9498,adaptive,0.1165,0.085,1,0.085,0,0,0,0
xbkj5xcdv6xc1.webp,4,3,0,0,0.992,adaptive,0.0581,0.0,0,0.0,0,0,0,0
xbkj5xcdv6xc1.webp,4,4,0,0,0.992,adaptive,0.0584,0.0,0,0.0,0,0,0,0
xbkj5xcdv6xc1.webp,4,5,0,0,0.992,adaptive,0.0303,0.0,0,0.0,0,0,0,0
xbkj5xcdv6xc1.webp,4,6,6,6,0.9954,adaptive,0.231,0.1691,1,0.1691,0,0,0,0
xbkj5xcdv6xc1.webp,4,7,0,0,0.992,adaptive,0.0581,0.0,0,0.0,0,0,0,0
xbkj5xcdv6xc1.webp,4,8,0,0,0.992,adaptive,0.0303,0.0,0,0.0,0,0,0,0
xbkj5xcdv6xc1.webp,4,9,9,9,0.9998,adaptive,0.2294,0.1671,1,0.1671,0,0,0,0
xbkj5xcdv6xc1.webp,5,1,3,3,0.999,adaptive,0.1929,0.1474,1,0.1474,0,0,0,0
xbkj5xcdv6xc1.webp,5,2,0,0,0.992,adaptive,0.0,0.0,0,0.0,0,0,0,0
xbkj5xcdv6xc1.webp,5,3,5,5,1.0,adaptive,0.1938,0.1454,1,0.1454,0,0,0,0
xbkj5xcdv6xc1.webp,5,4,0,0,0.992,adaptive,0.0303,0.0,0,0.0,0,0,0,0
xbkj5xcdv6xc1.webp,5,5,8,8,0.9998,adaptive,0.194,0.1779,1,0.1779,0,0,0,0
xbkj5xcdv6xc1.webp,5,6,0,0,0.992,adaptive,0.0301,0.0,0,0.0,0,0,0,0
xbkj5xcdv6xc1.webp,5,7,2,2,0.9991,adaptive,0.1943,0.1481,1,0.1481,0,0,0,0
xbkj5xcdv6xc1.webp,5,8,0,0,0.992,adaptive,0.0002,0.0,0,0.0,0,0,0,0
xbkj5xcdv6xc1.webp,5,9,1,1,0.9209,adaptive,0.1248,0.0884,1,0.0884,0,0,0,0
xbkj5xcdv6xc1.webp,6,1,8,8,0.9998,adaptive,0.2448,0.1762,1,0.1762,0,0,0,0
xbkj5xcdv6xc1.webp,6,2,0,0,0.992,adaptive,0.0299,0.0,0,0.0,0,0,0,0
xbkj5xcdv6xc1.webp,6,3,0,0,0.992,adaptive,0.059,0.0,0,0.0,0,0,0,0
xbkj5xcdv6xc1.webp,6,4,1,1,0.9633,adaptive,0.1515,0.0891,1,0.0891,0,0,0,0
xbkj5xcdv6xc1.webp,6,5,0,0,0.992,adaptive,0.0299,0.0,0,0.0,0,0,0,0
xbkj5xcdv6xc1.webp,6,6,0,0,0.992,adaptive,0.0588,0.0,0,0.0,0,0,0,0
xbkj5xcdv6xc1.webp,6,7,0,0,0.992,adaptive,0.0579,0.0,0,0.0,0,0,0,0
xbkj5xcdv6xc1.webp,6,8,4,4,1.0,adaptive,0.173,0.1377,1,0.1377,0,0,0,0
xbkj5xcdv6xc1.webp,6,9,3,3,0.9996,adaptive,0.2199,0.1499,1,0.1499,0,0,0,0
xbkj5xcdv6xc1.webp,7,1,0,0,0.992,adaptive,0.0584,0.0,0,0.0,0,0,0,0
xbkj5xcdv6xc1.webp,7,2,0,0,0.992,adaptive,0.0301,0.0,0,0.0,0,0,0,0
xbkj5xcdv6xc1.webp,7,3,8,8,0.9999,adaptive,0.2397,0.1767,1,0.1767,0,0,0,0
xbkj5xcdv6xc1.webp,7,4,0,0,0.992,adaptive,0.0581,0.0,0,0.0,0,0,0,0
xbkj5xcdv6xc1.webp,7,5,0,0,0.992,adaptive,0.0303,0.0,0,0.0,0,0,0,0
xbkj5xcdv6xc1.webp,7,6,7,7,0.9998,adaptive,0.1593,0.0947,1,0.0947,0,0,0,0
xbkj5xcdv6xc1.webp,7,7,0,0,0.992,adaptive,0.0581,0.0,0,0.0,0,0,0,0
xbkj5xcdv6xc1.webp,7,8,0,0,0.992,adaptive,0.0303,0.0,0,0.0,0,0,0,0
xbkj5xcdv6xc1.webp,7,9,6,6,0.9889,adaptive,0.2288,0.1671,1,0.1671,0,0,0,0
xbkj5xcdv6xc1.webp,8,1,0,0,0.992,adaptive,0.0303,0.0,0,0.0,0,0,0,0
xbkj5xcdv6xc1.webp,8,2,3,3,0.9993,adaptive,0.1662,0.1492,1,0.1492,0,0,0,0
xbkj5xcdv6xc1.webp,8,3,0,0,0.992,adaptive,0.0301,0.0,0,0.0,0,0,0,0
xbkj5xcdv6xc1.webp,8,4,0,0,0.992,adaptive,0.0303,0.0,0,0.0,0,0,0,0
xbkj5xcdv6xc1.webp,8,5,0,0,0.992,adaptive,0.0002,0.0,0,0.0,0,0,0,0
xbkj5xcdv6xc1.webp,8,6,2,2,0.9995,adaptive,0.1947,0.1481,1,0.1481,0,0,0,0
xbkj5xcdv6xc1.webp,8,7,0,0,0.992,adaptive,0.0303,0.0,0,0.0,0,0,0,0
xbkj5xcdv6xc1.webp,8,8,0,0,0.992,adaptive,0.0002,0.0,0,0.0,0,0,0,0
xbkj5xcdv6xc1.webp,8,9,8,8,0.9997,adaptive,0.2212,0.1746,1,0.1746,0,0,0,0
xbkj5xcdv6xc1.webp,9,1,9,9,0.9996,adaptive,0.2495,0.168,1,0.168,0,0,0,0
xbkj5xcdv6xc1.webp,9,2,0,0,0.992,adaptive,0.0448,0.0,0,0.0,0,0,0,0
xbkj5xcdv6xc1.webp,9,3,0,0,0.992,adaptive,0.0684,0.0,0,0.0,0,0,0,0
xbkj5xcdv6xc1.webp,9,4,0,0,0.992,adaptive,0.0586,0.0,0,0.0,0,0,0,0
xbkj5xcdv6xc1.webp,9,5,0,0,0.992,adaptive,0.0303,0.0,0,0.0,0,0,0,0
xbkj5xcdv6xc1.webp,9,6,0,0,0.992,adaptive,0.059,0.0,0,0.0,0,0,0,0
xbkj5xcdv6xc1.webp,9,7,0,0,0.992,adaptive,0.0579,0.0,0,0.0,0,0,0,0
xbkj5xcdv6xc1.webp,9,8,0,0,0.992,adaptive,0.0299,0.0,0,0.0,0,0,0,0
xbkj5xcdv6xc1.webp,9,9,0,0,0.992,adaptive,0.0588,0.0,0,0.0,0,0,0,0
xfn4ch9q5krc1.webp,1,1,5,5,1.0,adaptive,0.1693,0.1426,1,0.1426,0,0,0,0
xfn4ch9q5krc1.webp,1,4,7,7,1.0,adaptive,0.1087,0.1087,1,0.1087,0,0,0,0
xfn4ch9q5krc1.webp,1,6,6,6,1.0,adaptive,0.1423,0.1423,2,0.1072,0,0,0,0
xfn4ch9q5krc1.webp,1,7,9,9,1.0,adaptive,0.1626,0.1366,2,0.1025,0,0,0,0
xfn4ch9q5krc1.webp,1,8,8,8,1.0,adaptive,0.1986,0.1732,3,0.1117,0,0,0,1
xfn4ch9q5krc1.webp,1,9,1,1,1.0,adaptive,0.1439,0.0911,1,0.0911,0,0,0,0
xfn4ch9q5krc1.webp,2,1,6,6,1.0,adaptive,0.1578,0.1578,2,0.1201,0,0,0,0
xfn4ch9q5krc1.webp,2,4,2,2,1.0,adaptive,0.1909,0.1431,1,0.1431,0,0,0,0
xfn4ch9q5krc1.webp,2,6,9,9,1.0,adaptive,0.1459,0.1459,2,0.1104,0,0,0,0
xfn4ch9q5krc1.webp,2,7,5,5,1.0,adaptive,0.1545,0.1545,1,0.1545,0,0,0,0
xfn4ch9q5krc1.webp,3,1,9,9,1.0,adaptive,0.178,0.1513,2,0.1149,0,0,0,0
xfn4ch9q5krc1.webp,3,4,5,5,1.0,adaptive,0.153,0.153,1,0.153,0,0,0,0
xfn4ch9q5krc1.webp,3,8,6,6,1.0,adaptive,0.152,0.137,2,0.1029,0,0,0,0
xfn4ch9q5krc1.webp,3,9,2,2,1.0,adaptive,0.1867,0.1016,2,0.0512,0,0,0,0
xfn4ch9q5krc1.webp,4,1,8,8,1.0,adaptive,0.1773,0.1521,3,0.0938,0,0,0,1
xfn4ch9q5krc1.webp,4,2,3,3,0.9998,adaptive,0.18,0.1651,1,0.1651,0,0,0,0
xfn4ch9q5krc1.webp,4,3,4,4,1.0,adaptive,0.1546,0.1129,2,0.0916,0,0,0,0
xfn4ch9q5krc1.webp,4,4,1,1,0.9999,adaptive,0.092,0.0918,1,0.0918,0,0,0,0
xfn4ch9q5krc1.webp,4,5,6,6,1.0,adaptive,0.1517,0.1368,2,0.102,0,0,0,0
xfn4ch9q5krc1.webp,4,6,7,7,1.0,adaptive,0.1334,0.1009,1,0.1009,0,0,0,0
xfn4ch9q5krc1.webp,4,7,2,2,1.0,adaptive,0.1836,0.1025,2,0.086,0,0,0,0
xfn4ch9q5krc1.webp,4,8,5,5,1.0,adaptive,0.1796,0.1646,1,0.1646,0,0,0,0
xfn4ch9q5krc1.webp,4,9,9,9,1.0,adaptive,0.1793,0.1386,2,0.104,0,0,0,0
xfn4ch9q5krc1.webp,5,2,9,9,1.0,adaptive,0.14,0.14,2,0.1045,0,0,0,0
xfn4ch9q5krc1.webp,5,4,8,8,1.0,adaptive,0.1721,0.1748,3,0.114,0,0,0,1
xfn4ch9q5krc1.webp,5,6,5,5,1.0,adaptive,0.1945,0.1662,1,0.1662,0,0,0,0
xfn4ch9q5krc1.webp,5,9,6,6,1.0,adaptive,0.1673,0.1384,2,0.104,0,0,0,0
xfn4ch9q5krc1.webp,6,1,7,7,1.0,adaptive,0.1539,0.117,1,0.117,0,0,0,0
xfn4ch9q5krc1.webp,6,2,6,6,1.0,adaptive,0.164,0.1364,2,0.1013,0,0,0,0
xfn4ch9q5krc1.webp,6,3,5,5,1.0,adaptive,0.1929,0.1441,1,0.1441,0,0,0,0
xfn4ch9q5krc1.webp,6,4,9,9,1.0,adaptive,0.1464,0.1464,2,0.1098,0,0,0,0
xfn4ch9q5krc1.webp,6,5,2,2,1.0,adaptive,0.1592,0.1024,1,0.1024,0,0,0,0
xfn4ch9q5krc1.webp,6,7,8,8,1.0,adaptive,0.1635,0.1504,3,0.092,0,0,0,1
xfn4ch9q5krc1.webp,6,8,1,1,1.0,adaptive,0.0986,0.0834,1,0.0834,0,0,0,0
xfn4ch9q5krc1.webp,7,2,5,5,1.0,adaptive,0.1784,0.1644,1,0.1644,0,0,0,0
xfn4ch9q5krc1.webp,7,5,7,7,1.0,adaptive,0.1352,0.1205,1,0.1205,0,0,0,0
xfn4ch9q5krc1.webp,7,6,1,1,0.9999,adaptive,0.1156,0.0748,1,0.0748,0,0,0,0
xfn4ch9q5krc1.webp,7,7,4,4,1.0,adaptive,0.1374,0.1236,2,0.1018,0,0,0,0
xfn4ch9q5krc1.webp,7,9,8,8,1.0,adaptive,0.1851,0.1526,3,0.0929,0,0,0,1
xfn4ch9q5krc1.webp,8,5,9,9,1.0,adaptive,0.1563,0.1563,2,0.1187,0,0,0,0
xfn4ch9q5krc1.webp,8,6,8,8,1.0,adaptive,0.1834,0.1574,3,0.0986,0,0,0,1
xfn4ch9q5krc1.webp,8,7,6,6,1.0,adaptive,0.1538,0.1538,2,0.1174,0,0,0,0
xfn4ch9q5krc1.webp,8,9,5,5,1.0,adaptive,0.1744,0.1452,1,0.1452,0,0,0,0
xfn4ch9q5krc1.webp,9,2,8,8,1.0,adaptive,0.1995,0.173,3,0.111,0,0,0,1
xfn4ch9q5krc1.webp,9,5,5,5,1.0,adaptive,0.1741,0.1443,1,0.1443,0,0,0,0
xfn4ch9q5krc1.webp,9,6,2,2,1.0,adaptive,0.1591,0.1009,2,0.0508,0,0,0,0
xfn4ch9q5krc1.webp,9,7,1,1,1.0,adaptive,0.1112,0.0826,1,0.0826,0,0,0,0
xlznhyymlfec1.webp,1,1,4,4,1.0,adaptive,0.1971,0.1165,2,0.0973,0,0,0,0
xlznhyymlfec1.webp,1,2,2,2,1.0,adaptive,0.1859,0.1517,1,0.1517,0,0,0,0
xlznhyymlfec1.webp,1,3,3,3,1.0,adaptive,0.2364,0.1464,1,0.1464,0,0,0,0
xlznhyymlfec1.webp,1,4,6,6,1.0,adaptive,0.1945,0.1323,2,0.0998,0,0,0,0
xlznhyymlfec1.webp,1,6,9,9,0.9984,adaptive,0.2188,0.1288,2,0.0994,0,0,0,0
xlznhyymlfec1.webp,1,8,1,1,0.9999,adaptive,0.1461,0.1149,1,0.1149,0,0,0,0
xlznhyymlfec1.webp,1,9,5,5,1.0,adaptive,0.2368,0.139,2,0.139,1,0,0,0
xlznhyymlfec1.webp,2,1,8,8,1.0,adaptive,0.2166,0.1603,3,0.1052,0,0,0,1
xlznhyymlfec1.webp,2,3,5,5,1.0,adaptive,0.211,0.1407,1,0.1407,0,0,0,0
xlznhyymlfec1.webp,2,4,1,1,1.0,adaptive,0.1558,0.111,1,0.111,0,0,0,0
xlznhyymlfec1.webp,2,6,3,3,1.0,adaptive,0.2212,0.147,1,0.147,0,0,0,0
xlznhyymlfec1.webp,2,8,6,6,1.0,adaptive,0.1511,0.1341,2,0.1012,0,0,0,0
xlznhyymlfec1.webp,2,9,4,4,1.0,adaptive,0.2142,0.1239,2,0.1045,0,0,0,0
xlznhyymlfec1.webp,3,1,1,1,1.0,adaptive,0.2277,0.1112,1,0.1112,0,0,0,0
xlznhyymlfec1.webp,3,2,6,6,1.0,adaptive,0.2139,0.1389,2,0.1049,0,0,0,0
xlznhyymlfec1.webp,3,4,5,5,1.0,adaptive,0.239,0.137,1,0.137,0,0,0,0
xlznhyymlfec1.webp,4,1,3,3,1.0,adaptive,0.209,0.1553,1,0.1553,0,0,0,0
xlznhyymlfec1.webp,4,2,8,8,1.0,adaptive,0.1626,0.1606,3,0.1045,0,0,0,1
xlznhyymlfec1.webp,4,3,6,6,0.9999,adaptive,0.1969,0.1325,2,0.0998,0,0,0,0
xlznhyymlfec1.webp,4,4,4,4,1.0,adaptive,0.1555,0.1187,2,0.0978,0,0,0,0
xlznhyymlfec1.webp,4,5,9,9,0.9944,adaptive,0.1389,0.1303,2,0.0991,0,0,0,0
xlznhyymlfec1.webp,4,6,5,5,1.0,adaptive,0.2052,0.1363,1,0.1363,0,0,0,0
xlznhyymlfec1.webp,4,7,1,1,0.9999,adaptive,0.1519,0.1014,1,0.1014,0,0,0,0
xlznhyymlfec1.webp,4,8,7,7,1.0,adaptive,0.1275,0.1169,1,0.1169,0,0,0,0
xlznhyymlfec1.webp,4,9,2,2,1.0,adaptive,0.2208,0.1392,1,0.1392,0,0,0,0
xlznhyymlfec1.webp,5,1,5,5,1.0,adaptive,0.1963,0.1454,1,0.1454,0,0,0,0
xlznhyymlfec1.webp,5,2,4,4,1.0,adaptive,0.1203,0.1196,2,0.0989,0,0,0,0
xlznhyymlfec1.webp,5,3,2,2,1.0,adaptive,0.2035,0.1438,1,0.1438,0,0,0,0
xlznhyymlfec1.webp,5,4,8,8,1.0,adaptive,0.1863,0.1576,3,0.102,0,0,0,1
xlznhyymlfec1.webp,5,5,1,1,0.9999,adaptive,0.1109,0.11,1,0.11,0,0,0,0
xlznhyymlfec1.webp,5,6,7,7,1.0,adaptive,0.1701,0.109,1,0.109,0,0,0,0
xlznhyymlfec1.webp,5,7,6,6,1.0,adaptive,0.185,0.1382,2,0.1047,0,0,0,0
xlznhyymlfec1.webp,6,2,1,1,0.9999,adaptive,0.1707,0.1104,1,0.1104,0,0,0,0
xlznhyymlfec1.webp,6,4,2,2,1.0,adaptive,0.2364,0.1484,1,0.1484,0,0,0,0
xlznhyymlfec1.webp,6,5,3,3,1.0,adaptive,0.2094,0.1483,1,0.1483,0,0,0,0
xlznhyymlfec1.webp,6,6,6,6,1.0,adaptive,0.2439,0.1301,2,0.0985,0,0,0,0
xlznhyymlfec1.webp,6,7,4,4,1.0,adaptive,0.2181,0.1156,2,0.0962,0,0,0,0
xlznhyymlfec1.webp,6,8,5,5,1.0,adaptive,0.2006,0.1404,1,0.1404,0,0,0,0
xlznhyymlfec1.webp,6,9,8,8,1.0,adaptive,0.2822,0.1577,3,0.1022,0,0,0,1
xlznhyymlfec1.webp,7,1,6,6,1.0,adaptive,0.2584,0.1325,2,0.1009,0,0,0,0
xlznhyymlfec1.webp,7,3,4,4,1.0,adaptive,0.2283,0.1165,2,0.0969,0,0,0,0
xlznhyymlfec1.webp,7,5,5,5,1.0,adaptive,0.2078,0.1497,1,0.1497,0,0,0,0
xlznhyymlfec1.webp,7,6,8,8,1.0,adaptive,0.2709,0.1624,3,0.1067,0,0,0,1
xlznhyymlfec1.webp,7,7,3,3,1.0,adaptive,0.2484,0.153,1,0.153,0,0,0,0
xlznhyymlfec1.webp,7,8,2,2,1.0,adaptive,0.1832,0.1416,1,0.1416,0,0,0,0
xlznhyymlfec1.webp,7,9,1,1,1.0,adaptive,0.2217,0.1067,1,0.1067,0,0,0,0
xlznhyymlfec1.webp,8,1,2,2,1.0,adaptive,0.2094,0.1409,1,0.1409,0,0,0,0
xlznhyymlfec1.webp,8,2,3,3,1.0,adaptive,0.1524,0.1504,1,0.1504,0,0,0,0
xlznhyymlfec1.webp,8,3,8,8,1.0,adaptive,0.2175,0.1606,3,0.1045,0,0,0,1
xlznhyymlfec1.webp,8,5,6,6,1.0,adaptive,0.1439,0.1426,2,0.1081,0,0,0,0
xlznhyymlfec1.webp,8,6,1,1,1.0,adaptive,0.1689,0.1088,1,0.1088,0,0,0,0
xlznhyymlfec1.webp,8,7,5,5,1.0,adaptive,0.1947,0.1461,1,0.1461,0,0,0,0
xlznhyymlfec1.webp,8,8,4,4,1.0,adaptive,0.1196,0.1187,2,0.0969,0,0,0,0
xlznhyymlfec1.webp,9,2,5,5,1.0,adaptive,0.2078,0.1382,1,0.1382,0,0,0,0
xlznhyymlfec1.webp,9,3,1,1,0.9999,adaptive,0.2381,0.1123,1,0.1123,0,0,0,0
xlznhyymlfec1.webp,9,4,3,3,0.9999,adaptive,0.2591,0.145,1,0.145,0,0,0,0
xlznhyymlfec1.webp,9,9,6,6,1.0,adaptive,0.2624,0.1323,3,0.1,1,0,0,0
xmf2l4mgydlc1.webp,1,1,8,8,1.0,adaptive,0.1804,0.0927,1,0.0927,0,0,0,0
xmf2l4mgydlc1.webp,1,3,4,4,1.0,adaptive,0.1849,0.0733,1,0.0733,0,0,0,0
xmf2l4mgydlc1.webp,1,4,7,7,1.0,adaptive,0.1836,0.0619,1,0.0619,0,0,0,0
xmf2l4mgydlc1.webp,1,5,2,2,1.0,adaptive,0.1805,0.0812,1,0.0812,0,0,0,0
xmf2l4mgydlc1.webp,1,6,5,5,1.0,adaptive,0.196,0.0838,1,0.0838,0,0,0,0
xmf2l4mgydlc1.webp,2,1,5,5,1.0,adaptive,0.1961,0.0868,1,0.0868,0,0,0,0
xmf2l4mgydlc1.webp,2,2,7,7,1.0,adaptive,0.1713,0.0611,1,0.0611,0,0,0,0
xmf2l4mgydlc1.webp,2,3,3,3,1.0,adaptive,0.1882,0.0807,1,0.0807,0,0,0,0
xmf2l4mgydlc1.webp,2,4,8,8,1.0,adaptive,0.201,0.0938,1,0.0938,0,0,0,0
xmf2l4mgydlc1.webp,2,5,6,6,0.9999,adaptive,0.1855,0.0891,1,0.0891,0,0,0,0
xmf2l4mgydlc1.webp,3,1,6,6,0.9999,adaptive,0.1882,0.0875,1,0.0875,0,0,0,0
xmf2l4mgydlc1.webp,3,2,2,2,1.0,adaptive,0.1954,0.0816,1,0.0816,0,0,0,0
xmf2l4mgydlc1.webp,3,4,4,4,1.0,adaptive,0.1983,0.0737,1,0.0737,0,0,0,0
xmf2l4mgydlc1.webp,3,6,3,3,1.0,adaptive,0.1914,0.0793,1,0.0793,0,0,0,0
xmf2l4mgydlc1.webp,3,7,8,8,1.0,adaptive,0.2034,0.0911,1,0.0911,0,0,0,0
xmf2l4mgydlc1.webp,3,8,5,5,1.0,adaptive,0.1827,0.0839,1,0.0839,0,0,0,0
xmf2l4mgydlc1.webp,3,9,7,7,1.0,adaptive,0.174,0.0626,1,0.0626,0,0,0,0
xmf2l4mgydlc1.webp,4,1,1,1,1.0,adaptive,0.1548,0.0573,1,0.0573,0,0,0,0
xmf2l4mgydlc1.webp,4,2,3,3,1.0,adaptive,0.1782,0.0819,1,0.0819,0,0,0,0
xmf2l4mgydlc1.webp,4,6,7,7,1.0,adaptive,0.1606,0.0622,1,0.0622,0,0,0,0
xmf2l4mgydlc1.webp,5,1,7,7,1.0,adaptive,0.1624,0.064,1,0.064,0,0,0,0
xmf2l4mgydlc1.webp,5,6,4,4,1.0,adaptive,0.1757,0.0776,1,0.0776,0,0,0,0
xmf2l4mgydlc1.webp,6,5,3,3,1.0,adaptive,0.1777,0.0796,1,0.0796,0,0,0,0
xmf2l4mgydlc1.webp,6,7,7,7,1.0,adaptive,0.1742,0.0617,1,0.0617,0,0,0,0
xmf2l4mgydlc1.webp,6,9,9,9,1.0,adaptive,0.1987,0.0875,1,0.0875,0,0,0,0
xmf2l4mgydlc1.webp,7,3,8,8,1.0,adaptive,0.2027,0.092,1,0.092,0,0,0,0
xmf2l4mgydlc1.webp,7,5,4,4,1.0,adaptive,0.1796,0.0769,1,0.0769,0,0,0,0
xmf2l4mgydlc1.webp,7,6,2,2,0.9999,adaptive,0.1885,0.0782,1,0.0782,0,0,0,0
xmf2l4mgydlc1.webp,7,7,6,6,1.0,adaptive,0.1976,0.0869,1,0.0869,0,0,0,0
xmf2l4mgydlc1.webp,7,8,7,7,1.0,adaptive,0.171,0.0608,1,0.0608,0,0,0,0
xmf2l4mgydlc1.webp,7,9,5,5,1.0,adaptive,0.1956,0.0838,1,0.0838,0,0,0,0
xmf2l4mgydlc1.webp,8,9,3,3,1.0,adaptive,0.1784,0.0798,1,0.0798,0,0,0,0
xmf2l4mgydlc1.webp,9,2,5,5,1.0,adaptive,0.1949,0.0846,1,0.0846,0,0,0,0
xmf2l4mgydlc1.webp,9,7,1,1,1.0,adaptive,0.1573,0.0577,1,0.0577,0,0,0,0
xnbnrtbublic1.webp,1,1,1,1,0.9998,adaptive,0.1187,0.0608,1,0.0608,0,0,0,0
xnbnrtbublic1.webp,1,7,3,3,1.0,adaptive,0.1357,0.078,1,0.078,0,0,0,0
xnbnrtbublic1.webp,2,1,3,3,1.0,adaptive,0.109,0.0789,1,0.0789,0,0,0,0
xnbnrtbublic1.webp,2,2,4,4,0.9998,adaptive,0.079,0.079,1,0.079,0,0,0,0
xnbnrtbublic1.webp,2,4,6,6,0.9989,adaptive,0.1287,0.0986,1,0.0986,0,0,0,0
xnbnrtbublic1.webp,2,5,7,7,1.0,adaptive,0.0696,0.0696,1,0.0696,0,0,0,0
xnbnrtbublic1.webp,3,1,5,5,1.0,adaptive,0.143,0.0849,1,0.0849,0,0,0,0
xnbnrtbublic1.webp,3,2,9,9,1.0,adaptive,0.1278,0.0979,1,0.0979,0,0,0,0
xnbnrtbublic1.webp,3,4,4,4,0.9998,adaptive,0.1359,0.0777,1,0.0777,0,0,0,0
xnbnrtbublic1.webp,3,6,3,3,1.0,adaptive,0.137,0.0782,1,0.0782,0,0,0,0
xnbnrtbublic1.webp,4,1,8,8,1.0,adaptive,0.1637,0.1058,1,0.1058,0,0,0,0
xnbnrtbublic1.webp,4,2,1,1,0.9999,adaptive,0.0907,0.0608,1,0.0608,0,0,0,0
xnbnrtbublic1.webp,4,5,3,3,1.0,adaptive,0.1095,0.0796,1,0.0796,0,0,0,0
xnbnrtbublic1.webp,4,8,2,2,1.0,adaptive,0.1162,0.0862,1,0.0862,0,0,0,0
xnbnrtbublic1.webp,4,9,5,5,1.0,adaptive,0.1403,0.0822,1,0.0822,0,0,0,0
xnbnrtbublic1.webp,5,1,6,6,0.9988,adaptive,0.1296,0.0995,1,0.0995,0,0,0,0
xnbnrtbublic1.webp,5,2,3,3,1.0,adaptive,0.0813,0.0813,1,0.0813,0,0,0,0
xnbnrtbublic1.webp,5,6,5,5,1.0,adaptive,0.1099,0.0801,1,0.0801,0,0,0,0
xnbnrtbublic1.webp,5,7,4,4,0.9999,adaptive,0.1081,0.078,1,0.078,0,0,0,0
xnbnrtbublic1.webp,5,8,1,1,1.0,adaptive,0.065,0.065,1,0.065,0,0,0,0
xnbnrtbublic1.webp,5,9,7,7,1.0,adaptive,0.0984,0.0685,1,0.0685,0,0,0,0
xnbnrtbublic1.webp,6,3,5,5,1.0,adaptive,0.1423,0.0835,1,0.0835,0,0,0,0
xnbnrtbublic1.webp,6,8,3,3,1.0,adaptive,0.1085,0.0787,1,0.0787,0,0,0,0
xnbnrtbublic1.webp,7,1,7,7,1.0,adaptive,0.1252,0.0677,1,0.0677,0,0,0,0
xnbnrtbublic1.webp,7,4,3,3,1.0,adaptive,0.1346,0.0775,1,0.0775,0,0,0,0
xnbnrtbublic1.webp,7,8,6,6,0.9976,adaptive,0.1291,0.0993,1,0.0993,0,0,0,0
xnbnrtbublic1.webp,8,2,6,6,0.9992,adaptive,0.101,0.101,1,0.101,0,0,0,0
xnbnrtbublic1.webp,8,6,2,2,1.0,adaptive,0.118,0.0882,1,0.0882,0,0,0,0
xnbnrtbublic1.webp,8,9,3,3,1.0,adaptive,0.1099,0.0801,1,0.0801,0,0,0,0
xnbnrtbublic1.webp,9,1,2,2,1.0,adaptive,0.1446,0.0862,1,0.0862,0,0,0,0
xnbnrtbublic1.webp,9,3,3,3,1.0,adaptive,0.1359,0.0771,1,0.0771,0,0,0,0
xnbnrtbublic1.webp,9,5,6,6,0.9998,adaptive,0.1296,0.0997,1,0.0997,0,0,0,0
xnbnrtbublic1.webp,9,9,1,1,0.9998,adaptive,0.123,0.0642,1,0.0642,0,0,0,0
xosaap03m1bc1.webp,1,2,7,7,1.0,adaptive,0.1692,0.0991,1,0.0991,0,0,0,0
xosaap03m1bc1.webp,1,7,2,2,0.9991,adaptive,0.3484,0.172,1,0.172,0,0,0,0
xosaap03m1bc1.webp,1,8,9,9,0.9999,adaptive,0.3148,0.1701,2,0.1327,0,0,0,0
xosaap03m1bc1.webp,1,9,5,5,1.0,adaptive,0.3357,0.1722,2,0.1722,1,0,0,0
xosaap03m1bc1.webp,2,3,5,5,1.0,adaptive,0.2935,0.1741,1,0.1741,0,0,0,0
xosaap03m1bc1.webp,2,4,9,9,0.9989,adaptive,0.2985,0.159,2,0.1334,0,0,0,0
xosaap03m1bc1.webp,2,6,3,3,0.9991,adaptive,0.2886,0.1737,1,0.1737,0,0,0,0
xosaap03m1bc1.webp,2,7,8,8,1.0,adaptive,0.3107,0.1859,3,0.126,0,0,0,1
xosaap03m1bc1.webp,2,8,7,7,0.9999,adaptive,0.1357,0.107,1,0.107,0,0,0,0
xosaap03m1bc1.webp,3,2,9,9,0.9999,adaptive,0.299,0.1707,2,0.1321,0,0,0,0
xosaap03m1bc1.webp,3,5,5,5,1.0,adaptive,0.2763,0.1714,1,0.1714,0,0,0,0
xosaap03m1bc1.webp,3,6,7,7,1.0,adaptive,0.2,0.1049,1,0.1049,0,0,0,0
xosaap03m1bc1.webp,3,7,1,1,1.0,adaptive,0.2651,0.1116,2,0.1116,1,0,0,0
xosaap03m1bc1.webp,3,9,3,3,0.9999,adaptive,0.3148,0.18,2,0.18,1,0,0,0
xosaap03m1bc1.webp,4,1,5,5,1.0,adaptive,0.3687,0.1796,1,0.1796,0,0,0,0
xosaap03m1bc1.webp,4,2,4,4,0.9984,adaptive,0.2519,0.1346,2,0.1221,0,0,0,0
xosaap03m1bc1.webp,4,4,7,7,1.0,adaptive,0.1856,0.0987,1,0.0987,0,0,0,0
xosaap03m1bc1.webp,4,7,6,6,0.9998,adaptive,0.3157,0.1526,2,0.1281,0,0,0,0
xosaap03m1bc1.webp,5,1,8,8,0.9992,adaptive,0.2962,0.1633,3,0.1289,0,0,0,0
xosaap03m1bc1.webp,5,4,5,5,1.0,adaptive,0.3128,0.1825,1,0.1825,0,0,0,0
xosaap03m1bc1.webp,5,9,2,2,0.9993,adaptive,0.2895,0.1746,1,0.1746,0,0,0,0
xosaap03m1bc1.webp,6,3,9,9,0.9985,adaptive,0.2976,0.1555,3,0.1305,1,0,0,0
xosaap03m1bc1.webp,6,6,6,6,0.9999,adaptive,0.2936,0.1526,4,0.1276,2,0,0,0
xosaap03m1bc1.webp,6,8,5,5,1.0,adaptive,0.2845,0.1753,4,0.1753,3,0,0,0
xosaap03m1bc1.webp,7,3,4,4,0.9971,adaptive,0.2932,0.1352,2,0.1227,0,0,0,0
xosaap03m1bc1.webp,7,5,7,7,1.0,adaptive,0.1355,0.1049,1,0.1049,0,0,0,0
xosaap03m1bc1.webp,8,2,8,8,0.9964,adaptive,0.2537,0.1667,3,0.1322,0,0,0,0
xosaap03m1bc1.webp,8,4,6,6,0.9999,adaptive,0.2922,0.1538,2,0.128,0,0,0,0
xosaap03m1bc1.webp,8,6,5,5,1.0,adaptive,0.2919,0.1764,1,0.1764,0,0,0,0
xosaap03m1bc1.webp,8,7,4,4,0.9991,adaptive,0.2623,0.135,2,0.1219,0,0,0,0
xosaap03m1bc1.webp,9,1,9,9,0.9995,adaptive,0.307,0.1535,4,0.1294,2,0,0,0
xosaap03m1bc1.webp,9,3,1,1,0.9999,adaptive,0.2397,0.1109,2,0.1109,1,0,0,0
xosaap03m1bc1.webp,9,8,3,3,0.9994,adaptive,0.2741,0.1732,2,0.1732,1,0,0,0
yczil4vivwnc1.webp,1,4,7,7,1.0,adaptive,0.1014,0.0434,1,0.0434,0,0,0,0
yczil4vivwnc1.webp,1,7,5,5,1.0,adaptive,0.1234,0.0561,1,0.0561,0,0,0,0
yczil4vivwnc1.webp,1,8,9,9,1.0,adaptive,0.1049,0.0624,1,0.0624,0,0,0,0
yczil4vivwnc1.webp,2,1,3,3,1.0,adaptive,0.1,0.0554,1,0.0554,0,0,0,0
yczil4vivwnc1.webp,2,3,8,8,1.0,adaptive,0.1104,0.0674,1,0.0674,0,0,0,0
yczil4vivwnc1.webp,2,5,5,5,1.0,adaptive,0.0723,0.0569,1,0.0569,0,0,0,0
yczil4vivwnc1.webp,2,7,6,6,0.9802,adaptive,0.1043,0.0611,1,0.0611,0,0,0,0
yczil4vivwnc1.webp,2,9,7,7,1.0,adaptive,0.0728,0.0427,1,0.0427,0,0,0,0
yczil4vivwnc1.webp,3,4,6,6,0.9969,adaptive,0.1281,0.0599,1,0.0599,0,0,0,0
yczil4vivwnc1.webp,3,7,4,4,0.9995,adaptive,0.1328,0.053,1,0.053,0,0,0,0
yczil4vivwnc1.webp,4,6,1,1,0.9996,adaptive,0.0978,0.0405,1,0.0405,0,0,0,0
yczil4vivwnc1.webp,5,4,3,3,1.0,adaptive,0.0963,0.0538,1,0.0538,0,0,0,0
yczil4vivwnc1.webp,5,7,1,1,0.9999,adaptive,0.0959,0.0393,1,0.0393,0,0,0,0
yczil4vivwnc1.webp,5,8,5,5,1.0,adaptive,0.087,0.0581,1,0.0581,0,0,0,0
yczil4vivwnc1.webp,5,9,2,2,1.0,adaptive,0.095,0.0531,1,0.0531,0,0,0,0
yczil4vivwnc1.webp,6,1,9,9,1.0,adaptive,0.1317,0.0608,1,0.0608,0,0,0,0
yczil4vivwnc1.webp,6,2,1,1,0.9998,adaptive,0.0834,0.0421,1,0.0421,0,0,0,0
yczil4vivwnc1.webp,6,8,6,6,0.9945,adaptive,0.1065,0.0631,1,0.0631,0,0,0,0
yczil4vivwnc1.webp,7,4,2,2,1.0,adaptive,0.1185,0.0512,1,0.0512,0,0,0,0
yczil4vivwnc1.webp,7,6,4,4,0.9999,adaptive,0.1212,0.0521,1,0.0521,0,0,0,0
yczil4vivwnc1.webp,7,8,8,8,1.0,adaptive,0.1232,0.0669,1,0.0669,0,0,0,0
yczil4vivwnc1.webp,8,3,1,1,0.9999,adaptive,0.0966,0.04,1,0.04,0,0,0,0
yczil4vivwnc1.webp,9,2,3,3,1.0,adaptive,0.0839,0.0538,1,0.0538,0,0,0,0
yczil4vivwnc1.webp,9,6,7,7,1.0,adaptive,0.1018,0.0432,1,0.0432,0,0,0,0
yczil4vivwnc1.webp,9,9,6,6,0.9871,adaptive,0.1187,0.0601,1,0.0601,0,0,0,0
yekgxzzwxozc1.webp,1,7,9,9,0.9999,adaptive,0.1873,0.0909,1,0.0909,0,0,0,0
yekgxzzwxozc1.webp,1,8,1,1,1.0,adaptive,0.1441,0.0595,1,0.0595,0,0,0,0
yekgxzzwxozc1.webp,2,2,2,2,1.0,adaptive,0.143,0.0854,1,0.0854,0,0,0,0
yekgxzzwxozc1.webp,2,5,4,4,1.0,adaptive,0.1506,0.0803,1,0.0803,0,0,0,0
yekgxzzwxozc1.webp,2,9,3,3,1.0,adaptive,0.1678,0.0819,1,0.0819,0,0,0,0
yekgxzzwxozc1.webp,3,2,1,1,1.0,adaptive,0.133,0.0608,1,0.0608,0,0,0,0
yekgxzzwxozc1.webp,3,3,9,9,1.0,adaptive,0.1758,0.0898,1,0.0898,0,0,0,0
yekgxzzwxozc1.webp,3,4,7,7,1.0,adaptive,0.1459,0.0606,1,0.0606,0,0,0,0
yekgxzzwxozc1.webp,3,5,8,8,1.0,adaptive,0.1827,0.0972,1,0.0972,0,0,0,0
yekgxzzwxozc1.webp,3,6,3,3,1.0,adaptive,0.1671,0.0806,1,0.0806,0,0,0,0
yekgxzzwxozc1.webp,3,8,2,2,1.0,adaptive,0.1554,0.0821,1,0.0821,0,0,0,0
yekgxzzwxozc1.webp,3,9,6,6,1.0,adaptive,0.1889,0.0902,1,0.0902,0,0,0,0
yekgxzzwxozc1.webp,4,1,9,9,0.9999,adaptive,0.174,0.0898,1,0.0898,0,0,0,0
yekgxzzwxozc1.webp,4,3,4,4,1.0,adaptive,0.1617,0.076,1,0.076,0,0,0,0
yekgxzzwxozc1.webp,4,6,8,8,1.0,adaptive,0.1796,0.094,1,0.094,0,0,0,0
yekgxzzwxozc1.webp,4,7,7,7,1.0,adaptive,0.1341,0.0619,1,0.0619,0,0,0,0
yekgxzzwxozc1.webp,4,9,2,2,1.0,adaptive,0.1662,0.0802,1,0.0802,0,0,0,0
yekgxzzwxozc1.webp,5,1,2,2,1.0,adaptive,0.1658,0.0805,1,0.0805,0,0,0,0
yekgxzzwxozc1.webp,5,3,1,1,1.0,adaptive,0.1452,0.0592,1,0.0592,0,0,0,0
yekgxzzwxozc1.webp,5,4,5,5,1.0,adaptive,0.1705,0.0864,1,0.0864,0,0,0,0
yekgxzzwxozc1.webp,5,6,7,7,1.0,adaptive,0.1522,0.0654,1,0.0654,0,0,0,0
yekgxzzwxozc1.webp,6,2,8,8,1.0,adaptive,0.1692,0.097,1,0.097,0,0,0,0
yekgxzzwxozc1.webp,6,4,4,4,1.0,adaptive,0.1622,0.0769,1,0.0769,0,0,0,0
yekgxzzwxozc1.webp,6,5,9,9,0.9999,adaptive,0.1766,0.0909,1,0.0909,0,0,0,0
yekgxzzwxozc1.webp,6,6,2,2,1.0,adaptive,0.1671,0.0813,1,0.0813,0,0,0,0
yekgxzzwxozc1.webp,6,7,6,6,1.0,adaptive,0.174,0.088,1,0.088,0,0,0,0
yekgxzzwxozc1.webp,6,9,1,1,0.9999,adaptive,0.1613,0.0619,1,0.0619,0,0,0,0
yekgxzzwxozc1.webp,7,2,4,4,1.0,adaptive,0.1497,0.0791,1,0.0791,0,0,0,0
yekgxzzwxozc1.webp,7,4,8,8,1.0,adaptive,0.1796,0.0951,1,0.0951,0,0,0,0
yekgxzzwxozc1.webp,7,7,2,2,0.9999,adaptive,0.1666,0.0811,1,0.0811,0,0,0,0
yekgxzzwxozc1.webp,8,1,3,3,1.0,adaptive,0.1407,0.0825,1,0.0825,0,0,0,0
yekgxzzwxozc1.webp,8,7,1,1,1.0,adaptive,0.1144,0.0579,1,0.0579,0,0,0,0
yekgxzzwxozc1.webp,9,2,9,9,1.0,adaptive,0.1768,0.0911,1,0.0911,0,0,0,0
yekgxzzwxozc1.webp,9,5,7,7,1.0,adaptive,0.1615,0.0624,1,0.0624,0,0,0,0
yekgxzzwxozc1.webp,9,7,3,3,1.0,adaptive,0.1798,0.0811,1,0.0811,0,0,0,0
yekgxzzwxozc1.webp,9,8,6,6,0.9999,adaptive,0.1741,0.0923,1,0.0923,0,0,0,0
yfvifby5d0bc1.webp,1,2,1,1,0.9984,adaptive,0.0981,0.04,1,0.04,0,0,0,0
yfvifby5d0bc1.webp,1,4,0,0,0.992,adaptive,0.0953,0.0,0,0.0,0,0,0,0
yfvifby5d0bc1.webp,1,5,0,0,0.992,adaptive,0.057,0.0,0,0.0,0,0,0,0
yfvifby5d0bc1.webp,1,6,0,0,0.992,adaptive,0.0887,0.0,0,0.0,0,0,0,0
yfvifby5d0bc1.webp,1,7,6,6,1.0,adaptive,0.1682,0.0853,1,0.0853,0,0,0,0
yfvifby5d0bc1.webp,2,1,0,0,0.992,adaptive,0.0568,0.0,0,0.0,0,0,0,0
yfvifby5d0bc1.webp,2,2,0,0,0.992,adaptive,0.0241,0.0,0,0.0,0,0,0,0
yfvifby5d0bc1.webp,2,5,0,0,0.992,adaptive,0.0275,0.0,0,0.0,0,0,0,0
yfvifby5d0bc1.webp,2,6,7,7,1.0,adaptive,0.1018,0.0529,1,0.0529,0,0,0,0
yfvifby5d0bc1.webp,2,9,1,1,0.9988,adaptive,0.1079,0.0405,1,0.0405,0,0,0,0
yfvifby5d0bc1.webp,3,1,2,2,1.0,adaptive,0.1548,0.0711,1,0.0711,0,0,0,0
yfvifby5d0bc1.webp,3,3,8,8,1.0,adaptive,0.1706,0.0869,1,0.0869,0,0,0,0
yfvifby5d0bc1.webp,3,8,4,4,1.0,adaptive,0.1284,0.0706,1,0.0706,0,0,0,0
yfvifby5d0bc1.webp,4,1,6,6,0.9999,adaptive,0.1822,0.0855,1,0.0855,0,0,0,0
yfvifby5d0bc1.webp,4,6,0,0,0.992,adaptive,0.0965,0.0,0,0.0,0,0,0,0
yfvifby5d0bc1.webp,4,8,0,0,0.992,adaptive,0.0719,0.0,0,0.0,0,0,0,0
yfvifby5d0bc1.webp,5,2,5,5,1.0,adaptive,0.1166,0.0831,1,0.0831,0,0,0,0
yfvifby5d0bc1.webp,5,3,1,1,0.998,adaptive,0.097,0.0403,1,0.0403,0,0,0,0
yfvifby5d0bc1.webp,5,4,4,4,1.0,adaptive,0.142,0.0708,1,0.0708,0,0,0,0
yfvifby5d0bc1.webp,5,5,2,2,1.0,adaptive,0.0987,0.07,1,0.07,0,0,0,0
yfvifby5d0bc1.webp,5,6,9,9,1.0,adaptive,0.1427,0.0859,1,0.0859,0,0,0,0
yfvifby5d0bc1.webp,5,7,0,0,0.992,adaptive,0.0568,0.0,0,0.0,0,0,0,0
yfvifby5d0bc1.webp,6,2,0,0,0.992,adaptive,0.0604,0.0,0,0.0,0,0,0,0
yfvifby5d0bc1.webp,6,3,0,0,0.992,adaptive,0.084,0.0,0,0.0,0,0,0,0
yfvifby5d0bc1.webp,6,4,5,5,1.0,adaptive,0.137,0.0789,1,0.0789,0,0,0,0
yfvifby5d0bc1.webp,6,5,6,6,0.9996,adaptive,0.14,0.0839,1,0.0839,0,0,0,0
yfvifby5d0bc1.webp,6,6,0,0,0.992,adaptive,0.0838,0.0,0,0.0,0,0,0,0
yfvifby5d0bc1.webp,6,7,0,0,0.992,adaptive,0.0829,0.0,0,0.0,0,0,0,0
yfvifby5d0bc1.webp,6,8,2,2,1.0,adaptive,0.1294,0.0717,1,0.0717,0,0,0,0
yfvifby5d0bc1.webp,6,9,0,0,0.992,adaptive,0.0851,0.0,0,0.0,0,0,0,0
yfvifby5d0bc1.webp,7,3,4,4,1.0,adaptive,0.1539,0.0708,1,0.0708,0,0,0,0
yfvifby5d0bc1.webp,7,4,0,0,0.992,adaptive,0.0953,0.0,0,0.0,0,0,0,0
yfvifby5d0bc1.webp,7,5,0,0,0.992,adaptive,0.057,0.0,0,0.0,0,0,0,0
yfvifby5d0bc1.webp,7,6,0,0,0.992,adaptive,0.0824,0.0,0,0.0,0,0,0,0
yfvifby5d0bc1.webp,7,8,5,5,1.0,adaptive,0.1382,0.0801,1,0.0801,0,0,0,0
yfvifby5d0bc1.webp,7,9,0,0,0.992,adaptive,0.084,0.0,0,0.0,0,0,0,0
yfvifby5d0bc1.webp,8,1,5,5,1.0,adaptive,0.1379,0.0803,1,0.0803,0,0,0,0
yfvifby5d0bc1.webp,8,2,3,3,1.0,adaptive,0.1164,0.0762,1,0.0762,0,0,0,0
yfvifby5d0bc1.webp,8,3,7,7,1.0,adaptive,0.1095,0.0518,1,0.0518,0,0,0,0
yfvifby5d0bc1.webp,8,4,1,1,0.9977,adaptive,0.1171,0.0459,1,0.0459,0,0,0,0
yfvifby5d0bc1.webp,8,5,9,9,0.9999,adaptive,0.1152,0.0865,1,0.0865,0,0,0,0
yfvifby5d0bc1.webp,8,6,6,6,0.9999,adaptive,0.1438,0.0864,1,0.0864,0,0,0,0
yfvifby5d0bc1.webp,8,8,8,8,1.0,adaptive,0.1171,0.0865,1,0.0865,0,0,0,0
yfvifby5d0bc1.webp,9,2,8,8,1.0,adaptive,0.1502,0.0891,1,0.0891,0,0,0,0
yfvifby5d0bc1.webp,9,4,0,0,0.992,adaptive,0.0956,0.0,0,0.0,0,0,0,0
yfvifby5d0bc1.webp,9,7,3,3,1.0,adaptive,0.1582,0.0744,1,0.0744,0,0,0,0
yfvifby5d0bc1.webp,9,9,0,0,0.992,adaptive,0.086,0.0,0,0.0,0,0,0,0
yt9r8qlr8iac1.webp,1,3,1,1,0.998,adaptive,0.1232,0.0394,1,0.0394,0,0,0,0
yt9r8qlr8iac1.webp,1,6,2,2,1.0,adaptive,0.1662,0.0691,1,0.0691,0,0,0,0
yt9r8qlr8iac1.webp,1,9,4,4,1.0,adaptive,0.1533,0.0671,1,0.0671,0,0,0,0
yt9r8qlr8iac1.webp,2,9,7,7,1.0,adaptive,0.0954,0.0507,1,0.0507,0,0,0,0
yt9r8qlr8iac1.webp,3,1,4,4,1.0,adaptive,0.1526,0.0691,1,0.0691,0,0,0,0
yt9r8qlr8iac1.webp,3,4,8,8,1.0,adaptive,0.1807,0.0847,1,0.0847,0,0,0,0
yt9r8qlr8iac1.webp,3,6,9,9,1.0,adaptive,0.1546,0.0822,1,0.0822,0,0,0,0
yt9r8qlr8iac1.webp,4,1,6,6,0.9999,adaptive,0.1784,0.0829,1,0.0829,0,0,0,0
yt9r8qlr8iac1.webp,4,7,1,1,0.9994,adaptive,0.1145,0.039,1,0.039,0,0,0,0
yt9r8qlr8iac1.webp,5,2,3,3,1.0,adaptive,0.0904,0.0748,1,0.0748,0,0,0,0
yt9r8qlr8iac1.webp,5,4,1,1,0.9978,adaptive,0.1113,0.0409,1,0.0409,0,0,0,0
yt9r8qlr8iac1.webp,5,5,2,2,1.0,adaptive,0.0983,0.0689,1,0.0689,0,0,0,0
yt9r8qlr8iac1.webp,6,2,1,1,0.9989,adaptive,0.0988,0.04,1,0.04,0,0,0,0
yt9r8qlr8iac1.webp,6,4,5,5,1.0,adaptive,0.1851,0.0766,1,0.0766,0,0,0,0
yt9r8qlr8iac1.webp,6,6,3,3,1.0,adaptive,0.1811,0.0708,1,0.0708,0,0,0,0
yt9r8qlr8iac1.webp,6,8,4,4,1.0,adaptive,0.1379,0.0667,1,0.0667,0,0,0,0
yt9r8qlr8iac1.webp,7,1,1,1,0.9976,adaptive,0.123,0.0399,1,0.0399,0,0,0,0
yt9r8qlr8iac1.webp,7,4,2,2,1.0,adaptive,0.1611,0.0668,1,0.0668,0,0,0,0
yt9r8qlr8iac1.webp,7,5,4,4,1.0,adaptive,0.1284,0.0706,1,0.0706,0,0,0,0
yt9r8qlr8iac1.webp,7,6,5,5,1.0,adaptive,0.1722,0.0766,1,0.0766,0,0,0,0
yt9r8qlr8iac1.webp,7,7,6,6,1.0,adaptive,0.1608,0.0833,1,0.0833,0,0,0,0
yt9r8qlr8iac1.webp,8,1,3,3,1.0,adaptive,0.1273,0.0721,1,0.0721,0,0,0,0
yt9r8qlr8iac1.webp,8,2,4,4,1.0,adaptive,0.0863,0.0716,1,0.0716,0,0,0,0
yt9r8qlr8iac1.webp,8,3,2,2,1.0,adaptive,0.1257,0.0697,1,0.0697,0,0,0,0
yt9r8qlr8iac1.webp,8,4,6,6,0.9998,adaptive,0.1404,0.0837,1,0.0837,0,0,0,0
yt9r8qlr8iac1.webp,8,7,9,9,0.9999,adaptive,0.1226,0.0839,1,0.0839,0,0,0,0
yt9r8qlr8iac1.webp,8,8,5,5,1.0,adaptive,0.109,0.0801,1,0.0801,0,0,0,0
yt9r8qlr8iac1.webp,8,9,1,1,0.9991,adaptive,0.0986,0.0405,1,0.0405,0,0,0,0
yt9r8qlr8iac1.webp,9,1,5,5,1.0,adaptive,0.1628,0.0789,1,0.0789,0,0,0,0
yt9r8qlr8iac1.webp,9,2,6,6,1.0,adaptive,0.1282,0.0832,1,0.0832,0,0,0,0
yt9r8qlr8iac1.webp,9,3,8,8,1.0,adaptive,0.1689,0.0838,1,0.0838,0,0,0,0
yt9r8qlr8iac1.webp,9,6,1,1,0.9974,adaptive,0.1259,0.0399,1,0.0399,0,0,0,0
yt9r8qlr8iac1.webp,9,7,4,4,1.0,adaptive,0.1468,0.0686,1,0.0686,0,0,0,0
yt9r8qlr8iac1.webp,9,8,7,7,1.0,adaptive,0.1085,0.0507,1,0.0507,0,0,0,0
yt9r8qlr8iac1.webp,9,9,2,2,1.0,adaptive,0.1542,0.0677,1,0.0677,0,0,0,0
yuloqqav4lic1.webp,1,1,1,1,0.9969,adaptive,0.1332,0.0506,1,0.0506,0,0,0,0
yuloqqav4lic1.webp,1,4,2,2,1.0,adaptive,0.1459,0.0757,1,0.0757,0,0,0,0
yuloqqav4lic1.webp,1,5,5,5,1.0,adaptive,0.1418,0.0846,1,0.0846,0,0,0,0
yuloqqav4lic1.webp,1,6,7,7,1.0,adaptive,0.1283,0.0568,1,0.0568,0,0,0,0
yuloqqav4lic1.webp,1,7,9,9,1.0,adaptive,0.164,0.0822,1,0.0822,0,0,0,0
yuloqqav4lic1.webp,1,8,8,8,1.0,adaptive,0.1452,0.0943,1,0.0943,0,0,0,0
yuloqqav4lic1.webp,1,9,6,6,0.9991,adaptive,0.1675,0.0831,1,0.0831,0,0,0,0
yuloqqav4lic1.webp,2,1,6,6,0.9978,adaptive,0.1531,0.0844,1,0.0844,0,0,0,0
yuloqqav4lic1.webp,2,2,7,7,1.0,adaptive,0.1012,0.0595,1,0.0595,0,0,0,0
yuloqqav4lic1.webp,2,3,9,9,1.0,adaptive,0.1393,0.0837,1,0.0837,0,0,0,0
yuloqqav4lic1.webp,2,4,8,8,1.0,adaptive,0.1493,0.095,1,0.095,0,0,0,0
yuloqqav4lic1.webp,2,5,4,4,1.0,adaptive,0.1233,0.0817,1,0.0817,0,0,0,0
yuloqqav4lic1.webp,2,6,1,1,0.9769,adaptive,0.1043,0.0482,1,0.0482,0,0,0,0
yuloqqav4lic1.webp,2,7,3,3,1.0,adaptive,0.0954,0.0805,1,0.0805,0,0,0,0
yuloqqav4lic1.webp,2,8,2,2,1.0,adaptive,0.1063,0.0778,1,0.0778,0,0,0,0
yuloqqav4lic1.webp,2,9,5,5,1.0,adaptive,0.1554,0.0857,1,0.0857,0,0,0,0
yuloqqav4lic1.webp,3,1,8,8,1.0,adaptive,0.1778,0.0956,1,0.0956,0,0,0,0
yuloqqav4lic1.webp,3,2,2,2,1.0,adaptive,0.135,0.0789,1,0.0789,0,0,0,0
yuloqqav4lic1.webp,3,3,5,5,1.0,adaptive,0.1544,0.084,1,0.084,0,0,0,0
yuloqqav4lic1.webp,3,4,6,6,0.9972,adaptive,0.1517,0.0842,1,0.0842,0,0,0,0
yuloqqav4lic1.webp,3,5,9,9,1.0,adaptive,0.1294,0.0848,1,0.0848,0,0,0,0
yuloqqav4lic1.webp,3,6,3,3,1.0,adaptive,0.135,0.0769,1,0.0769,0,0,0,0
yuloqqav4lic1.webp,3,7,1,1,0.9966,adaptive,0.1243,0.0452,1,0.0452,0,0,0,0
yuloqqav4lic1.webp,3,8,4,4,1.0,adaptive,0.1242,0.0801,1,0.0801,0,0,0,0
yuloqqav4lic1.webp,3,9,7,7,1.0,adaptive,0.1432,0.0595,1,0.0595,0,0,0,0
yuloqqav4lic1.webp,4,1,7,7,1.0,adaptive,0.1397,0.0575,1,0.0575,0,0,0,0
yuloqqav4lic1.webp,4,2,9,9,1.0,adaptive,0.1402,0.0834,1,0.0834,0,0,0,0
yuloqqav4lic1.webp,4,7,6,6,0.9987,adaptive,0.1508,0.0829,1,0.0829,0,0,0,0
yuloqqav4lic1.webp,5,3,6,6,0.9981,adaptive,0.1282,0.0846,1,0.0846,0,0,0,0
yuloqqav4lic1.webp,5,7,7,7,1.0,adaptive,0.1006,0.0583,1,0.0583,0,0,0,0
yuloqqav4lic1.webp,6,1,5,5,1.0,adaptive,0.1513,0.0811,1,0.0811,0,0,0,0
yuloqqav4lic1.webp,6,2,1,1,0.9913,adaptive,0.0934,0.0504,1,0.0504,0,0,0,0
yuloqqav4lic1.webp,6,3,2,2,1.0,adaptive,0.1354,0.0769,1,0.0769,0,0,0,0
yuloqqav4lic1.webp,6,4,7,7,1.0,adaptive,0.1141,0.0564,1,0.0564,0,0,0,0
yuloqqav4lic1.webp,6,5,6,6,0.9976,adaptive,0.1253,0.0819,1,0.0819,0,0,0,0
yuloqqav4lic1.webp,6,6,9,9,1.0,adaptive,0.1406,0.082,1,0.082,0,0,0,0
yuloqqav4lic1.webp,6,7,8,8,1.0,adaptive,0.1495,0.0924,1,0.0924,0,0,0,0
yuloqqav4lic1.webp,6,8,3,3,1.0,adaptive,0.1095,0.0796,1,0.0796,0,0,0,0
yuloqqav4lic1.webp,6,9,4,4,1.0,adaptive,0.1352,0.0766,1,0.0766,0,0,0,0
yuloqqav4lic1.webp,7,2,6,6,0.9985,adaptive,0.1269,0.0832,1,0.0832,0,0,0,0
yuloqqav4lic1.webp,7,4,9,9,1.0,adaptive,0.1501,0.0829,1,0.0829,0,0,0,0
yuloqqav4lic1.webp,7,7,5,5,1.0,adaptive,0.1383,0.0815,1,0.0815,0,0,0,0
yuloqqav4lic1.webp,7,8,7,7,1.0,adaptive,0.1004,0.0574,1,0.0574,0,0,0,0
yuloqqav4lic1.webp,8,2,5,5,1.0,adaptive,0.1276,0.0847,1,0.0847,0,0,0,0
yuloqqav4lic1.webp,8,3,7,7,1.0,adaptive,0.1137,0.0581,1,0.0581,0,0,0,0
yuloqqav4lic1.webp,8,4,4,4,1.0,adaptive,0.1479,0.0801,1,0.0801,0,0,0,0
yuloqqav4lic1.webp,8,6,6,6,0.9983,adaptive,0.1395,0.0844,1,0.0844,0,0,0,0
yuloqqav4lic1.webp,8,7,2,2,1.0,adaptive,0.1384,0.0796,1,0.0796,0,0,0,0
yuloqqav4lic1.webp,8,9,8,8,1.0,adaptive,0.1508,0.0938,1,0.0938,0,0,0,0
yuloqqav4lic1.webp,9,3,1,1,0.9958,adaptive,0.1241,0.0506,1,0.0506,0,0,0,0
yuloqqav4lic1.webp,9,4,5,5,1.0,adaptive,0.1666,0.0824,1,0.0824,0,0,0,0
yuloqqav4lic1.webp,9,5,7,7,1.0,adaptive,0.1165,0.0581,1,0.0581,0,0,0,0
yuloqqav4lic1.webp,9,7,4,4,1.0,adaptive,0.153,0.0809,1,0.0809,0,0,0,0
yuloqqav4lic1.webp,9,8,6,6,0.9992,adaptive,0.1418,0.0839,1,0.0839,0,0,0,0
yziyzrvntwsc1.webp,1,1,9,9,1.0,adaptive,0.1074,0.0782,1,0.0782,0,0,0,0
yziyzrvntwsc1.webp,1,2,1,1,0.9987,adaptive,0.0488,0.0339,1,0.0339,0,0,0,0
yziyzrvntwsc1.webp,1,3,0,0,0.992,adaptive,0.0303,0.0,0,0.0,0,0,0,0
yziyzrvntwsc1.webp,1,4,2,2,1.0,adaptive,0.1007,0.0613,1,0.0613,0,0,0,0
yziyzrvntwsc1.webp,1,5,0,0,0.992,adaptive,0.0176,0.0,0,0.0,0,0,0,0
yziyzrvntwsc1.webp,1,6,0,0,0.992,adaptive,0.0437,0.0,0,0.0,0,0,0,0
yziyzrvntwsc1.webp,1,7,5,5,1.0,adaptive,0.0862,0.0713,1,0.0713,0,0,0,0
yziyzrvntwsc1.webp,1,8,0,0,0.992,adaptive,0.0154,0.0,0,0.0,0,0,0,0
yziyzrvntwsc1.webp,1,9,0,0,0.992,adaptive,0.0434,0.0,0,0.0,0,0,0,0
yziyzrvntwsc1.webp,2,1,6,6,0.9998,adaptive,0.0914,0.0764,1,0.0764,0,0,0,0
yziyzrvntwsc1.webp,2,2,8,8,1.0,adaptive,0.0808,0.0808,1,0.0808,0,0,0,0
yziyzrvntwsc1.webp,2,3,7,7,1.0,adaptive,0.0638,0.0488,1,0.0488,0,0,0,0
yziyzrvntwsc1.webp,2,4,0,0,0.992,adaptive,0.0244,0.0,0,0.0,0,0,0,0
yziyzrvntwsc1.webp,2,5,0,0,0.992,adaptive,0.0005,0.0,0,0.0,0,0,0,0
yziyzrvntwsc1.webp,2,6,9,9,0.9999,adaptive,0.1108,0.081,1,0.081,0,0,0,0
yziyzrvntwsc1.webp,2,7,3,3,1.0,adaptive,0.0796,0.0685,1,0.0685,0,0,0,0
yziyzrvntwsc1.webp,2,8,0,0,0.992,adaptive,0.0048,0.0,0,0.0,0,0,0,0
yziyzrvntwsc1.webp,2,9,0,0,0.992,adaptive,0.0299,0.0,0,0.0,0,0,0,0
yziyzrvntwsc1.webp,3,1,5,5,1.0,adaptive,0.0971,0.0684,1,0.0684,0,0,0,0
yziyzrvntwsc1.webp,3,2,0,0,0.992,adaptive,0.0106,0.0,0,0.0,0,0,0,0
yziyzrvntwsc1.webp,3,3,0,0,0.992,adaptive,0.0158,0.0,0,0.0,0,0,0,0
yziyzrvntwsc1.webp,3,4,0,0,0.992,adaptive,0.0158,0.0,0,0.0,0,0,0,0
yziyzrvntwsc1.webp,3,5,3,3,1.0,adaptive,0.0697,0.0694,1,0.0694,0,0,0,0
yziyzrvntwsc1.webp,3,6,6,6,0.9998,adaptive,0.1092,0.0791,1,0.0791,0,0,0,0
yziyzrvntwsc1.webp,3,7,1,1,0.9959,adaptive,0.0581,0.041,1,0.041,0,0,0,0
yziyzrvntwsc1.webp,3,8,0,0,0.992,adaptive,0.0149,0.0,0,0.0,0,0,0,0
yziyzrvntwsc1.webp,3,9,7,7,1.0,adaptive,0.0922,0.0481,1,0.0481,0,0,0,0
yziyzrvntwsc1.webp,4,1,0,0,0.992,adaptive,0.0348,0.0,0,0.0,0,0,0,0
yziyzrvntwsc1.webp,4,2,4,4,1.0,adaptive,0.0925,0.0647,1,0.0647,0,0,0,0
yziyzrvntwsc1.webp,4,3,0,0,0.992,adaptive,0.0508,0.0,0,0.0,0,0,0,0
yziyzrvntwsc1.webp,4,4,0,0,0.992,adaptive,0.0557,0.0,0,0.0,0,0,0,0
yziyzrvntwsc1.webp,4,5,0,0,0.992,adaptive,0.0412,0.0,0,0.0,0,0,0,0
yziyzrvntwsc1.webp,4,6,0,0,0.992,adaptive,0.0711,0.0,0,0.0,0,0,0,0
yziyzrvntwsc1.webp,4,7,9,9,1.0,adaptive,0.1281,0.0804,1,0.0804,0,0,0,0
yziyzrvntwsc1.webp,4,8,2,2,1.0,adaptive,0.1027,0.0665,1,0.0665,0,0,0,0
yziyzrvntwsc1.webp,4,9,0,0,0.992,adaptive,0.0561,0.0,0,0.0,0,0,0,0
yziyzrvntwsc1.webp,5,1,7,7,1.0,adaptive,0.078,0.0484,1,0.0484,0,0,0,0
yziyzrvntwsc1.webp,5,2,0,0,0.992,adaptive,0.0005,0.0,0,0.0,0,0,0,0
yziyzrvntwsc1.webp,5,3,6,6,0.9997,adaptive,0.0993,0.0787,1,0.0787,0,0,0,0
yziyzrvntwsc1.webp,5,4,4,4,1.0,adaptive,0.0923,0.0647,1,0.0647,0,0,0,0
yziyzrvntwsc1.webp,5,5,9,9,1.0,adaptive,0.0937,0.0787,1,0.0787,0,0,0,0
yziyzrvntwsc1.webp,5,6,0,0,0.992,adaptive,0.0441,0.0,0,0.0,0,0,0,0
yziyzrvntwsc1.webp,5,7,8,8,1.0,adaptive,0.097,0.0794,1,0.0794,0,0,0,0
yziyzrvntwsc1.webp,5,8,0,0,0.992,adaptive,0.0078,0.0,0,0.0,0,0,0,0
yziyzrvntwsc1.webp,5,9,0,0,0.992,adaptive,0.0299,0.0,0,0.0,0,0,0,0
yziyzrvntwsc1.webp,6,1,8,8,1.0,adaptive,0.1357,0.0782,1,0.0782,0,0,0,0
yziyzrvntwsc1.webp,6,2,0,0,0.992,adaptive,0.0305,0.0,0,0.0,0,0,0,0
yziyzrvntwsc1.webp,6,3,1,1,0.9947,adaptive,0.092,0.0381,1,0.0381,0,0,0,0
yziyzrvntwsc1.webp,6,4,5,5,1.0,adaptive,0.1176,0.0737,1,0.0737,0,0,0,0
yziyzrvntwsc1.webp,6,5,6,6,0.9999,adaptive,0.1294,0.0801,1,0.0801,0,0,0,0
yziyzrvntwsc1.webp,6,6,2,2,1.0,adaptive,0.1377,0.0633,1,0.0633,0,0,0,0
yziyzrvntwsc1.webp,6,7,4,4,1.0,adaptive,0.1116,0.0622,1,0.0622,0,0,0,0
yziyzrvntwsc1.webp,6,8,7,7,1.0,adaptive,0.0905,0.0488,1,0.0488,0,0,0,0
yziyzrvntwsc1.webp,6,9,3,3,1.0,adaptive,0.125,0.0668,1,0.0668,0,0,0,0
yziyzrvntwsc1.webp,7,1,4,4,1.0,adaptive,0.0896,0.0659,1,0.0659,0,0,0,0
yziyzrvntwsc1.webp,7,2,0,0,0.992,adaptive,0.0068,0.0,0,0.0,0,0,0,0
yziyzrvntwsc1.webp,7,3,0,0,0.992,adaptive,0.045,0.0,0,0.0,0,0,0,0
yziyzrvntwsc1.webp,7,4,3,3,1.0,adaptive,0.1105,0.0675,1,0.0675,0,0,0,0
yziyzrvntwsc1.webp,7,5,2,2,1.0,adaptive,0.1072,0.064,2,0.064,1,0,0,0
yziyzrvntwsc1.webp,7,6,0,0,0.992,adaptive,0.0633,0.0,0,0.0,0,0,0,0
yziyzrvntwsc1.webp,7,7,6,6,0.9998,adaptive,0.1245,0.0795,3,0.0795,2,0,0,0
yziyzrvntwsc1.webp,7,8,0,0,0.992,adaptive,0.0269,0.0,0,0.0,0,0,0,0
yziyzrvntwsc1.webp,7,9,5,5,1.0,adaptive,0.1049,0.0744,1,0.0744,0,0,0,0
yziyzrvntwsc1.webp,8,1,1,1,0.9987,adaptive,0.0538,0.0384,1,0.0384,0,0,0,0
yziyzrvntwsc1.webp,8,2,0,0,0.992,adaptive,0.0023,0.0,0,0.0,0,0,0,0
yziyzrvntwsc1.webp,8,3,0,0,0.992,adaptive,0.0267,0.0,0,0.0,0,0,0,0
yziyzrvntwsc1.webp,8,4,0,0,0.992,adaptive,0.0373,0.0,1,0.0,1,0,0,0
yziyzrvntwsc1.webp,8,5,8,8,1.0,adaptive,0.1079,0.0817,1,0.0817,0,0,0,0
yziyzrvntwsc1.webp,8,6,0,0,0.992,adaptive,0.0457,0.0,0,0.0,0,0,0,0
yziyzrvntwsc1.webp,8,7,0,0,0.992,adaptive,0.0423,0.0,0,0.0,0,0,0,0
yziyzrvntwsc1.webp,8,8,0,0,0.992,adaptive,0.0216,0.0,0,0.0,0,0,0,0
yziyzrvntwsc1.webp,8,9,0,0,0.992,adaptive,0.0348,0.0,0,0.0,0,0,0,0
yziyzrvntwsc1.webp,9,1,0,0,0.992,adaptive,0.0437,0.0,0,0.0,0,0,0,0
yziyzrvntwsc1.webp,9,2,3,3,1.0,adaptive,0.104,0.0703,1,0.0703,0,0,0,0
yziyzrvntwsc1.webp,9,3,8,8,1.0,adaptive,0.1475,0.0786,1,0.0786,0,0,0,0
yziyzrvntwsc1.webp,9,4,0,0,0.992,adaptive,0.0713,0.0,0,0.0,0,0,0,0
yziyzrvntwsc1.webp,9,5,0,0,0.992,adaptive,0.0581,0.0,0,0.0,0,0,0,0
yziyzrvntwsc1.webp,9,6,7,7,1.0,adaptive,0.1207,0.0492,1,0.0492,0,0,0,0
yziyzrvntwsc1.webp,9,7,0,0,0.992,adaptive,0.0479,0.0,1,0.0,1,0,0,0
yziyzrvntwsc1.webp,9,8,1,1,0.9986,adaptive,0.0805,0.0375,1,0.0375,0,0,0,0
yziyzrvntwsc1.webp,9,9,0,0,0.992,adaptive,0.0579,0.0,0,0.0,0,0,0,0
yzow263ls2ec1.webp,1,1,8,8,1.0,adaptive,0.168,0.0842,1,0.0842,0,0,0,0
yzow263ls2ec1.webp,1,2,9,9,1.0,adaptive,0.1352,0.0868,1,0.0868,0,0,0,0
yzow263ls2ec1.webp,1,3,1,1,0.9979,adaptive,0.1241,0.0401,1,0.0401,0,0,0,0
yzow263ls2ec1.webp,1,6,6,6,0.9999,adaptive,0.1559,0.0844,1,0.0844,0,0,0,0
yzow263ls2ec1.webp,1,8,7,7,1.0,adaptive,0.1099,0.0522,1,0.0522,0,0,0,0
yzow263ls2ec1.webp,2,1,3,3,1.0,adaptive,0.1312,0.0744,1,0.0744,0,0,0,0
yzow263ls2ec1.webp,2,2,4,4,1.0,adaptive,0.095,0.073,1,0.073,0,0,0,0
yzow263ls2ec1.webp,2,5,7,7,1.0,adaptive,0.0787,0.0514,1,0.0514,0,0,0,0
yzow263ls2ec1.webp,2,9,6,6,1.0,adaptive,0.1407,0.0864,1,0.0864,0,0,0,0
yzow263ls2ec1.webp,3,1,7,7,1.0,adaptive,0.1359,0.0521,1,0.0521,0,0,0,0
yzow263ls2ec1.webp,3,3,6,6,0.9998,adaptive,0.1675,0.0835,1,0.0835,0,0,0,0
yzow263ls2ec1.webp,3,5,4,4,1.0,adaptive,0.1284,0.0719,1,0.0719,0,0,0,0
yzow263ls2ec1.webp,3,9,0,0,0.992,adaptive,0.0842,0.0,0,0.0,0,0,0,0
yzow263ls2ec1.webp,4,1,4,4,1.0,adaptive,0.1624,0.0688,1,0.0688,0,0,0,0
yzow263ls2ec1.webp,4,4,1,1,0.9942,adaptive,0.1294,0.0454,1,0.0454,0,0,0,0
yzow263ls2ec1.webp,4,9,5,5,1.0,adaptive,0.1633,0.0795,1,0.0795,0,0,0,0
yzow263ls2ec1.webp,5,1,1,1,0.998,adaptive,0.0981,0.0409,1,0.0409,0,0,0,0
yzow263ls2ec1.webp,5,2,6,6,1.0,adaptive,0.1139,0.0877,1,0.0877,0,0,0,0
yzow263ls2ec1.webp,5,6,8,8,1.0,adaptive,0.1298,0.0871,1,0.0871,0,0,0,0
yzow263ls2ec1.webp,5,8,3,3,1.0,adaptive,0.1047,0.0753,1,0.0753,0,0,0,0
yzow263ls2ec1.webp,6,1,5,5,1.0,adaptive,0.1513,0.0795,1,0.0795,0,0,0,0
yzow263ls2ec1.webp,6,2,3,3,1.0,adaptive,0.1151,0.0751,1,0.0751,0,0,0,0
yzow263ls2ec1.webp,6,3,8,8,1.0,adaptive,0.1559,0.0842,1,0.0842,0,0,0,0
yzow263ls2ec1.webp,6,4,7,7,1.0,adaptive,0.1232,0.0515,1,0.0515,0,0,0,0
yzow263ls2ec1.webp,6,5,6,6,0.9997,adaptive,0.1266,0.0844,1,0.0844,0,0,0,0
yzow263ls2ec1.webp,6,6,4,4,1.0,adaptive,0.1259,0.0668,1,0.0668,0,0,0,0
yzow263ls2ec1.webp,6,7,2,2,1.0,adaptive,0.1408,0.0702,1,0.0702,0,0,0,0
yzow263ls2ec1.webp,6,8,1,1,0.9967,adaptive,0.0837,0.0405,1,0.0405,0,0,0,0
yzow263ls2ec1.webp,6,9,9,9,1.0,adaptive,0.1566,0.0853,1,0.0853,0,0,0,0
yzow263ls2ec1.webp,7,2,1,1,0.9966,adaptive,0.0896,0.0398,1,0.0398,0,0,0,0
yzow263ls2ec1.webp,7,3,3,3,1.0,adaptive,0.1546,0.0722,1,0.0722,0,0,0,0
yzow263ls2ec1.webp,7,4,4,4,1.0,adaptive,0.1524,0.0697,1,0.0697,0,0,0,0
yzow263ls2ec1.webp,7,6,7,7,1.0,adaptive,0.1223,0.051,1,0.051,0,0,0,0
yzow263ls2ec1.webp,7,7,5,5,1.0,adaptive,0.1626,0.0802,1,0.0802,0,0,0,0
yzow263ls2ec1.webp,7,9,0,0,0.992,adaptive,0.0813,0.0,0,0.0,0,0,0,0
yzow263ls2ec1.webp,8,2,8,8,1.0,adaptive,0.1028,0.0872,1,0.0872,0,0,0,0
yzow263ls2ec1.webp,8,4,0,0,0.992,adaptive,0.0579,0.0,0,0.0,0,0,0,0
yzow263ls2ec1.webp,8,6,0,0,0.992,adaptive,0.0436,0.0,0,0.0,0,0,0,0
yzow263ls2ec1.webp,8,8,4,4,1.0,adaptive,0.1006,0.0709,1,0.0709,0,0,0,0
yzow263ls2ec1.webp,8,9,2,2,1.0,adaptive,0.1144,0.071,1,0.071,0,0,0,0
yzow263ls2ec1.webp,9,3,4,4,1.0,adaptive,0.1546,0.0702,1,0.0702,0,0,0,0
yzow263ls2ec1.webp,9,4,6,6,1.0,adaptive,0.1704,0.086,1,0.086,0,0,0,0
yzow263ls2ec1.webp,9,6,0,0,0.992,adaptive,0.0604,0.0,0,0.0,0,0,0,0
yzow263ls2ec1.webp,9,7,0,0,0.992,adaptive,0.0711,0.0,0,0.0,0,0,0,0
yzow263ls2ec1.webp,9,9,0,0,0.992,adaptive,0.059,0.0,0,0.0,0,0,0,0
zgaa9oulcuqc1.webp,1,1,0,0,0.992,adaptive,0.0693,0.0,0,0.0,0,0,0,0
zgaa9oulcuqc1.webp,1,2,4,4,0.9998,adaptive,0.1128,0.081,1,0.081,0,0,0,0
zgaa9oulcuqc1.webp,1,3,0,0,0.992,adaptive,0.0588,0.0,0,0.0,0,0,0,0
zgaa9oulcuqc1.webp,1,4,9,9,1.0,adaptive,0.1702,0.0998,1,0.0998,0,0,0,0
zgaa9oulcuqc1.webp,1,5,0,0,0.992,adaptive,0.0305,0.0,0,0.0,0,0,0,0
zgaa9oulcuqc1.webp,1,6,0,0,0.992,adaptive,0.0588,0.0,0,0.0,0,0,0,0
zgaa9oulcuqc1.webp,1,7,2,2,1.0,adaptive,0.1588,0.0896,1,0.0896,0,0,0,0
zgaa9oulcuqc1.webp,1,8,0,0,0.992,adaptive,0.0303,0.0,0,0.0,0,0,0,0
zgaa9oulcuqc1.webp,1,9,0,0,0.992,adaptive,0.0708,0.0,0,0.0,0,0,0,0
zgaa9oulcuqc1.webp,2,1,0,0,0.992,adaptive,0.0407,0.0,0,0.0,0,0,0,0
zgaa9oulcuqc1.webp,2,2,0,0,0.992,adaptive,0.0005,0.0,0,0.0,0,0,0,0
zgaa9oulcuqc1.webp,2,3,0,0,0.992,adaptive,0.0303,0.0,0,0.0,0,0,0,0
zgaa9oulcuqc1.webp,2,4,0,0,0.992,adaptive,0.0443,0.0,0,0.0,0,0,0,0
zgaa9oulcuqc1.webp,2,5,8,8,1.0,adaptive,0.1152,0.1148,1,0.1148,0,0,0,0
zgaa9oulcuqc1.webp,2,6,0,0,0.992,adaptive,0.0301,0.0,0,0.0,0,0,0,0
zgaa9oulcuqc1.webp,2,7,0,0,0.992,adaptive,0.0436,0.0,0,0.0,0,0,0,0
zgaa9oulcuqc1.webp,2,8,0,0,0.992,adaptive,0.0007,0.0,0,0.0,0,0,0,0
zgaa9oulcuqc1.webp,2,9,4,4,0.9998,adaptive,0.1228,0.0798,1,0.0798,0,0,0,0
zgaa9oulcuqc1.webp,3,1,0,0,0.992,adaptive,0.0804,0.0,0,0.0,0,0,0,0
zgaa9oulcuqc1.webp,3,2,2,2,1.0,adaptive,0.1336,0.0907,1,0.0907,0,0,0,0
zgaa9oulcuqc1.webp,3,3,0,0,0.992,adaptive,0.0699,0.0,0,0.0,0,0,0,0
zgaa9oulcuqc1.webp,3,4,0,0,0.992,adaptive,0.0802,0.0,0,0.0,0,0,0,0
zgaa9oulcuqc1.webp,3,5,0,0,0.992,adaptive,0.0409,0.0,0,0.0,0,0,0,0
zgaa9oulcuqc1.webp,3,6,0,0,0.992,adaptive,0.0588,0.0,0,0.0,0,0,0,0
zgaa9oulcuqc1.webp,3,7,3,3,1.0,adaptive,0.1599,0.0802,1,0.0802,0,0,0,0
zgaa9oulcuqc1.webp,3,8,0,0,0.992,adaptive,0.0434,0.0,0,0.0,0,0,0,0
zgaa9oulcuqc1.webp,3,9,9,9,1.0,adaptive,0.1751,0.102,1,0.102,0,0,0,0
zgaa9oulcuqc1.webp,4,1,9,9,1.0,adaptive,0.18,0.0998,1,0.0998,0,0,0,0
zgaa9oulcuqc1.webp,4,2,6,6,0.999,adaptive,0.1456,0.1018,1,0.1018,0,0,0,0
zgaa9oulcuqc1.webp,4,3,0,0,0.992,adaptive,0.0704,0.0,0,0.0,0,0,0,0
zgaa9oulcuqc1.webp,4,4,0,0,0.992,adaptive,0.0818,0.0,0,0.0,0,0,0,0
zgaa9oulcuqc1.webp,4,5,5,5,1.0,adaptive,0.1318,0.0875,1,0.0875,0,0,0,0
zgaa9oulcuqc1.webp,4,6,8,8,1.0,adaptive,0.18,0.1096,1,0.1096,0,0,0,0
zgaa9oulcuqc1.webp,4,7,0,0,0.992,adaptive,0.0804,0.0,0,0.0,0,0,0,0
zgaa9oulcuqc1.webp,4,8,0,0,0.992,adaptive,0.0522,0.0,0,0.0,0,0,0,0
zgaa9oulcuqc1.webp,4,9,0,0,0.992,adaptive,0.0806,0.0,0,0.0,0,0,0,0
zgaa9oulcuqc1.webp,5,1,0,0,0.992,adaptive,0.0425,0.0,0,0.0,0,0,0,0
zgaa9oulcuqc1.webp,5,2,0,0,0.992,adaptive,0.0005,0.0,0,0.0,0,0,0,0
zgaa9oulcuqc1.webp,5,3,0,0,0.992,adaptive,0.0301,0.0,0,0.0,0,0,0,0
zgaa9oulcuqc1.webp,5,4,0,0,0.992,adaptive,0.0443,0.0,0,0.0,0,0,0,0
zgaa9oulcuqc1.webp,5,5,0,0,0.992,adaptive,0.0005,0.0,0,0.0,0,0,0,0
zgaa9oulcuqc1.webp,5,6,0,0,0.992,adaptive,0.0301,0.0,0,0.0,0,0,0,0
zgaa9oulcuqc1.webp,5,7,0,0,0.992,adaptive,0.0441,0.0,0,0.0,0,0,0,0
zgaa9oulcuqc1.webp,5,8,0,0,0.992,adaptive,0.0126,0.0,0,0.0,0,0,0,0
zgaa9oulcuqc1.webp,5,9,0,0,0.992,adaptive,0.0301,0.0,0,0.0,0,0,0,0
zgaa9oulcuqc1.webp,6,1,0,0,0.992,adaptive,0.0702,0.0,0,0.0,0,0,0,0
zgaa9oulcuqc1.webp,6,2,0,0,0.992,adaptive,0.0301,0.0,0,0.0,0,0,0,0
zgaa9oulcuqc1.webp,6,3,0,0,0.992,adaptive,0.059,0.0,0,0.0,0,0,0,0
zgaa9oulcuqc1.webp,6,4,7,7,1.0,adaptive,0.1452,0.0746,1,0.0746,0,0,0,0
zgaa9oulcuqc1.webp,6,5,4,4,0.9998,adaptive,0.1126,0.0823,1,0.0823,0,0,0,0
zgaa9oulcuqc1.webp,6,6,0,0,0.992,adaptive,0.059,0.0,0,0.0,0,0,0,0
zgaa9oulcuqc1.webp,6,7,0,0,0.992,adaptive,0.0695,0.0,0,0.0,0,0,0,0
zgaa9oulcuqc1.webp,6,8,3,3,1.0,adaptive,0.1239,0.0828,1,0.0828,0,0,0,0
zgaa9oulcuqc1.webp,6,9,1,1,1.0,adaptive,0.1265,0.0675,1,0.0675,0,0,0,0
zgaa9oulcuqc1.webp,7,1,4,4,0.9995,adaptive,0.1477,0.08,1,0.08,0,0,0,0
zgaa9oulcuqc1.webp,7,2,0,0,0.992,adaptive,0.0289,0.0,0,0.0,0,0,0,0
zgaa9oulcuqc1.webp,7,3,1,1,0.9999,adaptive,0.1203,0.0633,1,0.0633,0,0,0,0
zgaa9oulcuqc1.webp,7,4,0,0,0.992,adaptive,0.0784,0.0,0,0.0,0,0,0,0
zgaa9oulcuqc1.webp,7,5,0,0,0.992,adaptive,0.0441,0.0,0,0.0,0,0,0,0
zgaa9oulcuqc1.webp,7,6,0,0,0.992,adaptive,0.0702,0.0,0,0.0,0,0,0,0
zgaa9oulcuqc1.webp,7,7,0,0,0.992,adaptive,0.0809,0.0,0,0.0,0,0,0,0
zgaa9oulcuqc1.webp,7,8,7,7,1.0,adaptive,0.1158,0.0708,1,0.0708,0,0,0,0
zgaa9oulcuqc1.webp,7,9,0,0,0.992,adaptive,0.0702,0.0,0,0.0,0,0,0,0
zgaa9oulcuqc1.webp,8,1,6,6,0.998,adaptive,0.1554,0.102,1,0.102,0,0,0,0
zgaa9oulcuqc1.webp,8,2,0,0,0.992,adaptive,0.006,0.0,0,0.0,0,0,0,0
zgaa9oulcuqc1.webp,8,3,0,0,0.992,adaptive,0.0303,0.0,0,0.0,0,0,0,0
zgaa9oulcuqc1.webp,8,4,0,0,0.992,adaptive,0.0491,0.0,0,0.0,0,0,0,0
zgaa9oulcuqc1.webp,8,5,7,7,1.0,adaptive,0.0774,0.0767,1,0.0767,0,0,0,0
zgaa9oulcuqc1.webp,8,6,0,0,0.992,adaptive,0.0301,0.0,0,0.0,0,0,0,0
zgaa9oulcuqc1.webp,8,7,0,0,0.992,adaptive,0.0443,0.0,0,0.0,0,0,0,0
zgaa9oulcuqc1.webp,8,8,0,0,0.992,adaptive,0.0131,0.0,0,0.0,0,0,0,0
zgaa9oulcuqc1.webp,8,9,0,0,0.992,adaptive,0.0301,0.0,0,0.0,0,0,0,0
zgaa9oulcuqc1.webp,9,1,0,0,0.992,adaptive,0.0697,0.0,0,0.0,0,0,0,0
zgaa9oulcuqc1.webp,9,2,0,0,0.992,adaptive,0.0301,0.0,0,0.0,0,0,0,0
zgaa9oulcuqc1.webp,9,3,9,9,1.0,adaptive,0.1602,0.1011,1,0.1011,0,0,0,0
zgaa9oulcuqc1.webp,9,4,0,0,0.992,adaptive,0.0706,0.0,0,0.0,0,0,0,0
zgaa9oulcuqc1.webp,9,5,0,0,0.992,adaptive,0.0303,0.0,0,0.0,0,0,0,0
zgaa9oulcuqc1.webp,9,6,6,6,0.9997,adaptive,0.1608,0.1018,1,0.1018,0,0,0,0
zgaa9oulcuqc1.webp,9,7,0,0,0.992,adaptive,0.0697,0.0,0,0.0,0,0,0,0
zgaa9oulcuqc1.webp,9,8,5,5,1.0,adaptive,0.1273,0.0862,1,0.0862,0,0,0,0
zgaa9oulcuqc1.webp,9,9,0,0,0.992,adaptive,0.0588,0.0,0,0.0,0,0,0,0
zhtl5l8xdopc1.jpeg,1,3,6,6,0.9993,adaptive,0.1539,0.0956,1,0.0956,0,0,0,0
zhtl5l8xdopc1.jpeg,1,7,4,4,0.9992,adaptive,0.1314,0.0733,1,0.0733,0,0,0,0
zhtl5l8xdopc1.jpeg,2,2,5,5,1.0,adaptive,0.082,0.082,1,0.082,0,0,0,0
zhtl5l8xdopc1.jpeg,2,5,4,4,0.999,adaptive,0.0774,0.0774,1,0.0774,0,0,0,0
zhtl5l8xdopc1.jpeg,2,6,1,1,0.9996,adaptive,0.0914,0.0615,1,0.0615,0,0,0,0
zhtl5l8xdopc1.jpeg,2,7,2,2,1.0,adaptive,0.1153,0.0853,1,0.0853,0,0,0,0
zhtl5l8xdopc1.jpeg,2,8,6,6,0.9995,adaptive,0.0994,0.0994,1,0.0994,0,0,0,0
zhtl5l8xdopc1.jpeg,3,1,2,2,1.0,adaptive,0.1432,0.0849,1,0.0849,0,0,0,0
zhtl5l8xdopc1.jpeg,3,3,4,4,0.9996,adaptive,0.1332,0.0742,1,0.0742,0,0,0,0
zhtl5l8xdopc1.jpeg,3,4,6,6,0.9997,adaptive,0.1571,0.0987,1,0.0987,0,0,0,0
zhtl5l8xdopc1.jpeg,3,6,7,7,1.0,adaptive,0.1247,0.0657,1,0.0657,0,0,0,0
zhtl5l8xdopc1.jpeg,4,1,5,5,1.0,adaptive,0.1379,0.0798,1,0.0798,0,0,0,0
zhtl5l8xdopc1.jpeg,5,2,9,9,1.0,adaptive,0.0978,0.0978,1,0.0978,0,0,0,0
zhtl5l8xdopc1.jpeg,5,3,2,2,1.0,adaptive,0.1158,0.0857,1,0.0857,0,0,0,0
zhtl5l8xdopc1.jpeg,5,5,6,6,0.9995,adaptive,0.0999,0.0999,1,0.0999,0,0,0,0
zhtl5l8xdopc1.jpeg,5,9,1,1,0.9999,adaptive,0.0889,0.059,1,0.059,0,0,0,0
zhtl5l8xdopc1.jpeg,6,1,3,3,1.0,adaptive,0.1341,0.0757,1,0.0757,0,0,0,0
zhtl5l8xdopc1.jpeg,6,4,2,2,1.0,adaptive,0.1432,0.0849,1,0.0849,0,0,0,0
zhtl5l8xdopc1.jpeg,6,5,9,9,1.0,adaptive,0.1266,0.0966,1,0.0966,0,0,0,0
zhtl5l8xdopc1.jpeg,6,6,4,4,0.9997,adaptive,0.1334,0.0744,1,0.0744,0,0,0,0
zhtl5l8xdopc1.jpeg,7,2,7,7,1.0,adaptive,0.0986,0.0685,1,0.0685,0,0,0,0
zhtl5l8xdopc1.jpeg,7,4,8,8,1.0,adaptive,0.1615,0.1034,1,0.1034,0,0,0,0
zhtl5l8xdopc1.jpeg,7,5,5,5,1.0,adaptive,0.1106,0.0805,1,0.0805,0,0,0,0
zhtl5l8xdopc1.jpeg,8,3,5,5,1.0,adaptive,0.1117,0.0816,1,0.0816,0,0,0,0
zhtl5l8xdopc1.jpeg,8,4,4,4,0.9998,adaptive,0.1072,0.0767,1,0.0767,0,0,0,0
zhtl5l8xdopc1.jpeg,8,7,6,6,0.999,adaptive,0.128,0.0977,1,0.0977,0,0,0,0
zhtl5l8xdopc1.jpeg,8,8,9,9,1.0,adaptive,0.1003,0.1001,1,0.1001,0,0,0,0
zhtl5l8xdopc1.jpeg,9,7,5,5,1.0,adaptive,0.1372,0.0793,1,0.0793,0,0,0,0
zov5dreqlbac1.webp,1,1,3,3,1.0,adaptive,0.1633,0.0806,1,0.0806,0,0,0,0
zov5dreqlbac1.webp,1,2,9,9,1.0,adaptive,0.1411,0.0841,1,0.0841,0,0,0,0
zov5dreqlbac1.webp,1,3,5,5,1.0,adaptive,0.1566,0.0851,1,0.0851,0,0,0,0
zov5dreqlbac1.webp,1,4,2,2,1.0,adaptive,0.1599,0.0775,1,0.0775,0,0,0,0
zov5dreqlbac1.webp,1,5,7,7,1.0,adaptive,0.1169,0.0595,1,0.0595,0,0,0,0
zov5dreqlbac1.webp,1,6,6,6,0.9984,adaptive,0.1537,0.0824,1,0.0824,0,0,0,0
zov5dreqlbac1.webp,2,1,2,2,1.0,adaptive,0.1348,0.0785,1,0.0785,0,0,0,0
zov5dreqlbac1.webp,2,2,8,8,1.0,adaptive,0.1267,0.098,1,0.098,0,0,0,0
zov5dreqlbac1.webp,2,8,7,7,1.0,adaptive,0.0957,0.0618,1,0.0618,0,0,0,0
zov5dreqlbac1.webp,2,9,6,6,0.9988,adaptive,0.1404,0.0841,1,0.0841,0,0,0,0
zov5dreqlbac1.webp,3,1,6,6,0.997,adaptive,0.1537,0.0838,1,0.0838,0,0,0,0
zov5dreqlbac1.webp,3,2,7,7,1.0,adaptive,0.1031,0.0595,1,0.0595,0,0,0,0
zov5dreqlbac1.webp,3,9,9,9,1.0,adaptive,0.155,0.0833,1,0.0833,0,0,0,0
zov5dreqlbac1.webp,4,1,5,5,1.0,adaptive,0.1628,0.0822,1,0.0822,0,0,0,0
zov5dreqlbac1.webp,4,5,1,1,0.9939,adaptive,0.1074,0.0511,1,0.0511,0,0,0,0
zov5dreqlbac1.webp,4,6,9,9,1.0,adaptive,0.1539,0.0838,1,0.0838,0,0,0,0
zov5dreqlbac1.webp,5,5,6,6,0.9939,adaptive,0.1146,0.0852,1,0.0852,0,0,0,0
zov5dreqlbac1.webp,5,9,5,5,1.0,adaptive,0.1407,0.083,1,0.083,0,0,0,0
zov5dreqlbac1.webp,6,2,4,4,1.0,adaptive,0.1196,0.0762,1,0.0762,0,0,0,0
zov5dreqlbac1.webp,6,6,5,5,1.0,adaptive,0.1412,0.0826,1,0.0826,0,0,0,0
zov5dreqlbac1.webp,7,1,4,4,1.0,adaptive,0.1441,0.0755,1,0.0755,0,0,0,0
zov5dreqlbac1.webp,7,2,1,1,0.9917,adaptive,0.0943,0.0511,1,0.0511,0,0,0,0
zov5dreqlbac1.webp,7,7,9,9,1.0,adaptive,0.1386,0.0826,1,0.0826,0,0,0,0
zov5dreqlbac1.webp,8,1,9,9,1.0,adaptive,0.142,0.0857,1,0.0857,0,0,0,0
zov5dreqlbac1.webp,8,6,4,4,1.0,adaptive,0.1257,0.0796,1,0.0796,0,0,0,0
zov5dreqlbac1.webp,8,7,8,8,1.0,adaptive,0.137,0.0938,1,0.0938,0,0,0,0
zov5dreqlbac1.webp,8,8,5,5,1.0,adaptive,0.1148,0.0856,1,0.0856,0,0,0,0
zov5dreqlbac1.webp,9,1,7,7,1.0,adaptive,0.1178,0.0566,1,0.0566,0,0,0,0
zov5dreqlbac1.webp,9,2,5,5,1.0,adaptive,0.1253,0.0821,1,0.0821,0,0,0,0
zov5dreqlbac1.webp,9,3,8,8,1.0,adaptive,0.1542,0.0958,1,0.0958,0,0,0,0
zov5dreqlbac1.webp,9,7,6,6,0.9969,adaptive,0.1519,0.082,1,0.082,0,0,0,0
zqd8k1mpo8bc1.webp,1,2,4,4,1.0,adaptive,0.1144,0.0701,1,0.0701,0,0,0,0
zqd8k1mpo8bc1.webp,1,3,5,5,1.0,adaptive,0.1481,0.0771,1,0.0771,0,0,0,0
zqd8k1mpo8bc1.webp,1,5,9,9,0.9999,adaptive,0.142,0.0855,1,0.0855,0,0,0,0
zqd8k1mpo8bc1.webp,1,6,3,3,1.0,adaptive,0.1582,0.0735,1,0.0735,0,0,0,0
zqd8k1mpo8bc1.webp,1,7,2,2,1.0,adaptive,0.1397,0.0726,1,0.0726,0,0,0,0
zqd8k1mpo8bc1.webp,1,8,8,8,1.0,adaptive,0.14,0.0839,1,0.0839,0,0,0,0
zqd8k1mpo8bc1.webp,1,9,1,1,0.9991,adaptive,0.125,0.0394,1,0.0394,0,0,0,0
zqd8k1mpo8bc1.webp,2,5,5,5,1.0,adaptive,0.101,0.081,1,0.081,0,0,0,0
zqd8k1mpo8bc1.webp,2,7,4,4,1.0,adaptive,0.1248,0.0699,1,0.0699,0,0,0,0
zqd8k1mpo8bc1.webp,2,8,6,6,0.9999,adaptive,0.112,0.0865,1,0.0865,0,0,0,0
zqd8k1mpo8bc1.webp,2,9,9,9,1.0,adaptive,0.1393,0.0853,1,0.0853,0,0,0,0
zqd8k1mpo8bc1.webp,3,1,1,1,0.9976,adaptive,0.1167,0.0405,1,0.0405,0,0,0,0
zqd8k1mpo8bc1.webp,3,4,4,4,1.0,adaptive,0.1671,0.0706,1,0.0706,0,0,0,0
zqd8k1mpo8bc1.webp,3,6,2,2,1.0,adaptive,0.1664,0.0697,1,0.0697,0,0,0,0
zqd8k1mpo8bc1.webp,3,7,7,7,1.0,adaptive,0.1323,0.0501,1,0.0501,0,0,0,0
zqd8k1mpo8bc1.webp,3,8,3,3,1.0,adaptive,0.1318,0.0744,1,0.0744,0,0,0,0
zqd8k1mpo8bc1.webp,3,9,5,5,1.0,adaptive,0.1657,0.0795,1,0.0795,0,0,0,0
zqd8k1mpo8bc1.webp,4,6,6,6,1.0,adaptive,0.1951,0.0851,1,0.0851,0,0,0,0
zqd8k1mpo8bc1.webp,4,7,5,5,1.0,adaptive,0.1746,0.0791,1,0.0791,0,0,0,0
zqd8k1mpo8bc1.webp,5,2,5,5,1.0,adaptive,0.0969,0.0813,1,0.0813,0,0,0,0
zqd8k1mpo8bc1.webp,5,5,3,3,1.0,adaptive,0.1049,0.0753,1,0.0753,0,0,0,0
zqd8k1mpo8bc1.webp,5,6,8,8,1.0,adaptive,0.1603,0.0882,1,0.0882,0,0,0,0
zqd8k1mpo8bc1.webp,5,7,6,6,1.0,adaptive,0.1431,0.0864,1,0.0864,0,0,0,0
zqd8k1mpo8bc1.webp,5,8,9,9,1.0,adaptive,0.1171,0.0872,1,0.0872,0,0,0,0
zqd8k1mpo8bc1.webp,6,5,4,4,1.0,adaptive,0.1413,0.0701,1,0.0701,0,0,0,0
zqd8k1mpo8bc1.webp,6,6,5,5,1.0,adaptive,0.1885,0.0786,1,0.0786,0,0,0,0
zqd8k1mpo8bc1.webp,6,7,8,8,1.0,adaptive,0.1813,0.0858,1,0.0858,0,0,0,0
zqd8k1mpo8bc1.webp,7,2,7,7,1.0,adaptive,0.1137,0.0522,1,0.0522,0,0,0,0
zqd8k1mpo8bc1.webp,7,4,5,5,1.0,adaptive,0.1865,0.0798,1,0.0798,0,0,0,0
zqd8k1mpo8bc1.webp,7,7,9,9,1.0,adaptive,0.1791,0.0855,1,0.0855,0,0,0,0
zqd8k1mpo8bc1.webp,7,9,6,6,1.0,adaptive,0.1829,0.0858,1,0.0858,0,0,0,0
zqd8k1mpo8bc1.webp,8,1,4,4,1.0,adaptive,0.1133,0.0706,1,0.0706,0,0,0,0
zqd8k1mpo8bc1.webp,8,2,2,2,1.0,adaptive,0.0983,0.0716,1,0.0716,0,0,0,0
zqd8k1mpo8bc1.webp,8,8,5,5,1.0,adaptive,0.1139,0.0843,1,0.0843,0,0,0,0
zqd8k1mpo8bc1.webp,8,9,8,8,1.0,adaptive,0.1445,0.0862,1,0.0862,0,0,0,0
zqd8k1mpo8bc1.webp,9,1,5,5,1.0,adaptive,0.1521,0.0798,1,0.0798,0,0,0,0
zqd8k1mpo8bc1.webp,9,9,7,7,1.0,adaptive,0.1383,0.0524,1,0.0524,0,0,0,0
zwrv141k0dkc1.webp,1,3,9,9,1.0,adaptive,0.2081,0.0552,2,0.0552,0,1,0,0
zwrv141k0dkc1.webp,1,7,3,3,1.0,adaptive,0.1782,0.0472,2,0.0472,1,0,0,0
zwrv141k0dkc1.webp,2,2,1,1,0.9969,adaptive,0.1095,0.0269,2,0.0269,0,1,0,0
zwrv141k0dkc1.webp,2,3,7,7,1.0,adaptive,0.1538,0.038,2,0.038,0,1,0,0
zwrv141k0dkc1.webp,2,4,4,4,1.0,adaptive,0.1203,0.0477,1,0.0477,0,0,0,0
zwrv141k0dkc1.webp,2,6,3,3,1.0,adaptive,0.118,0.0479,1,0.0479,0,0,0,0
zwrv141k0dkc1.webp,2,7,9,9,0.9999,adaptive,0.1986,0.0927,1,0.0927,0,0,0,0
zwrv141k0dkc1.webp,2,8,5,5,0.9996,adaptive,0.1903,0.1077,2,0.1077,1,0,0,0
zwrv141k0dkc1.webp,2,9,2,2,1.0,adaptive,0.1626,0.0495,1,0.0495,0,0,0,0
zwrv141k0dkc1.webp,3,4,9,9,1.0,adaptive,0.1475,0.057,1,0.057,0,0,0,0
zwrv141k0dkc1.webp,3,5,2,2,1.0,adaptive,0.1481,0.0513,1,0.0513,0,0,0,0
zwrv141k0dkc1.webp,3,9,6,6,0.9992,adaptive,0.1657,0.0564,1,0.0564,0,0,0,0
zwrv141k0dkc1.webp,4,4,6,6,0.9999,adaptive,0.1633,0.0575,2,0.0575,1,0,0,0
zwrv141k0dkc1.webp,4,5,9,9,0.9997,adaptive,0.2153,0.1142,2,0.1142,1,0,0,0
zwrv141k0dkc1.webp,4,8,8,8,1.0,adaptive,0.1294,0.0574,1,0.0574,0,0,0,0
zwrv141k0dkc1.webp,4,9,3,3,1.0,adaptive,0.1644,0.0463,1,0.0463,0,0,0,0
zwrv141k0dkc1.webp,5,3,6,6,0.9999,adaptive,0.163,0.0561,2,0.0561,0,1,0,0
zwrv141k0dkc1.webp,5,7,5,5,1.0,adaptive,0.1445,0.0538,5,0.0538,4,0,0,0
zwrv141k0dkc1.webp,5,9,9,9,0.9995,adaptive,0.2212,0.1074,5,0.1074,4,0,0,0
zwrv141k0dkc1.webp,6,1,4,4,1.0,adaptive,0.1697,0.0379,2,0.0379,0,1,0,0
zwrv141k0dkc1.webp,6,2,9,9,1.0,adaptive,0.1653,0.054,2,0.054,0,1,0,0
zwrv141k0dkc1.webp,6,6,5,5,1.0,adaptive,0.1673,0.0515,7,0.0515,6,0,0,0
zwrv141k0dkc1.webp,6,8,6,6,0.9983,adaptive,0.2162,0.1255,2,0.1255,1,0,0,0
zwrv141k0dkc1.webp,7,1,1,1,0.9927,adaptive,0.1691,0.0258,2,0.0258,0,1,0,0
zwrv141k0dkc1.webp,7,2,6,6,0.9968,adaptive,0.2062,0.0862,5,0.0862,3,1,0,0
zwrv141k0dkc1.webp,7,4,7,7,0.9958,adaptive,0.1827,0.0913,4,0.0913,3,0,0,0
zwrv141k0dkc1.webp,7,5,4,4,0.9999,adaptive,0.1416,0.0473,2,0.0473,1,0,0,0
zwrv141k0dkc1.webp,7,6,9,9,1.0,adaptive,0.1535,0.057,1,0.057,0,0,0,0
zwrv141k0dkc1.webp,7,9,5,5,0.9885,adaptive,0.2299,0.088,1,0.088,0,0,0,0
zwrv141k0dkc1.webp,8,1,5,5,1.0,adaptive,0.1633,0.0452,2,0.0452,0,1,0,0
zwrv141k0dkc1.webp,8,2,7,7,0.993,adaptive,0.1745,0.0843,2,0.0843,0,1,0,0
zwrv141k0dkc1.webp,8,3,2,2,0.6118,adaptive,0.2874,0.1578,2,0.1578,0,1,0,0
zwrv141k0dkc1.webp,8,4,1,1,0.9989,adaptive,0.1027,0.0308,1,0.0308,0,0,0,0
zwrv141k0dkc1.webp,8,5,3,3,0.9965,adaptive,0.1534,0.0918,3,0.0918,2,0,0,0
zwrv141k0dkc1.webp,8,6,8,8,1.0,adaptive,0.1282,0.0583,7,0.0583,6,0,0,0
zwrv141k0dkc1.webp,8,7,6,6,1.0,adaptive,0.1386,0.0588,1,0.0588,0,0,0,0
zwrv141k0dkc1.webp,8,8,9,9,1.0,adaptive,0.1263,0.056,1,0.056,0,0,0,0
zwrv141k0dkc1.webp,8,9,4,4,0.9996,adaptive,0.1834,0.0672,1,0.0672,0,0,0,0
zwrv141k0dkc1.webp,9,1,9,9,0.986,adaptive,0.2168,0.1089,2,0.1089,0,1,0,0
zwrv141k0dkc1.webp,9,3,4,4,1.0,adaptive,0.202,0.0459,2,0.0459,0,1,0,0
zwrv141k0dkc1.webp,9,7,7,7,1.0,adaptive,0.1573,0.0345,1,0.0345,0,0,0,0
