photo,row,col,gt,pred,conf,threshold,fg_frac,post_ink_frac,comps,largest_frac,tiny_removed,grid_removed,corner_removed,merged
0eqjbrpfp5dc1.webp,1,1,0,0,0.992,adaptive,0.1272,0.0,0,0.0,0,0,0,0
0eqjbrpfp5dc1.webp,1,2,0,0,0.992,adaptive,0.0868,0.0,0,0.0,0,0,0,0
0eqjbrpfp5dc1.webp,1,3,4,4,1.0,adaptive,0.1735,0.0751,1,0.0751,0,0,0,0
0eqjbrpfp5dc1.webp,1,4,6,6,0.9999,adaptive,0.1992,0.088,1,0.088,0,0,0,0
0eqjbrpfp5dc1.webp,1,5,0,0,0.992,adaptive,0.0993,0.0,0,0.0,0,0,0,0
0eqjbrpfp5dc1.webp,1,6,9,9,1.0,adaptive,0.1882,0.0875,1,0.0875,0,0,0,0
0eqjbrpfp5dc1.webp,1,7,0,0,0.992,adaptive,0.1152,0.0,0,0.0,0,0,0,0
0eqjbrpfp5dc1.webp,1,8,8,8,1.0,adaptive,0.1943,0.0932,1,0.0932,0,0,0,0
0eqjbrpfp5dc1.webp,1,9,0,0,0.992,adaptive,0.1276,0.0,0,0.0,0,0,0,0
0eqjbrpfp5dc1.webp,2,1,0,0,0.992,adaptive,0.1131,0.0,0,0.0,0,0,0,0
0eqjbrpfp5dc1.webp,2,2,0,0,0.992,adaptive,0.0829,0.0,0,0.0,0,0,0,0
0eqjbrpfp5dc1.webp,2,3,0,0,0.992,adaptive,0.0916,0.0,0,0.0,0,0,0,0
0eqjbrpfp5dc1.webp,2,4,0,0,0.992,adaptive,0.1,0.0,0,0.0,0,0,0,0
0eqjbrpfp5dc1.webp,2,5,3,3,1.0,adaptive,0.1616,0.0824,1,0.0824,0,0,0,0
0eqjbrpfp5dc1.webp,2,6,0,0,0.992,adaptive,0.1054,0.0,0,0.0,0,0,0,0
0eqjbrpfp5dc1.webp,2,7,5,5,1.0,adaptive,0.171,0.0853,1,0.0853,0,0,0,0
0eqjbrpfp5dc1.webp,2,8,7,7,1.0,adaptive,0.1237,0.064,1,0.064,0,0,0,0
0eqjbrpfp5dc1.webp,3,1,0,0,0.992,adaptive,0.1029,0.0,0,0.0,0,0,0,0
0eqjbrpfp5dc1.webp,3,2,0,0,0.992,adaptive,0.0859,0.0,0,0.0,0,0,0,0
0eqjbrpfp5dc1.webp,3,3,3,3,1.0,adaptive,0.1655,0.0798,1,0.0798,0,0,0,0
0eqjbrpfp5dc1.webp,3,4,0,0,0.992,adaptive,0.0987,0.0,0,0.0,0,0,0,0
0eqjbrpfp5dc1.webp,3,5,0,0,0.992,adaptive,0.09,0.0,0,0.0,0,0,0,0
0eqjbrpfp5dc1.webp,3,6,0,0,0.992,adaptive,0.1089,0.0,0,0.0,0,0,0,0
0eqjbrpfp5dc1.webp,3,7,0,0,0.992,adaptive,0.1123,0.0,0,0.0,0,0,0,0
0eqjbrpfp5dc1.webp,3,8,4,4,1.0,adaptive,0.1599,0.0724,1,0.0724,0,0,0,0
0eqjbrpfp5dc1.webp,3,9,6,6,0.9998,adaptive,0.1989,0.0882,1,0.0882,0,0,0,0
0eqjbrpfp5dc1.webp,4,1,0,0,0.992,adaptive,0.0989,0.0,0,0.0,0,0,0,0
0eqjbrpfp5dc1.webp,4,2,0,0,0.992,adaptive,0.0857,0.0,0,0.0,0,0,0,0
0eqjbrpfp5dc1.webp,4,3,2,2,1.0,adaptive,0.1653,0.08,1,0.08,0,0,0,0
0eqjbrpfp5dc1.webp,4,4,0,0,0.992,adaptive,0.0969,0.0,0,0.0,0,0,0,0
0eqjbrpfp5dc1.webp,4,5,0,0,0.992,adaptive,0.0862,0.0,0,0.0,0,0,0,0
0eqjbrpfp5dc1.webp,4,6,0,0,0.992,adaptive,0.0976,0.0,0,0.0,0,0,0,0
0eqjbrpfp5dc1.webp,4,7,0,0,0.992,adaptive,0.1087,0.0,0,0.0,0,0,0,0
0eqjbrpfp5dc1.webp,4,8,0,0,0.992,adaptive,0.0857,0.0,0,0.0,0,0,0,0
0eqjbrpfp5dc1.webp,4,9,0,0,0.992,adaptive,0.1112,0.0,0,0.0,0,0,0,0
0eqjbrpfp5dc1.webp,5,1,0,0,0.992,adaptive,0.0984,0.0,0,0.0,0,0,0,0
0eqjbrpfp5dc1.webp,5,2,0,0,0.992,adaptive,0.0865,0.0,0,0.0,0,0,0,0
0eqjbrpfp5dc1.webp,5,3,0,0,0.992,adaptive,0.1002,0.0,0,0.0,0,0,0,0
0eqjbrpfp5dc1.webp,5,4,8,8,1.0,adaptive,0.1818,0.0952,1,0.0952,0,0,0,0
0eqjbrpfp5dc1.webp,5,5,0,0,0.992,adaptive,0.0859,0.0,0,0.0,0,0,0,0
0eqjbrpfp5dc1.webp,5,6,0,0,0.992,adaptive,0.0988,0.0,0,0.0,0,0,0,0
0eqjbrpfp5dc1.webp,5,7,1,1,1.0,adaptive,0.1581,0.0597,1,0.0597,0,0,0,0
0eqjbrpfp5dc1.webp,5,8,3,3,1.0,adaptive,0.1545,0.0817,1,0.0817,0,0,0,0
0eqjbrpfp5dc1.webp,5,9,5,5,1.0,adaptive,0.1825,0.0839,1,0.0839,0,0,0,0
0eqjbrpfp5dc1.webp,6,1,6,6,1.0,adaptive,0.1998,0.0893,1,0.0893,0,0,0,0
0eqjbrpfp5dc1.webp,6,2,0,0,0.992,adaptive,0.095,0.0,0,0.0,0,0,0,0
0eqjbrpfp5dc1.webp,6,3,0,0,0.992,adaptive,0.1114,0.0,0,0.0,0,0,0,0
0eqjbrpfp5dc1.webp,6,4,1,1,0.9999,adaptive,0.1562,0.0586,1,0.0586,0,0,0,0
0eqjbrpfp5dc1.webp,6,5,0,0,0.992,adaptive,0.0997,0.0,0,0.0,0,0,0,0
0eqjbrpfp5dc1.webp,6,6,0,0,0.992,adaptive,0.1112,0.0,0,0.0,0,0,0,0
0eqjbrpfp5dc1.webp,6,7,4,4,1.0,adaptive,0.1767,0.0744,1,0.0744,0,0,0,0
0eqjbrpfp5dc1.webp,6,8,2,2,1.0,adaptive,0.1671,0.081,1,0.081,0,0,0,0
0eqjbrpfp5dc1.webp,7,1,0,0,0.992,adaptive,0.1105,0.0,0,0.0,0,0,0,0
0eqjbrpfp5dc1.webp,7,2,0,0,0.992,adaptive,0.088,0.0,0,0.0,0,0,0,0
0eqjbrpfp5dc1.webp,7,3,0,0,0.992,adaptive,0.1043,0.0,0,0.0,0,0,0,0
0eqjbrpfp5dc1.webp,7,4,0,0,0.992,adaptive,0.0996,0.0,0,0.0,0,0,0,0
0eqjbrpfp5dc1.webp,7,5,5,5,1.0,adaptive,0.1791,0.0857,1,0.0857,0,0,0,0
0eqjbrpfp5dc1.webp,7,6,1,1,1.0,adaptive,0.1666,0.0581,1,0.0581,0,0,0,0
0eqjbrpfp5dc1.webp,7,7,8,8,1.0,adaptive,0.2045,0.0927,1,0.0927,0,0,0,0
0eqjbrpfp5dc1.webp,7,9,2,2,1.0,adaptive,0.1907,0.0806,1,0.0806,0,0,0,0
0eqjbrpfp5dc1.webp,8,1,0,0,0.992,adaptive,0.1083,0.0,0,0.0,0,0,0,0
0eqjbrpfp5dc1.webp,8,2,9,9,1.0,adaptive,0.1708,0.0911,1,0.0911,0,0,0,0
0eqjbrpfp5dc1.webp,8,3,0,0,0.992,adaptive,0.0986,0.0,0,0.0,0,0,0,0
0eqjbrpfp5dc1.webp,8,4,0,0,0.992,adaptive,0.0868,0.0,0,0.0,0,0,0,0
0eqjbrpfp5dc1.webp,8,5,0,0,0.992,adaptive,0.0856,0.0,0,0.0,0,0,0,0
0eqjbrpfp5dc1.webp,8,6,0,0,0.992,adaptive,0.0995,0.0,0,0.0,0,0,0,0
0eqjbrpfp5dc1.webp,8,7,0,0,0.992,adaptive,0.0997,0.0,0,0.0,0,0,0,0
0eqjbrpfp5dc1.webp,9,1,0,0,0.992,adaptive,0.1274,0.0,0,0.0,0,0,0,0
0eqjbrpfp5dc1.webp,9,2,0,0,0.992,adaptive,0.0862,0.0,0,0.0,0,0,0,0
0eqjbrpfp5dc1.webp,9,3,8,8,1.0,adaptive,0.2018,0.094,1,0.094,0,0,0,0
0eqjbrpfp5dc1.webp,9,4,0,0,0.992,adaptive,0.0985,0.0,0,0.0,0,0,0,0
0eqjbrpfp5dc1.webp,9,5,7,7,1.0,adaptive,0.1599,0.0617,1,0.0617,0,0,0,0
0eqjbrpfp5dc1.webp,9,6,0,0,0.992,adaptive,0.1109,0.0,0,0.0,0,0,0,0
0eqjbrpfp5dc1.webp,9,7,0,0,0.992,adaptive,0.1112,0.0,0,0.0,0,0,0,0
0eqjbrpfp5dc1.webp,9,8,5,5,1.0,adaptive,0.1725,0.0866,1,0.0866,0,0,0,0
0h7cdk1z19ec1.webp,1,2,9,9,0.9999,adaptive,0.1291,0.0739,1,0.0739,0,0,0,0
0h7cdk1z19ec1.webp,1,4,5,5,1.0,adaptive,0.1239,0.0655,1,0.0655,0,0,0,0
0h7cdk1z19ec1.webp,1,9,8,8,1.0,adaptive,0.1314,0.0726,1,0.0726,0,0,0,0
0h7cdk1z19ec1.webp,2,2,3,3,1.0,adaptive,0.0925,0.0643,1,0.0643,0,0,0,0
0h7cdk1z19ec1.webp,2,3,5,5,1.0,adaptive,0.0936,0.0654,1,0.0654,0,0,0,0
0h7cdk1z19ec1.webp,3,1,7,7,1.0,adaptive,0.1072,0.0394,1,0.0394,0,0,0,0
0h7cdk1z19ec1.webp,3,2,1,1,0.9973,adaptive,0.0787,0.0364,1,0.0364,0,0,0,0
0h7cdk1z19ec1.webp,3,3,8,8,1.0,adaptive,0.1096,0.0702,1,0.0702,0,0,0,0
0h7cdk1z19ec1.webp,3,5,9,9,0.9999,adaptive,0.1027,0.0721,1,0.0721,0,0,0,0
0h7cdk1z19ec1.webp,3,7,5,5,1.0,adaptive,0.1212,0.065,1,0.065,0,0,0,0
0h7cdk1z19ec1.webp,3,9,6,6,0.9997,adaptive,0.1272,0.0704,1,0.0704,0,0,0,0
0h7cdk1z19ec1.webp,4,5,5,5,1.0,adaptive,0.0986,0.0674,1,0.0674,0,0,0,0
0h7cdk1z19ec1.webp,4,7,3,3,1.0,adaptive,0.1183,0.0613,1,0.0613,0,0,0,0
0h7cdk1z19ec1.webp,5,1,3,3,1.0,adaptive,0.1029,0.0608,1,0.0608,0,0,0,0
0h7cdk1z19ec1.webp,5,3,1,1,0.998,adaptive,0.066,0.0371,1,0.0371,0,0,0,0
0h7cdk1z19ec1.webp,5,4,7,7,1.0,adaptive,0.0724,0.0421,1,0.0421,0,0,0,0
0h7cdk1z19ec1.webp,5,7,2,2,1.0,adaptive,0.0884,0.0581,1,0.0581,0,0,0,0
0h7cdk1z19ec1.webp,6,1,8,8,1.0,adaptive,0.1452,0.0744,1,0.0744,0,0,0,0
0h7cdk1z19ec1.webp,6,5,4,4,0.9999,adaptive,0.0871,0.0568,1,0.0568,0,0,0,0
0h7cdk1z19ec1.webp,6,7,1,1,0.999,adaptive,0.0889,0.0314,1,0.0314,0,0,0,0
0h7cdk1z19ec1.webp,6,8,6,6,0.9999,adaptive,0.123,0.073,1,0.073,0,0,0,0
0h7cdk1z19ec1.webp,7,1,5,5,1.0,adaptive,0.1054,0.061,1,0.061,0,0,0,0
0h7cdk1z19ec1.webp,8,1,1,1,0.9977,adaptive,0.0615,0.0317,1,0.0317,0,0,0,0
0h7cdk1z19ec1.webp,8,5,7,7,1.0,adaptive,0.0709,0.0427,1,0.0427,0,0,0,0
0h7cdk1z19ec1.webp,8,6,5,5,1.0,adaptive,0.1237,0.0649,1,0.0649,0,0,0,0
0h7cdk1z19ec1.webp,8,9,4,4,0.9999,adaptive,0.1156,0.0592,1,0.0592,0,0,0,0
0h7cdk1z19ec1.webp,9,1,9,9,1.0,adaptive,0.1294,0.0706,1,0.0706,0,0,0,0
0h7cdk1z19ec1.webp,9,6,2,2,0.9999,adaptive,0.1129,0.0548,1,0.0548,0,0,0,0
0h7cdk1z19ec1.webp,9,7,8,8,1.0,adaptive,0.1299,0.0735,1,0.0735,0,0,0,0
0h7cdk1z19ec1.webp,9,8,5,5,1.0,adaptive,0.0943,0.0645,1,0.0645,0,0,0,0
0xo17h2se2tc1.webp,1,1,1,1,0.9944,adaptive,0.11,0.0483,1,0.0483,0,0,0,0
0xo17h2se2tc1.webp,1,2,9,9,1.0,adaptive,0.1149,0.0762,1,0.0762,0,0,0,0
0xo17h2se2tc1.webp,1,3,7,7,1.0,adaptive,0.1054,0.0557,1,0.0557,0,0,0,0
0xo17h2se2tc1.webp,1,4,6,6,0.9975,adaptive,0.1328,0.0764,1,0.0764,0,0,0,0
0xo17h2se2tc1.webp,1,5,8,8,1.0,adaptive,0.1425,0.0914,1,0.0914,0,0,0,0
0xo17h2se2tc1.webp,1,6,3,3,1.0,adaptive,0.1196,0.0744,1,0.0744,0,0,0,0
0xo17h2se2tc1.webp,1,7,2,2,1.0,adaptive,0.1143,0.0722,1,0.0722,0,0,0,0
0xo17h2se2tc1.webp,1,8,5,5,1.0,adaptive,0.1119,0.0776,1,0.0776,0,0,0,0
0xo17h2se2tc1.webp,1,9,4,4,1.0,adaptive,0.1337,0.0757,1,0.0757,0,0,0,0
0xo17h2se2tc1.webp,2,1,3,3,1.0,adaptive,0.1061,0.0764,1,0.0764,0,0,0,0
0xo17h2se2tc1.webp,2,2,4,4,1.0,adaptive,0.123,0.079,1,0.079,0,0,0,0
0xo17h2se2tc1.webp,2,3,2,2,1.0,adaptive,0.1389,0.0749,1,0.0749,0,0,0,0
0xo17h2se2tc1.webp,2,4,9,9,1.0,adaptive,0.0991,0.0787,1,0.0787,0,0,0,0
0xo17h2se2tc1.webp,2,5,1,1,0.9943,adaptive,0.0879,0.0498,1,0.0498,0,0,0,0
0xo17h2se2tc1.webp,2,6,5,5,1.0,adaptive,0.1088,0.078,1,0.078,0,0,0,0
0xo17h2se2tc1.webp,2,7,6,6,0.9992,adaptive,0.1226,0.0794,1,0.0794,0,0,0,0
0xo17h2se2tc1.webp,2,8,8,8,1.0,adaptive,0.1205,0.0902,1,0.0902,0,0,0,0
0xo17h2se2tc1.webp,2,9,7,7,0.9999,adaptive,0.1054,0.0563,1,0.0563,0,0,0,0
0xo17h2se2tc1.webp,3,1,5,5,1.0,adaptive,0.1192,0.0757,1,0.0757,0,0,0,0
0xo17h2se2tc1.webp,3,2,6,6,0.9988,adaptive,0.1355,0.0785,1,0.0785,0,0,0,0
0xo17h2se2tc1.webp,3,3,8,8,1.0,adaptive,0.1628,0.0896,1,0.0896,0,0,0,0
0xo17h2se2tc1.webp,3,4,4,4,1.0,adaptive,0.1265,0.0748,1,0.0748,0,0,0,0
0xo17h2se2tc1.webp,3,5,2,2,1.0,adaptive,0.1294,0.0733,1,0.0733,0,0,0,0
0xo17h2se2tc1.webp,3,6,7,7,1.0,adaptive,0.0998,0.0539,1,0.0539,0,0,0,0
0xo17h2se2tc1.webp,3,7,9,9,1.0,adaptive,0.119,0.076,1,0.076,0,0,0,0
0xo17h2se2tc1.webp,3,8,1,1,0.9977,adaptive,0.0787,0.0432,1,0.0432,0,0,0,0
0xo17h2se2tc1.webp,3,9,3,3,1.0,adaptive,0.1337,0.076,1,0.076,0,0,0,0
0xo17h2se2tc1.webp,4,1,4,4,1.0,adaptive,0.1029,0.074,1,0.074,0,0,0,0
0xo17h2se2tc1.webp,4,3,3,3,1.0,adaptive,0.1308,0.0755,1,0.0755,0,0,0,0
0xo17h2se2tc1.webp,4,4,2,2,1.0,adaptive,0.0782,0.0737,1,0.0737,0,0,0,0
0xo17h2se2tc1.webp,4,5,5,5,1.0,adaptive,0.0794,0.0794,1,0.0794,0,0,0,0
0xo17h2se2tc1.webp,4,6,6,6,0.9963,adaptive,0.1058,0.0771,1,0.0771,0,0,0,0
0xo17h2se2tc1.webp,4,8,9,9,1.0,adaptive,0.1072,0.0782,1,0.0782,0,0,0,0
0xo17h2se2tc1.webp,4,9,1,1,0.9961,adaptive,0.1031,0.0492,1,0.0492,0,0,0,0
0xo17h2se2tc1.webp,5,2,5,5,1.0,adaptive,0.0792,0.0781,1,0.0781,0,0,0,0
0xo17h2se2tc1.webp,5,3,1,1,0.9934,adaptive,0.0724,0.0425,1,0.0425,0,0,0,0
0xo17h2se2tc1.webp,5,5,4,4,1.0,adaptive,0.09,0.0753,1,0.0753,0,0,0,0
0xo17h2se2tc1.webp,5,6,9,9,1.0,adaptive,0.0934,0.0782,1,0.0782,0,0,0,0
0xo17h2se2tc1.webp,5,8,2,2,1.0,adaptive,0.0753,0.0753,1,0.0753,0,0,0,0
0xo17h2se2tc1.webp,5,9,6,6,0.9995,adaptive,0.0844,0.0782,1,0.0782,0,0,0,0
0xo17h2se2tc1.webp,6,1,9,9,1.0,adaptive,0.1185,0.0755,1,0.0755,0,0,0,0
0xo17h2se2tc1.webp,6,2,2,2,1.0,adaptive,0.1194,0.0753,1,0.0753,0,0,0,0
0xo17h2se2tc1.webp,6,3,6,6,0.9976,adaptive,0.1348,0.0766,1,0.0766,0,0,0,0
0xo17h2se2tc1.webp,6,5,7,7,1.0,adaptive,0.0859,0.0561,1,0.0561,0,0,0,0
0xo17h2se2tc1.webp,6,6,1,1,0.9956,adaptive,0.0911,0.0483,1,0.0483,0,0,0,0
0xo17h2se2tc1.webp,6,8,4,4,1.0,adaptive,0.118,0.0749,1,0.0749,0,0,0,0
0xo17h2se2tc1.webp,7,6,4,4,1.0,adaptive,0.0853,0.0766,1,0.0766,0,0,0,0
0xo17h2se2tc1.webp,8,3,4,4,1.0,adaptive,0.1176,0.0751,1,0.0751,0,0,0,0
0xo17h2se2tc1.webp,8,6,8,8,1.0,adaptive,0.1009,0.0896,1,0.0896,0,0,0,0
0xo17h2se2tc1.webp,8,7,1,1,0.9916,adaptive,0.0785,0.0486,1,0.0486,0,0,0,0
0xo17h2se2tc1.webp,9,1,6,6,0.9989,adaptive,0.1214,0.0769,1,0.0769,0,0,0,0
0xo17h2se2tc1.webp,9,5,3,3,1.0,adaptive,0.1024,0.0762,1,0.0762,0,0,0,0
0xo17h2se2tc1.webp,9,6,2,2,1.0,adaptive,0.0938,0.0731,1,0.0731,0,0,0,0
0xo17h2se2tc1.webp,9,7,4,4,1.0,adaptive,0.1303,0.0746,1,0.0746,0,0,0,0
0xo17h2se2tc1.webp,9,8,7,7,1.0,adaptive,0.0954,0.0565,1,0.0565,0,0,0,0
11t89e5i6eic1.webp,1,2,8,8,1.0,adaptive,0.1481,0.0866,1,0.0866,0,0,0,0
11t89e5i6eic1.webp,1,3,3,3,1.0,adaptive,0.141,0.0699,1,0.0699,0,0,0,0
11t89e5i6eic1.webp,1,5,9,9,0.9999,adaptive,0.1298,0.0848,1,0.0848,0,0,0,0
11t89e5i6eic1.webp,1,6,7,7,1.0,adaptive,0.1472,0.0488,1,0.0488,0,0,0,0
11t89e5i6eic1.webp,1,8,5,5,1.0,adaptive,0.1246,0.0791,1,0.0791,0,0,0,0
11t89e5i6eic1.webp,1,9,4,4,1.0,adaptive,0.1673,0.0666,1,0.0666,0,0,0,0
11t89e5i6eic1.webp,2,1,9,9,1.0,adaptive,0.1692,0.0837,1,0.0837,0,0,0,0
11t89e5i6eic1.webp,2,3,5,5,1.0,adaptive,0.1185,0.0776,1,0.0776,0,0,0,0
11t89e5i6eic1.webp,2,4,3,3,1.0,adaptive,0.159,0.0742,1,0.0742,0,0,0,0
11t89e5i6eic1.webp,2,5,4,4,1.0,adaptive,0.1283,0.0707,1,0.0707,0,0,0,0
11t89e5i6eic1.webp,2,8,8,8,1.0,adaptive,0.1455,0.0879,1,0.0879,0,0,0,0
11t89e5i6eic1.webp,2,9,7,7,1.0,adaptive,0.1366,0.0507,1,0.0507,0,0,0,0
11t89e5i6eic1.webp,3,1,4,4,1.0,adaptive,0.1657,0.0686,1,0.0686,0,0,0,0
11t89e5i6eic1.webp,3,4,5,5,1.0,adaptive,0.1738,0.0773,1,0.0773,0,0,0,0
11t89e5i6eic1.webp,3,5,6,6,1.0,adaptive,0.1524,0.0837,1,0.0837,0,0,0,0
11t89e5i6eic1.webp,3,6,8,8,1.0,adaptive,0.18,0.084,1,0.084,0,0,0,0
11t89e5i6eic1.webp,3,7,9,9,1.0,adaptive,0.1646,0.0833,1,0.0833,0,0,0,0
11t89e5i6eic1.webp,3,8,1,1,0.9973,adaptive,0.1099,0.0405,1,0.0405,0,0,0,0
11t89e5i6eic1.webp,3,9,3,3,1.0,adaptive,0.1709,0.072,1,0.072,0,0,0,0
11t89e5i6eic1.webp,4,2,5,5,1.0,adaptive,0.1642,0.0794,1,0.0794,0,0,0,0
11t89e5i6eic1.webp,4,4,4,4,1.0,adaptive,0.1813,0.0702,1,0.0702,0,0,0,0
11t89e5i6eic1.webp,4,5,7,7,1.0,adaptive,0.1355,0.0511,1,0.0511,0,0,0,0
11t89e5i6eic1.webp,4,6,3,3,1.0,adaptive,0.1842,0.0726,1,0.0726,0,0,0,0
11t89e5i6eic1.webp,4,7,8,8,1.0,adaptive,0.18,0.0847,1,0.0847,0,0,0,0
11t89e5i6eic1.webp,4,9,1,1,0.9949,adaptive,0.1579,0.0452,1,0.0452,0,0,0,0
11t89e5i6eic1.webp,5,1,8,8,1.0,adaptive,0.1443,0.0837,1,0.0837,0,0,0,0
11t89e5i6eic1.webp,5,5,2,2,1.0,adaptive,0.1247,0.0696,1,0.0696,0,0,0,0
11t89e5i6eic1.webp,5,7,3,3,1.0,adaptive,0.1398,0.0724,1,0.0724,0,0,0,0
11t89e5i6eic1.webp,5,8,4,4,1.0,adaptive,0.1263,0.0696,1,0.0696,0,0,0,0
11t89e5i6eic1.webp,5,9,5,5,1.0,adaptive,0.1653,0.0798,1,0.0798,0,0,0,0
11t89e5i6eic1.webp,6,1,3,3,1.0,adaptive,0.1856,0.0731,1,0.0731,0,0,0,0
11t89e5i6eic1.webp,6,2,4,4,1.0,adaptive,0.1531,0.0685,1,0.0685,0,0,0,0
11t89e5i6eic1.webp,6,4,8,8,1.0,adaptive,0.1938,0.082,1,0.082,0,0,0,0
11t89e5i6eic1.webp,6,5,5,5,1.0,adaptive,0.164,0.0803,1,0.0803,0,0,0,0
11t89e5i6eic1.webp,6,7,7,7,1.0,adaptive,0.1459,0.0495,1,0.0495,0,0,0,0
11t89e5i6eic1.webp,6,9,6,6,0.9999,adaptive,0.1971,0.084,1,0.084,0,0,0,0
11t89e5i6eic1.webp,7,1,7,7,1.0,adaptive,0.1484,0.0503,1,0.0503,0,0,0,0
11t89e5i6eic1.webp,7,3,4,4,1.0,adaptive,0.1477,0.0708,1,0.0708,0,0,0,0
11t89e5i6eic1.webp,7,5,1,1,0.9959,adaptive,0.1144,0.0452,1,0.0452,0,0,0,0
11t89e5i6eic1.webp,7,7,5,5,1.0,adaptive,0.1584,0.0773,1,0.0773,0,0,0,0
11t89e5i6eic1.webp,7,8,3,3,1.0,adaptive,0.1445,0.0746,1,0.0746,0,0,0,0
11t89e5i6eic1.webp,7,9,8,8,1.0,adaptive,0.1829,0.084,1,0.084,0,0,0,0
11t89e5i6eic1.webp,8,1,5,5,1.0,adaptive,0.1495,0.0769,1,0.0769,0,0,0,0
11t89e5i6eic1.webp,8,3,8,8,1.0,adaptive,0.1375,0.0853,1,0.0853,0,0,0,0
11t89e5i6eic1.webp,8,4,7,7,1.0,adaptive,0.1251,0.0507,1,0.0507,0,0,0,0
11t89e5i6eic1.webp,8,5,3,3,1.0,adaptive,0.1182,0.0748,1,0.0748,0,0,0,0
11t89e5i6eic1.webp,8,6,4,4,1.0,adaptive,0.1524,0.0697,1,0.0697,0,0,0,0
11t89e5i6eic1.webp,8,7,1,1,0.9974,adaptive,0.1083,0.0398,1,0.0398,0,0,0,0
11t89e5i6eic1.webp,8,8,6,6,1.0,adaptive,0.1421,0.0868,1,0.0868,0,0,0,0
11t89e5i6eic1.webp,9,2,3,3,1.0,adaptive,0.1431,0.0724,1,0.0724,0,0,0,0
11t89e5i6eic1.webp,9,5,8,8,1.0,adaptive,0.1572,0.0866,1,0.0866,0,0,0,0
11t89e5i6eic1.webp,9,6,5,5,1.0,adaptive,0.178,0.0789,1,0.0789,0,0,0,0
11t89e5i6eic1.webp,9,7,4,4,1.0,adaptive,0.1513,0.0675,1,0.0675,0,0,0,0
11t89e5i6eic1.webp,9,8,7,7,1.0,adaptive,0.1221,0.0516,1,0.0516,0,0,0,0
1iuo0bn7okyc1.webp,1,1,0,0,0.992,adaptive,0.0998,0.0,0,0.0,0,0,0,0
1iuo0bn7okyc1.webp,1,2,9,9,0.9946,adaptive,0.1642,0.1149,1,0.1149,0,0,0,0
1iuo0bn7okyc1.webp,1,3,0,0,0.992,adaptive,0.0713,0.0,0,0.0,0,0,0,0
1iuo0bn7okyc1.webp,1,4,0,0,0.992,adaptive,0.0867,0.0,0,0.0,0,0,0,0
1iuo0bn7okyc1.webp,1,5,5,5,0.9977,adaptive,0.1409,0.0934,1,0.0934,0,0,0,0
1iuo0bn7okyc1.webp,1,6,0,0,0.992,adaptive,0.0715,0.0,0,0.0,0,0,0,0
1iuo0bn7okyc1.webp,1,7,0,0,0.992,adaptive,0.0722,0.0,0,0.0,0,0,0,0
1iuo0bn7okyc1.webp,1,8,0,0,0.992,adaptive,0.0448,0.0,0,0.0,0,0,0,0
1iuo0bn7okyc1.webp,1,9,1,1,0.9616,adaptive,0.1452,0.0728,1,0.0728,0,0,0,0
1iuo0bn7okyc1.webp,2,1,0,0,0.992,adaptive,0.0597,0.0,0,0.0,0,0,0,0
1iuo0bn7okyc1.webp,2,2,0,0,0.992,adaptive,0.0005,0.0,0,0.0,0,0,0,0
1iuo0bn7okyc1.webp,2,3,0,0,0.992,adaptive,0.0299,0.0,0,0.0,0,0,0,0
1iuo0bn7okyc1.webp,2,4,0,0,0.992,adaptive,0.0448,0.0,0,0.0,0,0,0,0
1iuo0bn7okyc1.webp,2,5,0,0,0.992,adaptive,0.0002,0.0,0,0.0,0,0,0,0
1iuo0bn7okyc1.webp,2,6,8,8,0.9999,adaptive,0.1635,0.121,1,0.121,0,0,0,0
1iuo0bn7okyc1.webp,2,7,2,2,1.0,adaptive,0.1377,0.095,1,0.095,0,0,0,0
1iuo0bn7okyc1.webp,2,8,0,0,0.992,adaptive,0.0002,0.0,0,0.0,0,0,0,0
1iuo0bn7okyc1.webp,2,9,0,0,0.992,adaptive,0.0301,0.0,0,0.0,0,0,0,0
1iuo0bn7okyc1.webp,3,1,0,0,0.992,adaptive,0.0864,0.0,0,0.0,0,0,0,0
1iuo0bn7okyc1.webp,3,2,8,8,0.9999,adaptive,0.166,0.1223,1,0.1223,0,0,0,0
1iuo0bn7okyc1.webp,3,3,6,6,0.9999,adaptive,0.18,0.1134,1,0.1134,0,0,0,0
1iuo0bn7okyc1.webp,3,4,0,0,0.992,adaptive,0.0724,0.0,0,0.0,0,0,0,0
1iuo0bn7okyc1.webp,3,5,0,0,0.992,adaptive,0.0305,0.0,0,0.0,0,0,0,0
1iuo0bn7okyc1.webp,3,6,0,0,0.992,adaptive,0.0579,0.0,0,0.0,0,0,0,0
1iuo0bn7okyc1.webp,3,7,7,7,0.9995,adaptive,0.1368,0.0606,1,0.0606,0,0,0,0
1iuo0bn7okyc1.webp,3,8,0,0,0.992,adaptive,0.0303,0.0,0,0.0,0,0,0,0
1iuo0bn7okyc1.webp,3,9,0,0,0.992,adaptive,0.0584,0.0,0,0.0,0,0,0,0
1iuo0bn7okyc1.webp,4,1,0,0,0.992,adaptive,0.0869,0.0,0,0.0,0,0,0,0
1iuo0bn7okyc1.webp,4,2,1,1,0.9658,adaptive,0.1083,0.0735,1,0.0735,0,0,0,0
1iuo0bn7okyc1.webp,4,3,0,0,0.992,adaptive,0.0561,0.0,0,0.0,0,0,0,0
1iuo0bn7okyc1.webp,4,4,7,7,0.9996,adaptive,0.1457,0.0606,1,0.0606,0,0,0,0
1iuo0bn7okyc1.webp,4,5,0,0,0.992,adaptive,0.0303,0.0,0,0.0,0,0,0,0
1iuo0bn7okyc1.webp,4,6,0,0,0.992,adaptive,0.0579,0.0,0,0.0,0,0,0,0
1iuo0bn7okyc1.webp,4,7,0,0,0.992,adaptive,0.059,0.0,0,0.0,0,0,0,0
1iuo0bn7okyc1.webp,4,8,0,0,0.992,adaptive,0.0301,0.0,0,0.0,0,0,0,0
1iuo0bn7okyc1.webp,4,9,0,0,0.992,adaptive,0.0586,0.0,0,0.0,0,0,0,0
1iuo0bn7okyc1.webp,5,1,9,9,0.9678,adaptive,0.1888,0.1156,1,0.1156,0,0,0,0
1iuo0bn7okyc1.webp,5,2,0,0,0.992,adaptive,0.0005,0.0,0,0.0,0,0,0,0
1iuo0bn7okyc1.webp,5,3,3,3,0.9997,adaptive,0.1314,0.0864,2,0.0803,0,0,0,0
1iuo0bn7okyc1.webp,5,4,8,8,1.0,adaptive,0.1793,0.1205,1,0.1205,0,0,0,0
1iuo0bn7okyc1.webp,5,5,0,0,0.992,adaptive,0.0005,0.0,0,0.0,0,0,0,0
1iuo0bn7okyc1.webp,5,6,4,4,1.0,adaptive,0.1422,0.1056,1,0.1056,0,0,0,0
1iuo0bn7okyc1.webp,5,7,6,6,0.9997,adaptive,0.1576,0.1174,1,0.1174,0,0,0,0
1iuo0bn7okyc1.webp,5,8,0,0,0.992,adaptive,0.0,0.0,0,0.0,0,0,0,0
1iuo0bn7okyc1.webp,5,9,0,0,0.992,adaptive,0.0303,0.0,0,0.0,0,0,0,0
1iuo0bn7okyc1.webp,6,1,0,0,0.992,adaptive,0.0867,0.0,0,0.0,0,0,0,0
1iuo0bn7okyc1.webp,6,2,0,0,0.992,adaptive,0.0303,0.0,0,0.0,0,0,0,0
1iuo0bn7okyc1.webp,6,3,0,0,0.992,adaptive,0.0561,0.0,0,0.0,0,0,0,0
1iuo0bn7okyc1.webp,6,4,0,0,0.992,adaptive,0.0733,0.0,0,0.0,0,0,0,0
1iuo0bn7okyc1.webp,6,5,0,0,0.992,adaptive,0.0303,0.0,0,0.0,0,0,0,0
1iuo0bn7okyc1.webp,6,6,0,0,0.992,adaptive,0.0575,0.0,0,0.0,0,0,0,0
1iuo0bn7okyc1.webp,6,7,0,0,0.992,adaptive,0.059,0.0,0,0.0,0,0,0,0
1iuo0bn7okyc1.webp,6,8,0,0,0.992,adaptive,0.0301,0.0,0,0.0,0,0,0,0
1iuo0bn7okyc1.webp,6,9,0,0,0.992,adaptive,0.0588,0.0,0,0.0,0,0,0,0
1iuo0bn7okyc1.webp,7,1,0,0,0.992,adaptive,0.0864,0.0,0,0.0,0,0,0,0
1iuo0bn7okyc1.webp,7,2,7,7,0.9995,adaptive,0.1006,0.0579,1,0.0579,0,0,0,0
1iuo0bn7okyc1.webp,7,3,0,0,0.992,adaptive,0.0568,0.0,0,0.0,0,0,0,0
1iuo0bn7okyc1.webp,7,4,0,0,0.992,adaptive,0.0724,0.0,0,0.0,0,0,0,0
1iuo0bn7okyc1.webp,7,5,0,0,0.992,adaptive,0.0303,0.0,0,0.0,0,0,0,0
1iuo0bn7okyc1.webp,7,6,0,0,0.992,adaptive,0.0584,0.0,0,0.0,0,0,0,0
1iuo0bn7okyc1.webp,7,7,4,4,1.0,adaptive,0.1704,0.1076,1,0.1076,0,0,0,0
1iuo0bn7okyc1.webp,7,8,5,5,0.992,adaptive,0.1266,0.0877,1,0.0877,0,0,0,0
1iuo0bn7okyc1.webp,7,9,0,0,0.992,adaptive,0.0586,0.0,0,0.0,0,0,0,0
1iuo0bn7okyc1.webp,8,1,0,0,0.992,adaptive,0.0597,0.0,0,0.0,0,0,0,0
1iuo0bn7okyc1.webp,8,2,0,0,0.992,adaptive,0.0005,0.0,0,0.0,0,0,0,0
1iuo0bn7okyc1.webp,8,3,0,0,0.992,adaptive,0.0296,0.0,0,0.0,0,0,0,0
1iuo0bn7okyc1.webp,8,4,0,0,0.992,adaptive,0.0448,0.0,0,0.0,0,0,0,0
1iuo0bn7okyc1.webp,8,5,2,2,0.9999,adaptive,0.1129,0.0941,2,0.0865,0,0,0,0
1iuo0bn7okyc1.webp,8,6,9,9,0.9742,adaptive,0.1601,0.114,1,0.114,0,0,0,0
1iuo0bn7okyc1.webp,8,7,0,0,0.992,adaptive,0.0301,0.0,0,0.0,0,0,0,0
1iuo0bn7okyc1.webp,8,8,0,0,0.992,adaptive,0.0002,0.0,0,0.0,0,0,0,0
1iuo0bn7okyc1.webp,8,9,0,0,0.992,adaptive,0.0303,0.0,0,0.0,0,0,0,0
1iuo0bn7okyc1.webp,9,1,0,0,0.992,adaptive,0.0998,0.0,0,0.0,0,0,0,0
1iuo0bn7okyc1.webp,9,2,0,0,0.992,adaptive,0.045,0.0,0,0.0,0,0,0,0
1iuo0bn7okyc1.webp,9,3,0,0,0.992,adaptive,0.0708,0.0,0,0.0,0,0,0,0
1iuo0bn7okyc1.webp,9,4,3,3,0.9953,adaptive,0.1871,0.0793,2,0.0793,1,0,0,0
1iuo0bn7okyc1.webp,9,5,0,0,0.992,adaptive,0.045,0.0,0,0.0,0,0,0,0
1iuo0bn7okyc1.webp,9,6,0,0,0.992,adaptive,0.0717,0.0,0,0.0,0,0,0,0
1iuo0bn7okyc1.webp,9,7,8,8,0.9999,adaptive,0.2038,0.1158,1,0.1158,0,0,0,0
1iuo0bn7okyc1.webp,9,8,2,2,0.9998,adaptive,0.152,0.0873,2,0.0801,0,0,0,0
1iuo0bn7okyc1.webp,9,9,0,0,0.992,adaptive,0.072,0.0,0,0.0,0,0,0,0
22uovej5g68c1.webp,1,2,6,6,0.9992,adaptive,0.1789,0.0846,1,0.0846,0,0,0,0
22uovej5g68c1.webp,1,3,2,2,1.0,adaptive,0.1693,0.0771,1,0.0771,0,0,0,0
22uovej5g68c1.webp,1,4,3,3,1.0,adaptive,0.2036,0.0784,2,0.0784,0,1,0,0
22uovej5g68c1.webp,1,5,9,9,1.0,adaptive,0.178,0.0776,2,0.0776,0,1,0,0
22uovej5g68c1.webp,1,6,4,4,1.0,adaptive,0.1876,0.0726,2,0.0726,0,1,0,0
22uovej5g68c1.webp,1,7,8,8,1.0,adaptive,0.221,0.0953,2,0.088,0,0,0,0
22uovej5g68c1.webp,1,9,7,7,1.0,adaptive,0.2036,0.053,1,0.053,0,0,0,0
22uovej5g68c1.webp,2,2,3,3,1.0,adaptive,0.1589,0.0824,1,0.0824,0,0,0,0
22uovej5g68c1.webp,2,7,2,2,1.0,adaptive,0.1619,0.0742,2,0.0742,0,1,0,0
22uovej5g68c1.webp,3,2,7,7,1.0,adaptive,0.1504,0.0599,1,0.0599,0,0,0,0
22uovej5g68c1.webp,3,4,2,2,1.0,adaptive,0.1891,0.076,2,0.076,0,1,0,0
22uovej5g68c1.webp,3,7,4,4,1.0,adaptive,0.1773,0.0697,2,0.0697,0,0,1,0
22uovej5g68c1.webp,3,9,3,3,1.0,adaptive,0.1887,0.0733,2,0.0733,0,1,0,0
22uovej5g68c1.webp,4,4,1,1,0.9865,adaptive,0.1328,0.0434,2,0.0434,0,1,0,0
22uovej5g68c1.webp,4,8,3,3,0.9998,adaptive,0.145,0.073,2,0.073,0,1,0,0
22uovej5g68c1.webp,5,1,6,6,0.9873,adaptive,0.1578,0.0853,1,0.0853,0,0,0,0
22uovej5g68c1.webp,5,3,9,9,1.0,adaptive,0.1488,0.0825,2,0.0825,0,1,0,0
22uovej5g68c1.webp,5,8,4,4,1.0,adaptive,0.1371,0.0657,2,0.0657,0,1,0,0
22uovej5g68c1.webp,5,9,2,2,0.9966,adaptive,0.1583,0.0559,3,0.0495,0,1,0,0
22uovej5g68c1.webp,6,8,8,8,0.9889,adaptive,0.1771,0.0697,4,0.0697,1,2,0,0
22uovej5g68c1.webp,7,1,2,2,1.0,adaptive,0.1571,0.0809,1,0.0809,0,0,0,0
22uovej5g68c1.webp,7,4,6,6,0.9944,adaptive,0.1697,0.0804,3,0.0804,0,2,0,0
22uovej5g68c1.webp,7,7,9,9,0.6484,adaptive,0.1653,0.0604,3,0.0604,0,2,0,0
22uovej5g68c1.webp,7,9,4,4,0.9997,adaptive,0.1461,0.0519,3,0.0519,1,1,0,0
22uovej5g68c1.webp,8,5,5,5,0.9703,adaptive,0.1644,0.0615,3,0.0615,1,0,1,0
22uovej5g68c1.webp,8,7,6,6,0.841,adaptive,0.1757,0.0622,3,0.0622,0,2,0,0
22uovej5g68c1.webp,8,9,8,5,0.4597,adaptive,0.1434,0.0624,3,0.052,0,1,0,0
22uovej5g68c1.webp,9,2,9,9,0.9992,adaptive,0.1807,0.0932,2,0.0846,0,0,0,0
22uovej5g68c1.webp,9,3,6,6,0.993,adaptive,0.1666,0.0806,3,0.0806,0,2,0,0
22uovej5g68c1.webp,9,4,7,7,0.9798,adaptive,0.1617,0.1212,2,0.0875,0,0,0,0
22uovej5g68c1.webp,9,6,8,8,0.8807,adaptive,0.1591,0.0653,3,0.0653,0,2,0,0
22uovej5g68c1.webp,9,7,3,3,0.9529,adaptive,0.1546,0.1241,2,0.0782,0,0,0,0
27jk7e1vl0bc1.webp,1,1,0,0,0.992,adaptive,0.1263,0.0,0,0.0,0,0,0,0
27jk7e1vl0bc1.webp,1,2,0,0,0.992,adaptive,0.1131,0.0,0,0.0,0,0,0,0
27jk7e1vl0bc1.webp,1,3,5,5,1.0,adaptive,0.2072,0.0829,1,0.0829,0,0,0,0
27jk7e1vl0bc1.webp,1,4,0,0,0.992,adaptive,0.1247,0.0,0,0.0,0,0,0,0
27jk7e1vl0bc1.webp,1,5,6,6,1.0,adaptive,0.2137,0.0891,1,0.0891,0,0,0,0
27jk7e1vl0bc1.webp,1,6,0,0,0.992,adaptive,0.1247,0.0,0,0.0,0,0,0,0
27jk7e1vl0bc1.webp,1,7,3,3,1.0,adaptive,0.2036,0.0786,1,0.0786,0,0,0,0
27jk7e1vl0bc1.webp,1,8,2,2,1.0,adaptive,0.1814,0.0805,1,0.0805,0,0,0,0
27jk7e1vl0bc1.webp,1,9,0,0,0.992,adaptive,0.1399,0.0,0,0.0,0,0,0,0
27jk7e1vl0bc1.webp,2,1,0,0,0.992,adaptive,0.0993,0.0,0,0.0,0,0,0,0
27jk7e1vl0bc1.webp,2,2,0,0,0.992,adaptive,0.0725,0.0,0,0.0,0,0,0,0
27jk7e1vl0bc1.webp,2,3,0,0,0.992,adaptive,0.0988,0.0,0,0.0,0,0,0,0
27jk7e1vl0bc1.webp,2,4,3,3,1.0,adaptive,0.1667,0.0812,1,0.0812,0,0,0,0
27jk7e1vl0bc1.webp,2,5,0,0,0.992,adaptive,0.0983,0.0,0,0.0,0,0,0,0
27jk7e1vl0bc1.webp,2,6,0,0,0.992,adaptive,0.0988,0.0,0,0.0,0,0,0,0
27jk7e1vl0bc1.webp,2,7,0,0,0.992,adaptive,0.0991,0.0,0,0.0,0,0,0,0
27jk7e1vl0bc1.webp,2,8,0,0,0.992,adaptive,0.0859,0.0,0,0.0,0,0,0,0
27jk7e1vl0bc1.webp,2,9,4,4,1.0,adaptive,0.175,0.0746,1,0.0746,0,0,0,0
27jk7e1vl0bc1.webp,3,1,0,0,0.992,adaptive,0.1234,0.0,0,0.0,0,0,0,0
27jk7e1vl0bc1.webp,3,2,0,0,0.992,adaptive,0.0877,0.0,0,0.0,0,0,0,0
27jk7e1vl0bc1.webp,3,3,0,0,0.992,adaptive,0.1103,0.0,0,0.0,0,0,0,0
27jk7e1vl0bc1.webp,3,4,9,9,0.9999,adaptive,0.1996,0.0887,1,0.0887,0,0,0,0
27jk7e1vl0bc1.webp,3,5,0,0,0.992,adaptive,0.1113,0.0,0,0.0,0,0,0,0
27jk7e1vl0bc1.webp,3,6,7,7,1.0,adaptive,0.1715,0.0619,1,0.0619,0,0,0,0
27jk7e1vl0bc1.webp,3,7,0,0,0.992,adaptive,0.1116,0.0,0,0.0,0,0,0,0
27jk7e1vl0bc1.webp,3,8,0,0,0.992,adaptive,0.0877,0.0,0,0.0,0,0,0,0
27jk7e1vl0bc1.webp,3,9,0,0,0.992,adaptive,0.1254,0.0,0,0.0,0,0,0,0
27jk7e1vl0bc1.webp,4,1,3,3,1.0,adaptive,0.1878,0.08,1,0.08,0,0,0,0
27jk7e1vl0bc1.webp,4,2,0,0,0.992,adaptive,0.0859,0.0,0,0.0,0,0,0,0
27jk7e1vl0bc1.webp,4,3,2,2,1.0,adaptive,0.1769,0.0789,1,0.0789,0,0,0,0
27jk7e1vl0bc1.webp,4,4,8,8,1.0,adaptive,0.1898,0.0924,1,0.0924,0,0,0,0
27jk7e1vl0bc1.webp,4,5,0,0,0.992,adaptive,0.1117,0.0,0,0.0,0,0,0,0
27jk7e1vl0bc1.webp,4,6,0,0,0.992,adaptive,0.1109,0.0,0,0.0,0,0,0,0
27jk7e1vl0bc1.webp,4,7,0,0,0.992,adaptive,0.1092,0.0,0,0.0,0,0,0,0
27jk7e1vl0bc1.webp,4,8,0,0,0.992,adaptive,0.0993,0.0,0,0.0,0,0,0,0
27jk7e1vl0bc1.webp,4,9,7,7,1.0,adaptive,0.1865,0.0626,1,0.0626,0,0,0,0
27jk7e1vl0bc1.webp,5,1,0,0,0.992,adaptive,0.1122,0.0,0,0.0,0,0,0,0
27jk7e1vl0bc1.webp,5,2,0,0,0.992,adaptive,0.0735,0.0,0,0.0,0,0,0,0
27jk7e1vl0bc1.webp,5,3,7,7,1.0,adaptive,0.1569,0.0615,1,0.0615,0,0,0,0
27jk7e1vl0bc1.webp,5,4,0,0,0.992,adaptive,0.0986,0.0,0,0.0,0,0,0,0
27jk7e1vl0bc1.webp,5,5,0,0,0.992,adaptive,0.0987,0.0,0,0.0,0,0,0,0
27jk7e1vl0bc1.webp,5,6,0,0,0.992,adaptive,0.0993,0.0,0,0.0,0,0,0,0
27jk7e1vl0bc1.webp,5,7,4,4,1.0,adaptive,0.1737,0.0776,1,0.0776,0,0,0,0
27jk7e1vl0bc1.webp,5,8,0,0,0.992,adaptive,0.0859,0.0,0,0.0,0,0,0,0
27jk7e1vl0bc1.webp,5,9,5,5,1.0,adaptive,0.1981,0.0859,1,0.0859,0,0,0,0
27jk7e1vl0bc1.webp,6,1,0,0,0.992,adaptive,0.1234,0.0,0,0.0,0,0,0,0
27jk7e1vl0bc1.webp,6,2,9,9,0.9999,adaptive,0.1884,0.0893,1,0.0893,0,0,0,0
27jk7e1vl0bc1.webp,6,3,0,0,0.992,adaptive,0.1123,0.0,0,0.0,0,0,0,0
27jk7e1vl0bc1.webp,6,4,0,0,0.992,adaptive,0.1121,0.0,0,0.0,0,0,0,0
27jk7e1vl0bc1.webp,6,5,0,0,0.992,adaptive,0.1128,0.0,0,0.0,0,0,0,0
27jk7e1vl0bc1.webp,6,6,1,1,1.0,adaptive,0.17,0.0593,1,0.0593,0,0,0,0
27jk7e1vl0bc1.webp,6,7,0,0,0.992,adaptive,0.1125,0.0,0,0.0,0,0,0,0
27jk7e1vl0bc1.webp,6,8,0,0,0.992,adaptive,0.1004,0.0,0,0.0,0,0,0,0
27jk7e1vl0bc1.webp,6,9,8,8,1.0,adaptive,0.2154,0.0927,1,0.0927,0,0,0,0
27jk7e1vl0bc1.webp,7,1,0,0,0.992,adaptive,0.1227,0.0,0,0.0,0,0,0,0
27jk7e1vl0bc1.webp,7,2,0,0,0.992,adaptive,0.0873,0.0,0,0.0,0,0,0,0
27jk7e1vl0bc1.webp,7,3,3,3,1.0,adaptive,0.1753,0.0791,1,0.0791,0,0,0,0
27jk7e1vl0bc1.webp,7,4,0,0,0.992,adaptive,0.1123,0.0,0,0.0,0,0,0,0
27jk7e1vl0bc1.webp,7,5,0,0,0.992,adaptive,0.1115,0.0,0,0.0,0,0,0,0
27jk7e1vl0bc1.webp,7,6,0,0,0.992,adaptive,0.1114,0.0,0,0.0,0,0,0,0
27jk7e1vl0bc1.webp,7,7,0,0,0.992,adaptive,0.1121,0.0,0,0.0,0,0,0,0
27jk7e1vl0bc1.webp,7,8,6,6,0.9999,adaptive,0.1637,0.0905,1,0.0905,0,0,0,0
27jk7e1vl0bc1.webp,7,9,0,0,0.992,adaptive,0.125,0.0,0,0.0,0,0,0,0
27jk7e1vl0bc1.webp,8,1,0,0,0.992,adaptive,0.1115,0.0,0,0.0,0,0,0,0
27jk7e1vl0bc1.webp,8,2,0,0,0.992,adaptive,0.073,0.0,0,0.0,0,0,0,0
27jk7e1vl0bc1.webp,8,3,0,0,0.992,adaptive,0.0871,0.0,0,0.0,0,0,0,0
27jk7e1vl0bc1.webp,8,4,0,0,0.992,adaptive,0.0877,0.0,0,0.0,0,0,0,0
27jk7e1vl0bc1.webp,8,5,7,7,1.0,adaptive,0.149,0.0627,1,0.0627,0,0,0,0
27jk7e1vl0bc1.webp,8,6,0,0,0.992,adaptive,0.0875,0.0,0,0.0,0,0,0,0
27jk7e1vl0bc1.webp,8,7,0,0,0.992,adaptive,0.088,0.0,0,0.0,0,0,0,0
27jk7e1vl0bc1.webp,8,8,0,0,0.992,adaptive,0.0597,0.0,0,0.0,0,0,0,0
27jk7e1vl0bc1.webp,8,9,0,0,0.992,adaptive,0.1006,0.0,0,0.0,0,0,0,0
27jk7e1vl0bc1.webp,9,1,8,8,1.0,adaptive,0.219,0.0918,1,0.0918,0,0,0,0
27jk7e1vl0bc1.webp,9,2,6,6,0.9999,adaptive,0.1897,0.0891,1,0.0891,0,0,0,0
27jk7e1vl0bc1.webp,9,3,0,0,0.992,adaptive,0.125,0.0,0,0.0,0,0,0,0
27jk7e1vl0bc1.webp,9,4,0,0,0.992,adaptive,0.1252,0.0,0,0.0,0,0,0,0
27jk7e1vl0bc1.webp,9,5,2,2,1.0,adaptive,0.1958,0.0814,1,0.0814,0,0,0,0
27jk7e1vl0bc1.webp,9,6,0,0,0.992,adaptive,0.125,0.0,0,0.0,0,0,0,0
27jk7e1vl0bc1.webp,9,7,0,0,0.992,adaptive,0.1252,0.0,0,0.0,0,0,0,0
27jk7e1vl0bc1.webp,9,8,0,0,0.992,adaptive,0.1006,0.0,0,0.0,0,0,0,0
27jk7e1vl0bc1.webp,9,9,0,0,0.992,adaptive,0.1406,0.0,0,0.0,0,0,0,0
2dxjongwg6rc1.webp,1,2,1,1,0.5939,adaptive,0.1628,0.0724,3,0.0574,0,1,0,0
2dxjongwg6rc1.webp,1,6,7,7,0.9857,adaptive,0.1651,0.0789,2,0.0789,0,1,0,0
2dxjongwg6rc1.webp,1,7,5,5,1.0,adaptive,0.2201,0.1671,2,0.1671,0,1,0,0
2dxjongwg6rc1.webp,1,9,6,6,0.887,adaptive,0.235,0.098,1,0.098,0,0,0,0
2dxjongwg6rc1.webp,2,1,6,6,0.6693,adaptive,0.2207,0.126,3,0.1128,0,1,0,0
2dxjongwg6rc1.webp,2,5,2,2,0.9752,adaptive,0.2062,0.1265,3,0.0845,0,1,0,1
2dxjongwg6rc1.webp,2,6,1,1,0.9974,adaptive,0.1698,0.0568,3,0.0568,1,1,0,0
2dxjongwg6rc1.webp,3,5,6,7,0.5368,adaptive,0.1936,0.0744,3,0.0423,0,1,0,1
2dxjongwg6rc1.webp,3,6,3,3,0.9998,adaptive,0.2791,0.1408,5,0.1239,1,1,0,1
2dxjongwg6rc1.webp,3,7,2,5,0.5676,adaptive,0.2352,0.1515,2,0.1305,0,0,0,0
2dxjongwg6rc1.webp,3,8,1,1,0.9942,adaptive,0.137,0.0412,2,0.0412,0,1,0,0
2dxjongwg6rc1.webp,3,9,9,9,0.9995,adaptive,0.2413,0.1279,3,0.1279,1,1,0,0
2dxjongwg6rc1.webp,4,2,7,7,1.0,adaptive,0.199,0.078,2,0.078,0,1,0,0
2dxjongwg6rc1.webp,4,3,5,7,0.7225,adaptive,0.258,0.0744,3,0.0385,0,1,0,0
2dxjongwg6rc1.webp,4,7,6,9,0.7905,adaptive,0.2751,0.1341,2,0.1341,0,1,0,0
2dxjongwg6rc1.webp,5,1,8,8,1.0,adaptive,0.2433,0.1339,2,0.1339,0,1,0,0
2dxjongwg6rc1.webp,5,2,2,2,0.4205,adaptive,0.1988,0.073,2,0.073,0,1,0,0
2dxjongwg6rc1.webp,5,3,6,2,0.3991,adaptive,0.2417,0.156,3,0.0685,0,0,0,0
2dxjongwg6rc1.webp,5,4,1,4,0.5364,adaptive,0.1664,0.1296,2,0.0674,0,0,0,0
2dxjongwg6rc1.webp,5,5,5,5,0.7682,adaptive,0.2431,0.1853,2,0.1031,0,0,0,0
2dxjongwg6rc1.webp,5,6,4,1,0.5218,adaptive,0.2456,0.1597,3,0.1228,1,0,0,0
2dxjongwg6rc1.webp,5,9,3,3,0.7469,adaptive,0.2092,0.0988,3,0.0911,0,1,0,0
2dxjongwg6rc1.webp,6,3,3,3,0.8792,adaptive,0.2493,0.172,3,0.0893,1,0,0,0
2dxjongwg6rc1.webp,6,4,7,7,0.6539,adaptive,0.1611,0.1348,2,0.0715,0,0,0,0
2dxjongwg6rc1.webp,6,6,6,6,0.4295,adaptive,0.2029,0.0742,3,0.0742,1,1,0,0
2dxjongwg6rc1.webp,6,8,5,5,0.9998,adaptive,0.2135,0.114,5,0.107,2,1,0,0
2dxjongwg6rc1.webp,6,9,2,2,0.7976,adaptive,0.2154,0.0898,4,0.0722,1,1,0,0
2dxjongwg6rc1.webp,7,1,5,5,1.0,adaptive,0.2497,0.1241,2,0.1241,0,1,0,0
2dxjongwg6rc1.webp,7,4,6,6,0.5583,adaptive,0.2615,0.1856,2,0.1223,0,0,0,0
2dxjongwg6rc1.webp,8,5,7,7,1.0,adaptive,0.1625,0.0879,2,0.0879,0,1,0,0
2dxjongwg6rc1.webp,8,6,5,5,0.9989,adaptive,0.2065,0.102,3,0.102,1,1,0,0
2dxjongwg6rc1.webp,8,8,6,6,0.9934,adaptive,0.1919,0.104,2,0.104,0,1,0,0
2dxjongwg6rc1.webp,8,9,8,8,0.9999,adaptive,0.2657,0.1529,2,0.1529,0,1,0,0
2dxjongwg6rc1.webp,9,2,6,6,0.99,adaptive,0.2033,0.1167,2,0.1167,0,1,0,0
2dxjongwg6rc1.webp,9,3,9,9,0.9999,adaptive,0.2404,0.129,3,0.1212,0,1,0,0
2dxjongwg6rc1.webp,9,6,8,8,0.9979,adaptive,0.2482,0.1252,3,0.1252,2,0,0,0
2dxjongwg6rc1.webp,9,8,2,2,0.9996,adaptive,0.2517,0.1314,1,0.1314,0,0,0,0
2dxjongwg6rc1.webp,9,9,5,5,0.9999,adaptive,0.2493,0.0958,2,0.0958,1,0,0,0
2jhj80zih6kc1.webp,1,1,3,3,1.0,adaptive,0.2067,0.0795,1,0.0795,0,0,0,0
2jhj80zih6kc1.webp,1,6,7,7,1.0,adaptive,0.1591,0.0608,1,0.0608,0,0,0,0
2jhj80zih6kc1.webp,1,7,4,4,1.0,adaptive,0.1851,0.0744,1,0.0744,0,0,0,0
2jhj80zih6kc1.webp,2,5,1,1,1.0,adaptive,0.1256,0.0599,1,0.0599,0,0,0,0
2jhj80zih6kc1.webp,2,8,8,8,1.0,adaptive,0.1662,0.0944,1,0.0944,0,0,0,0
2jhj80zih6kc1.webp,2,9,3,3,1.0,adaptive,0.1676,0.0816,1,0.0816,0,0,0,0
2jhj80zih6kc1.webp,3,1,5,5,1.0,adaptive,0.2083,0.0829,1,0.0829,0,0,0,0
2jhj80zih6kc1.webp,3,4,3,3,1.0,adaptive,0.1925,0.0802,1,0.0802,0,0,0,0
2jhj80zih6kc1.webp,3,5,2,2,1.0,adaptive,0.1793,0.0819,1,0.0819,0,0,0,0
2jhj80zih6kc1.webp,3,7,7,7,1.0,adaptive,0.1735,0.0628,1,0.0628,0,0,0,0
2jhj80zih6kc1.webp,3,9,9,9,0.9999,adaptive,0.2007,0.0893,1,0.0893,0,0,0,0
2jhj80zih6kc1.webp,4,1,9,9,0.9999,adaptive,0.2125,0.0875,1,0.0875,0,0,0,0
2jhj80zih6kc1.webp,4,2,8,8,1.0,adaptive,0.1809,0.0948,1,0.0948,0,0,0,0
2jhj80zih6kc1.webp,4,6,1,1,0.9999,adaptive,0.1704,0.0588,1,0.0588,0,0,0,0
2jhj80zih6kc1.webp,4,9,6,6,0.9999,adaptive,0.1978,0.0867,1,0.0867,0,0,0,0
2jhj80zih6kc1.webp,5,6,3,3,1.0,adaptive,0.1787,0.0814,1,0.0814,0,0,0,0
2jhj80zih6kc1.webp,5,9,1,1,0.9999,adaptive,0.1583,0.0602,1,0.0602,0,0,0,0
2jhj80zih6kc1.webp,6,2,1,1,0.9999,adaptive,0.1583,0.0588,1,0.0588,0,0,0,0
2jhj80zih6kc1.webp,6,8,2,2,1.0,adaptive,0.1655,0.0803,1,0.0803,0,0,0,0
2jhj80zih6kc1.webp,7,1,6,6,0.9999,adaptive,0.2005,0.0873,1,0.0873,0,0,0,0
2jhj80zih6kc1.webp,7,2,2,2,1.0,adaptive,0.1531,0.0801,1,0.0801,0,0,0,0
2jhj80zih6kc1.webp,7,3,4,4,1.0,adaptive,0.1851,0.0742,1,0.0742,0,0,0,0
2jhj80zih6kc1.webp,7,4,1,1,0.9999,adaptive,0.1588,0.0588,1,0.0588,0,0,0,0
2jhj80zih6kc1.webp,7,5,7,7,1.0,adaptive,0.1506,0.0649,1,0.0649,0,0,0,0
2jhj80zih6kc1.webp,8,2,3,3,1.0,adaptive,0.1687,0.0824,1,0.0824,0,0,0,0
2jhj80zih6kc1.webp,8,3,9,9,1.0,adaptive,0.1626,0.0886,1,0.0886,0,0,0,0
2jhj80zih6kc1.webp,8,4,6,6,0.9999,adaptive,0.1615,0.0877,1,0.0877,0,0,0,0
2jhj80zih6kc1.webp,9,2,5,5,1.0,adaptive,0.1974,0.085,1,0.085,0,0,0,0
2jhj80zih6kc1.webp,9,3,7,7,1.0,adaptive,0.186,0.0622,1,0.0622,0,0,0,0
2jhj80zih6kc1.webp,9,4,4,4,1.0,adaptive,0.1873,0.0751,1,0.0751,0,0,0,0
2jhj80zih6kc1.webp,9,5,3,3,1.0,adaptive,0.1936,0.081,1,0.081,0,0,0,0
3293dcuj1nxc1.webp,1,1,9,9,1.0,adaptive,0.1945,0.082,1,0.082,0,0,0,0
3293dcuj1nxc1.webp,1,2,4,4,1.0,adaptive,0.1651,0.0791,1,0.0791,0,0,0,0
3293dcuj1nxc1.webp,1,3,5,5,1.0,adaptive,0.1845,0.0853,1,0.0853,0,0,0,0
3293dcuj1nxc1.webp,1,4,2,2,1.0,adaptive,0.1635,0.0764,1,0.0764,0,0,0,0
3293dcuj1nxc1.webp,1,5,1,1,0.9915,adaptive,0.1339,0.0482,1,0.0482,0,0,0,0
3293dcuj1nxc1.webp,1,6,8,8,1.0,adaptive,0.1811,0.094,1,0.094,0,0,0,0
3293dcuj1nxc1.webp,1,7,6,6,0.9989,adaptive,0.182,0.0831,1,0.0831,0,0,0,0
3293dcuj1nxc1.webp,1,8,7,7,1.0,adaptive,0.1312,0.0583,1,0.0583,0,0,0,0
3293dcuj1nxc1.webp,1,9,3,3,1.0,adaptive,0.1922,0.0789,1,0.0789,0,0,0,0
3293dcuj1nxc1.webp,2,1,7,7,1.0,adaptive,0.1443,0.0583,1,0.0583,0,0,0,0
3293dcuj1nxc1.webp,2,2,8,8,1.0,adaptive,0.138,0.0955,1,0.0955,0,0,0,0
3293dcuj1nxc1.webp,2,3,1,1,0.993,adaptive,0.118,0.0498,1,0.0498,0,0,0,0
3293dcuj1nxc1.webp,2,4,9,9,1.0,adaptive,0.1108,0.081,1,0.081,0,0,0,0
3293dcuj1nxc1.webp,2,5,3,3,1.0,adaptive,0.1405,0.0826,1,0.0826,0,0,0,0
3293dcuj1nxc1.webp,2,6,6,6,0.9972,adaptive,0.1538,0.0841,1,0.0841,0,0,0,0
3293dcuj1nxc1.webp,2,7,5,5,1.0,adaptive,0.1538,0.0832,1,0.0832,0,0,0,0
3293dcuj1nxc1.webp,2,8,2,2,1.0,adaptive,0.138,0.0808,1,0.0808,0,0,0,0
3293dcuj1nxc1.webp,2,9,4,4,1.0,adaptive,0.166,0.0801,1,0.0801,0,0,0,0
3293dcuj1nxc1.webp,3,1,3,3,1.0,adaptive,0.1769,0.078,1,0.078,0,0,0,0
3293dcuj1nxc1.webp,3,2,6,6,0.9958,adaptive,0.1393,0.0823,1,0.0823,0,0,0,0
3293dcuj1nxc1.webp,3,3,2,2,1.0,adaptive,0.1577,0.0769,1,0.0769,0,0,0,0
3293dcuj1nxc1.webp,3,4,7,7,1.0,adaptive,0.1395,0.057,1,0.057,0,0,0,0
3293dcuj1nxc1.webp,3,5,5,5,1.0,adaptive,0.156,0.0857,1,0.0857,0,0,0,0
3293dcuj1nxc1.webp,3,6,4,4,1.0,adaptive,0.1597,0.0775,1,0.0775,0,0,0,0
3293dcuj1nxc1.webp,3,7,9,9,1.0,adaptive,0.1098,0.0802,1,0.0802,0,0,0,0
3293dcuj1nxc1.webp,3,8,8,8,1.0,adaptive,0.1664,0.0966,1,0.0966,0,0,0,0
3293dcuj1nxc1.webp,3,9,1,1,0.9951,adaptive,0.1441,0.0448,1,0.0448,0,0,0,0
3293dcuj1nxc1.webp,4,1,5,5,1.0,adaptive,0.1689,0.0822,1,0.0822,0,0,0,0
3293dcuj1nxc1.webp,4,2,9,9,1.0,adaptive,0.1113,0.0814,1,0.0814,0,0,0,0
3293dcuj1nxc1.webp,4,3,3,3,1.0,adaptive,0.1626,0.0798,1,0.0798,0,0,0,0
3293dcuj1nxc1.webp,4,4,8,8,1.0,adaptive,0.1751,0.0936,1,0.0936,0,0,0,0
3293dcuj1nxc1.webp,4,5,2,2,1.0,adaptive,0.1445,0.0762,1,0.0762,0,0,0,0
3293dcuj1nxc1.webp,4,6,1,1,0.9939,adaptive,0.1325,0.0503,1,0.0503,0,0,0,0
3293dcuj1nxc1.webp,4,7,4,4,1.0,adaptive,0.1571,0.0746,1,0.0746,0,0,0,0
3293dcuj1nxc1.webp,4,8,6,6,0.9964,adaptive,0.1536,0.0846,1,0.0846,0,0,0,0
3293dcuj1nxc1.webp,4,9,7,7,1.0,adaptive,0.1557,0.0568,1,0.0568,0,0,0,0
3293dcuj1nxc1.webp,5,2,2,2,1.0,adaptive,0.1354,0.0778,1,0.0778,0,0,0,0
3293dcuj1nxc1.webp,5,4,3,3,1.0,adaptive,0.1488,0.0805,1,0.0805,0,0,0,0
3293dcuj1nxc1.webp,5,5,4,4,1.0,adaptive,0.1361,0.0794,1,0.0794,0,0,0,0
3293dcuj1nxc1.webp,5,6,7,7,1.0,adaptive,0.1271,0.0583,1,0.0583,0,0,0,0
3293dcuj1nxc1.webp,5,7,1,1,0.995,adaptive,0.1151,0.0448,1,0.0448,0,0,0,0
3293dcuj1nxc1.webp,5,8,9,9,1.0,adaptive,0.0845,0.0845,1,0.0845,0,0,0,0
3293dcuj1nxc1.webp,5,9,5,5,1.0,adaptive,0.1701,0.0841,1,0.0841,0,0,0,0
3293dcuj1nxc1.webp,6,1,4,4,1.0,adaptive,0.162,0.0748,1,0.0748,0,0,0,0
3293dcuj1nxc1.webp,6,2,1,1,0.9945,adaptive,0.1149,0.0452,1,0.0452,0,0,0,0
3293dcuj1nxc1.webp,6,3,7,7,1.0,adaptive,0.1395,0.0577,1,0.0577,0,0,0,0
3293dcuj1nxc1.webp,6,7,2,2,1.0,adaptive,0.1588,0.0764,1,0.0764,0,0,0,0
3293dcuj1nxc1.webp,6,8,3,3,1.0,adaptive,0.1506,0.0814,1,0.0814,0,0,0,0
3293dcuj1nxc1.webp,6,9,8,8,1.0,adaptive,0.1943,0.0953,1,0.0953,0,0,0,0
3293dcuj1nxc1.webp,7,2,3,3,1.0,adaptive,0.152,0.0814,1,0.0814,0,0,0,0
3293dcuj1nxc1.webp,7,4,4,4,1.0,adaptive,0.1615,0.0798,1,0.0798,0,0,0,0
3293dcuj1nxc1.webp,7,5,8,8,1.0,adaptive,0.1658,0.0957,1,0.0957,0,0,0,0
3293dcuj1nxc1.webp,7,7,7,7,1.0,adaptive,0.1406,0.0573,1,0.0573,0,0,0,0
3293dcuj1nxc1.webp,7,9,2,2,1.0,adaptive,0.1771,0.0777,1,0.0777,0,0,0,0
3293dcuj1nxc1.webp,8,1,2,2,1.0,adaptive,0.1504,0.0771,1,0.0771,0,0,0,0
3293dcuj1nxc1.webp,8,3,4,4,1.0,adaptive,0.1459,0.0758,1,0.0758,0,0,0,0
3293dcuj1nxc1.webp,8,6,3,3,1.0,adaptive,0.1499,0.081,1,0.081,0,0,0,0
3293dcuj1nxc1.webp,8,7,8,8,1.0,adaptive,0.1655,0.0954,1,0.0954,0,0,0,0
3293dcuj1nxc1.webp,8,9,9,9,1.0,adaptive,0.1549,0.0825,1,0.0825,0,0,0,0
3293dcuj1nxc1.webp,9,6,2,2,1.0,adaptive,0.1778,0.0784,1,0.0784,0,0,0,0
3293dcuj1nxc1.webp,9,7,3,3,1.0,adaptive,0.1796,0.0802,1,0.0802,0,0,0,0
3293dcuj1nxc1.webp,9,8,4,4,1.0,adaptive,0.1624,0.0767,1,0.0767,0,0,0,0
3293dcuj1nxc1.webp,9,9,6,6,0.9937,adaptive,0.1943,0.0809,1,0.0809,0,0,0,0
3ctzs0mzw49c1.webp,1,1,9,9,1.0,adaptive,0.2159,0.1092,1,0.1092,0,0,0,0
3ctzs0mzw49c1.webp,1,4,1,1,0.9991,adaptive,0.1689,0.0555,1,0.0555,0,0,0,0
3ctzs0mzw49c1.webp,1,5,4,4,1.0,adaptive,0.2117,0.0977,2,0.0977,1,0,0,0
3ctzs0mzw49c1.webp,1,8,5,5,1.0,adaptive,0.1438,0.0445,4,0.0445,3,0,0,0
3ctzs0mzw49c1.webp,1,9,7,7,1.0,adaptive,0.1833,0.0735,1,0.0735,0,0,0,0
3ctzs0mzw49c1.webp,2,2,5,5,1.0,adaptive,0.1788,0.0962,1,0.0962,0,0,0,0
3ctzs0mzw49c1.webp,2,6,7,7,1.0,adaptive,0.1868,0.071,1,0.071,0,0,0,0
3ctzs0mzw49c1.webp,2,7,2,2,0.9998,adaptive,0.1879,0.0898,1,0.0898,0,0,0,0
3ctzs0mzw49c1.webp,2,9,4,4,1.0,adaptive,0.1958,0.0963,1,0.0963,0,0,0,0
3ctzs0mzw49c1.webp,3,4,5,5,1.0,adaptive,0.1664,0.0532,2,0.0532,1,0,0,0
3ctzs0mzw49c1.webp,3,5,8,8,1.0,adaptive,0.2223,0.121,1,0.121,0,0,0,0
3ctzs0mzw49c1.webp,4,1,5,5,1.0,adaptive,0.2074,0.094,1,0.094,0,0,0,0
3ctzs0mzw49c1.webp,4,3,2,2,0.9998,adaptive,0.1833,0.0878,1,0.0878,0,0,0,0
3ctzs0mzw49c1.webp,4,4,7,7,0.9999,adaptive,0.166,0.0443,2,0.0443,1,0,0,0
3ctzs0mzw49c1.webp,4,5,1,1,0.9627,adaptive,0.1416,0.0274,1,0.0274,0,0,0,0
3ctzs0mzw49c1.webp,4,8,4,4,1.0,adaptive,0.2076,0.0972,1,0.0972,0,0,0,0
3ctzs0mzw49c1.webp,5,4,4,4,1.0,adaptive,0.2243,0.0961,1,0.0961,0,0,0,0
3ctzs0mzw49c1.webp,5,5,5,5,1.0,adaptive,0.1724,0.0507,3,0.0507,2,0,0,0
3ctzs0mzw49c1.webp,5,6,8,8,1.0,adaptive,0.2361,0.1217,1,0.1217,0,0,0,0
3ctzs0mzw49c1.webp,5,8,2,2,0.9994,adaptive,0.1462,0.0452,1,0.0452,0,0,0,0
3ctzs0mzw49c1.webp,6,2,4,4,1.0,adaptive,0.1981,0.0959,1,0.0959,0,0,0,0
3ctzs0mzw49c1.webp,6,5,2,2,0.9988,adaptive,0.1723,0.0396,2,0.0396,1,0,0,0
3ctzs0mzw49c1.webp,6,7,7,7,1.0,adaptive,0.1818,0.0677,1,0.0677,0,0,0,0
3ctzs0mzw49c1.webp,6,9,5,5,1.0,adaptive,0.2181,0.0945,1,0.0945,0,0,0,0
3ctzs0mzw49c1.webp,7,5,3,3,1.0,adaptive,0.1909,0.0923,1,0.0923,0,0,0,0
3ctzs0mzw49c1.webp,7,6,1,1,0.8611,adaptive,0.1216,0.0227,6,0.0227,5,0,0,0
3ctzs0mzw49c1.webp,7,8,7,7,1.0,adaptive,0.1355,0.0403,3,0.0403,2,0,0,0
3ctzs0mzw49c1.webp,8,1,1,1,0.997,adaptive,0.1615,0.0586,4,0.0586,3,0,0,0
3ctzs0mzw49c1.webp,8,2,7,7,0.9998,adaptive,0.1279,0.0413,4,0.0413,3,0,0,0
3ctzs0mzw49c1.webp,8,3,8,8,1.0,adaptive,0.2239,0.1237,1,0.1237,0,0,0,0
3ctzs0mzw49c1.webp,8,4,2,2,0.9999,adaptive,0.1906,0.0868,1,0.0868,0,0,0,0
3ctzs0mzw49c1.webp,8,6,5,5,1.0,adaptive,0.1538,0.0511,3,0.0511,2,0,0,0
3ctzs0mzw49c1.webp,8,7,4,4,0.9925,adaptive,0.1323,0.0441,1,0.0441,0,0,0,0
3ctzs0mzw49c1.webp,8,8,3,3,1.0,adaptive,0.1804,0.0944,1,0.0944,0,0,0,0
3ctzs0mzw49c1.webp,9,1,6,6,0.998,adaptive,0.2203,0.11,1,0.11,0,0,0,0
3ctzs0mzw49c1.webp,9,5,7,7,0.9999,adaptive,0.1725,0.0697,1,0.0697,0,0,0,0
3ctzs0mzw49c1.webp,9,6,4,4,1.0,adaptive,0.2078,0.0945,1,0.0945,0,0,0,0
3ctzs0mzw49c1.webp,9,9,2,2,1.0,adaptive,0.2005,0.0902,1,0.0902,0,0,0,0
3dh0e5agwxbc1.webp,1,1,0,0,0.992,adaptive,0.127,0.0,0,0.0,0,0,0,0
3dh0e5agwxbc1.webp,1,2,7,7,1.0,adaptive,0.1483,0.0624,1,0.0624,0,0,0,0
3dh0e5agwxbc1.webp,1,3,0,0,0.992,adaptive,0.1161,0.0,0,0.0,0,0,0,0
3dh0e5agwxbc1.webp,1,4,4,4,1.0,adaptive,0.1847,0.0742,1,0.0742,0,0,0,0
3dh0e5agwxbc1.webp,1,5,8,8,1.0,adaptive,0.1922,0.0948,1,0.0948,0,0,0,0
3dh0e5agwxbc1.webp,1,6,0,0,0.992,adaptive,0.1114,0.0,0,0.0,0,0,0,0
3dh0e5agwxbc1.webp,1,7,1,1,0.9999,adaptive,0.1682,0.0581,1,0.0581,0,0,0,0
3dh0e5agwxbc1.webp,1,8,3,3,1.0,adaptive,0.1805,0.0814,1,0.0814,0,0,0,0
3dh0e5agwxbc1.webp,1,9,0,0,0.992,adaptive,0.1138,0.0,0,0.0,0,0,0,0
3dh0e5agwxbc1.webp,2,1,0,0,0.992,adaptive,0.1063,0.0,0,0.0,0,0,0,0
3dh0e5agwxbc1.webp,2,2,0,0,0.992,adaptive,0.0597,0.0,0,0.0,0,0,0,0
3dh0e5agwxbc1.webp,2,3,0,0,0.992,adaptive,0.0945,0.0,0,0.0,0,0,0,0
3dh0e5agwxbc1.webp,2,4,0,0,0.992,adaptive,0.0927,0.0,0,0.0,0,0,0,0
3dh0e5agwxbc1.webp,2,5,0,0,0.992,adaptive,0.084,0.0,0,0.0,0,0,0,0
3dh0e5agwxbc1.webp,2,6,0,0,0.992,adaptive,0.0853,0.0,0,0.0,0,0,0,0
3dh0e5agwxbc1.webp,2,7,0,0,0.992,adaptive,0.0959,0.0,0,0.0,0,0,0,0
3dh0e5agwxbc1.webp,2,8,0,0,0.992,adaptive,0.073,0.0,0,0.0,0,0,0,0
3dh0e5agwxbc1.webp,2,9,0,0,0.992,adaptive,0.0848,0.0,0,0.0,0,0,0,0
3dh0e5agwxbc1.webp,3,1,0,0,0.992,adaptive,0.1103,0.0,0,0.0,0,0,0,0
3dh0e5agwxbc1.webp,3,2,0,0,0.992,adaptive,0.0782,0.0,0,0.0,0,0,0,0
3dh0e5agwxbc1.webp,3,3,0,0,0.992,adaptive,0.098,0.0,0,0.0,0,0,0,0
3dh0e5agwxbc1.webp,3,4,5,5,1.0,adaptive,0.1695,0.084,1,0.084,0,0,0,0
3dh0e5agwxbc1.webp,3,5,6,6,0.9999,adaptive,0.1624,0.0896,1,0.0896,0,0,0,0
3dh0e5agwxbc1.webp,3,6,0,0,0.992,adaptive,0.1112,0.0,0,0.0,0,0,0,0
3dh0e5agwxbc1.webp,3,7,0,0,0.992,adaptive,0.1149,0.0,0,0.0,0,0,0,0
3dh0e5agwxbc1.webp,3,8,8,8,1.0,adaptive,0.1845,0.0943,1,0.0943,0,0,0,0
3dh0e5agwxbc1.webp,3,9,0,0,0.992,adaptive,0.1096,0.0,0,0.0,0,0,0,0
3dh0e5agwxbc1.webp,4,1,0,0,0.992,adaptive,0.1243,0.0,0,0.0,0,0,0,0
3dh0e5agwxbc1.webp,4,2,6,6,1.0,adaptive,0.1739,0.0882,1,0.0882,0,0,0,0
3dh0e5agwxbc1.webp,4,3,0,0,0.992,adaptive,0.1107,0.0,0,0.0,0,0,0,0
3dh0e5agwxbc1.webp,4,4,0,0,0.992,adaptive,0.1089,0.0,0,0.0,0,0,0,0
3dh0e5agwxbc1.webp,4,5,0,0,0.992,adaptive,0.0991,0.0,0,0.0,0,0,0,0
3dh0e5agwxbc1.webp,4,6,8,8,1.0,adaptive,0.1845,0.0929,1,0.0929,0,0,0,0
3dh0e5agwxbc1.webp,4,7,0,0,0.992,adaptive,0.1214,0.0,0,0.0,0,0,0,0
3dh0e5agwxbc1.webp,4,8,7,7,1.0,adaptive,0.1499,0.0631,1,0.0631,0,0,0,0
3dh0e5agwxbc1.webp,4,9,0,0,0.992,adaptive,0.1089,0.0,0,0.0,0,0,0,0
3dh0e5agwxbc1.webp,5,1,0,0,0.992,adaptive,0.1119,0.0,0,0.0,0,0,0,0
3dh0e5agwxbc1.webp,5,2,4,4,1.0,adaptive,0.1453,0.076,1,0.076,0,0,0,0
3dh0e5agwxbc1.webp,5,3,1,1,1.0,adaptive,0.1443,0.0599,1,0.0599,0,0,0,0
3dh0e5agwxbc1.webp,5,4,0,0,0.992,adaptive,0.095,0.0,0,0.0,0,0,0,0
3dh0e5agwxbc1.webp,5,5,0,0,0.992,adaptive,0.0902,0.0,0,0.0,0,0,0,0
3dh0e5agwxbc1.webp,5,6,6,6,0.9999,adaptive,0.1694,0.0902,1,0.0902,0,0,0,0
3dh0e5agwxbc1.webp,5,7,0,0,0.992,adaptive,0.0941,0.0,0,0.0,0,0,0,0
3dh0e5agwxbc1.webp,5,8,0,0,0.992,adaptive,0.0852,0.0,0,0.0,0,0,0,0
3dh0e5agwxbc1.webp,5,9,0,0,0.992,adaptive,0.0979,0.0,0,0.0,0,0,0,0
3dh0e5agwxbc1.webp,6,1,0,0,0.992,adaptive,0.1247,0.0,0,0.0,0,0,0,0
3dh0e5agwxbc1.webp,6,2,0,0,0.992,adaptive,0.0997,0.0,0,0.0,0,0,0,0
3dh0e5agwxbc1.webp,6,3,8,8,1.0,adaptive,0.1931,0.0918,1,0.0918,0,0,0,0
3dh0e5agwxbc1.webp,6,4,0,0,0.992,adaptive,0.1118,0.0,0,0.0,0,0,0,0
3dh0e5agwxbc1.webp,6,5,0,0,0.992,adaptive,0.1045,0.0,0,0.0,0,0,0,0
3dh0e5agwxbc1.webp,6,6,0,0,0.992,adaptive,0.1114,0.0,0,0.0,0,0,0,0
3dh0e5agwxbc1.webp,6,7,0,0,0.992,adaptive,0.1236,0.0,0,0.0,0,0,0,0
3dh0e5agwxbc1.webp,6,8,1,1,0.9999,adaptive,0.1603,0.0604,1,0.0604,0,0,0,0
3dh0e5agwxbc1.webp,6,9,0,0,0.992,adaptive,0.1098,0.0,0,0.0,0,0,0,0
3dh0e5agwxbc1.webp,7,1,0,0,0.992,adaptive,0.1185,0.0,0,0.0,0,0,0,0
3dh0e5agwxbc1.webp,7,2,9,9,1.0,adaptive,0.1574,0.0875,1,0.0875,0,0,0,0
3dh0e5agwxbc1.webp,7,3,0,0,0.992,adaptive,0.1116,0.0,0,0.0,0,0,0,0
3dh0e5agwxbc1.webp,7,4,3,3,1.0,adaptive,0.1811,0.0806,1,0.0806,0,0,0,0
3dh0e5agwxbc1.webp,7,5,0,0,0.992,adaptive,0.1038,0.0,0,0.0,0,0,0,0
3dh0e5agwxbc1.webp,7,6,0,0,0.992,adaptive,0.1114,0.0,0,0.0,0,0,0,0
3dh0e5agwxbc1.webp,7,7,2,2,1.0,adaptive,0.1713,0.0811,1,0.0811,0,0,0,0
3dh0e5agwxbc1.webp,7,8,0,0,0.992,adaptive,0.0972,0.0,0,0.0,0,0,0,0
3dh0e5agwxbc1.webp,7,9,8,8,1.0,adaptive,0.1902,0.092,1,0.092,0,0,0,0
3dh0e5agwxbc1.webp,8,1,0,0,0.992,adaptive,0.0988,0.0,0,0.0,0,0,0,0
3dh0e5agwxbc1.webp,8,2,0,0,0.992,adaptive,0.0843,0.0,0,0.0,0,0,0,0
3dh0e5agwxbc1.webp,8,3,5,5,1.0,adaptive,0.1777,0.0844,1,0.0844,0,0,0,0
3dh0e5agwxbc1.webp,8,4,0,0,0.992,adaptive,0.0988,0.0,0,0.0,0,0,0,0
3dh0e5agwxbc1.webp,8,5,0,0,0.992,adaptive,0.0868,0.0,0,0.0,0,0,0,0
3dh0e5agwxbc1.webp,8,6,2,2,1.0,adaptive,0.159,0.0805,1,0.0805,0,0,0,0
3dh0e5agwxbc1.webp,8,7,0,0,0.992,adaptive,0.0963,0.0,0,0.0,0,0,0,0
3dh0e5agwxbc1.webp,8,8,0,0,0.992,adaptive,0.0845,0.0,0,0.0,0,0,0,0
3dh0e5agwxbc1.webp,8,9,0,0,0.992,adaptive,0.0975,0.0,0,0.0,0,0,0,0
3dh0e5agwxbc1.webp,9,1,4,4,1.0,adaptive,0.2112,0.0744,1,0.0744,0,0,0,0
3dh0e5agwxbc1.webp,9,2,0,0,0.992,adaptive,0.1095,0.0,0,0.0,0,0,0,0
3dh0e5agwxbc1.webp,9,3,0,0,0.992,adaptive,0.1163,0.0,0,0.0,0,0,0,0
3dh0e5agwxbc1.webp,9,4,0,0,0.992,adaptive,0.1241,0.0,0,0.0,0,0,0,0
3dh0e5agwxbc1.webp,9,5,7,7,1.0,adaptive,0.1759,0.0638,1,0.0638,0,0,0,0
3dh0e5agwxbc1.webp,9,6,0,0,0.992,adaptive,0.1236,0.0,0,0.0,0,0,0,0
3dh0e5agwxbc1.webp,9,7,5,5,1.0,adaptive,0.1842,0.0835,1,0.0835,0,0,0,0
3dh0e5agwxbc1.webp,9,8,0,0,0.992,adaptive,0.1013,0.0,0,0.0,0,0,0,0
3dh0e5agwxbc1.webp,9,9,0,0,0.992,adaptive,0.1272,0.0,0,0.0,0,0,0,0
3k1nn0qr3m8c1.webp,1,1,5,5,1.0,adaptive,0.1769,0.0766,1,0.0766,0,0,0,0
3k1nn0qr3m8c1.webp,1,2,3,3,1.0,adaptive,0.1588,0.073,1,0.073,0,0,0,0
3k1nn0qr3m8c1.webp,1,3,1,1,0.9982,adaptive,0.1383,0.0397,1,0.0397,0,0,0,0
3k1nn0qr3m8c1.webp,1,4,7,7,1.0,adaptive,0.1628,0.0501,1,0.0501,0,0,0,0
3k1nn0qr3m8c1.webp,1,5,2,2,1.0,adaptive,0.1538,0.0678,1,0.0678,0,0,0,0
3k1nn0qr3m8c1.webp,1,6,6,6,0.9999,adaptive,0.1974,0.0844,1,0.0844,0,0,0,0
3k1nn0qr3m8c1.webp,1,7,9,9,1.0,adaptive,0.1818,0.0831,1,0.0831,0,0,0,0
3k1nn0qr3m8c1.webp,1,8,8,8,1.0,adaptive,0.1716,0.0859,1,0.0859,0,0,0,0
3k1nn0qr3m8c1.webp,1,9,4,4,1.0,adaptive,0.17,0.0697,1,0.0697,0,0,0,0
3k1nn0qr3m8c1.webp,2,3,7,7,1.0,adaptive,0.1072,0.0504,1,0.0504,0,0,0,0
3k1nn0qr3m8c1.webp,2,5,9,9,1.0,adaptive,0.1304,0.0872,1,0.0872,0,0,0,0
3k1nn0qr3m8c1.webp,3,3,9,9,1.0,adaptive,0.1241,0.0818,1,0.0818,0,0,0,0
3k1nn0qr3m8c1.webp,3,4,3,3,1.0,adaptive,0.1829,0.0733,1,0.0733,0,0,0,0
3k1nn0qr3m8c1.webp,3,8,5,5,1.0,adaptive,0.1644,0.0812,1,0.0812,0,0,0,0
3k1nn0qr3m8c1.webp,4,1,4,4,1.0,adaptive,0.153,0.0673,1,0.0673,0,0,0,0
3k1nn0qr3m8c1.webp,4,3,6,6,1.0,adaptive,0.1666,0.0842,1,0.0842,0,0,0,0
3k1nn0qr3m8c1.webp,4,5,7,7,1.0,adaptive,0.1219,0.0525,1,0.0525,0,0,0,0
3k1nn0qr3m8c1.webp,4,6,1,1,0.9976,adaptive,0.139,0.041,1,0.041,0,0,0,0
3k1nn0qr3m8c1.webp,4,7,8,8,1.0,adaptive,0.1684,0.086,1,0.086,0,0,0,0
3k1nn0qr3m8c1.webp,5,1,7,7,1.0,adaptive,0.123,0.0525,1,0.0525,0,0,0,0
3k1nn0qr3m8c1.webp,5,3,3,3,1.0,adaptive,0.1431,0.0746,1,0.0746,0,0,0,0
3k1nn0qr3m8c1.webp,5,9,6,6,0.9999,adaptive,0.156,0.0855,1,0.0855,0,0,0,0
3k1nn0qr3m8c1.webp,6,1,2,2,1.0,adaptive,0.1575,0.0717,1,0.0717,0,0,0,0
3k1nn0qr3m8c1.webp,6,2,1,1,0.9984,adaptive,0.1097,0.0405,1,0.0405,0,0,0,0
3k1nn0qr3m8c1.webp,6,3,8,8,1.0,adaptive,0.1651,0.0826,1,0.0826,0,0,0,0
3k1nn0qr3m8c1.webp,6,4,9,9,1.0,adaptive,0.1831,0.0853,1,0.0853,0,0,0,0
3k1nn0qr3m8c1.webp,6,5,6,6,0.9999,adaptive,0.1536,0.0839,1,0.0839,0,0,0,0
3k1nn0qr3m8c1.webp,6,6,3,3,1.0,adaptive,0.1695,0.072,1,0.072,0,0,0,0
3k1nn0qr3m8c1.webp,6,8,4,4,1.0,adaptive,0.1375,0.0685,1,0.0685,0,0,0,0
3k1nn0qr3m8c1.webp,7,1,9,9,1.0,adaptive,0.1818,0.0844,1,0.0844,0,0,0,0
3k1nn0qr3m8c1.webp,7,3,2,2,1.0,adaptive,0.1611,0.0677,1,0.0677,0,0,0,0
3k1nn0qr3m8c1.webp,7,8,7,7,1.0,adaptive,0.1355,0.0518,1,0.0518,0,0,0,0
3k1nn0qr3m8c1.webp,8,1,3,3,1.0,adaptive,0.1309,0.073,1,0.073,0,0,0,0
3k1nn0qr3m8c1.webp,8,3,4,4,1.0,adaptive,0.128,0.071,1,0.071,0,0,0,0
3k1nn0qr3m8c1.webp,8,8,6,6,0.9999,adaptive,0.1299,0.0863,1,0.0863,0,0,0,0
3k1nn0qr3m8c1.webp,9,1,1,1,0.998,adaptive,0.1406,0.0403,1,0.0403,0,0,0,0
3k1nn0qr3m8c1.webp,9,3,5,5,1.0,adaptive,0.178,0.0791,1,0.0791,0,0,0,0
3q0zct7igerc1.webp,1,1,9,9,1.0,adaptive,0.2043,0.0682,14,0.0682,13,0,0,0
3q0zct7igerc1.webp,1,2,4,4,0.9997,adaptive,0.1703,0.0583,29,0.0583,28,0,0,0
3q0zct7igerc1.webp,1,3,8,8,1.0,adaptive,0.1929,0.0755,23,0.0755,22,0,0,0
3q0zct7igerc1.webp,1,4,3,3,1.0,adaptive,0.176,0.0595,36,0.0595,35,0,0,0
3q0zct7igerc1.webp,1,5,7,7,0.9999,adaptive,0.1924,0.0486,46,0.0486,45,0,0,0
3q0zct7igerc1.webp,1,6,2,2,0.9997,adaptive,0.2165,0.0695,36,0.059,33,0,0,0
3q0zct7igerc1.webp,1,7,6,6,0.8718,adaptive,0.2395,0.0744,55,0.0682,53,0,0,0
3q0zct7igerc1.webp,1,8,1,1,0.9998,adaptive,0.2166,0.0443,61,0.0443,60,0,0,0
3q0zct7igerc1.webp,1,9,5,5,1.0,adaptive,0.209,0.065,27,0.065,26,0,0,0
3q0zct7igerc1.webp,2,1,3,3,1.0,adaptive,0.1667,0.0602,19,0.0602,18,0,0,0
3q0zct7igerc1.webp,2,2,7,7,1.0,adaptive,0.1276,0.0494,37,0.0494,36,0,0,0
3q0zct7igerc1.webp,2,3,2,2,1.0,adaptive,0.1642,0.0606,39,0.0606,38,0,0,0
3q0zct7igerc1.webp,2,4,6,6,0.9979,adaptive,0.1583,0.0699,39,0.0699,38,0,0,0
3q0zct7igerc1.webp,2,5,1,1,0.9998,adaptive,0.1781,0.0498,57,0.0498,56,0,0,0
3q0zct7igerc1.webp,2,6,5,5,1.0,adaptive,0.2216,0.0697,50,0.0645,48,0,0,0
3q0zct7igerc1.webp,2,7,9,9,0.9999,adaptive,0.2151,0.0703,48,0.0703,47,0,0,0
3q0zct7igerc1.webp,2,8,4,4,0.9999,adaptive,0.1951,0.0567,59,0.0567,58,0,0,0
3q0zct7igerc1.webp,2,9,8,8,1.0,adaptive,0.1875,0.0778,34,0.0778,33,0,0,0
3q0zct7igerc1.webp,3,1,6,6,0.9458,adaptive,0.2143,0.0679,35,0.0679,34,0,0,0
3q0zct7igerc1.webp,3,2,1,1,0.9979,adaptive,0.1594,0.0448,48,0.0448,47,0,0,0
3q0zct7igerc1.webp,3,3,5,5,1.0,adaptive,0.2009,0.0626,42,0.0626,41,0,0,0
3q0zct7igerc1.webp,3,4,9,9,1.0,adaptive,0.1931,0.0673,49,0.0673,48,0,0,0
3q0zct7igerc1.webp,3,5,4,4,1.0,adaptive,0.2083,0.0577,65,0.0577,64,0,0,0
3q0zct7igerc1.webp,3,6,8,8,0.9999,adaptive,0.2736,0.0858,43,0.0744,40,1,0,0
3q0zct7igerc1.webp,3,7,3,3,1.0,adaptive,0.2364,0.0637,55,0.0577,53,0,0,0
3q0zct7igerc1.webp,3,8,7,7,0.9999,adaptive,0.2133,0.0486,64,0.0486,63,0,0,0
3q0zct7igerc1.webp,3,9,2,2,1.0,adaptive,0.1963,0.0588,45,0.0588,44,0,0,0
3q0zct7igerc1.webp,4,1,4,4,0.9997,adaptive,0.1787,0.0577,33,0.0577,32,0,0,0
3q0zct7igerc1.webp,4,2,8,8,1.0,adaptive,0.1646,0.0755,43,0.0755,42,0,0,0
3q0zct7igerc1.webp,4,3,3,3,1.0,adaptive,0.1769,0.0588,48,0.0588,47,0,0,0
3q0zct7igerc1.webp,4,4,7,7,0.9999,adaptive,0.1655,0.0472,55,0.0472,54,0,0,0
3q0zct7igerc1.webp,4,5,2,2,0.9997,adaptive,0.187,0.0624,64,0.0572,62,0,0,0
3q0zct7igerc1.webp,4,6,6,6,0.9999,adaptive,0.2317,0.0722,53,0.0668,51,0,0,0
3q0zct7igerc1.webp,4,7,1,1,0.9999,adaptive,0.2139,0.0439,59,0.0439,58,0,0,0
3q0zct7igerc1.webp,4,8,5,5,1.0,adaptive,0.2164,0.0629,56,0.0629,55,0,0,0
3q0zct7igerc1.webp,4,9,9,9,1.0,adaptive,0.1998,0.0675,38,0.0675,37,0,0,0
3q0zct7igerc1.webp,5,1,7,7,0.9999,adaptive,0.1495,0.0459,24,0.0459,23,0,0,0
3q0zct7igerc1.webp,5,2,2,2,1.0,adaptive,0.1481,0.0606,55,0.0606,54,0,0,0
3q0zct7igerc1.webp,5,3,6,6,0.9815,adaptive,0.1829,0.0678,46,0.0678,45,0,0,0
3q0zct7igerc1.webp,5,4,1,1,0.9999,adaptive,0.1495,0.0455,55,0.0455,54,0,0,0
3q0zct7igerc1.webp,5,5,5,5,1.0,adaptive,0.1754,0.0645,44,0.0645,43,0,0,0
3q0zct7igerc1.webp,5,6,9,9,1.0,adaptive,0.2232,0.0672,44,0.0672,43,0,0,0
3q0zct7igerc1.webp,5,7,4,4,0.9999,adaptive,0.2146,0.0547,61,0.0547,60,0,0,0
3q0zct7igerc1.webp,5,8,8,8,1.0,adaptive,0.236,0.0748,49,0.0748,48,0,0,0
3q0zct7igerc1.webp,5,9,3,3,1.0,adaptive,0.1841,0.0611,41,0.0611,40,0,0,0
3q0zct7igerc1.webp,6,1,1,1,0.9995,adaptive,0.1787,0.0423,21,0.0423,20,0,0,0
3q0zct7igerc1.webp,6,2,5,5,1.0,adaptive,0.161,0.0615,28,0.0615,27,0,0,0
3q0zct7igerc1.webp,6,3,9,9,1.0,adaptive,0.1949,0.065,38,0.065,37,0,0,0
3q0zct7igerc1.webp,6,4,4,4,0.9998,adaptive,0.1718,0.0557,32,0.0557,31,0,0,0
3q0zct7igerc1.webp,6,5,8,8,1.0,adaptive,0.1739,0.0758,21,0.0758,20,0,0,0
3q0zct7igerc1.webp,6,6,3,3,1.0,adaptive,0.2038,0.057,37,0.057,36,0,0,0
3q0zct7igerc1.webp,6,7,7,7,1.0,adaptive,0.2038,0.0466,40,0.0466,39,0,0,0
3q0zct7igerc1.webp,6,8,2,2,1.0,adaptive,0.2031,0.0565,42,0.0565,41,0,0,0
3q0zct7igerc1.webp,6,9,6,6,0.998,adaptive,0.1845,0.065,27,0.065,26,0,0,0
3q0zct7igerc1.webp,7,1,8,8,1.0,adaptive,0.182,0.0722,12,0.0722,11,0,0,0
3q0zct7igerc1.webp,7,2,3,3,1.0,adaptive,0.14,0.0572,24,0.0572,23,0,0,0
3q0zct7igerc1.webp,7,3,7,7,1.0,adaptive,0.153,0.045,34,0.045,33,0,0,0
3q0zct7igerc1.webp,7,4,2,2,1.0,adaptive,0.1481,0.0564,38,0.0564,37,0,0,0
3q0zct7igerc1.webp,7,5,6,6,0.9766,adaptive,0.1701,0.0672,34,0.0672,33,0,0,0
3q0zct7igerc1.webp,7,6,1,1,0.9994,adaptive,0.1544,0.0439,25,0.0439,24,0,0,0
3q0zct7igerc1.webp,7,7,5,5,1.0,adaptive,0.1753,0.0613,28,0.0613,27,0,0,0
3q0zct7igerc1.webp,7,8,9,9,1.0,adaptive,0.1603,0.0665,26,0.0665,25,0,0,0
3q0zct7igerc1.webp,7,9,4,4,0.9997,adaptive,0.1653,0.0566,17,0.0566,16,0,0,0
3q0zct7igerc1.webp,8,1,2,2,1.0,adaptive,0.1569,0.0552,1,0.0552,0,0,0,0
3q0zct7igerc1.webp,8,2,6,6,0.9794,adaptive,0.1242,0.0652,3,0.0652,2,0,0,0
3q0zct7igerc1.webp,8,3,1,1,0.9997,adaptive,0.1194,0.0452,5,0.0452,4,0,0,0
3q0zct7igerc1.webp,8,4,5,5,1.0,adaptive,0.1386,0.0631,8,0.0631,7,0,0,0
3q0zct7igerc1.webp,8,5,9,9,1.0,adaptive,0.1515,0.0673,15,0.0673,14,0,0,0
3q0zct7igerc1.webp,8,6,4,4,0.9999,adaptive,0.1529,0.0586,18,0.0586,17,0,0,0
3q0zct7igerc1.webp,8,7,8,8,1.0,adaptive,0.1617,0.0724,21,0.0724,20,0,0,0
3q0zct7igerc1.webp,8,8,3,3,1.0,adaptive,0.1435,0.0572,21,0.0572,20,0,0,0
3q0zct7igerc1.webp,8,9,7,7,1.0,adaptive,0.1373,0.0473,29,0.0473,28,0,0,0
3q0zct7igerc1.webp,9,1,5,5,1.0,adaptive,0.1758,0.0584,1,0.0584,0,0,0,0
3q0zct7igerc1.webp,9,2,9,9,1.0,adaptive,0.1389,0.0645,1,0.0645,0,0,0,0
3q0zct7igerc1.webp,9,3,4,4,0.9998,adaptive,0.143,0.0515,2,0.0515,1,0,0,0
3q0zct7igerc1.webp,9,4,8,8,1.0,adaptive,0.1441,0.072,1,0.072,0,0,0,0
3q0zct7igerc1.webp,9,5,3,3,1.0,adaptive,0.1314,0.0556,2,0.0556,1,0,0,0
3q0zct7igerc1.webp,9,6,7,7,1.0,adaptive,0.1464,0.0441,6,0.0441,5,0,0,0
3q0zct7igerc1.webp,9,7,2,2,1.0,adaptive,0.1388,0.0557,17,0.0557,16,0,0,0
3q0zct7igerc1.webp,9,8,6,6,0.9903,adaptive,0.1502,0.0665,8,0.0665,7,0,0,0
3q0zct7igerc1.webp,9,9,1,1,0.9998,adaptive,0.1448,0.0463,9,0.0463,8,0,0,0
48ylf5ehzxnc1.webp,1,1,3,3,1.0,adaptive,0.1722,0.0715,1,0.0715,0,0,0,0
48ylf5ehzxnc1.webp,1,2,9,9,1.0,adaptive,0.1558,0.0848,1,0.0848,0,0,0,0
48ylf5ehzxnc1.webp,1,3,8,8,1.0,adaptive,0.1693,0.0847,1,0.0847,0,0,0,0
48ylf5ehzxnc1.webp,1,4,6,6,0.9999,adaptive,0.1827,0.0833,1,0.0833,0,0,0,0
48ylf5ehzxnc1.webp,1,6,7,7,1.0,adaptive,0.1363,0.0501,1,0.0501,0,0,0,0
48ylf5ehzxnc1.webp,2,1,2,2,1.0,adaptive,0.1434,0.0708,1,0.0708,0,0,0,0
48ylf5ehzxnc1.webp,2,2,1,1,0.9985,adaptive,0.0847,0.0404,1,0.0404,0,0,0,0
48ylf5ehzxnc1.webp,2,3,7,7,1.0,adaptive,0.1208,0.0516,1,0.0516,0,0,0,0
48ylf5ehzxnc1.webp,2,5,5,5,1.0,adaptive,0.1146,0.0817,1,0.0817,0,0,0,0
48ylf5ehzxnc1.webp,2,7,9,9,1.0,adaptive,0.1651,0.085,1,0.085,0,0,0,0
48ylf5ehzxnc1.webp,2,8,6,6,0.9999,adaptive,0.1393,0.0845,1,0.0845,0,0,0,0
48ylf5ehzxnc1.webp,2,9,8,8,1.0,adaptive,0.1712,0.0859,1,0.0859,0,0,0,0
48ylf5ehzxnc1.webp,3,1,6,6,0.9999,adaptive,0.1811,0.0829,1,0.0829,0,0,0,0
48ylf5ehzxnc1.webp,3,2,5,5,1.0,adaptive,0.1497,0.0794,1,0.0794,0,0,0,0
48ylf5ehzxnc1.webp,3,3,4,4,1.0,adaptive,0.153,0.0697,1,0.0697,0,0,0,0
48ylf5ehzxnc1.webp,3,6,9,9,1.0,adaptive,0.1731,0.0849,1,0.0849,0,0,0,0
48ylf5ehzxnc1.webp,3,8,3,3,1.0,adaptive,0.1578,0.0746,1,0.0746,0,0,0,0
48ylf5ehzxnc1.webp,4,1,5,5,1.0,adaptive,0.1867,0.0791,1,0.0791,0,0,0,0
48ylf5ehzxnc1.webp,4,2,2,2,1.0,adaptive,0.1547,0.0703,1,0.0703,0,0,0,0
48ylf5ehzxnc1.webp,4,3,9,9,1.0,adaptive,0.182,0.0849,1,0.0849,0,0,0,0
48ylf5ehzxnc1.webp,4,5,7,7,1.0,adaptive,0.1253,0.0531,1,0.0531,0,0,0,0
48ylf5ehzxnc1.webp,4,6,6,6,1.0,adaptive,0.1831,0.0831,1,0.0831,0,0,0,0
48ylf5ehzxnc1.webp,4,7,3,3,1.0,adaptive,0.1833,0.074,1,0.074,0,0,0,0
48ylf5ehzxnc1.webp,4,9,1,1,0.998,adaptive,0.1294,0.0394,1,0.0394,0,0,0,0
48ylf5ehzxnc1.webp,5,1,1,1,0.9977,adaptive,0.1137,0.0414,1,0.0414,0,0,0,0
48ylf5ehzxnc1.webp,5,2,4,4,1.0,adaptive,0.1288,0.0719,1,0.0719,0,0,0,0
48ylf5ehzxnc1.webp,5,3,6,6,0.9999,adaptive,0.1526,0.083,1,0.083,0,0,0,0
48ylf5ehzxnc1.webp,6,1,8,8,1.0,adaptive,0.1822,0.0829,1,0.0829,0,0,0,0
48ylf5ehzxnc1.webp,6,2,7,7,1.0,adaptive,0.1203,0.0504,1,0.0504,0,0,0,0
48ylf5ehzxnc1.webp,6,3,3,3,1.0,adaptive,0.1597,0.0726,1,0.0726,0,0,0,0
48ylf5ehzxnc1.webp,6,4,1,1,0.9979,adaptive,0.1499,0.0403,1,0.0403,0,0,0,0
48ylf5ehzxnc1.webp,6,9,6,6,1.0,adaptive,0.1842,0.0842,1,0.0842,0,0,0,0
48ylf5ehzxnc1.webp,7,2,8,8,1.0,adaptive,0.147,0.0864,1,0.0864,0,0,0,0
48ylf5ehzxnc1.webp,7,5,6,6,1.0,adaptive,0.1253,0.0832,1,0.0832,0,0,0,0
48ylf5ehzxnc1.webp,7,7,2,2,1.0,adaptive,0.1517,0.0711,1,0.0711,0,0,0,0
48ylf5ehzxnc1.webp,8,2,3,3,1.0,adaptive,0.0973,0.0751,1,0.0751,0,0,0,0
48ylf5ehzxnc1.webp,8,5,4,4,1.0,adaptive,0.1166,0.0725,1,0.0725,0,0,0,0
48ylf5ehzxnc1.webp,8,7,6,6,0.9999,adaptive,0.1594,0.0814,1,0.0814,0,0,0,0
48ylf5ehzxnc1.webp,9,1,4,4,1.0,adaptive,0.1695,0.0693,1,0.0693,0,0,0,0
48ylf5ehzxnc1.webp,9,2,6,6,0.9998,adaptive,0.1488,0.0837,1,0.0837,0,0,0,0
48ylf5ehzxnc1.webp,9,3,2,2,1.0,adaptive,0.1682,0.0695,1,0.0695,0,0,0,0
48ylf5ehzxnc1.webp,9,4,7,7,1.0,adaptive,0.1548,0.0546,1,0.0546,0,0,0,0
48ylf5ehzxnc1.webp,9,8,1,1,0.9987,adaptive,0.0979,0.0403,1,0.0403,0,0,0,0
4b20ujol35zc1.webp,1,1,8,8,1.0,adaptive,0.2239,0.1726,3,0.1105,0,0,0,1
4b20ujol35zc1.webp,1,2,5,5,1.0,adaptive,0.1793,0.1495,1,0.1495,0,0,0,0
4b20ujol35zc1.webp,1,5,2,2,1.0,adaptive,0.1508,0.1327,1,0.1327,0,0,0,0
4b20ujol35zc1.webp,1,6,9,9,0.9998,adaptive,0.1677,0.1475,2,0.1114,0,0,0,0
4b20ujol35zc1.webp,1,7,7,7,1.0,adaptive,0.1644,0.1022,2,0.1022,0,1,0,0
4b20ujol35zc1.webp,1,8,6,6,1.0,adaptive,0.1669,0.1296,2,0.0966,0,0,0,0
4b20ujol35zc1.webp,2,1,2,2,1.0,adaptive,0.1678,0.1391,1,0.1391,0,0,0,0
4b20ujol35zc1.webp,2,3,7,7,1.0,adaptive,0.1063,0.1058,1,0.1058,0,0,0,0
4b20ujol35zc1.webp,2,4,6,6,1.0,adaptive,0.1936,0.1488,3,0.114,0,1,0,0
4b20ujol35zc1.webp,2,6,8,8,1.0,adaptive,0.1477,0.1499,3,0.0929,0,0,0,1
4b20ujol35zc1.webp,2,7,5,5,1.0,adaptive,0.2078,0.1606,2,0.1606,0,1,0,0
4b20ujol35zc1.webp,2,9,9,9,0.9998,adaptive,0.1563,0.1312,2,0.0991,0,0,0,0
4b20ujol35zc1.webp,3,1,6,6,1.0,adaptive,0.1816,0.1359,2,0.1007,0,0,0,0
4b20ujol35zc1.webp,3,4,7,7,1.0,adaptive,0.2058,0.1187,2,0.1187,0,1,0,0
4b20ujol35zc1.webp,3,6,5,5,1.0,adaptive,0.1947,0.1372,2,0.1372,0,1,0,0
4b20ujol35zc1.webp,3,8,2,2,1.0,adaptive,0.1834,0.1255,2,0.1255,0,1,0,0
4b20ujol35zc1.webp,3,9,8,8,0.9999,adaptive,0.202,0.1314,4,0.0782,0,1,0,1
4b20ujol35zc1.webp,4,1,9,9,0.9999,adaptive,0.1943,0.1548,2,0.1172,0,0,0,0
4b20ujol35zc1.webp,4,2,7,7,1.0,adaptive,0.1095,0.1088,1,0.1088,0,0,0,0
4b20ujol35zc1.webp,4,3,2,2,1.0,adaptive,0.1501,0.1372,1,0.1372,0,0,0,0
4b20ujol35zc1.webp,4,4,8,8,1.0,adaptive,0.1936,0.1515,4,0.0931,0,1,0,1
4b20ujol35zc1.webp,4,7,6,6,1.0,adaptive,0.1898,0.1357,3,0.1018,0,1,0,0
4b20ujol35zc1.webp,4,9,5,5,0.9998,adaptive,0.1506,0.1174,1,0.1174,0,0,0,0
4b20ujol35zc1.webp,5,1,3,3,0.9999,adaptive,0.1762,0.1474,1,0.1474,0,0,0,0
4b20ujol35zc1.webp,5,2,8,8,1.0,adaptive,0.1699,0.1591,3,0.0987,0,0,0,1
4b20ujol35zc1.webp,5,4,5,5,1.0,adaptive,0.2092,0.1506,2,0.1506,0,1,0,0
4b20ujol35zc1.webp,5,5,6,6,1.0,adaptive,0.1361,0.1267,2,0.0927,0,0,0,0
4b20ujol35zc1.webp,5,7,2,2,0.9996,adaptive,0.2121,0.1278,3,0.1278,1,1,0,0
4b20ujol35zc1.webp,5,8,9,9,0.9921,adaptive,0.1371,0.11,2,0.0778,0,0,0,0
4b20ujol35zc1.webp,5,9,7,7,0.9783,adaptive,0.1558,0.0767,8,0.0604,5,0,0,0
4b20ujol35zc1.webp,6,1,5,5,1.0,adaptive,0.2025,0.1495,1,0.1495,0,0,0,0
4b20ujol35zc1.webp,6,3,6,6,1.0,adaptive,0.1836,0.1337,3,0.0989,0,1,0,0
4b20ujol35zc1.webp,6,4,9,9,0.9942,adaptive,0.2408,0.1907,3,0.0898,0,0,0,0
4b20ujol35zc1.webp,6,5,7,7,0.9794,adaptive,0.1701,0.0914,2,0.0914,0,1,0,0
4b20ujol35zc1.webp,6,6,2,2,0.9995,adaptive,0.1949,0.1078,4,0.1078,2,1,0,0
4b20ujol35zc1.webp,6,8,8,8,0.5903,adaptive,0.2083,0.1115,5,0.0647,1,1,0,1
4b20ujol35zc1.webp,7,2,2,2,1.0,adaptive,0.1603,0.1588,1,0.1588,0,0,0,0
4b20ujol35zc1.webp,7,3,5,5,1.0,adaptive,0.166,0.1517,1,0.1517,0,0,0,0
4b20ujol35zc1.webp,7,5,9,9,0.9599,adaptive,0.1427,0.1167,3,0.083,1,0,0,0
4b20ujol35zc1.webp,7,7,8,8,0.6348,adaptive,0.1954,0.1105,5,0.0639,1,1,0,1
4b20ujol35zc1.webp,7,8,7,7,0.334,adaptive,0.1217,0.0753,2,0.0579,0,0,0,0
4b20ujol35zc1.webp,7,9,6,6,0.7454,adaptive,0.1508,0.1029,4,0.0519,1,0,0,0
4b20ujol35zc1.webp,8,2,6,6,1.0,adaptive,0.1692,0.1552,2,0.1175,0,0,0,0
4b20ujol35zc1.webp,8,3,8,8,0.9994,adaptive,0.1653,0.1402,5,0.0805,2,0,0,1
4b20ujol35zc1.webp,8,5,5,5,0.9832,adaptive,0.143,0.1148,2,0.1148,1,0,0,0
4b20ujol35zc1.webp,8,6,7,6,0.2148,adaptive,0.0977,0.0547,3,0.0547,2,0,0,0
4b20ujol35zc1.webp,8,7,9,5,0.6786,adaptive,0.2092,0.0805,5,0.0633,1,2,0,0
4b20ujol35zc1.webp,8,8,3,5,0.9292,adaptive,0.1758,0.1081,4,0.0886,2,0,0,0
4b20ujol35zc1.webp,8,9,2,2,0.9992,adaptive,0.118,0.0859,2,0.0651,0,0,0,0
4b20ujol35zc1.webp,9,1,7,7,1.0,adaptive,0.1646,0.1074,1,0.1074,0,0,0,0
4b20ujol35zc1.webp,9,4,2,2,0.9999,adaptive,0.2134,0.1735,2,0.1112,0,0,0,0
4b20ujol35zc1.webp,9,5,8,5,0.9237,adaptive,0.1875,0.1264,4,0.0755,0,1,0,1
4b20ujol35zc1.webp,9,6,6,6,0.9856,adaptive,0.1555,0.0949,3,0.0622,0,1,0,0
4b20ujol35zc1.webp,9,7,1,9,0.4434,adaptive,0.1256,0.0931,3,0.0619,0,0,0,1
4b20ujol35zc1.webp,9,8,5,5,0.9893,adaptive,0.1538,0.0819,3,0.0751,0,1,0,0
4b20ujol35zc1.webp,9,9,4,2,0.7493,adaptive,0.2023,0.1107,5,0.0495,0,1,0,0
4qm37dkpcmkc1.webp,1,1,3,3,0.9999,adaptive,0.1804,0.0902,1,0.0902,0,0,0,0
4qm37dkpcmkc1.webp,1,2,0,0,0.992,adaptive,0.0579,0.0,0,0.0,0,0,0,0
4qm37dkpcmkc1.webp,1,3,6,6,0.9999,adaptive,0.2007,0.1138,1,0.1138,0,0,0,0
4qm37dkpcmkc1.webp,1,4,0,0,0.992,adaptive,0.0735,0.0,0,0.0,0,0,0,0
4qm37dkpcmkc1.webp,1,5,9,9,0.998,adaptive,0.1642,0.1151,1,0.1151,0,0,0,0
4qm37dkpcmkc1.webp,1,6,0,0,0.992,adaptive,0.0733,0.0,0,0.0,0,0,0,0
4qm37dkpcmkc1.webp,1,7,8,8,1.0,adaptive,0.1876,0.119,1,0.119,0,0,0,0
4qm37dkpcmkc1.webp,1,8,0,0,0.992,adaptive,0.045,0.0,0,0.0,0,0,0,0
4qm37dkpcmkc1.webp,1,9,4,4,1.0,adaptive,0.1983,0.1089,1,0.1089,0,0,0,0
4qm37dkpcmkc1.webp,2,1,0,0,0.992,adaptive,0.0579,0.0,0,0.0,0,0,0,0
4qm37dkpcmkc1.webp,2,2,9,9,0.9969,adaptive,0.1265,0.1159,1,0.1159,0,0,0,0
4qm37dkpcmkc1.webp,2,3,0,0,0.992,adaptive,0.0393,0.0,0,0.0,0,0,0,0
4qm37dkpcmkc1.webp,2,4,4,4,1.0,adaptive,0.1472,0.1124,1,0.1124,0,0,0,0
4qm37dkpcmkc1.webp,2,5,6,6,0.9997,adaptive,0.1249,0.1166,1,0.1166,0,0,0,0
4qm37dkpcmkc1.webp,2,6,0,0,0.992,adaptive,0.0305,0.0,0,0.0,0,0,0,0
4qm37dkpcmkc1.webp,2,7,2,2,0.9999,adaptive,0.1637,0.0966,1,0.0966,0,0,0,0
4qm37dkpcmkc1.webp,2,8,0,0,0.992,adaptive,0.2645,0.0,0,0.0,0,0,0,0
4qm37dkpcmkc1.webp,2,9,0,0,0.992,adaptive,0.0448,0.0,0,0.0,0,0,0,0
4qm37dkpcmkc1.webp,3,1,0,0,0.992,adaptive,0.084,0.0,0,0.0,0,0,0,0
4qm37dkpcmkc1.webp,3,2,0,0,0.992,adaptive,0.043,0.0,0,0.0,0,0,0,0
4qm37dkpcmkc1.webp,3,3,0,0,0.992,adaptive,0.0755,0.0,0,0.0,0,0,0,0
4qm37dkpcmkc1.webp,3,4,0,0,0.992,adaptive,0.0686,0.0,0,0.0,0,0,0,0
4qm37dkpcmkc1.webp,3,5,0,0,0.992,adaptive,0.0427,0.0,0,0.0,0,0,0,0
4qm37dkpcmkc1.webp,3,6,0,0,0.992,adaptive,0.0691,0.0,0,0.0,0,0,0,0
4qm37dkpcmkc1.webp,3,7,0,0,0.992,adaptive,0.0581,0.0,0,0.0,0,0,0,0
4qm37dkpcmkc1.webp,3,8,0,0,0.992,adaptive,0.0631,0.0,0,0.0,0,0,0,0
4qm37dkpcmkc1.webp,3,9,5,5,0.9993,adaptive,0.1782,0.0924,1,0.0924,0,0,0,0
4qm37dkpcmkc1.webp,4,1,0,0,0.992,adaptive,0.0735,0.0,0,0.0,0,0,0,0
4qm37dkpcmkc1.webp,4,2,0,0,0.992,adaptive,0.0305,0.0,0,0.0,0,0,0,0
4qm37dkpcmkc1.webp,4,3,0,0,0.992,adaptive,0.0679,0.0,0,0.0,0,0,0,0
4qm37dkpcmkc1.webp,4,4,0,0,0.992,adaptive,0.0599,0.0,0,0.0,0,0,0,0
4qm37dkpcmkc1.webp,4,5,1,1,0.9693,adaptive,0.1076,0.0737,1,0.0737,0,0,0,0
4qm37dkpcmkc1.webp,4,6,6,6,1.0,adaptive,0.1782,0.1129,1,0.1129,0,0,0,0
4qm37dkpcmkc1.webp,4,7,5,5,0.9985,adaptive,0.1648,0.0893,1,0.0893,0,0,0,0
4qm37dkpcmkc1.webp,4,8,0,0,0.992,adaptive,0.0305,0.0,0,0.0,0,0,0,0
4qm37dkpcmkc1.webp,4,9,0,0,0.992,adaptive,0.0735,0.0,0,0.0,0,0,0,0
4qm37dkpcmkc1.webp,5,1,0,0,0.992,adaptive,0.0448,0.0,0,0.0,0,0,0,0
4qm37dkpcmkc1.webp,5,2,0,0,0.992,adaptive,0.0011,0.0,0,0.0,0,0,0,0
4qm37dkpcmkc1.webp,5,3,0,0,0.992,adaptive,0.0414,0.0,0,0.0,0,0,0,0
4qm37dkpcmkc1.webp,5,4,2,2,1.0,adaptive,0.1373,0.0932,1,0.0932,0,0,0,0
4qm37dkpcmkc1.webp,5,5,8,8,0.9999,adaptive,0.1327,0.1196,1,0.1196,0,0,0,0
4qm37dkpcmkc1.webp,5,6,0,0,0.992,adaptive,0.0303,0.0,0,0.0,0,0,0,0
4qm37dkpcmkc1.webp,5,7,4,4,1.0,adaptive,0.1558,0.1061,1,0.1061,0,0,0,0
4qm37dkpcmkc1.webp,5,8,0,0,0.992,adaptive,0.0011,0.0,0,0.0,0,0,0,0
4qm37dkpcmkc1.webp,5,9,0,0,0.992,adaptive,0.0448,0.0,0,0.0,0,0,0,0
4qm37dkpcmkc1.webp,6,1,7,7,0.9996,adaptive,0.1539,0.063,1,0.063,0,0,0,0
4qm37dkpcmkc1.webp,6,2,0,0,0.992,adaptive,0.0305,0.0,0,0.0,0,0,0,0
4qm37dkpcmkc1.webp,6,3,0,0,0.992,adaptive,0.0677,0.0,0,0.0,0,0,0,0
4qm37dkpcmkc1.webp,6,4,0,0,0.992,adaptive,0.0595,0.0,0,0.0,0,0,0,0
4qm37dkpcmkc1.webp,6,5,0,0,0.992,adaptive,0.0305,0.0,0,0.0,0,0,0,0
4qm37dkpcmkc1.webp,6,6,0,0,0.992,adaptive,0.0595,0.0,0,0.0,0,0,0,0
4qm37dkpcmkc1.webp,6,7,0,0,0.992,adaptive,0.0686,0.0,0,0.0,0,0,0,0
4qm37dkpcmkc1.webp,6,8,0,0,0.992,adaptive,0.0305,0.0,0,0.0,0,0,0,0
4qm37dkpcmkc1.webp,6,9,0,0,0.992,adaptive,0.0735,0.0,0,0.0,0,0,0,0
4qm37dkpcmkc1.webp,7,1,5,5,0.9951,adaptive,0.1695,0.0864,1,0.0864,0,0,0,0
4qm37dkpcmkc1.webp,7,2,4,4,1.0,adaptive,0.1538,0.1097,1,0.1097,0,0,0,0
4qm37dkpcmkc1.webp,7,3,0,0,0.992,adaptive,0.0771,0.0,0,0.0,0,0,0,0
4qm37dkpcmkc1.webp,7,4,0,0,0.992,adaptive,0.0684,0.0,0,0.0,0,0,0,0
4qm37dkpcmkc1.webp,7,5,0,0,0.992,adaptive,0.0332,0.0,0,0.0,0,0,0,0
4qm37dkpcmkc1.webp,7,6,0,0,0.992,adaptive,0.057,0.0,0,0.0,0,0,0,0
4qm37dkpcmkc1.webp,7,7,0,0,0.992,adaptive,0.0784,0.0,0,0.0,0,0,0,0
4qm37dkpcmkc1.webp,7,8,0,0,0.992,adaptive,0.0314,0.0,0,0.0,0,0,0,0
4qm37dkpcmkc1.webp,7,9,8,8,0.9999,adaptive,0.2029,0.1163,1,0.1163,0,0,0,0
4qm37dkpcmkc1.webp,8,1,6,6,0.9997,adaptive,0.1696,0.1133,1,0.1133,0,0,0,0
4qm37dkpcmkc1.webp,8,2,0,0,0.992,adaptive,0.0028,0.0,0,0.0,0,0,0,0
4qm37dkpcmkc1.webp,8,3,0,0,0.992,adaptive,0.0436,0.0,0,0.0,0,0,0,0
4qm37dkpcmkc1.webp,8,4,0,0,0.992,adaptive,0.0319,0.0,0,0.0,0,0,0,0
4qm37dkpcmkc1.webp,8,5,0,0,0.992,adaptive,0.0009,0.0,0,0.0,0,0,0,0
4qm37dkpcmkc1.webp,8,6,0,0,0.992,adaptive,0.0308,0.0,0,0.0,0,0,0,0
4qm37dkpcmkc1.webp,8,7,0,0,0.992,adaptive,0.043,0.0,0,0.0,0,0,0,0
4qm37dkpcmkc1.webp,8,8,0,0,0.992,adaptive,0.0011,0.0,0,0.0,0,0,0,0
4qm37dkpcmkc1.webp,8,9,0,0,0.992,adaptive,0.0461,0.0,0,0.0,0,0,0,0
4qm37dkpcmkc1.webp,9,1,0,0,0.992,adaptive,0.0875,0.0,0,0.0,0,0,0,0
4qm37dkpcmkc1.webp,9,2,0,0,0.992,adaptive,0.0452,0.0,0,0.0,0,0,0,0
4qm37dkpcmkc1.webp,9,3,7,7,0.9996,adaptive,0.1631,0.0575,1,0.0575,0,0,0,0
4qm37dkpcmkc1.webp,9,4,0,0,0.992,adaptive,0.0733,0.0,0,0.0,0,0,0,0
4qm37dkpcmkc1.webp,9,5,0,0,0.992,adaptive,0.0448,0.0,0,0.0,0,0,0,0
4qm37dkpcmkc1.webp,9,6,2,2,0.9999,adaptive,0.1784,0.0878,2,0.0795,0,0,0,0
4qm37dkpcmkc1.webp,9,7,0,0,0.992,adaptive,0.0838,0.0,0,0.0,0,0,0,0
4qm37dkpcmkc1.webp,9,8,0,0,0.992,adaptive,0.0448,0.0,0,0.0,0,0,0,0
4qm37dkpcmkc1.webp,9,9,9,9,0.9752,adaptive,0.2096,0.108,1,0.108,0,0,0,0
4so2hcvzcicc1.webp,1,7,4,4,1.0,adaptive,0.2018,0.074,1,0.074,0,0,0,0
4so2hcvzcicc1.webp,1,8,9,9,0.9999,adaptive,0.199,0.0868,1,0.0868,0,0,0,0
4so2hcvzcicc1.webp,1,9,1,1,0.9999,adaptive,0.1934,0.0581,1,0.0581,0,0,0,0
4so2hcvzcicc1.webp,2,1,8,8,1.0,adaptive,0.2185,0.0918,2,0.0918,0,1,0,0
4so2hcvzcicc1.webp,2,2,9,9,0.9999,adaptive,0.1618,0.0884,1,0.0884,0,0,0,0
4so2hcvzcicc1.webp,2,3,1,1,0.9999,adaptive,0.1707,0.0586,1,0.0586,0,0,0,0
4so2hcvzcicc1.webp,2,4,3,3,1.0,adaptive,0.1789,0.0785,1,0.0785,0,0,0,0
4so2hcvzcicc1.webp,2,5,4,4,1.0,adaptive,0.1729,0.0728,1,0.0728,0,0,0,0
4so2hcvzcicc1.webp,2,6,7,7,1.0,adaptive,0.1626,0.0626,1,0.0626,0,0,0,0
4so2hcvzcicc1.webp,2,7,6,6,0.9999,adaptive,0.1863,0.0862,1,0.0862,0,0,0,0
4so2hcvzcicc1.webp,2,8,2,2,1.0,adaptive,0.1683,0.0813,1,0.0813,0,0,0,0
4so2hcvzcicc1.webp,2,9,5,5,1.0,adaptive,0.1949,0.0825,1,0.0825,0,0,0,0
4so2hcvzcicc1.webp,3,1,6,6,0.9999,adaptive,0.223,0.0849,2,0.0849,0,1,0,0
4so2hcvzcicc1.webp,3,3,4,4,1.0,adaptive,0.1976,0.0708,1,0.0708,0,0,0,0
4so2hcvzcicc1.webp,3,7,8,8,1.0,adaptive,0.2041,0.0907,1,0.0907,0,0,0,0
4so2hcvzcicc1.webp,3,8,7,7,1.0,adaptive,0.1626,0.0629,1,0.0629,0,0,0,0
4so2hcvzcicc1.webp,3,9,3,3,1.0,adaptive,0.2038,0.0791,1,0.0791,0,0,0,0
4so2hcvzcicc1.webp,4,1,3,3,1.0,adaptive,0.2027,0.0769,2,0.0769,0,1,0,0
4so2hcvzcicc1.webp,4,4,4,4,1.0,adaptive,0.1816,0.0711,1,0.0711,0,0,0,0
4so2hcvzcicc1.webp,4,5,9,9,0.9999,adaptive,0.1958,0.0862,1,0.0862,0,0,0,0
4so2hcvzcicc1.webp,4,6,5,5,1.0,adaptive,0.1922,0.0813,1,0.0813,0,0,0,0
4so2hcvzcicc1.webp,4,7,2,2,1.0,adaptive,0.1909,0.0802,1,0.0802,0,0,0,0
4so2hcvzcicc1.webp,4,8,1,1,0.9999,adaptive,0.1576,0.0572,1,0.0572,0,0,0,0
4so2hcvzcicc1.webp,4,9,6,6,1.0,adaptive,0.2098,0.0862,1,0.0862,0,0,0,0
4so2hcvzcicc1.webp,5,1,4,4,1.0,adaptive,0.2112,0.076,2,0.076,0,1,0,0
4so2hcvzcicc1.webp,5,3,5,5,1.0,adaptive,0.1945,0.0846,1,0.0846,0,0,0,0
4so2hcvzcicc1.webp,5,5,7,7,1.0,adaptive,0.1738,0.0615,1,0.0615,0,0,0,0
4so2hcvzcicc1.webp,5,7,3,3,1.0,adaptive,0.1927,0.0803,1,0.0803,0,0,0,0
4so2hcvzcicc1.webp,5,8,8,8,1.0,adaptive,0.194,0.0941,1,0.0941,0,0,0,0
4so2hcvzcicc1.webp,5,9,9,9,0.9989,adaptive,0.223,0.0961,4,0.0877,2,0,0,0
4so2hcvzcicc1.webp,6,1,9,9,1.0,adaptive,0.1976,0.0853,1,0.0853,0,0,0,0
4so2hcvzcicc1.webp,6,2,1,1,0.9998,adaptive,0.1563,0.0583,1,0.0583,0,0,0,0
4so2hcvzcicc1.webp,6,5,3,3,1.0,adaptive,0.1906,0.0782,1,0.0782,0,0,0,0
4so2hcvzcicc1.webp,6,6,8,8,1.0,adaptive,0.1934,0.0891,1,0.0891,0,0,0,0
4so2hcvzcicc1.webp,6,7,7,7,1.0,adaptive,0.1775,0.0588,1,0.0588,0,0,0,0
4so2hcvzcicc1.webp,6,8,5,5,1.0,adaptive,0.1719,0.0844,1,0.0844,0,0,0,0
4so2hcvzcicc1.webp,6,9,4,4,1.0,adaptive,0.2096,0.0713,2,0.0713,0,1,0,0
4so2hcvzcicc1.webp,7,2,4,4,1.0,adaptive,0.1723,0.0715,1,0.0715,0,0,0,0
4so2hcvzcicc1.webp,7,5,2,2,1.0,adaptive,0.1891,0.0789,1,0.0789,0,0,0,0
4so2hcvzcicc1.webp,7,8,3,3,1.0,adaptive,0.1678,0.0796,1,0.0796,0,0,0,0
4so2hcvzcicc1.webp,7,9,7,7,1.0,adaptive,0.2007,0.0595,2,0.0595,0,1,0,0
4so2hcvzcicc1.webp,8,4,7,7,1.0,adaptive,0.1364,0.0626,1,0.0626,0,0,0,0
4so2hcvzcicc1.webp,8,6,3,3,1.0,adaptive,0.1775,0.0787,1,0.0787,0,0,0,0
4so2hcvzcicc1.webp,8,7,9,9,1.0,adaptive,0.1877,0.0875,1,0.0875,0,0,0,0
4so2hcvzcicc1.webp,8,8,4,4,1.0,adaptive,0.1508,0.0776,1,0.0776,0,0,0,0
4so2hcvzcicc1.webp,8,9,8,8,1.0,adaptive,0.2189,0.092,2,0.092,0,1,0,0
4so2hcvzcicc1.webp,9,1,7,7,1.0,adaptive,0.2121,0.0593,3,0.0593,1,1,0,0
4so2hcvzcicc1.webp,9,6,4,4,1.0,adaptive,0.1818,0.0702,1,0.0702,0,0,0,0
4so2hcvzcicc1.webp,9,8,6,6,0.9998,adaptive,0.1995,0.0868,1,0.0868,0,0,0,0
4so2hcvzcicc1.webp,9,9,2,2,1.0,adaptive,0.2317,0.078,2,0.078,0,1,0,0
5levn2dsa29c1.webp,1,1,6,6,0.977,adaptive,0.1998,0.074,6,0.0573,2,1,0,0
5levn2dsa29c1.webp,1,2,7,7,1.0,adaptive,0.1024,0.0341,2,0.0341,0,1,0,0
5levn2dsa29c1.webp,1,3,4,4,0.4472,adaptive,0.119,0.037,2,0.037,0,1,0,0
5levn2dsa29c1.webp,1,4,2,7,0.9817,adaptive,0.1403,0.0374,2,0.0374,0,1,0,0
5levn2dsa29c1.webp,1,5,9,6,0.9477,adaptive,0.2227,0.085,9,0.0547,4,1,0,1
5levn2dsa29c1.webp,1,6,8,6,0.4808,adaptive,0.1571,0.0579,3,0.0526,0,1,0,0
5levn2dsa29c1.webp,1,9,5,5,0.9871,adaptive,0.184,0.0784,7,0.0454,2,1,0,1
5levn2dsa29c1.webp,2,1,2,7,0.995,adaptive,0.1257,0.0412,2,0.0412,0,1,0,0
5levn2dsa29c1.webp,2,2,1,7,0.7957,adaptive,0.082,0.0271,2,0.0271,0,1,0,0
5levn2dsa29c1.webp,2,4,7,7,1.0,adaptive,0.1373,0.0353,2,0.0353,0,1,0,0
5levn2dsa29c1.webp,2,5,5,5,0.9826,adaptive,0.1426,0.0523,3,0.0523,1,1,0,0
5levn2dsa29c1.webp,2,7,4,4,0.6331,adaptive,0.1323,0.0371,2,0.0371,0,1,0,0
5levn2dsa29c1.webp,2,9,9,6,0.5678,adaptive,0.1463,0.0624,3,0.0559,0,1,0,0
5levn2dsa29c1.webp,3,1,5,5,0.9995,adaptive,0.151,0.051,3,0.051,1,1,0,0
5levn2dsa29c1.webp,3,3,9,9,0.5678,adaptive,0.1408,0.0713,4,0.0642,1,1,0,0
5levn2dsa29c1.webp,3,4,1,1,0.8348,adaptive,0.1181,0.0296,2,0.0296,0,1,0,0
5levn2dsa29c1.webp,3,6,4,4,0.8347,adaptive,0.1263,0.0526,2,0.0526,0,1,0,0
5levn2dsa29c1.webp,3,8,2,3,0.6115,adaptive,0.1269,0.0516,3,0.0412,0,1,0,0
5levn2dsa29c1.webp,3,9,7,7,1.0,adaptive,0.1247,0.0383,2,0.0383,0,1,0,0
5levn2dsa29c1.webp,4,2,9,9,0.9996,adaptive,0.1655,0.0663,4,0.0663,2,1,0,0
5levn2dsa29c1.webp,4,5,4,4,0.6123,adaptive,0.1307,0.0572,2,0.0572,0,1,0,0
5levn2dsa29c1.webp,4,6,1,1,0.9568,adaptive,0.1187,0.0327,2,0.0327,0,1,0,0
5levn2dsa29c1.webp,4,7,2,7,0.9984,adaptive,0.1706,0.043,3,0.043,1,1,0,0
5levn2dsa29c1.webp,4,9,3,3,0.8083,adaptive,0.1428,0.0474,3,0.0474,1,1,0,0
5levn2dsa29c1.webp,5,3,2,7,0.9954,adaptive,0.1463,0.0477,4,0.0477,2,1,0,0
5levn2dsa29c1.webp,5,6,9,9,0.9996,adaptive,0.1411,0.0647,3,0.0647,1,1,0,0
5levn2dsa29c1.webp,5,9,4,4,0.8644,adaptive,0.1321,0.0608,2,0.0608,0,1,0,0
5levn2dsa29c1.webp,6,2,4,4,0.9993,adaptive,0.118,0.0665,2,0.0665,0,1,0,0
5levn2dsa29c1.webp,6,6,2,2,0.9962,adaptive,0.1205,0.0581,2,0.0581,0,1,0,0
5levn2dsa29c1.webp,6,8,9,9,0.9999,adaptive,0.1366,0.0803,2,0.0803,0,1,0,0
5levn2dsa29c1.webp,6,9,8,8,1.0,adaptive,0.1557,0.08,2,0.08,0,1,0,0
5levn2dsa29c1.webp,7,1,4,4,0.9999,adaptive,0.1686,0.0679,2,0.0679,0,1,0,0
5levn2dsa29c1.webp,7,2,2,2,0.9996,adaptive,0.1522,0.0694,2,0.0694,0,1,0,0
5levn2dsa29c1.webp,7,6,5,5,1.0,adaptive,0.135,0.0742,2,0.0742,0,1,0,0
5levn2dsa29c1.webp,7,7,9,9,0.9999,adaptive,0.1706,0.082,2,0.082,0,1,0,0
5levn2dsa29c1.webp,7,8,7,7,1.0,adaptive,0.1101,0.0504,2,0.0504,0,1,0,0
5levn2dsa29c1.webp,7,9,1,1,0.9983,adaptive,0.1236,0.0397,2,0.0397,0,1,0,0
5levn2dsa29c1.webp,8,1,9,9,0.9999,adaptive,0.1621,0.0855,1,0.0855,0,0,0,0
5levn2dsa29c1.webp,8,2,5,5,1.0,adaptive,0.1377,0.0794,1,0.0794,0,0,0,0
5levn2dsa29c1.webp,8,3,1,1,0.9994,adaptive,0.0979,0.0405,1,0.0405,0,0,0,0
5levn2dsa29c1.webp,8,4,4,4,1.0,adaptive,0.1368,0.0654,1,0.0654,0,0,0,0
5levn2dsa29c1.webp,8,5,2,2,1.0,adaptive,0.1276,0.0707,1,0.0707,0,0,0,0
5levn2dsa29c1.webp,8,6,7,7,1.0,adaptive,0.1052,0.0495,1,0.0495,0,0,0,0
5levn2dsa29c1.webp,8,9,6,6,0.9998,adaptive,0.1454,0.0832,1,0.0832,0,0,0,0
5levn2dsa29c1.webp,9,4,9,9,0.9998,adaptive,0.1951,0.0831,1,0.0831,0,0,0,0
5levn2dsa29c1.webp,9,5,1,1,0.9996,adaptive,0.1361,0.0382,1,0.0382,0,0,0,0
5levn2dsa29c1.webp,9,7,5,5,1.0,adaptive,0.172,0.0728,1,0.0728,0,0,0,0
5levn2dsa29c1.webp,9,8,4,4,1.0,adaptive,0.1599,0.0642,1,0.0642,0,0,0,0
5levn2dsa29c1.webp,9,9,2,2,1.0,adaptive,0.1718,0.0628,1,0.0628,0,0,0,0
5nvtt5361hpc1.webp,1,1,5,5,1.0,adaptive,0.1773,0.0773,1,0.0773,0,0,0,0
5nvtt5361hpc1.webp,1,2,1,1,0.9982,adaptive,0.1108,0.0398,1,0.0398,0,0,0,0
5nvtt5361hpc1.webp,1,3,3,3,1.0,adaptive,0.1546,0.0704,1,0.0704,0,0,0,0
5nvtt5361hpc1.webp,1,4,6,6,0.9999,adaptive,0.168,0.082,1,0.082,0,0,0,0
5nvtt5361hpc1.webp,1,5,7,7,1.0,adaptive,0.1092,0.0513,1,0.0513,0,0,0,0
5nvtt5361hpc1.webp,1,6,2,2,1.0,adaptive,0.1524,0.0664,1,0.0664,0,0,0,0
5nvtt5361hpc1.webp,1,7,9,9,1.0,adaptive,0.1673,0.0826,1,0.0826,0,0,0,0
5nvtt5361hpc1.webp,1,8,8,8,1.0,adaptive,0.1554,0.0841,1,0.0841,0,0,0,0
5nvtt5361hpc1.webp,1,9,4,4,1.0,adaptive,0.1689,0.0688,1,0.0688,0,0,0,0
5nvtt5361hpc1.webp,2,1,6,6,0.9999,adaptive,0.1418,0.0821,1,0.0821,0,0,0,0
5nvtt5361hpc1.webp,2,2,9,9,1.0,adaptive,0.1426,0.0847,1,0.0847,0,0,0,0
5nvtt5361hpc1.webp,2,3,4,4,1.0,adaptive,0.1384,0.0683,1,0.0683,0,0,0,0
5nvtt5361hpc1.webp,2,4,8,8,1.0,adaptive,0.1687,0.0846,1,0.0846,0,0,0,0
5nvtt5361hpc1.webp,2,5,3,3,1.0,adaptive,0.1159,0.0725,1,0.0725,0,0,0,0
5nvtt5361hpc1.webp,2,6,1,1,0.9987,adaptive,0.0961,0.0393,1,0.0393,0,0,0,0
5nvtt5361hpc1.webp,2,7,2,2,1.0,adaptive,0.147,0.0674,1,0.0674,0,0,0,0
5nvtt5361hpc1.webp,2,8,5,5,1.0,adaptive,0.1382,0.0806,1,0.0806,0,0,0,0
5nvtt5361hpc1.webp,2,9,7,7,1.0,adaptive,0.1346,0.0507,1,0.0507,0,0,0,0
5nvtt5361hpc1.webp,3,1,8,8,1.0,adaptive,0.1831,0.0835,1,0.0835,0,0,0,0
5nvtt5361hpc1.webp,3,2,7,7,1.0,adaptive,0.1223,0.0495,1,0.0495,0,0,0,0
5nvtt5361hpc1.webp,3,3,2,2,1.0,adaptive,0.1575,0.0666,1,0.0666,0,0,0,0
5nvtt5361hpc1.webp,3,4,5,5,1.0,adaptive,0.1849,0.0777,1,0.0777,0,0,0,0
5nvtt5361hpc1.webp,3,5,4,4,1.0,adaptive,0.1341,0.0651,1,0.0651,0,0,0,0
5nvtt5361hpc1.webp,3,6,9,9,0.9999,adaptive,0.1715,0.0813,1,0.0813,0,0,0,0
5nvtt5361hpc1.webp,3,7,6,6,0.9998,adaptive,0.1301,0.0789,1,0.0789,0,0,0,0
5nvtt5361hpc1.webp,3,8,1,1,0.9965,adaptive,0.1275,0.0441,1,0.0441,0,0,0,0
5nvtt5361hpc1.webp,3,9,3,3,1.0,adaptive,0.1697,0.0711,1,0.0711,0,0,0,0
5nvtt5361hpc1.webp,4,1,4,4,1.0,adaptive,0.1671,0.0675,1,0.0675,0,0,0,0
5nvtt5361hpc1.webp,4,2,0,0,0.992,adaptive,0.0635,0.0,0,0.0,0,0,0,0
5nvtt5361hpc1.webp,4,3,9,9,1.0,adaptive,0.164,0.0809,1,0.0809,0,0,0,0
5nvtt5361hpc1.webp,4,4,1,1,0.9984,adaptive,0.1256,0.0399,1,0.0399,0,0,0,0
5nvtt5361hpc1.webp,4,5,5,5,1.0,adaptive,0.1339,0.0787,1,0.0787,0,0,0,0
5nvtt5361hpc1.webp,4,6,7,7,1.0,adaptive,0.1321,0.0488,1,0.0488,0,0,0,0
5nvtt5361hpc1.webp,4,7,8,8,1.0,adaptive,0.1905,0.0835,1,0.0835,0,0,0,0
5nvtt5361hpc1.webp,4,8,0,0,0.992,adaptive,0.0832,0.0,0,0.0,0,0,0,0
5nvtt5361hpc1.webp,4,9,2,2,1.0,adaptive,0.1697,0.0706,1,0.0706,0,0,0,0
5nvtt5361hpc1.webp,5,1,2,2,1.0,adaptive,0.1257,0.066,1,0.066,0,0,0,0
5nvtt5361hpc1.webp,5,2,8,8,1.0,adaptive,0.1015,0.0865,1,0.0865,0,0,0,0
5nvtt5361hpc1.webp,5,3,1,1,0.9976,adaptive,0.0837,0.0393,1,0.0393,0,0,0,0
5nvtt5361hpc1.webp,5,4,3,3,1.0,adaptive,0.1167,0.0717,1,0.0717,0,0,0,0
5nvtt5361hpc1.webp,5,5,9,9,1.0,adaptive,0.1012,0.0856,1,0.0856,0,0,0,0
5nvtt5361hpc1.webp,5,6,6,6,1.0,adaptive,0.128,0.0841,1,0.0841,0,0,0,0
5nvtt5361hpc1.webp,5,7,7,7,1.0,adaptive,0.1047,0.0504,1,0.0504,0,0,0,0
5nvtt5361hpc1.webp,5,8,4,4,1.0,adaptive,0.0983,0.0696,1,0.0696,0,0,0,0
5nvtt5361hpc1.webp,5,9,5,5,1.0,adaptive,0.1359,0.078,1,0.078,0,0,0,0
5nvtt5361hpc1.webp,6,1,7,7,1.0,adaptive,0.1493,0.0499,1,0.0499,0,0,0,0
5nvtt5361hpc1.webp,6,2,0,0,0.992,adaptive,0.0721,0.0,0,0.0,0,0,0,0
5nvtt5361hpc1.webp,6,3,5,5,1.0,adaptive,0.1744,0.0771,1,0.0771,0,0,0,0
5nvtt5361hpc1.webp,6,4,2,2,1.0,adaptive,0.1586,0.0653,1,0.0653,0,0,0,0
5nvtt5361hpc1.webp,6,5,8,8,1.0,adaptive,0.1407,0.0837,1,0.0837,0,0,0,0
5nvtt5361hpc1.webp,6,6,4,4,1.0,adaptive,0.1537,0.0679,1,0.0679,0,0,0,0
5nvtt5361hpc1.webp,6,7,1,1,0.9971,adaptive,0.1461,0.0408,1,0.0408,0,0,0,0
5nvtt5361hpc1.webp,6,8,9,9,1.0,adaptive,0.154,0.0841,1,0.0841,0,0,0,0
5nvtt5361hpc1.webp,6,9,0,0,0.992,adaptive,0.0873,0.0,0,0.0,0,0,0,0
5nvtt5361hpc1.webp,7,1,9,9,1.0,adaptive,0.1818,0.0826,1,0.0826,0,0,0,0
5nvtt5361hpc1.webp,7,2,2,2,1.0,adaptive,0.1318,0.0683,1,0.0683,0,0,0,0
5nvtt5361hpc1.webp,7,3,6,6,1.0,adaptive,0.1243,0.082,1,0.082,0,0,0,0
5nvtt5361hpc1.webp,7,4,4,4,1.0,adaptive,0.1499,0.0686,1,0.0686,0,0,0,0
5nvtt5361hpc1.webp,7,5,1,1,0.9985,adaptive,0.0979,0.0398,1,0.0398,0,0,0,0
5nvtt5361hpc1.webp,7,6,5,5,1.0,adaptive,0.1568,0.0769,1,0.0769,0,0,0,0
5nvtt5361hpc1.webp,7,7,3,3,1.0,adaptive,0.1608,0.0715,1,0.0715,0,0,0,0
5nvtt5361hpc1.webp,7,8,7,7,1.0,adaptive,0.1092,0.0513,1,0.0513,0,0,0,0
5nvtt5361hpc1.webp,7,9,8,8,1.0,adaptive,0.1664,0.0822,1,0.0822,0,0,0,0
5nvtt5361hpc1.webp,8,1,1,1,0.9974,adaptive,0.1262,0.0403,1,0.0403,0,0,0,0
5nvtt5361hpc1.webp,8,2,5,5,1.0,adaptive,0.1304,0.0792,1,0.0792,0,0,0,0
5nvtt5361hpc1.webp,8,3,8,8,1.0,adaptive,0.1545,0.0839,1,0.0839,0,0,0,0
5nvtt5361hpc1.webp,8,4,7,7,1.0,adaptive,0.1221,0.0509,1,0.0509,0,0,0,0
5nvtt5361hpc1.webp,8,5,6,6,1.0,adaptive,0.0861,0.0861,1,0.0861,0,0,0,0
5nvtt5361hpc1.webp,8,6,3,3,1.0,adaptive,0.1391,0.0726,1,0.0726,0,0,0,0
5nvtt5361hpc1.webp,8,7,4,4,1.0,adaptive,0.1352,0.0683,1,0.0683,0,0,0,0
5nvtt5361hpc1.webp,8,8,2,2,1.0,adaptive,0.1148,0.0705,1,0.0705,0,0,0,0
5nvtt5361hpc1.webp,8,9,9,9,0.9999,adaptive,0.154,0.0825,1,0.0825,0,0,0,0
5nvtt5361hpc1.webp,9,1,3,3,1.0,adaptive,0.1724,0.072,1,0.072,0,0,0,0
5nvtt5361hpc1.webp,9,2,4,4,1.0,adaptive,0.1384,0.0692,1,0.0692,0,0,0,0
5nvtt5361hpc1.webp,9,3,7,7,1.0,adaptive,0.1328,0.0486,1,0.0486,0,0,0,0
5nvtt5361hpc1.webp,9,4,9,9,1.0,adaptive,0.18,0.082,1,0.082,0,0,0,0
5nvtt5361hpc1.webp,9,5,2,2,1.0,adaptive,0.1429,0.0699,1,0.0699,0,0,0,0
5nvtt5361hpc1.webp,9,6,8,8,1.0,adaptive,0.1789,0.0831,1,0.0831,0,0,0,0
5nvtt5361hpc1.webp,9,7,5,5,1.0,adaptive,0.162,0.0764,1,0.0764,0,0,0,0
5nvtt5361hpc1.webp,9,8,6,6,1.0,adaptive,0.128,0.0832,1,0.0832,0,0,0,0
5nvtt5361hpc1.webp,9,9,1,1,0.9982,adaptive,0.1245,0.0381,1,0.0381,0,0,0,0
6070g9b8v6rc1.webp,1,1,0,0,0.992,adaptive,0.1103,0.0,0,0.0,0,0,0,0
6070g9b8v6rc1.webp,1,2,0,0,0.992,adaptive,0.0855,0.0,0,0.0,0,0,0,0
6070g9b8v6rc1.webp,1,3,0,0,0.992,adaptive,0.0849,0.0,0,0.0,0,0,0,0
6070g9b8v6rc1.webp,1,4,0,0,0.992,adaptive,0.0989,0.0,0,0.0,0,0,0,0
6070g9b8v6rc1.webp,1,5,1,1,1.0,adaptive,0.121,0.0613,1,0.0613,0,0,0,0
6070g9b8v6rc1.webp,1,6,4,4,0.9999,adaptive,0.1633,0.0773,1,0.0773,0,0,0,0
6070g9b8v6rc1.webp,1,7,0,0,0.992,adaptive,0.0982,0.0,0,0.0,0,0,0,0
6070g9b8v6rc1.webp,1,8,0,0,0.992,adaptive,0.085,0.0,0,0.0,0,0,0,0
6070g9b8v6rc1.webp,1,9,3,3,1.0,adaptive,0.188,0.0762,1,0.0762,0,0,0,0
6070g9b8v6rc1.webp,2,1,0,0,0.992,adaptive,0.0846,0.0,0,0.0,0,0,0,0
6070g9b8v6rc1.webp,2,2,0,0,0.992,adaptive,0.0576,0.0,0,0.0,0,0,0,0
6070g9b8v6rc1.webp,2,3,0,0,0.992,adaptive,0.057,0.0,0,0.0,0,0,0,0
6070g9b8v6rc1.webp,2,4,3,3,1.0,adaptive,0.1495,0.0785,1,0.0785,0,0,0,0
6070g9b8v6rc1.webp,2,5,9,9,1.0,adaptive,0.1253,0.0957,1,0.0957,0,0,0,0
6070g9b8v6rc1.webp,2,6,0,0,0.992,adaptive,0.0556,0.0,0,0.0,0,0,0,0
6070g9b8v6rc1.webp,2,7,8,8,1.0,adaptive,0.1748,0.1045,1,0.1045,0,0,0,0
6070g9b8v6rc1.webp,2,8,0,0,0.992,adaptive,0.0574,0.0,0,0.0,0,0,0,0
6070g9b8v6rc1.webp,2,9,0,0,0.992,adaptive,0.085,0.0,0,0.0,0,0,0,0
6070g9b8v6rc1.webp,3,1,0,0,0.992,adaptive,0.0844,0.0,0,0.0,0,0,0,0
6070g9b8v6rc1.webp,3,2,6,6,0.9997,adaptive,0.1556,0.0972,1,0.0972,0,0,0,0
6070g9b8v6rc1.webp,3,3,0,0,0.992,adaptive,0.057,0.0,0,0.0,0,0,0,0
6070g9b8v6rc1.webp,3,4,0,0,0.992,adaptive,0.0704,0.0,0,0.0,0,0,0,0
6070g9b8v6rc1.webp,3,5,0,0,0.992,adaptive,0.0296,0.0,0,0.0,0,0,0,0
6070g9b8v6rc1.webp,3,6,0,0,0.992,adaptive,0.0561,0.0,0,0.0,0,0,0,0
6070g9b8v6rc1.webp,3,7,0,0,0.992,adaptive,0.0697,0.0,0,0.0,0,0,0,0
6070g9b8v6rc1.webp,3,8,0,0,0.992,adaptive,0.057,0.0,0,0.0,0,0,0,0
6070g9b8v6rc1.webp,3,9,0,0,0.992,adaptive,0.0849,0.0,0,0.0,0,0,0,0
6070g9b8v6rc1.webp,4,1,1,1,0.9999,adaptive,0.1582,0.0599,1,0.0599,0,0,0,0
6070g9b8v6rc1.webp,4,2,0,0,0.992,adaptive,0.0715,0.0,0,0.0,0,0,0,0
6070g9b8v6rc1.webp,4,3,0,0,0.992,adaptive,0.0711,0.0,0,0.0,0,0,0,0
6070g9b8v6rc1.webp,4,4,0,0,0.992,adaptive,0.0858,0.0,0,0.0,0,0,0,0
6070g9b8v6rc1.webp,4,5,3,3,1.0,adaptive,0.1223,0.0776,1,0.0776,0,0,0,0
6070g9b8v6rc1.webp,4,6,0,0,0.992,adaptive,0.0722,0.0,0,0.0,0,0,0,0
6070g9b8v6rc1.webp,4,7,0,0,0.992,adaptive,0.084,0.0,0,0.0,0,0,0,0
6070g9b8v6rc1.webp,4,8,0,0,0.992,adaptive,0.0687,0.0,0,0.0,0,0,0,0
6070g9b8v6rc1.webp,4,9,0,0,0.992,adaptive,0.0994,0.0,0,0.0,0,0,0,0
6070g9b8v6rc1.webp,5,1,2,2,1.0,adaptive,0.1441,0.0844,1,0.0844,0,0,0,0
6070g9b8v6rc1.webp,5,2,0,0,0.992,adaptive,0.0303,0.0,0,0.0,0,0,0,0
6070g9b8v6rc1.webp,5,3,6,6,0.9966,adaptive,0.1264,0.0968,1,0.0968,0,0,0,0
6070g9b8v6rc1.webp,5,4,0,0,0.992,adaptive,0.0448,0.0,0,0.0,0,0,0,0
6070g9b8v6rc1.webp,5,5,7,7,1.0,adaptive,0.0691,0.0684,1,0.0684,0,0,0,0
6070g9b8v6rc1.webp,5,6,0,0,0.992,adaptive,0.0303,0.0,0,0.0,0,0,0,0
6070g9b8v6rc1.webp,5,7,0,0,0.992,adaptive,0.0443,0.0,0,0.0,0,0,0,0
6070g9b8v6rc1.webp,5,8,0,0,0.992,adaptive,0.0294,0.0,0,0.0,0,0,0,0
6070g9b8v6rc1.webp,5,9,0,0,0.992,adaptive,0.0597,0.0,0,0.0,0,0,0,0
6070g9b8v6rc1.webp,6,1,0,0,0.992,adaptive,0.0713,0.0,0,0.0,0,0,0,0
6070g9b8v6rc1.webp,6,2,0,0,0.992,adaptive,0.0432,0.0,0,0.0,0,0,0,0
6070g9b8v6rc1.webp,6,3,3,3,1.0,adaptive,0.1198,0.0771,1,0.0771,0,0,0,0
6070g9b8v6rc1.webp,6,4,2,2,1.0,adaptive,0.1423,0.0844,1,0.0844,0,0,0,0
6070g9b8v6rc1.webp,6,5,0,0,0.992,adaptive,0.0154,0.0,0,0.0,0,0,0,0
6070g9b8v6rc1.webp,6,6,9,9,1.0,adaptive,0.1408,0.0965,1,0.0965,0,0,0,0
6070g9b8v6rc1.webp,6,7,0,0,0.992,adaptive,0.0561,0.0,0,0.0,0,0,0,0
6070g9b8v6rc1.webp,6,8,6,6,0.9976,adaptive,0.137,0.0959,1,0.0959,0,0,0,0
6070g9b8v6rc1.webp,6,9,0,0,0.992,adaptive,0.0728,0.0,0,0.0,0,0,0,0
6070g9b8v6rc1.webp,7,1,9,9,1.0,adaptive,0.1922,0.0956,1,0.0956,0,0,0,0
6070g9b8v6rc1.webp,7,2,1,1,0.9999,adaptive,0.1312,0.0615,1,0.0615,0,0,0,0
6070g9b8v6rc1.webp,7,3,0,0,0.992,adaptive,0.0682,0.0,0,0.0,0,0,0,0
6070g9b8v6rc1.webp,7,4,0,0,0.992,adaptive,0.0844,0.0,0,0.0,0,0,0,0
6070g9b8v6rc1.webp,7,5,0,0,0.992,adaptive,0.0439,0.0,0,0.0,0,0,0,0
6070g9b8v6rc1.webp,7,6,0,0,0.992,adaptive,0.0704,0.0,0,0.0,0,0,0,0
6070g9b8v6rc1.webp,7,7,0,0,0.992,adaptive,0.0804,0.0,0,0.0,0,0,0,0
6070g9b8v6rc1.webp,7,8,7,7,1.0,adaptive,0.1368,0.0681,1,0.0681,0,0,0,0
6070g9b8v6rc1.webp,7,9,0,0,0.992,adaptive,0.0982,0.0,0,0.0,0,0,0,0
6070g9b8v6rc1.webp,8,1,0,0,0.992,adaptive,0.0721,0.0,0,0.0,0,0,0,0
6070g9b8v6rc1.webp,8,2,0,0,0.992,adaptive,0.0436,0.0,0,0.0,0,0,0,0
6070g9b8v6rc1.webp,8,3,8,8,1.0,adaptive,0.1468,0.1045,1,0.1045,0,0,0,0
6070g9b8v6rc1.webp,8,4,0,0,0.992,adaptive,0.0577,0.0,0,0.0,0,0,0,0
6070g9b8v6rc1.webp,8,5,0,0,0.992,adaptive,0.0147,0.0,0,0.0,0,0,0,0
6070g9b8v6rc1.webp,8,6,7,7,1.0,adaptive,0.1108,0.0681,1,0.0681,0,0,0,0
6070g9b8v6rc1.webp,8,7,0,0,0.992,adaptive,0.0554,0.0,0,0.0,0,0,0,0
6070g9b8v6rc1.webp,8,8,2,2,1.0,adaptive,0.1272,0.0852,1,0.0852,0,0,0,0
6070g9b8v6rc1.webp,8,9,9,9,1.0,adaptive,0.1687,0.0966,1,0.0966,0,0,0,0
6070g9b8v6rc1.webp,9,1,5,5,1.0,adaptive,0.1804,0.0815,1,0.0815,0,0,0,0
6070g9b8v6rc1.webp,9,2,0,0,0.992,adaptive,0.0715,0.0,0,0.0,0,0,0,0
6070g9b8v6rc1.webp,9,3,7,7,1.0,adaptive,0.1401,0.0693,1,0.0693,0,0,0,0
6070g9b8v6rc1.webp,9,4,0,0,0.992,adaptive,0.0864,0.0,0,0.0,0,0,0,0
6070g9b8v6rc1.webp,9,5,0,0,0.992,adaptive,0.0448,0.0,0,0.0,0,0,0,0
6070g9b8v6rc1.webp,9,6,0,0,0.992,adaptive,0.0731,0.0,0,0.0,0,0,0,0
6070g9b8v6rc1.webp,9,7,3,3,1.0,adaptive,0.1602,0.076,1,0.076,0,0,0,0
6070g9b8v6rc1.webp,9,8,8,8,1.0,adaptive,0.1748,0.1047,1,0.1047,0,0,0,0
6070g9b8v6rc1.webp,9,9,0,0,0.992,adaptive,0.1,0.0,0,0.0,0,0,0,0
621i3yw935yc1.webp,1,1,8,8,1.0,adaptive,0.2196,0.0924,1,0.0924,0,0,0,0
621i3yw935yc1.webp,1,2,5,5,1.0,adaptive,0.1861,0.0871,1,0.0871,0,0,0,0
621i3yw935yc1.webp,1,5,1,1,1.0,adaptive,0.1635,0.0595,1,0.0595,0,0,0,0
621i3yw935yc1.webp,1,6,7,7,1.0,adaptive,0.1591,0.0601,1,0.0601,0,0,0,0
621i3yw935yc1.webp,2,1,1,1,0.9999,adaptive,0.1599,0.059,1,0.059,0,0,0,0
621i3yw935yc1.webp,2,4,2,2,1.0,adaptive,0.1549,0.0805,1,0.0805,0,0,0,0
621i3yw935yc1.webp,2,8,5,5,1.0,adaptive,0.1733,0.0875,1,0.0875,0,0,0,0
621i3yw935yc1.webp,2,9,8,8,1.0,adaptive,0.1922,0.0936,1,0.0936,0,0,0,0
621i3yw935yc1.webp,3,5,5,5,1.0,adaptive,0.1965,0.0857,1,0.0857,0,0,0,0
621i3yw935yc1.webp,3,6,8,8,1.0,adaptive,0.1925,0.0927,1,0.0927,0,0,0,0
621i3yw935yc1.webp,3,7,4,4,1.0,adaptive,0.1847,0.0744,1,0.0744,0,0,0,0
621i3yw935yc1.webp,4,1,5,5,1.0,adaptive,0.2025,0.0847,1,0.0847,0,0,0,0
621i3yw935yc1.webp,4,3,7,7,1.0,adaptive,0.164,0.0599,1,0.0599,0,0,0,0
621i3yw935yc1.webp,4,4,1,1,1.0,adaptive,0.1582,0.0586,1,0.0586,0,0,0,0
621i3yw935yc1.webp,4,6,9,9,1.0,adaptive,0.1738,0.0875,1,0.0875,0,0,0,0
621i3yw935yc1.webp,4,7,3,3,1.0,adaptive,0.18,0.0809,1,0.0809,0,0,0,0
621i3yw935yc1.webp,5,2,6,6,0.9999,adaptive,0.1747,0.0898,1,0.0898,0,0,0,0
621i3yw935yc1.webp,5,6,2,2,1.0,adaptive,0.168,0.0828,1,0.0828,0,0,0,0
621i3yw935yc1.webp,5,7,1,1,1.0,adaptive,0.1438,0.059,1,0.059,0,0,0,0
621i3yw935yc1.webp,5,9,5,5,1.0,adaptive,0.1716,0.0857,1,0.0857,0,0,0,0
621i3yw935yc1.webp,6,1,2,2,0.9999,adaptive,0.1885,0.0784,1,0.0784,0,0,0,0
621i3yw935yc1.webp,6,3,1,1,1.0,adaptive,0.1693,0.0586,1,0.0586,0,0,0,0
621i3yw935yc1.webp,6,6,5,5,1.0,adaptive,0.1713,0.0849,1,0.0849,0,0,0,0
621i3yw935yc1.webp,6,9,9,9,1.0,adaptive,0.1858,0.0875,1,0.0875,0,0,0,0
621i3yw935yc1.webp,7,1,4,4,1.0,adaptive,0.1713,0.0733,1,0.0733,0,0,0,0
621i3yw935yc1.webp,7,2,1,1,1.0,adaptive,0.1452,0.0592,1,0.0592,0,0,0,0
621i3yw935yc1.webp,7,5,7,7,1.0,adaptive,0.1483,0.0608,1,0.0608,0,0,0,0
621i3yw935yc1.webp,7,7,5,5,1.0,adaptive,0.202,0.0847,1,0.0847,0,0,0,0
621i3yw935yc1.webp,8,2,3,3,1.0,adaptive,0.1419,0.0817,1,0.0817,0,0,0,0
621i3yw935yc1.webp,8,3,5,5,1.0,adaptive,0.1857,0.0868,1,0.0868,0,0,0,0
621i3yw935yc1.webp,8,4,8,8,1.0,adaptive,0.1958,0.0963,1,0.0963,0,0,0,0
621i3yw935yc1.webp,8,6,4,4,1.0,adaptive,0.1619,0.0755,1,0.0755,0,0,0,0
621i3yw935yc1.webp,8,7,6,6,0.9999,adaptive,0.1947,0.0914,1,0.0914,0,0,0,0
621i3yw935yc1.webp,9,4,5,5,1.0,adaptive,0.1958,0.0853,1,0.0853,0,0,0,0
621i3yw935yc1.webp,9,6,1,1,1.0,adaptive,0.1568,0.0579,1,0.0579,0,0,0,0
64580592jqzc1.webp,1,1,0,0,0.992,adaptive,0.1134,0.0,0,0.0,0,0,0,0
64580592jqzc1.webp,1,2,9,9,1.0,adaptive,0.1583,0.0986,1,0.0986,0,0,0,0
64580592jqzc1.webp,1,3,0,0,0.992,adaptive,0.0726,0.0,0,0.0,0,0,0,0
64580592jqzc1.webp,1,4,5,5,1.0,adaptive,0.1657,0.0791,1,0.0791,0,0,0,0
64580592jqzc1.webp,1,5,0,0,0.992,adaptive,0.0597,0.0,0,0.0,0,0,0,0
64580592jqzc1.webp,1,6,0,0,0.992,adaptive,0.0896,0.0,0,0.0,0,0,0,0
64580592jqzc1.webp,1,7,0,0,0.992,adaptive,0.0867,0.0,0,0.0,0,0,0,0
64580592jqzc1.webp,1,8,3,3,1.0,adaptive,0.1506,0.0782,1,0.0782,0,0,0,0
64580592jqzc1.webp,1,9,0,0,0.992,adaptive,0.1005,0.0,0,0.0,0,0,0,0
64580592jqzc1.webp,2,1,0,0,0.992,adaptive,0.0597,0.0,0,0.0,0,0,0,0
64580592jqzc1.webp,2,2,0,0,0.992,adaptive,0.0005,0.0,0,0.0,0,0,0,0
64580592jqzc1.webp,2,3,0,0,0.992,adaptive,0.0154,0.0,0,0.0,0,0,0,0
64580592jqzc1.webp,2,4,0,0,0.992,adaptive,0.0301,0.0,0,0.0,0,0,0,0
64580592jqzc1.webp,2,5,0,0,0.992,adaptive,0.0005,0.0,0,0.0,0,0,0,0
64580592jqzc1.webp,2,6,6,6,0.9993,adaptive,0.1271,0.0963,1,0.0963,0,0,0,0
64580592jqzc1.webp,2,7,0,0,0.992,adaptive,0.0305,0.0,0,0.0,0,0,0,0
64580592jqzc1.webp,2,8,2,2,1.0,adaptive,0.0992,0.084,1,0.084,0,0,0,0
64580592jqzc1.webp,2,9,1,1,0.9999,adaptive,0.1061,0.0606,1,0.0606,0,0,0,0
64580592jqzc1.webp,3,1,4,4,0.9997,adaptive,0.1626,0.0757,1,0.0757,0,0,0,0
64580592jqzc1.webp,3,2,0,0,0.992,adaptive,0.0303,0.0,0,0.0,0,0,0,0
64580592jqzc1.webp,3,3,3,3,1.0,adaptive,0.1205,0.076,1,0.076,0,0,0,0
64580592jqzc1.webp,3,4,0,0,0.992,adaptive,0.059,0.0,0,0.0,0,0,0,0
64580592jqzc1.webp,3,5,0,0,0.992,adaptive,0.0303,0.0,0,0.0,0,0,0,0
64580592jqzc1.webp,3,6,0,0,0.992,adaptive,0.0593,0.0,0,0.0,0,0,0,0
64580592jqzc1.webp,3,7,0,0,0.992,adaptive,0.0573,0.0,0,0.0,0,0,0,0
64580592jqzc1.webp,3,8,0,0,0.992,adaptive,0.0427,0.0,0,0.0,0,0,0,0
64580592jqzc1.webp,3,9,0,0,0.992,adaptive,0.0733,0.0,0,0.0,0,0,0,0
64580592jqzc1.webp,4,1,0,0,0.992,adaptive,0.0855,0.0,0,0.0,0,0,0,0
64580592jqzc1.webp,4,2,0,0,0.992,adaptive,0.0296,0.0,0,0.0,0,0,0,0
64580592jqzc1.webp,4,3,1,1,0.9998,adaptive,0.1007,0.0579,1,0.0579,0,0,0,0
64580592jqzc1.webp,4,4,0,0,0.992,adaptive,0.0561,0.0,0,0.0,0,0,0,0
64580592jqzc1.webp,4,5,7,7,1.0,adaptive,0.1,0.071,1,0.071,0,0,0,0
64580592jqzc1.webp,4,6,3,3,1.0,adaptive,0.1319,0.0757,1,0.0757,0,0,0,0
64580592jqzc1.webp,4,7,5,5,1.0,adaptive,0.1388,0.0835,1,0.0835,0,0,0,0
64580592jqzc1.webp,4,8,0,0,0.992,adaptive,0.0412,0.0,0,0.0,0,0,0,0
64580592jqzc1.webp,4,9,0,0,0.992,adaptive,0.0715,0.0,0,0.0,0,0,0,0
64580592jqzc1.webp,5,1,0,0,0.992,adaptive,0.0853,0.0,0,0.0,0,0,0,0
64580592jqzc1.webp,5,2,0,0,0.992,adaptive,0.0289,0.0,0,0.0,0,0,0,0
64580592jqzc1.webp,5,3,0,0,0.992,adaptive,0.0403,0.0,0,0.0,0,0,0,0
64580592jqzc1.webp,5,4,0,0,0.992,adaptive,0.0545,0.0,0,0.0,0,0,0,0
64580592jqzc1.webp,5,5,0,0,0.992,adaptive,0.0282,0.0,0,0.0,0,0,0,0
64580592jqzc1.webp,5,6,0,0,0.992,adaptive,0.0547,0.0,0,0.0,0,0,0,0
64580592jqzc1.webp,5,7,0,0,0.992,adaptive,0.0534,0.0,0,0.0,0,0,0,0
64580592jqzc1.webp,5,8,0,0,0.992,adaptive,0.0418,0.0,0,0.0,0,0,0,0
64580592jqzc1.webp,5,9,0,0,0.992,adaptive,0.0699,0.0,0,0.0,0,0,0,0
64580592jqzc1.webp,6,1,0,0,0.992,adaptive,0.1127,0.0,0,0.0,0,0,0,0
64580592jqzc1.webp,6,2,3,3,1.0,adaptive,0.1375,0.078,1,0.078,0,0,0,0
64580592jqzc1.webp,6,3,0,0,0.992,adaptive,0.0711,0.0,0,0.0,0,0,0,0
64580592jqzc1.webp,6,4,0,0,0.992,adaptive,0.0849,0.0,0,0.0,0,0,0,0
64580592jqzc1.webp,6,5,0,0,0.992,adaptive,0.0592,0.0,0,0.0,0,0,0,0
64580592jqzc1.webp,6,6,9,9,1.0,adaptive,0.1813,0.0962,1,0.0962,0,0,0,0
64580592jqzc1.webp,6,7,2,2,1.0,adaptive,0.1677,0.0842,1,0.0842,0,0,0,0
64580592jqzc1.webp,6,8,0,0,0.992,adaptive,0.0712,0.0,0,0.0,0,0,0,0
64580592jqzc1.webp,6,9,0,0,0.992,adaptive,0.0994,0.0,0,0.0,0,0,0,0
64580592jqzc1.webp,7,1,0,0,0.992,adaptive,0.0855,0.0,0,0.0,0,0,0,0
64580592jqzc1.webp,7,2,0,0,0.992,adaptive,0.0299,0.0,0,0.0,0,0,0,0
64580592jqzc1.webp,7,3,0,0,0.992,adaptive,0.0428,0.0,0,0.0,0,0,0,0
64580592jqzc1.webp,7,4,0,0,0.992,adaptive,0.0566,0.0,0,0.0,0,0,0,0
64580592jqzc1.webp,7,5,0,0,0.992,adaptive,0.0301,0.0,0,0.0,0,0,0,0
64580592jqzc1.webp,7,6,7,7,1.0,adaptive,0.1265,0.0699,1,0.0699,0,0,0,0
64580592jqzc1.webp,7,7,9,9,1.0,adaptive,0.1517,0.0956,1,0.0956,0,0,0,0
64580592jqzc1.webp,7,8,0,0,0.992,adaptive,0.0432,0.0,0,0.0,0,0,0,0
64580592jqzc1.webp,7,9,0,0,0.992,adaptive,0.0708,0.0,0,0.0,0,0,0,0
64580592jqzc1.webp,8,1,5,5,1.0,adaptive,0.1692,0.0834,1,0.0834,0,0,0,0
64580592jqzc1.webp,8,2,6,6,0.9936,adaptive,0.1288,0.0985,1,0.0985,0,0,0,0
64580592jqzc1.webp,8,3,0,0,0.992,adaptive,0.043,0.0,0,0.0,0,0,0,0
64580592jqzc1.webp,8,4,0,0,0.992,adaptive,0.0563,0.0,0,0.0,0,0,0,0
64580592jqzc1.webp,8,5,4,4,0.999,adaptive,0.1061,0.0764,1,0.0764,0,0,0,0
64580592jqzc1.webp,8,6,2,2,1.0,adaptive,0.1441,0.0864,1,0.0864,0,0,0,0
64580592jqzc1.webp,8,7,3,3,1.0,adaptive,0.1339,0.078,1,0.078,0,0,0,0
64580592jqzc1.webp,8,8,8,8,1.0,adaptive,0.1497,0.1067,1,0.1067,0,0,0,0
64580592jqzc1.webp,8,9,0,0,0.992,adaptive,0.0712,0.0,0,0.0,0,0,0,0
64580592jqzc1.webp,9,1,0,0,0.992,adaptive,0.1112,0.0,0,0.0,0,0,0,0
64580592jqzc1.webp,9,2,8,8,1.0,adaptive,0.166,0.1061,1,0.1061,0,0,0,0
64580592jqzc1.webp,9,3,0,0,0.992,adaptive,0.0731,0.0,0,0.0,0,0,0,0
64580592jqzc1.webp,9,4,0,0,0.992,adaptive,0.0858,0.0,0,0.0,0,0,0,0
64580592jqzc1.webp,9,5,0,0,0.992,adaptive,0.0597,0.0,0,0.0,0,0,0,0
64580592jqzc1.webp,9,6,0,0,0.992,adaptive,0.086,0.0,0,0.0,0,0,0,0
64580592jqzc1.webp,9,7,0,0,0.992,adaptive,0.0849,0.0,0,0.0,0,0,0,0
64580592jqzc1.webp,9,8,0,0,0.992,adaptive,0.0717,0.0,0,0.0,0,0,0,0
64580592jqzc1.webp,9,9,0,0,0.992,adaptive,0.0987,0.0,0,0.0,0,0,0,0
66x50a25unbc1.webp,1,1,4,4,1.0,adaptive,0.1767,0.0655,1,0.0655,0,0,0,0
66x50a25unbc1.webp,1,2,9,9,1.0,adaptive,0.1549,0.0837,1,0.0837,0,0,0,0
66x50a25unbc1.webp,1,3,6,6,1.0,adaptive,0.1673,0.0831,1,0.0831,0,0,0,0
66x50a25unbc1.webp,1,7,1,1,0.9981,adaptive,0.1317,0.0385,1,0.0385,0,0,0,0
66x50a25unbc1.webp,1,8,7,7,1.0,adaptive,0.1373,0.0513,1,0.0513,0,0,0,0
66x50a25unbc1.webp,1,9,0,0,0.992,adaptive,0.1005,0.0,0,0.0,0,0,0,0
66x50a25unbc1.webp,2,1,2,2,1.0,adaptive,0.126,0.0663,1,0.0663,0,0,0,0
66x50a25unbc1.webp,2,2,1,1,0.998,adaptive,0.0849,0.0406,1,0.0406,0,0,0,0
66x50a25unbc1.webp,2,3,8,8,1.0,adaptive,0.1431,0.0848,1,0.0848,0,0,0,0
66x50a25unbc1.webp,2,4,7,7,1.0,adaptive,0.1321,0.0511,1,0.0511,0,0,0,0
66x50a25unbc1.webp,3,1,7,7,1.0,adaptive,0.1508,0.0515,1,0.0515,0,0,0,0
66x50a25unbc1.webp,3,2,5,5,1.0,adaptive,0.1483,0.0782,1,0.0782,0,0,0,0
66x50a25unbc1.webp,3,3,3,3,1.0,adaptive,0.1539,0.0711,1,0.0711,0,0,0,0
66x50a25unbc1.webp,3,4,1,1,0.9982,adaptive,0.1388,0.0412,1,0.0412,0,0,0,0
66x50a25unbc1.webp,3,5,9,9,1.0,adaptive,0.1452,0.0848,1,0.0848,0,0,0,0
66x50a25unbc1.webp,3,9,0,0,0.992,adaptive,0.0976,0.0,0,0.0,0,0,0,0
66x50a25unbc1.webp,4,1,5,5,1.0,adaptive,0.1758,0.0764,1,0.0764,0,0,0,0
66x50a25unbc1.webp,4,2,3,3,1.0,adaptive,0.1418,0.0721,1,0.0721,0,0,0,0
66x50a25unbc1.webp,4,3,1,1,0.9972,adaptive,0.1214,0.0392,1,0.0392,0,0,0,0
66x50a25unbc1.webp,4,4,9,9,1.0,adaptive,0.1789,0.0813,1,0.0813,0,0,0,0
66x50a25unbc1.webp,4,7,6,6,1.0,adaptive,0.1767,0.0826,1,0.0826,0,0,0,0
66x50a25unbc1.webp,4,9,7,7,1.0,adaptive,0.1348,0.0495,1,0.0495,0,0,0,0
66x50a25unbc1.webp,5,1,6,6,0.9999,adaptive,0.1563,0.0837,1,0.0837,0,0,0,0
66x50a25unbc1.webp,5,2,4,4,1.0,adaptive,0.1136,0.0707,1,0.0707,0,0,0,0
66x50a25unbc1.webp,5,3,9,9,1.0,adaptive,0.1398,0.0841,1,0.0841,0,0,0,0
66x50a25unbc1.webp,5,5,5,5,1.0,adaptive,0.1061,0.0794,1,0.0794,0,0,0,0
66x50a25unbc1.webp,5,6,7,7,1.0,adaptive,0.0963,0.0516,1,0.0516,0,0,0,0
66x50a25unbc1.webp,6,1,8,8,1.0,adaptive,0.1822,0.0829,1,0.0829,0,0,0,0
66x50a25unbc1.webp,6,2,2,2,1.0,adaptive,0.0995,0.0697,1,0.0697,0,0,0,0
66x50a25unbc1.webp,6,3,7,7,1.0,adaptive,0.1323,0.0495,1,0.0495,0,0,0,0
66x50a25unbc1.webp,6,4,6,6,0.9999,adaptive,0.1798,0.082,1,0.082,0,0,0,0
66x50a25unbc1.webp,6,5,1,1,0.9981,adaptive,0.0981,0.0407,1,0.0407,0,0,0,0
66x50a25unbc1.webp,6,6,3,3,1.0,adaptive,0.1544,0.0706,1,0.0706,0,0,0,0
66x50a25unbc1.webp,7,1,9,9,1.0,adaptive,0.1954,0.0831,1,0.0831,0,0,0,0
66x50a25unbc1.webp,7,2,6,6,0.9999,adaptive,0.1662,0.0832,1,0.0832,0,0,0,0
66x50a25unbc1.webp,7,3,2,2,1.0,adaptive,0.1236,0.0679,1,0.0679,0,0,0,0
66x50a25unbc1.webp,7,4,3,3,1.0,adaptive,0.1811,0.0715,1,0.0715,0,0,0,0
66x50a25unbc1.webp,7,5,7,7,1.0,adaptive,0.1219,0.0507,1,0.0507,0,0,0,0
66x50a25unbc1.webp,7,6,8,8,1.0,adaptive,0.1791,0.0833,1,0.0833,0,0,0,0
66x50a25unbc1.webp,7,7,0,0,0.992,adaptive,0.0951,0.0,0,0.0,0,0,0,0
66x50a25unbc1.webp,8,1,1,1,0.9974,adaptive,0.1262,0.04,1,0.04,0,0,0,0
66x50a25unbc1.webp,8,2,8,8,1.0,adaptive,0.1435,0.0861,1,0.0861,0,0,0,0
66x50a25unbc1.webp,8,3,5,5,1.0,adaptive,0.1486,0.0787,1,0.0787,0,0,0,0
66x50a25unbc1.webp,8,4,4,4,1.0,adaptive,0.1524,0.0681,1,0.0681,0,0,0,0
66x50a25unbc1.webp,8,5,2,2,1.0,adaptive,0.0955,0.0684,1,0.0684,0,0,0,0
66x50a25unbc1.webp,8,6,9,9,0.9999,adaptive,0.1522,0.0821,1,0.0821,0,0,0,0
66x50a25unbc1.webp,8,7,7,7,1.0,adaptive,0.1332,0.0511,1,0.0511,0,0,0,0
66x50a25unbc1.webp,8,8,3,3,1.0,adaptive,0.1315,0.0739,1,0.0739,0,0,0,0
66x50a25unbc1.webp,8,9,6,6,0.9998,adaptive,0.1526,0.0816,1,0.0816,0,0,0,0
66x50a25unbc1.webp,9,1,3,3,1.0,adaptive,0.172,0.0713,1,0.0713,0,0,0,0
66x50a25unbc1.webp,9,2,7,7,1.0,adaptive,0.1217,0.0504,1,0.0504,0,0,0,0
66x50a25unbc1.webp,9,3,4,4,1.0,adaptive,0.153,0.0679,1,0.0679,0,0,0,0
66x50a25unbc1.webp,9,4,5,5,1.0,adaptive,0.1749,0.0753,1,0.0753,0,0,0,0
66x50a25unbc1.webp,9,5,6,6,0.9996,adaptive,0.1413,0.0828,1,0.0828,0,0,0,0
66x50a25unbc1.webp,9,6,1,1,0.998,adaptive,0.125,0.0392,1,0.0392,0,0,0,0
66x50a25unbc1.webp,9,7,9,9,1.0,adaptive,0.1689,0.082,1,0.082,0,0,0,0
677wx8idvsmc1.webp,1,1,0,0,0.992,adaptive,0.108,0.0,1,0.0,0,1,0,0
677wx8idvsmc1.webp,1,2,7,7,1.0,adaptive,0.147,0.0794,2,0.0794,0,1,0,0
677wx8idvsmc1.webp,1,3,0,0,0.992,adaptive,0.0748,0.0,1,0.0,0,1,0,0
677wx8idvsmc1.webp,1,4,0,0,0.992,adaptive,0.1488,0.0,1,0.0,0,0,1,0
677wx8idvsmc1.webp,1,5,8,8,1.0,adaptive,0.1911,0.1332,4,0.0755,0,1,0,1
677wx8idvsmc1.webp,1,6,0,0,0.992,adaptive,0.0503,0.0,1,0.0,0,1,0,0
677wx8idvsmc1.webp,1,7,5,5,1.0,adaptive,0.2163,0.0951,3,0.0499,0,0,1,0
677wx8idvsmc1.webp,1,8,0,0,0.992,adaptive,0.0595,0.0,1,0.0,0,1,0,0
677wx8idvsmc1.webp,1,9,0,0,0.992,adaptive,0.0982,0.0,1,0.0,0,0,1,0
677wx8idvsmc1.webp,2,1,0,0,0.992,adaptive,0.0491,0.0,2,0.0057,1,0,0,0
677wx8idvsmc1.webp,2,2,0,0,0.992,adaptive,0.0002,0.0,0,0.0,0,0,0,0
677wx8idvsmc1.webp,2,3,9,9,1.0,adaptive,0.1309,0.1309,2,0.0975,0,0,0,0
677wx8idvsmc1.webp,2,4,0,0,0.992,adaptive,0.0823,0.0,1,0.0,0,1,0,0
677wx8idvsmc1.webp,2,5,0,0,0.992,adaptive,0.0018,0.0,0,0.0,0,0,0,0
677wx8idvsmc1.webp,2,6,0,0,0.992,adaptive,0.0016,0.0,0,0.0,0,0,0,0
677wx8idvsmc1.webp,2,7,3,3,0.9999,adaptive,0.1997,0.1113,2,0.1113,0,1,0,0
677wx8idvsmc1.webp,2,8,0,0,0.992,adaptive,0.0,0.0,0,0.0,0,0,0,0
677wx8idvsmc1.webp,2,9,0,0,0.992,adaptive,0.0502,0.0,1,0.0,0,1,0,0
677wx8idvsmc1.webp,3,1,0,0,0.992,adaptive,0.0439,0.0,1,0.0,0,1,0,0
677wx8idvsmc1.webp,3,2,0,0,0.992,adaptive,0.0323,0.0,0,0.0,0,0,0,0
677wx8idvsmc1.webp,3,3,0,0,0.992,adaptive,0.0463,0.0,0,0.0,0,0,0,0
677wx8idvsmc1.webp,3,4,0,0,0.992,adaptive,0.1221,0.0,3,0.0,2,1,0,0
677wx8idvsmc1.webp,3,5,0,0,0.992,adaptive,0.0597,0.0,1,0.0,0,1,0,0
677wx8idvsmc1.webp,3,6,0,0,0.9834,adaptive,0.076,0.0316,1,0.0316,0,0,0,0
677wx8idvsmc1.webp,3,7,1,1,1.0,adaptive,0.2007,0.0586,2,0.0586,0,0,1,0
677wx8idvsmc1.webp,3,8,0,0,0.992,adaptive,0.0812,0.0,1,0.0,0,1,0,0
677wx8idvsmc1.webp,3,9,0,0,0.992,adaptive,0.1163,0.0,2,0.0,1,1,0,0
677wx8idvsmc1.webp,4,1,1,1,1.0,adaptive,0.1497,0.0639,2,0.0639,0,1,0,0
677wx8idvsmc1.webp,4,2,0,0,0.992,adaptive,0.0468,0.0,0,0.0,0,0,0,0
677wx8idvsmc1.webp,4,3,7,7,1.0,adaptive,0.0757,0.0568,2,0.0321,0,0,0,0
677wx8idvsmc1.webp,4,4,0,0,0.992,adaptive,0.0869,0.0,1,0.0,0,1,0,0
677wx8idvsmc1.webp,4,5,0,0,0.992,adaptive,0.0,0.0,0,0.0,0,0,0,0
677wx8idvsmc1.webp,4,6,0,0,0.992,adaptive,0.0007,0.0,1,0.0,1,0,0,0
677wx8idvsmc1.webp,4,7,9,9,1.0,adaptive,0.213,0.1203,3,0.0891,0,1,0,0
677wx8idvsmc1.webp,4,8,0,0,0.992,adaptive,0.0,0.0,0,0.0,0,0,0,0
677wx8idvsmc1.webp,4,9,0,0,0.992,adaptive,0.0501,0.0,0,0.0,0,0,0,0
677wx8idvsmc1.webp,5,1,9,9,1.0,adaptive,0.1735,0.1131,3,0.0832,0,1,0,0
677wx8idvsmc1.webp,5,2,0,0,0.992,adaptive,0.0,0.0,0,0.0,0,0,0,0
677wx8idvsmc1.webp,5,3,0,0,0.992,adaptive,0.0,0.0,0,0.0,0,0,0,0
677wx8idvsmc1.webp,5,4,2,2,1.0,adaptive,0.1814,0.1056,2,0.1056,0,1,0,0
677wx8idvsmc1.webp,5,5,6,6,0.9999,adaptive,0.1322,0.1276,2,0.0948,0,0,0,0
677wx8idvsmc1.webp,5,6,0,0,0.992,adaptive,0.0,0.0,0,0.0,0,0,0,0
677wx8idvsmc1.webp,5,7,7,7,0.9999,adaptive,0.1361,0.045,4,0.0251,1,1,0,0
677wx8idvsmc1.webp,5,8,0,0,0.992,adaptive,0.0,0.0,0,0.0,0,0,0,0
677wx8idvsmc1.webp,5,9,0,0,0.992,adaptive,0.0445,0.0,0,0.0,0,0,0,0
677wx8idvsmc1.webp,6,1,0,0,0.992,adaptive,0.0991,0.0,2,0.0,1,1,0,0
677wx8idvsmc1.webp,6,2,0,0,0.992,adaptive,0.0733,0.0,1,0.0,0,1,0,0
677wx8idvsmc1.webp,6,3,0,0,0.9711,adaptive,0.0842,0.0325,2,0.0325,1,0,0,0
677wx8idvsmc1.webp,6,4,7,7,1.0,adaptive,0.2372,0.1419,4,0.0717,1,0,0,1
677wx8idvsmc1.webp,6,5,9,9,0.9617,adaptive,0.1902,0.1318,7,0.0391,2,1,0,0
677wx8idvsmc1.webp,6,6,0,0,0.9771,adaptive,0.0851,0.0639,4,0.033,2,0,0,0
677wx8idvsmc1.webp,6,7,8,8,0.9998,adaptive,0.2655,0.1272,5,0.0477,0,0,1,1
677wx8idvsmc1.webp,6,8,0,0,0.992,adaptive,0.0941,0.0,2,0.0,0,2,0,0
677wx8idvsmc1.webp,6,9,0,0,0.992,adaptive,0.1477,0.0,3,0.008,0,2,0,0
677wx8idvsmc1.webp,7,1,7,7,1.0,adaptive,0.1214,0.0615,4,0.035,1,1,0,0
677wx8idvsmc1.webp,7,2,2,2,1.0,adaptive,0.1092,0.1085,1,0.1085,0,0,0,0
677wx8idvsmc1.webp,7,3,0,0,0.992,adaptive,0.0,0.0,0,0.0,0,0,0,0
677wx8idvsmc1.webp,7,4,4,4,1.0,adaptive,0.1762,0.1147,6,0.063,2,1,0,0
677wx8idvsmc1.webp,7,5,0,0,0.992,adaptive,0.0,0.0,0,0.0,0,0,0,0
677wx8idvsmc1.webp,7,6,0,0,0.992,adaptive,0.0004,0.0,0,0.0,0,0,0,0
677wx8idvsmc1.webp,7,7,6,5,0.5165,adaptive,0.1784,0.1123,4,0.0512,0,0,0,0
677wx8idvsmc1.webp,7,8,9,5,0.7723,adaptive,0.1205,0.0814,4,0.0323,0,0,0,0
677wx8idvsmc1.webp,7,9,5,8,0.5938,adaptive,0.141,0.0682,4,0.0682,3,0,0,0
677wx8idvsmc1.webp,8,1,3,3,1.0,adaptive,0.1802,0.1205,2,0.1205,0,1,0,0
677wx8idvsmc1.webp,8,2,9,9,0.9998,adaptive,0.1162,0.1148,2,0.0849,0,0,0,0
677wx8idvsmc1.webp,8,3,0,0,0.992,adaptive,0.0,0.0,0,0.0,0,0,0,0
677wx8idvsmc1.webp,8,4,0,0,0.9214,adaptive,0.0884,0.0312,3,0.0312,1,1,0,0
677wx8idvsmc1.webp,8,5,0,0,0.992,adaptive,0.0347,0.0,2,0.0,1,1,0,0
677wx8idvsmc1.webp,8,6,0,0,0.992,adaptive,0.031,0.0,3,0.0057,2,0,0,0
677wx8idvsmc1.webp,8,7,0,0,0.9,adaptive,0.0877,0.0348,2,0.0249,0,0,0,0
677wx8idvsmc1.webp,8,8,8,8,0.3387,adaptive,0.1359,0.0904,3,0.0418,0,0,0,0
677wx8idvsmc1.webp,8,9,1,2,0.4675,adaptive,0.0694,0.0409,5,0.0194,1,0,0,1
677wx8idvsmc1.webp,9,1,0,0,0.992,adaptive,0.1305,0.0,1,0.0,0,0,1,0
677wx8idvsmc1.webp,9,2,0,0,0.9607,adaptive,0.0758,0.0346,1,0.0346,0,0,0,0
677wx8idvsmc1.webp,9,3,0,0,0.9687,adaptive,0.074,0.0327,3,0.0327,1,1,0,0
677wx8idvsmc1.webp,9,4,0,0,0.992,adaptive,0.1372,0.0,3,0.0,0,2,1,0
677wx8idvsmc1.webp,9,5,0,0,0.992,adaptive,0.0629,0.0,2,0.0,0,2,0,0
677wx8idvsmc1.webp,9,6,9,5,0.9818,adaptive,0.196,0.0849,4,0.0691,0,1,1,0
677wx8idvsmc1.webp,9,7,0,0,0.992,adaptive,0.1178,0.0,3,0.0,1,1,1,0
677wx8idvsmc1.webp,9,8,7,7,0.3126,adaptive,0.1097,0.0258,4,0.0147,0,2,0,0
677wx8idvsmc1.webp,9,9,3,5,0.5581,adaptive,0.1611,0.0584,8,0.0267,3,2,0,0
6e0o3wuvlboc1.webp,1,2,5,5,1.0,adaptive,0.275,0.1753,1,0.1753,0,0,0,0
6e0o3wuvlboc1.webp,1,3,1,1,0.9715,adaptive,0.2176,0.1049,1,0.1049,0,0,0,0
6e0o3wuvlboc1.webp,1,4,7,7,1.0,adaptive,0.231,0.1192,1,0.1192,0,0,0,0
6e0o3wuvlboc1.webp,1,5,8,8,1.0,adaptive,0.2865,0.187,1,0.187,0,0,0,0
6e0o3wuvlboc1.webp,1,8,6,6,1.0,adaptive,0.2858,0.1857,1,0.1857,0,0,0,0
6e0o3wuvlboc1.webp,2,2,8,8,1.0,adaptive,0.2909,0.1903,1,0.1903,0,0,0,0
6e0o3wuvlboc1.webp,2,3,2,2,1.0,adaptive,0.2775,0.1646,1,0.1646,0,0,0,0
6e0o3wuvlboc1.webp,2,4,5,5,1.0,adaptive,0.2858,0.175,1,0.175,0,0,0,0
6e0o3wuvlboc1.webp,2,5,4,4,1.0,adaptive,0.2603,0.1609,1,0.1609,0,0,0,0
6e0o3wuvlboc1.webp,2,8,1,1,0.9961,adaptive,0.2124,0.112,1,0.112,0,0,0,0
6e0o3wuvlboc1.webp,2,9,7,7,1.0,adaptive,0.2365,0.1235,1,0.1235,0,0,0,0
6e0o3wuvlboc1.webp,3,1,7,7,1.0,adaptive,0.2448,0.119,1,0.119,0,0,0,0
6e0o3wuvlboc1.webp,3,2,9,9,1.0,adaptive,0.2992,0.1863,1,0.1863,0,0,0,0
6e0o3wuvlboc1.webp,3,4,1,1,0.9982,adaptive,0.2341,0.1094,1,0.1094,0,0,0,0
6e0o3wuvlboc1.webp,3,5,3,3,1.0,adaptive,0.2684,0.1556,1,0.1556,0,0,0,0
6e0o3wuvlboc1.webp,4,2,6,6,1.0,adaptive,0.2861,0.1859,1,0.1859,0,0,0,0
6e0o3wuvlboc1.webp,4,3,9,9,1.0,adaptive,0.2958,0.1833,1,0.1833,0,0,0,0
6e0o3wuvlboc1.webp,4,6,3,3,1.0,adaptive,0.2758,0.1537,1,0.1537,0,0,0,0
6e0o3wuvlboc1.webp,4,9,1,1,0.9955,adaptive,0.2237,0.11,1,0.11,0,0,0,0
6e0o3wuvlboc1.webp,5,1,8,8,0.9999,adaptive,0.2985,0.1872,1,0.1872,0,0,0,0
6e0o3wuvlboc1.webp,5,4,9,9,1.0,adaptive,0.2969,0.1866,1,0.1866,0,0,0,0
6e0o3wuvlboc1.webp,5,5,1,1,0.9981,adaptive,0.2082,0.109,1,0.109,0,0,0,0
6e0o3wuvlboc1.webp,5,6,5,5,1.0,adaptive,0.277,0.173,1,0.173,0,0,0,0
6e0o3wuvlboc1.webp,5,7,6,6,1.0,adaptive,0.2867,0.187,1,0.187,0,0,0,0
6e0o3wuvlboc1.webp,5,8,2,2,1.0,adaptive,0.2686,0.1701,1,0.1701,0,0,0,0
6e0o3wuvlboc1.webp,5,9,4,4,1.0,adaptive,0.2689,0.1572,1,0.1572,0,0,0,0
6e0o3wuvlboc1.webp,6,1,1,1,0.9977,adaptive,0.2337,0.1074,1,0.1074,0,0,0,0
6e0o3wuvlboc1.webp,6,4,6,6,0.9999,adaptive,0.3067,0.182,1,0.182,0,0,0,0
6e0o3wuvlboc1.webp,6,8,9,9,0.9999,adaptive,0.2929,0.1839,1,0.1839,0,0,0,0
6e0o3wuvlboc1.webp,6,9,3,3,1.0,adaptive,0.2651,0.1508,1,0.1508,0,0,0,0
6e0o3wuvlboc1.webp,7,5,9,9,0.9999,adaptive,0.2711,0.1857,1,0.1857,0,0,0,0
6e0o3wuvlboc1.webp,7,6,7,7,0.9998,adaptive,0.2027,0.1165,1,0.1165,0,0,0,0
6e0o3wuvlboc1.webp,7,7,1,1,0.9973,adaptive,0.1985,0.1112,1,0.1112,0,0,0,0
6e0o3wuvlboc1.webp,8,1,9,9,0.9996,adaptive,0.2906,0.1834,1,0.1834,0,0,0,0
6e0o3wuvlboc1.webp,8,5,6,6,0.9999,adaptive,0.275,0.1846,1,0.1846,0,0,0,0
6e0o3wuvlboc1.webp,8,6,1,1,0.9836,adaptive,0.1949,0.1047,1,0.1047,0,0,0,0
6e0o3wuvlboc1.webp,8,7,2,2,1.0,adaptive,0.2664,0.1624,1,0.1624,0,0,0,0
6e0o3wuvlboc1.webp,8,8,3,3,1.0,adaptive,0.2433,0.1517,1,0.1517,0,0,0,0
6e0o3wuvlboc1.webp,9,2,1,1,0.9643,adaptive,0.2252,0.1052,2,0.1052,0,1,0,0
6e0o3wuvlboc1.webp,9,5,5,5,1.0,adaptive,0.2849,0.1567,2,0.1567,0,1,0,0
6e0o3wuvlboc1.webp,9,8,7,7,0.9983,adaptive,0.2363,0.1027,2,0.1027,0,1,0,0
6ewz4o68rcsc1.webp,1,3,7,7,1.0,adaptive,0.1697,0.0588,1,0.0588,0,0,0,0
6ewz4o68rcsc1.webp,1,5,8,8,1.0,adaptive,0.192,0.0938,1,0.0938,0,0,0,0
6ewz4o68rcsc1.webp,1,6,9,9,1.0,adaptive,0.1927,0.0864,1,0.0864,0,0,0,0
6ewz4o68rcsc1.webp,1,9,1,1,1.0,adaptive,0.1856,0.0577,1,0.0577,0,0,0,0
6ewz4o68rcsc1.webp,2,5,3,3,1.0,adaptive,0.1674,0.0808,1,0.0808,0,0,0,0
6ewz4o68rcsc1.webp,2,6,4,4,1.0,adaptive,0.1511,0.0744,1,0.0744,0,0,0,0
6ewz4o68rcsc1.webp,2,9,7,7,1.0,adaptive,0.1499,0.064,1,0.064,0,0,0,0
6ewz4o68rcsc1.webp,3,4,2,2,1.0,adaptive,0.1749,0.0804,1,0.0804,0,0,0,0
6ewz4o68rcsc1.webp,3,5,7,7,1.0,adaptive,0.1538,0.0615,1,0.0615,0,0,0,0
6ewz4o68rcsc1.webp,3,6,1,1,1.0,adaptive,0.1711,0.0584,1,0.0584,0,0,0,0
6ewz4o68rcsc1.webp,3,7,6,6,1.0,adaptive,0.198,0.0862,1,0.0862,0,0,0,0
6ewz4o68rcsc1.webp,3,8,9,9,1.0,adaptive,0.1884,0.09,1,0.09,0,0,0,0
6ewz4o68rcsc1.webp,4,2,2,2,1.0,adaptive,0.1682,0.0816,1,0.0816,0,0,0,0
6ewz4o68rcsc1.webp,4,5,6,6,1.0,adaptive,0.1854,0.0882,1,0.0882,0,0,0,0
6ewz4o68rcsc1.webp,4,7,4,4,1.0,adaptive,0.1751,0.0753,1,0.0753,0,0,0,0
6ewz4o68rcsc1.webp,5,3,5,5,1.0,adaptive,0.1814,0.0857,1,0.0857,0,0,0,0
6ewz4o68rcsc1.webp,5,8,6,6,0.9999,adaptive,0.1605,0.0911,1,0.0911,0,0,0,0
6ewz4o68rcsc1.webp,6,1,7,7,1.0,adaptive,0.1809,0.0626,1,0.0626,0,0,0,0
6ewz4o68rcsc1.webp,6,2,6,6,0.9999,adaptive,0.1893,0.0891,1,0.0891,0,0,0,0
6ewz4o68rcsc1.webp,6,3,4,4,1.0,adaptive,0.1711,0.0722,1,0.0722,0,0,0,0
6ewz4o68rcsc1.webp,6,5,5,5,1.0,adaptive,0.1732,0.0868,1,0.0868,0,0,0,0
6ewz4o68rcsc1.webp,6,6,3,3,1.0,adaptive,0.1793,0.0806,1,0.0806,0,0,0,0
6ewz4o68rcsc1.webp,7,1,9,9,1.0,adaptive,0.2125,0.0884,1,0.0884,0,0,0,0
6ewz4o68rcsc1.webp,7,4,3,3,1.0,adaptive,0.1811,0.0804,1,0.0804,0,0,0,0
6ewz4o68rcsc1.webp,7,6,5,5,1.0,adaptive,0.1947,0.0842,1,0.0842,0,0,0,0
6ewz4o68rcsc1.webp,8,1,5,5,1.0,adaptive,0.1848,0.0839,1,0.0839,0,0,0,0
6ewz4o68rcsc1.webp,8,2,7,7,1.0,adaptive,0.1253,0.0657,1,0.0657,0,0,0,0
6ewz4o68rcsc1.webp,8,6,6,6,0.9999,adaptive,0.1888,0.0898,1,0.0898,0,0,0,0
6ewz4o68rcsc1.webp,8,8,8,8,1.0,adaptive,0.1579,0.0964,1,0.0964,0,0,0,0
6ewz4o68rcsc1.webp,8,9,3,3,1.0,adaptive,0.1816,0.0803,1,0.0803,0,0,0,0
6ewz4o68rcsc1.webp,9,7,5,5,1.0,adaptive,0.196,0.0851,1,0.0851,0,0,0,0
6r6emgcjxddc1.webp,1,3,9,9,1.0,adaptive,0.2067,0.1198,2,0.1198,1,0,0,0
6r6emgcjxddc1.webp,1,4,7,7,1.0,adaptive,0.182,0.08,1,0.08,0,0,0,0
6r6emgcjxddc1.webp,1,5,4,4,0.8157,adaptive,0.168,0.0536,6,0.0536,5,0,0,0
6r6emgcjxddc1.webp,1,6,6,6,0.8892,adaptive,0.1896,0.0706,4,0.0706,3,0,0,0
6r6emgcjxddc1.webp,1,7,8,8,1.0,adaptive,0.1978,0.082,2,0.082,1,0,0,0
6r6emgcjxddc1.webp,1,8,5,5,1.0,adaptive,0.1974,0.1108,1,0.1108,0,0,0,0
6r6emgcjxddc1.webp,1,9,2,2,0.9953,adaptive,0.178,0.0751,6,0.0697,4,0,0,0
6r6emgcjxddc1.webp,2,4,8,8,0.9967,adaptive,0.1832,0.0726,5,0.0583,3,0,0,0
6r6emgcjxddc1.webp,2,5,5,5,0.9996,adaptive,0.1779,0.0645,8,0.0583,6,0,0,0
6r6emgcjxddc1.webp,2,6,1,1,0.9833,adaptive,0.1685,0.0674,1,0.0674,0,0,0,0
6r6emgcjxddc1.webp,2,7,3,3,1.0,adaptive,0.2191,0.1065,1,0.1065,0,0,0,0
6r6emgcjxddc1.webp,2,8,9,9,0.9996,adaptive,0.1393,0.0581,1,0.0581,0,0,0,0
6r6emgcjxddc1.webp,2,9,6,6,0.9977,adaptive,0.1563,0.0681,1,0.0681,0,0,0,0
6r6emgcjxddc1.webp,3,1,5,5,1.0,adaptive,0.2007,0.1034,2,0.1034,0,1,0,0
6r6emgcjxddc1.webp,3,2,6,6,0.9998,adaptive,0.2053,0.1115,3,0.1115,2,0,0,0
6r6emgcjxddc1.webp,3,3,8,8,0.9951,adaptive,0.1787,0.0793,8,0.0793,7,0,0,0
6r6emgcjxddc1.webp,3,4,9,9,1.0,adaptive,0.2085,0.1138,2,0.1138,0,1,0,0
6r6emgcjxddc1.webp,3,5,3,3,1.0,adaptive,0.1447,0.0642,2,0.0642,0,1,0,0
6r6emgcjxddc1.webp,3,6,2,2,0.9998,adaptive,0.1769,0.0697,3,0.0697,1,1,0,0
6r6emgcjxddc1.webp,3,9,4,4,0.9999,adaptive,0.1934,0.0956,1,0.0956,0,0,0,0
6r6emgcjxddc1.webp,4,2,8,8,1.0,adaptive,0.237,0.1124,1,0.1124,0,0,0,0
6r6emgcjxddc1.webp,4,5,2,2,0.9998,adaptive,0.1922,0.0721,6,0.0721,5,0,0,0
6r6emgcjxddc1.webp,4,7,5,5,1.0,adaptive,0.2208,0.1027,3,0.1027,2,0,0,0
6r6emgcjxddc1.webp,4,8,4,4,1.0,adaptive,0.1943,0.0914,1,0.0914,0,0,0,0
6r6emgcjxddc1.webp,4,9,3,3,1.0,adaptive,0.176,0.0688,1,0.0688,0,0,0,0
6r6emgcjxddc1.webp,5,1,2,2,1.0,adaptive,0.192,0.1058,1,0.1058,0,0,0,0
6r6emgcjxddc1.webp,5,3,5,5,1.0,adaptive,0.1791,0.0796,1,0.0796,0,0,0,0
6r6emgcjxddc1.webp,5,4,4,4,1.0,adaptive,0.1875,0.0914,1,0.0914,0,0,0,0
6r6emgcjxddc1.webp,5,5,8,8,0.9998,adaptive,0.1731,0.0742,1,0.0742,0,0,0,0
6r6emgcjxddc1.webp,5,6,3,3,1.0,adaptive,0.2169,0.1054,1,0.1054,0,0,0,0
6r6emgcjxddc1.webp,5,7,6,6,0.9992,adaptive,0.1983,0.0674,8,0.0545,5,0,0,0
6r6emgcjxddc1.webp,5,9,9,9,1.0,adaptive,0.2277,0.1156,2,0.1156,1,0,0,0
6r6emgcjxddc1.webp,6,2,4,4,1.0,adaptive,0.1924,0.0984,1,0.0984,0,0,0,0
6r6emgcjxddc1.webp,6,3,3,3,1.0,adaptive,0.1978,0.1096,1,0.1096,0,0,0,0
6r6emgcjxddc1.webp,6,4,5,5,0.9976,adaptive,0.1876,0.0873,6,0.0793,4,0,0,0
6r6emgcjxddc1.webp,6,7,2,2,0.9997,adaptive,0.1976,0.0702,11,0.0526,9,0,0,0
6r6emgcjxddc1.webp,6,8,8,8,1.0,adaptive,0.2232,0.1255,2,0.1255,1,0,0,0
6r6emgcjxddc1.webp,7,1,8,8,1.0,adaptive,0.2005,0.1225,1,0.1225,0,0,0,0
6r6emgcjxddc1.webp,7,6,4,4,0.9999,adaptive,0.2014,0.0945,2,0.0945,1,0,0,0
6r6emgcjxddc1.webp,7,8,6,6,1.0,adaptive,0.2261,0.1219,1,0.1219,0,0,0,0
6r6emgcjxddc1.webp,7,9,5,5,1.0,adaptive,0.2219,0.1114,1,0.1114,0,0,0,0
6r6emgcjxddc1.webp,8,3,7,7,1.0,adaptive,0.1705,0.0834,1,0.0834,0,0,0,0
6r6emgcjxddc1.webp,8,4,2,2,1.0,adaptive,0.209,0.1085,1,0.1085,0,0,0,0
6r6emgcjxddc1.webp,8,6,5,5,1.0,adaptive,0.1789,0.071,1,0.071,0,0,0,0
6r6emgcjxddc1.webp,8,7,4,4,0.997,adaptive,0.1728,0.0728,1,0.0728,0,0,0,0
6r6emgcjxddc1.webp,8,8,3,3,0.9998,adaptive,0.1566,0.0696,6,0.0696,5,0,0,0
6r6emgcjxddc1.webp,8,9,8,8,0.9999,adaptive,0.1626,0.0746,1,0.0746,0,0,0,0
6r6emgcjxddc1.webp,9,2,5,5,1.0,adaptive,0.1947,0.1115,2,0.1115,1,0,0,0
6r6emgcjxddc1.webp,9,6,8,8,1.0,adaptive,0.2323,0.1236,1,0.1236,0,0,0,0
6r6emgcjxddc1.webp,9,7,9,9,0.9999,adaptive,0.2364,0.1185,5,0.1185,4,0,0,0
6r6emgcjxddc1.webp,9,8,2,2,1.0,adaptive,0.1592,0.0651,6,0.0651,5,0,0,0
7c599uqa9iec1.webp,1,1,8,6,0.8218,adaptive,0.1546,0.0847,2,0.0847,1,0,0,0
7c599uqa9iec1.webp,1,2,3,0,0.992,adaptive,0.0577,0.0,4,0.0054,2,1,0,0
7c599uqa9iec1.webp,1,3,9,0,0.9266,adaptive,0.1352,0.0281,3,0.0281,1,0,1,0
7c599uqa9iec1.webp,1,4,7,0,0.992,adaptive,0.0675,0.0,6,0.0058,2,1,0,0
7c599uqa9iec1.webp,1,5,6,0,0.7393,adaptive,0.083,0.0461,2,0.0384,0,0,0,0
7c599uqa9iec1.webp,1,6,1,1,0.3171,adaptive,0.0537,0.0134,4,0.0134,2,1,0,0
7c599uqa9iec1.webp,1,7,4,7,0.9683,adaptive,0.0399,0.0194,2,0.014,0,0,0,0
7c599uqa9iec1.webp,1,8,5,1,0.4384,adaptive,0.0572,0.0425,3,0.0217,1,0,0,0
7c599uqa9iec1.webp,1,9,2,7,0.6991,adaptive,0.0726,0.0341,7,0.0234,5,0,0,0
7c599uqa9iec1.webp,2,1,2,0,0.992,adaptive,0.1407,0.0,2,0.0,1,1,0,0
7c599uqa9iec1.webp,2,2,6,0,0.992,adaptive,0.087,0.0,3,0.0,0,3,0,0
7c599uqa9iec1.webp,2,3,4,7,0.6812,adaptive,0.149,0.0896,2,0.0624,0,0,0,0
7c599uqa9iec1.webp,2,4,9,0,0.992,adaptive,0.0837,0.0,5,0.0066,2,2,0,0
7c599uqa9iec1.webp,2,5,8,7,0.604,adaptive,0.1671,0.0888,2,0.0705,0,0,0,1
7c599uqa9iec1.webp,2,6,5,4,0.915,adaptive,0.085,0.038,8,0.0188,3,1,0,1
7c599uqa9iec1.webp,2,7,7,9,0.6384,adaptive,0.1506,0.111,2,0.1033,0,0,0,0
7c599uqa9iec1.webp,2,8,3,0,0.992,adaptive,0.0854,0.0,7,0.0078,3,2,0,0
7c599uqa9iec1.webp,2,9,1,5,0.9909,adaptive,0.1239,0.0902,2,0.0798,0,0,0,0
7c599uqa9iec1.webp,3,3,1,2,0.5791,adaptive,0.1568,0.1007,5,0.0439,2,0,0,0
7c599uqa9iec1.webp,3,4,2,1,0.3235,adaptive,0.0909,0.037,5,0.018,1,1,0,1
7c599uqa9iec1.webp,3,5,4,5,0.9124,adaptive,0.163,0.1063,2,0.0706,0,0,0,0
7c599uqa9iec1.webp,3,6,3,0,0.992,adaptive,0.0791,0.0,5,0.0082,0,3,0,0
7c599uqa9iec1.webp,3,7,6,2,0.4977,adaptive,0.1989,0.1383,4,0.0724,0,0,0,0
7c599uqa9iec1.webp,3,8,9,0,0.992,adaptive,0.0744,0.0,9,0.0075,5,3,0,0
7c599uqa9iec1.webp,3,9,8,5,0.8664,adaptive,0.2163,0.1693,3,0.0766,0,0,0,1
7c599uqa9iec1.webp,4,1,3,7,0.5957,adaptive,0.0448,0.0194,6,0.0136,4,0,0,0
7c599uqa9iec1.webp,4,2,1,0,0.992,adaptive,0.0124,0.0,1,0.0,1,0,0,0
7c599uqa9iec1.webp,4,3,2,5,0.7451,adaptive,0.1419,0.1016,11,0.0577,6,0,0,1
7c599uqa9iec1.webp,4,4,6,0,0.992,adaptive,0.0394,0.0,3,0.0085,2,0,0,0
7c599uqa9iec1.webp,4,5,7,0,0.2602,adaptive,0.05,0.0145,5,0.0145,4,0,0,0
7c599uqa9iec1.webp,4,6,9,0,0.3188,adaptive,0.0824,0.0321,9,0.0134,6,0,0,0
7c599uqa9iec1.webp,4,7,8,0,0.992,adaptive,0.014,0.0,0,0.0,0,0,0,0
7c599uqa9iec1.webp,4,8,4,4,0.5654,adaptive,0.0959,0.0403,7,0.0194,3,1,0,0
7c599uqa9iec1.webp,4,9,5,5,0.8288,adaptive,0.1288,0.0907,4,0.063,1,0,0,1
7c599uqa9iec1.webp,5,3,5,3,0.3114,adaptive,0.0697,0.0369,9,0.0113,5,0,0,0
7c599uqa9iec1.webp,5,4,4,0,0.992,adaptive,0.0,0.0,0,0.0,0,0,0,0
7c599uqa9iec1.webp,5,5,3,0,0.992,adaptive,0.0416,0.0,8,0.0057,7,0,0,0
7c599uqa9iec1.webp,5,6,8,0,0.992,adaptive,0.0,0.0,0,0.0,0,0,0,0
7c599uqa9iec1.webp,5,7,2,0,0.257,adaptive,0.0733,0.054,8,0.0179,3,0,0,1
7c599uqa9iec1.webp,5,8,1,0,0.992,adaptive,0.0234,0.0,1,0.0,1,0,0,0
7c599uqa9iec1.webp,5,9,6,5,0.5744,adaptive,0.1531,0.111,12,0.059,5,0,0,1
7c599uqa9iec1.webp,6,1,6,7,0.8684,adaptive,0.0706,0.055,1,0.055,0,0,0,0
7c599uqa9iec1.webp,6,2,4,4,0.5758,adaptive,0.0959,0.0495,7,0.0183,2,1,0,0
7c599uqa9iec1.webp,6,3,8,0,0.992,adaptive,0.0241,0.0,1,0.0,1,0,0,0
7c599uqa9iec1.webp,6,4,5,2,0.7894,adaptive,0.0864,0.0417,6,0.0167,3,0,0,0
7c599uqa9iec1.webp,6,5,1,2,0.5721,adaptive,0.0473,0.0127,3,0.0127,2,0,0,0
7c599uqa9iec1.webp,6,6,2,0,0.992,adaptive,0.0421,0.0,3,0.0096,2,0,0,0
7c599uqa9iec1.webp,6,7,3,0,0.992,adaptive,0.0695,0.0,10,0.0098,7,0,0,0
7c599uqa9iec1.webp,6,8,7,0,0.992,adaptive,0.012,0.0,1,0.0,1,0,0,0
7c599uqa9iec1.webp,6,9,9,0,0.992,adaptive,0.0446,0.0,8,0.0096,7,0,0,0
7c599uqa9iec1.webp,7,1,4,3,0.6794,adaptive,0.2203,0.1726,3,0.0615,0,0,0,0
7c599uqa9iec1.webp,7,3,6,7,0.9825,adaptive,0.1711,0.1361,2,0.0775,0,0,0,1
7c599uqa9iec1.webp,7,4,8,0,0.7595,adaptive,0.0893,0.0194,6,0.012,1,3,0,0
7c599uqa9iec1.webp,7,5,9,9,0.9894,adaptive,0.1689,0.1183,2,0.0832,0,0,0,0
7c599uqa9iec1.webp,7,6,7,7,0.4689,adaptive,0.0904,0.0646,6,0.0216,1,0,0,0
7c599uqa9iec1.webp,7,7,1,9,0.7506,adaptive,0.0697,0.0421,1,0.0421,0,0,0,0
7c599uqa9iec1.webp,7,8,2,7,0.7845,adaptive,0.0782,0.0475,4,0.0231,1,0,0,0
7c599uqa9iec1.webp,7,9,3,0,0.2913,adaptive,0.0492,0.0178,3,0.0178,2,0,0,0
7c599uqa9iec1.webp,8,1,1,7,0.7105,adaptive,0.116,0.0819,2,0.0755,0,0,0,0
7c599uqa9iec1.webp,8,3,7,5,0.3627,adaptive,0.135,0.1149,1,0.1149,0,0,0,0
7c599uqa9iec1.webp,8,4,3,4,0.5811,adaptive,0.078,0.0436,9,0.0179,3,1,0,1
7c599uqa9iec1.webp,8,6,6,0,0.992,adaptive,0.0755,0.0,7,0.0075,3,2,0,0
7c599uqa9iec1.webp,8,8,8,0,0.992,adaptive,0.0856,0.0,9,0.009,6,2,0,0
7c599uqa9iec1.webp,8,9,4,7,0.7452,adaptive,0.1931,0.133,1,0.133,0,0,0,0
7c599uqa9iec1.webp,9,2,8,1,0.3718,adaptive,0.0531,0.0353,4,0.0163,1,0,0,0
7c599uqa9iec1.webp,9,3,3,9,0.9894,adaptive,0.1644,0.1263,5,0.0724,1,0,0,0
7c599uqa9iec1.webp,9,4,1,0,0.992,adaptive,0.0581,0.0,5,0.0053,2,2,0,0
7c599uqa9iec1.webp,9,6,4,0,0.4057,adaptive,0.0622,0.0223,9,0.0131,7,0,0,0
7c599uqa9iec1.webp,9,8,6,2,0.3284,adaptive,0.1054,0.0294,6,0.0226,3,1,0,0
7c599uqa9iec1.webp,9,9,7,1,0.8417,adaptive,0.1845,0.1069,3,0.0577,1,0,0,1
7vkqbnbij5nc1.webp,1,1,5,5,1.0,adaptive,0.2593,0.1481,3,0.1481,0,2,0,0
7vkqbnbij5nc1.webp,1,3,7,7,1.0,adaptive,0.1873,0.1132,2,0.1132,0,0,1,0
7vkqbnbij5nc1.webp,2,1,9,9,1.0,adaptive,0.1988,0.1524,3,0.1104,0,1,0,0
7vkqbnbij5nc1.webp,2,3,6,6,0.9996,adaptive,0.1228,0.1205,3,0.0859,1,0,0,0
7vkqbnbij5nc1.webp,2,4,8,8,1.0,adaptive,0.254,0.1766,4,0.1061,0,1,0,1
7vkqbnbij5nc1.webp,2,7,7,7,1.0,adaptive,0.1619,0.09,3,0.05,0,1,0,0
7vkqbnbij5nc1.webp,3,4,7,7,1.0,adaptive,0.2123,0.0927,2,0.0927,0,0,1,0
7vkqbnbij5nc1.webp,3,6,6,6,1.0,adaptive,0.237,0.1851,2,0.1464,0,0,0,0
7vkqbnbij5nc1.webp,3,7,9,9,0.9999,adaptive,0.2771,0.1858,4,0.0671,0,0,0,0
7vkqbnbij5nc1.webp,4,1,4,4,1.0,adaptive,0.2401,0.1341,3,0.1025,0,1,0,0
7vkqbnbij5nc1.webp,4,8,7,7,0.9993,adaptive,0.1404,0.088,4,0.088,3,0,0,0
7vkqbnbij5nc1.webp,4,9,5,5,1.0,adaptive,0.2359,0.1386,7,0.1328,5,0,0,0
7vkqbnbij5nc1.webp,5,2,6,6,1.0,adaptive,0.1598,0.1563,2,0.1146,0,0,0,0
7vkqbnbij5nc1.webp,5,4,3,3,0.9995,adaptive,0.2438,0.1434,2,0.1434,0,1,0,0
7vkqbnbij5nc1.webp,6,4,2,2,0.9999,adaptive,0.3101,0.2005,2,0.1357,0,0,0,0
7vkqbnbij5nc1.webp,6,8,9,9,0.9748,adaptive,0.2329,0.1099,5,0.0821,1,2,0,0
7vkqbnbij5nc1.webp,6,9,3,5,0.9255,adaptive,0.2428,0.0789,6,0.0697,2,2,0,0
7vkqbnbij5nc1.webp,7,2,8,8,1.0,adaptive,0.1802,0.1658,3,0.095,0,0,0,1
7vkqbnbij5nc1.webp,7,7,3,5,0.7234,adaptive,0.2408,0.1544,5,0.1014,0,0,0,0
7vkqbnbij5nc1.webp,8,5,7,7,0.8231,adaptive,0.1219,0.0643,4,0.0643,3,0,0,0
7vkqbnbij5nc1.webp,8,6,3,5,0.7457,adaptive,0.1332,0.0929,5,0.0837,3,0,0,0
7vkqbnbij5nc1.webp,8,7,8,8,0.7355,adaptive,0.254,0.1637,7,0.0665,1,0,0,1
7vkqbnbij5nc1.webp,9,5,9,9,0.7113,adaptive,0.2205,0.1445,5,0.1176,1,1,0,1
7vkqbnbij5nc1.webp,9,6,8,8,0.9521,adaptive,0.1898,0.133,6,0.09,1,1,0,1
7vkqbnbij5nc1.webp,9,7,5,5,0.9816,adaptive,0.2159,0.0748,4,0.0379,0,1,1,0
7xzctzycq0qc1.webp,1,1,7,7,1.0,adaptive,0.0595,0.0557,1,0.0557,0,0,0,0
7xzctzycq0qc1.webp,1,3,4,4,1.0,adaptive,0.1034,0.0735,1,0.0735,0,0,0,0
7xzctzycq0qc1.webp,1,4,2,2,1.0,adaptive,0.0813,0.072,1,0.072,0,0,0,0
7xzctzycq0qc1.webp,1,5,1,1,0.9941,adaptive,0.0572,0.0434,1,0.0434,0,0,0,0
7xzctzycq0qc1.webp,1,6,9,9,1.0,adaptive,0.1261,0.0775,1,0.0775,0,0,0,0
7xzctzycq0qc1.webp,1,7,5,5,1.0,adaptive,0.1018,0.0764,1,0.0764,0,0,0,0
7xzctzycq0qc1.webp,1,8,8,8,1.0,adaptive,0.0948,0.0909,1,0.0909,0,0,0,0
7xzctzycq0qc1.webp,2,3,8,8,1.0,adaptive,0.126,0.0918,1,0.0918,0,0,0,0
7xzctzycq0qc1.webp,2,4,7,7,1.0,adaptive,0.0941,0.0554,1,0.0554,0,0,0,0
7xzctzycq0qc1.webp,2,6,4,4,1.0,adaptive,0.1149,0.0751,1,0.0751,0,0,0,0
7xzctzycq0qc1.webp,2,7,1,1,0.9927,adaptive,0.0631,0.0482,1,0.0482,0,0,0,0
7xzctzycq0qc1.webp,2,8,2,2,1.0,adaptive,0.0838,0.0764,1,0.0764,0,0,0,0
7xzctzycq0qc1.webp,3,5,8,8,1.0,adaptive,0.1199,0.09,1,0.09,0,0,0,0
7xzctzycq0qc1.webp,3,6,5,5,1.0,adaptive,0.1337,0.0771,1,0.0771,0,0,0,0
7xzctzycq0qc1.webp,3,8,9,9,1.0,adaptive,0.1185,0.0803,1,0.0803,0,0,0,0
7xzctzycq0qc1.webp,4,2,8,8,1.0,adaptive,0.1343,0.0927,1,0.0927,0,0,0,0
7xzctzycq0qc1.webp,4,3,3,3,1.0,adaptive,0.1223,0.0769,1,0.0769,0,0,0,0
7xzctzycq0qc1.webp,4,4,1,1,0.9968,adaptive,0.1049,0.0486,1,0.0486,0,0,0,0
7xzctzycq0qc1.webp,4,5,9,9,1.0,adaptive,0.1104,0.0803,1,0.0803,0,0,0,0
7xzctzycq0qc1.webp,4,6,7,7,1.0,adaptive,0.1031,0.0555,1,0.0555,0,0,0,0
7xzctzycq0qc1.webp,4,8,4,4,1.0,adaptive,0.1165,0.078,1,0.078,0,0,0,0
7xzctzycq0qc1.webp,4,9,5,5,1.0,adaptive,0.0965,0.0786,1,0.0786,0,0,0,0
7xzctzycq0qc1.webp,5,2,1,1,0.9982,adaptive,0.0661,0.0498,1,0.0498,0,0,0,0
7xzctzycq0qc1.webp,5,5,4,4,1.0,adaptive,0.0925,0.0787,1,0.0787,0,0,0,0
7xzctzycq0qc1.webp,5,8,7,7,1.0,adaptive,0.0753,0.0576,1,0.0576,0,0,0,0
7xzctzycq0qc1.webp,5,9,8,8,1.0,adaptive,0.0911,0.0911,1,0.0911,0,0,0,0
7xzctzycq0qc1.webp,6,1,4,4,1.0,adaptive,0.1145,0.0728,1,0.0728,0,0,0,0
7xzctzycq0qc1.webp,6,4,5,5,1.0,adaptive,0.1334,0.0795,1,0.0795,0,0,0,0
7xzctzycq0qc1.webp,6,6,8,8,1.0,adaptive,0.1281,0.09,1,0.09,0,0,0,0
7xzctzycq0qc1.webp,6,7,9,9,1.0,adaptive,0.1366,0.0791,1,0.0791,0,0,0,0
7xzctzycq0qc1.webp,6,8,3,3,1.0,adaptive,0.1074,0.0776,1,0.0776,0,0,0,0
7xzctzycq0qc1.webp,6,9,1,1,0.9973,adaptive,0.0867,0.0425,1,0.0425,0,0,0,0
7xzctzycq0qc1.webp,7,3,6,6,0.9971,adaptive,0.1497,0.0789,1,0.0789,0,0,0,0
7xzctzycq0qc1.webp,7,4,4,4,1.0,adaptive,0.1325,0.0733,1,0.0733,0,0,0,0
7xzctzycq0qc1.webp,7,7,8,8,1.0,adaptive,0.1533,0.0887,1,0.0887,0,0,0,0
7xzctzycq0qc1.webp,7,8,1,1,0.998,adaptive,0.0871,0.0486,1,0.0486,0,0,0,0
7xzctzycq0qc1.webp,8,2,4,4,1.0,adaptive,0.0989,0.0783,1,0.0783,0,0,0,0
7xzctzycq0qc1.webp,8,4,8,8,1.0,adaptive,0.1251,0.0911,1,0.0911,0,0,0,0
7xzctzycq0qc1.webp,8,8,6,6,0.9968,adaptive,0.0973,0.0794,1,0.0794,0,0,0,0
7xzctzycq0qc1.webp,9,1,8,8,1.0,adaptive,0.1421,0.0887,1,0.0887,0,0,0,0
7xzctzycq0qc1.webp,9,4,9,9,1.0,adaptive,0.1395,0.0786,1,0.0786,0,0,0,0
7xzctzycq0qc1.webp,9,8,5,5,1.0,adaptive,0.1099,0.0782,1,0.0782,0,0,0,0
83224jwmt8qc1.jpeg,1,1,0,0,0.992,adaptive,0.1383,0.0,0,0.0,0,0,0,0
83224jwmt8qc1.jpeg,1,2,0,0,0.992,adaptive,0.1015,0.0,0,0.0,0,0,0,0
83224jwmt8qc1.jpeg,1,3,0,0,0.992,adaptive,0.1265,0.0,0,0.0,0,0,0,0
83224jwmt8qc1.jpeg,1,4,0,0,0.992,adaptive,0.1501,0.0,0,0.0,0,0,0,0
83224jwmt8qc1.jpeg,1,5,2,2,1.0,adaptive,0.1992,0.0868,1,0.0868,0,0,0,0
83224jwmt8qc1.jpeg,1,6,0,0,0.992,adaptive,0.1479,0.0,0,0.0,0,0,0,0
83224jwmt8qc1.jpeg,1,7,0,0,0.992,adaptive,0.1386,0.0,0,0.0,0,0,0,0
83224jwmt8qc1.jpeg,1,8,3,3,1.0,adaptive,0.1986,0.0848,1,0.0848,0,0,0,0
83224jwmt8qc1.jpeg,1,9,0,0,0.992,adaptive,0.1363,0.0,0,0.0,0,0,0,0
83224jwmt8qc1.jpeg,2,1,0,0,0.992,adaptive,0.1147,0.0,0,0.0,0,0,0,0
83224jwmt8qc1.jpeg,2,2,0,0,0.992,adaptive,0.0739,0.0,0,0.0,0,0,0,0
83224jwmt8qc1.jpeg,2,3,0,0,0.992,adaptive,0.1004,0.0,0,0.0,0,0,0,0
83224jwmt8qc1.jpeg,2,4,7,7,1.0,adaptive,0.1854,0.0583,1,0.0583,0,0,0,0
83224jwmt8qc1.jpeg,2,5,8,8,1.0,adaptive,0.186,0.0994,1,0.0994,0,0,0,0
83224jwmt8qc1.jpeg,2,6,5,5,1.0,adaptive,0.2112,0.0846,1,0.0846,0,0,0,0
83224jwmt8qc1.jpeg,2,7,4,4,1.0,adaptive,0.1904,0.0762,1,0.0762,0,0,0,0
83224jwmt8qc1.jpeg,2,8,2,2,1.0,adaptive,0.1726,0.0847,1,0.0847,0,0,0,0
83224jwmt8qc1.jpeg,2,9,0,0,0.992,adaptive,0.114,0.0,0,0.0,0,0,0,0
83224jwmt8qc1.jpeg,3,1,0,0,0.992,adaptive,0.1403,0.0,0,0.0,0,0,0,0
83224jwmt8qc1.jpeg,3,2,5,5,1.0,adaptive,0.1893,0.0871,1,0.0871,0,0,0,0
83224jwmt8qc1.jpeg,3,3,0,0,0.992,adaptive,0.1281,0.0,0,0.0,0,0,0,0
83224jwmt8qc1.jpeg,3,4,0,0,0.992,adaptive,0.1519,0.0,0,0.0,0,0,0,0
83224jwmt8qc1.jpeg,3,5,0,0,0.992,adaptive,0.1124,0.0,0,0.0,0,0,0,0
83224jwmt8qc1.jpeg,3,6,4,4,1.0,adaptive,0.2239,0.0742,1,0.0742,0,0,0,0
83224jwmt8qc1.jpeg,3,7,0,0,0.992,adaptive,0.1399,0.0,0,0.0,0,0,0,0
83224jwmt8qc1.jpeg,3,8,0,0,0.992,adaptive,0.1149,0.0,0,0.0,0,0,0,0
83224jwmt8qc1.jpeg,3,9,0,0,0.992,adaptive,0.1392,0.0,0,0.0,0,0,0,0
83224jwmt8qc1.jpeg,4,1,6,6,0.9999,adaptive,0.2462,0.0949,1,0.0949,0,0,0,0
83224jwmt8qc1.jpeg,4,2,1,1,0.9964,adaptive,0.1642,0.0491,1,0.0491,0,0,0,0
83224jwmt8qc1.jpeg,4,3,4,4,1.0,adaptive,0.2105,0.0715,1,0.0715,0,0,0,0
83224jwmt8qc1.jpeg,4,4,0,0,0.992,adaptive,0.1624,0.0,0,0.0,0,0,0,0
83224jwmt8qc1.jpeg,4,5,0,0,0.992,adaptive,0.1242,0.0,0,0.0,0,0,0,0
83224jwmt8qc1.jpeg,4,6,0,0,0.992,adaptive,0.1608,0.0,0,0.0,0,0,0,0
83224jwmt8qc1.jpeg,4,7,0,0,0.992,adaptive,0.1508,0.0,0,0.0,0,0,0,0
83224jwmt8qc1.jpeg,4,8,0,0,0.992,adaptive,0.1273,0.0,0,0.0,0,0,0,0
83224jwmt8qc1.jpeg,4,9,7,7,1.0,adaptive,0.2107,0.061,1,0.061,0,0,0,0
83224jwmt8qc1.jpeg,5,1,0,0,0.992,adaptive,0.1137,0.0,0,0.0,0,0,0,0
83224jwmt8qc1.jpeg,5,2,3,3,1.0,adaptive,0.1589,0.0861,1,0.0861,0,0,0,0
83224jwmt8qc1.jpeg,5,3,0,0,0.992,adaptive,0.0988,0.0,0,0.0,0,0,0,0
83224jwmt8qc1.jpeg,5,4,0,0,0.992,adaptive,0.1253,0.0,0,0.0,0,0,0,0
83224jwmt8qc1.jpeg,5,5,0,0,0.992,adaptive,0.0843,0.0,0,0.0,0,0,0,0
83224jwmt8qc1.jpeg,5,6,0,0,0.992,adaptive,0.1235,0.0,0,0.0,0,0,0,0
83224jwmt8qc1.jpeg,5,7,0,0,0.992,adaptive,0.1124,0.0,0,0.0,0,0,0,0
83224jwmt8qc1.jpeg,5,8,6,6,0.9997,adaptive,0.1823,0.0955,1,0.0955,0,0,0,0
83224jwmt8qc1.jpeg,5,9,0,0,0.992,adaptive,0.1131,0.0,0,0.0,0,0,0,0
83224jwmt8qc1.jpeg,6,1,7,7,1.0,adaptive,0.2125,0.0597,1,0.0597,0,0,0,0
83224jwmt8qc1.jpeg,6,2,0,0,0.992,adaptive,0.1156,0.0,0,0.0,0,0,0,0
83224jwmt8qc1.jpeg,6,3,0,0,0.992,adaptive,0.1408,0.0,0,0.0,0,0,0,0
83224jwmt8qc1.jpeg,6,4,0,0,0.992,adaptive,0.1642,0.0,0,0.0,0,0,0,0
83224jwmt8qc1.jpeg,6,5,0,0,0.992,adaptive,0.1257,0.0,0,0.0,0,0,0,0
83224jwmt8qc1.jpeg,6,6,0,0,0.992,adaptive,0.1617,0.0,0,0.0,0,0,0,0
83224jwmt8qc1.jpeg,6,7,5,5,1.0,adaptive,0.239,0.0864,1,0.0864,0,0,0,0
83224jwmt8qc1.jpeg,6,8,1,1,0.9943,adaptive,0.1784,0.0504,1,0.0504,0,0,0,0
83224jwmt8qc1.jpeg,6,9,3,3,1.0,adaptive,0.2355,0.0849,1,0.0849,0,0,0,0
83224jwmt8qc1.jpeg,7,1,0,0,0.992,adaptive,0.1272,0.0,0,0.0,0,0,0,0
83224jwmt8qc1.jpeg,7,2,0,0,0.992,adaptive,0.0882,0.0,0,0.0,0,0,0,0
83224jwmt8qc1.jpeg,7,3,0,0,0.992,adaptive,0.1152,0.0,0,0.0,0,0,0,0
83224jwmt8qc1.jpeg,7,4,1,1,0.9978,adaptive,0.1871,0.0474,1,0.0474,0,0,0,0
83224jwmt8qc1.jpeg,7,5,0,0,0.992,adaptive,0.0986,0.0,0,0.0,0,0,0,0
83224jwmt8qc1.jpeg,7,6,0,0,0.992,adaptive,0.137,0.0,0,0.0,0,0,0,0
83224jwmt8qc1.jpeg,7,7,0,0,0.992,adaptive,0.1272,0.0,0,0.0,0,0,0,0
83224jwmt8qc1.jpeg,7,8,7,7,1.0,adaptive,0.1615,0.0604,1,0.0604,0,0,0,0
83224jwmt8qc1.jpeg,7,9,0,0,0.992,adaptive,0.1268,0.0,0,0.0,0,0,0,0
83224jwmt8qc1.jpeg,8,1,0,0,0.992,adaptive,0.1133,0.0,0,0.0,0,0,0,0
83224jwmt8qc1.jpeg,8,2,6,6,1.0,adaptive,0.1697,0.0969,1,0.0969,0,0,0,0
83224jwmt8qc1.jpeg,8,3,8,8,1.0,adaptive,0.1956,0.0972,1,0.0972,0,0,0,0
83224jwmt8qc1.jpeg,8,4,2,2,1.0,adaptive,0.2099,0.0841,1,0.0841,0,0,0,0
83224jwmt8qc1.jpeg,8,5,5,5,1.0,adaptive,0.1717,0.0863,1,0.0863,0,0,0,0
83224jwmt8qc1.jpeg,8,6,7,7,1.0,adaptive,0.1857,0.0602,1,0.0602,0,0,0,0
83224jwmt8qc1.jpeg,8,7,0,0,0.992,adaptive,0.1126,0.0,0,0.0,0,0,0,0
83224jwmt8qc1.jpeg,8,8,0,0,0.992,adaptive,0.0868,0.0,0,0.0,0,0,0,0
83224jwmt8qc1.jpeg,8,9,0,0,0.992,adaptive,0.1131,0.0,0,0.0,0,0,0,0
83224jwmt8qc1.jpeg,9,1,0,0,0.992,adaptive,0.1401,0.0,0,0.0,0,0,0,0
83224jwmt8qc1.jpeg,9,2,4,4,1.0,adaptive,0.1753,0.073,1,0.073,0,0,0,0
83224jwmt8qc1.jpeg,9,3,0,0,0.992,adaptive,0.1283,0.0,0,0.0,0,0,0,0
83224jwmt8qc1.jpeg,9,4,0,0,0.992,adaptive,0.1528,0.0,0,0.0,0,0,0,0
83224jwmt8qc1.jpeg,9,5,3,3,1.0,adaptive,0.2001,0.0866,1,0.0866,0,0,0,0
83224jwmt8qc1.jpeg,9,6,0,0,0.992,adaptive,0.151,0.0,0,0.0,0,0,0,0
83224jwmt8qc1.jpeg,9,7,0,0,0.992,adaptive,0.1406,0.0,0,0.0,0,0,0,0
83224jwmt8qc1.jpeg,9,8,0,0,0.992,adaptive,0.1149,0.0,0,0.0,0,0,0,0
83224jwmt8qc1.jpeg,9,9,0,0,0.992,adaptive,0.1395,0.0,0,0.0,0,0,0,0
86urvepydosc1.webp,1,2,5,5,1.0,adaptive,0.1352,0.0773,1,0.0773,0,0,0,0
86urvepydosc1.webp,1,5,7,7,1.0,adaptive,0.1339,0.0484,1,0.0484,0,0,0,0
86urvepydosc1.webp,1,6,9,9,1.0,adaptive,0.1798,0.0802,1,0.0802,0,0,0,0
86urvepydosc1.webp,2,3,7,7,1.0,adaptive,0.1126,0.0502,1,0.0502,0,0,0,0
86urvepydosc1.webp,2,5,6,6,1.0,adaptive,0.1428,0.0849,1,0.0849,0,0,0,0
86urvepydosc1.webp,2,6,2,2,1.0,adaptive,0.1418,0.0708,1,0.0708,0,0,0,0
86urvepydosc1.webp,2,7,5,5,1.0,adaptive,0.1495,0.0794,1,0.0794,0,0,0,0
86urvepydosc1.webp,3,2,9,9,1.0,adaptive,0.1221,0.0803,1,0.0803,0,0,0,0
86urvepydosc1.webp,3,3,2,2,1.0,adaptive,0.1299,0.0653,1,0.0653,0,0,0,0
86urvepydosc1.webp,3,4,5,5,1.0,adaptive,0.1444,0.0755,1,0.0755,0,0,0,0
86urvepydosc1.webp,3,5,3,3,1.0,adaptive,0.121,0.071,1,0.071,0,0,0,0
86urvepydosc1.webp,3,6,8,8,1.0,adaptive,0.1519,0.0829,1,0.0829,0,0,0,0
86urvepydosc1.webp,3,7,7,7,1.0,adaptive,0.1147,0.0492,1,0.0492,0,0,0,0
86urvepydosc1.webp,3,8,6,6,1.0,adaptive,0.149,0.0837,1,0.0837,0,0,0,0
86urvepydosc1.webp,4,2,8,8,1.0,adaptive,0.1422,0.0839,1,0.0839,0,0,0,0
86urvepydosc1.webp,4,4,9,9,0.9999,adaptive,0.1446,0.0809,1,0.0809,0,0,0,0
86urvepydosc1.webp,4,5,1,1,0.9955,adaptive,0.111,0.0432,1,0.0432,0,0,0,0
86urvepydosc1.webp,4,6,3,3,1.0,adaptive,0.1457,0.0699,1,0.0699,0,0,0,0
86urvepydosc1.webp,4,7,4,4,1.0,adaptive,0.1479,0.0659,1,0.0659,0,0,0,0
86urvepydosc1.webp,4,8,2,2,1.0,adaptive,0.1395,0.069,1,0.069,0,0,0,0
86urvepydosc1.webp,4,9,7,7,1.0,adaptive,0.1484,0.0495,1,0.0495,0,0,0,0
86urvepydosc1.webp,5,2,2,2,1.0,adaptive,0.1033,0.0691,1,0.0691,0,0,0,0
86urvepydosc1.webp,5,4,6,6,1.0,adaptive,0.147,0.0841,1,0.0841,0,0,0,0
86urvepydosc1.webp,5,5,8,8,1.0,adaptive,0.1274,0.0861,1,0.0861,0,0,0,0
86urvepydosc1.webp,5,6,7,7,1.0,adaptive,0.1004,0.0495,1,0.0495,0,0,0,0
86urvepydosc1.webp,5,8,1,1,0.9991,adaptive,0.0774,0.0395,1,0.0395,0,0,0,0
86urvepydosc1.webp,5,9,5,5,1.0,adaptive,0.1468,0.078,1,0.078,0,0,0,0
86urvepydosc1.webp,6,2,7,7,1.0,adaptive,0.1144,0.0504,1,0.0504,0,0,0,0
86urvepydosc1.webp,6,4,2,2,1.0,adaptive,0.1648,0.0675,1,0.0675,0,0,0,0
86urvepydosc1.webp,6,5,5,5,1.0,adaptive,0.1463,0.0771,1,0.0771,0,0,0,0
86urvepydosc1.webp,6,6,4,4,1.0,adaptive,0.1524,0.0684,1,0.0684,0,0,0,0
86urvepydosc1.webp,6,8,8,8,1.0,adaptive,0.1542,0.0839,1,0.0839,0,0,0,0
86urvepydosc1.webp,7,1,2,2,1.0,adaptive,0.1533,0.0666,1,0.0666,0,0,0,0
86urvepydosc1.webp,7,5,4,4,1.0,adaptive,0.1493,0.069,1,0.069,0,0,0,0
86urvepydosc1.webp,8,3,8,8,1.0,adaptive,0.1461,0.0823,1,0.0823,0,0,0,0
86urvepydosc1.webp,8,5,2,2,1.0,adaptive,0.1221,0.0659,1,0.0659,0,0,0,0
86urvepydosc1.webp,9,1,7,7,1.0,adaptive,0.1499,0.0492,1,0.0492,0,0,0,0
86urvepydosc1.webp,9,2,3,3,1.0,adaptive,0.1386,0.0701,1,0.0701,0,0,0,0
86urvepydosc1.webp,9,4,8,8,1.0,adaptive,0.1836,0.0838,1,0.0838,0,0,0,0
86urvepydosc1.webp,9,5,9,9,1.0,adaptive,0.1278,0.083,1,0.083,0,0,0,0
86urvepydosc1.webp,9,6,1,1,0.9979,adaptive,0.1283,0.039,1,0.039,0,0,0,0
8a3c701z78pc1.webp,1,1,5,5,1.0,adaptive,0.2125,0.0851,1,0.0851,0,0,0,0
8a3c701z78pc1.webp,1,5,7,7,1.0,adaptive,0.1739,0.0629,1,0.0629,0,0,0,0
8a3c701z78pc1.webp,1,9,6,6,0.9999,adaptive,0.2018,0.0878,1,0.0878,0,0,0,0
8a3c701z78pc1.webp,2,5,1,1,1.0,adaptive,0.1458,0.0597,1,0.0597,0,0,0,0
8a3c701z78pc1.webp,2,6,2,2,1.0,adaptive,0.1664,0.0803,1,0.0803,0,0,0,0
8a3c701z78pc1.webp,2,8,5,5,1.0,adaptive,0.1449,0.0854,1,0.0854,0,0,0,0
8a3c701z78pc1.webp,3,1,1,1,0.9999,adaptive,0.1588,0.0597,1,0.0597,0,0,0,0
8a3c701z78pc1.webp,3,3,3,3,1.0,adaptive,0.1963,0.0806,1,0.0806,0,0,0,0
8a3c701z78pc1.webp,3,4,5,5,1.0,adaptive,0.1782,0.0829,1,0.0829,0,0,0,0
8a3c701z78pc1.webp,3,5,6,6,0.9999,adaptive,0.1897,0.0905,1,0.0905,0,0,0,0
8a3c701z78pc1.webp,3,6,4,4,1.0,adaptive,0.1873,0.076,1,0.076,0,0,0,0
8a3c701z78pc1.webp,3,7,8,8,1.0,adaptive,0.202,0.092,1,0.092,0,0,0,0
8a3c701z78pc1.webp,3,9,9,9,1.0,adaptive,0.198,0.0875,1,0.0875,0,0,0,0
8a3c701z78pc1.webp,4,3,9,9,0.9999,adaptive,0.196,0.0882,1,0.0882,0,0,0,0
8a3c701z78pc1.webp,4,4,7,7,1.0,adaptive,0.1608,0.0628,1,0.0628,0,0,0,0
8a3c701z78pc1.webp,4,5,4,4,1.0,adaptive,0.1775,0.0782,1,0.0782,0,0,0,0
8a3c701z78pc1.webp,4,6,3,3,1.0,adaptive,0.1896,0.0798,1,0.0798,0,0,0,0
8a3c701z78pc1.webp,4,9,5,5,1.0,adaptive,0.1938,0.0835,1,0.0835,0,0,0,0
8a3c701z78pc1.webp,5,1,2,2,1.0,adaptive,0.1791,0.081,1,0.081,0,0,0,0
8a3c701z78pc1.webp,5,3,4,4,1.0,adaptive,0.1621,0.0764,1,0.0764,0,0,0,0
8a3c701z78pc1.webp,5,4,1,1,0.9999,adaptive,0.1465,0.0608,1,0.0608,0,0,0,0
8a3c701z78pc1.webp,6,1,3,3,1.0,adaptive,0.1813,0.0809,1,0.0809,0,0,0,0
8a3c701z78pc1.webp,6,4,6,6,0.9999,adaptive,0.1729,0.0871,1,0.0871,0,0,0,0
8a3c701z78pc1.webp,6,5,2,2,1.0,adaptive,0.1671,0.0805,1,0.0805,0,0,0,0
8a3c701z78pc1.webp,6,9,4,4,1.0,adaptive,0.1738,0.0755,1,0.0755,0,0,0,0
8a3c701z78pc1.webp,7,1,9,9,0.9999,adaptive,0.1865,0.0884,1,0.0884,0,0,0,0
8a3c701z78pc1.webp,7,2,3,3,1.0,adaptive,0.1545,0.0819,1,0.0819,0,0,0,0
8a3c701z78pc1.webp,7,6,1,1,0.9999,adaptive,0.1564,0.0595,1,0.0595,0,0,0,0
8a3c701z78pc1.webp,8,6,6,6,0.9999,adaptive,0.182,0.0896,1,0.0896,0,0,0,0
8a3c701z78pc1.webp,8,8,3,3,1.0,adaptive,0.1552,0.082,1,0.082,0,0,0,0
8a3c701z78pc1.webp,8,9,1,1,1.0,adaptive,0.1565,0.0602,1,0.0602,0,0,0,0
8a3c701z78pc1.webp,9,5,3,3,1.0,adaptive,0.2085,0.0825,1,0.0825,0,0,0,0
8a3c701z78pc1.webp,9,6,7,7,1.0,adaptive,0.188,0.0624,1,0.0624,0,0,0,0
8a3c701z78pc1.webp,9,7,9,9,0.9999,adaptive,0.2143,0.0891,1,0.0891,0,0,0,0
8w1pbb15bxkc1.webp,1,1,0,0,0.992,adaptive,0.1265,0.0,0,0.0,0,0,0,0
8w1pbb15bxkc1.webp,1,2,0,0,0.992,adaptive,0.0859,0.0,0,0.0,0,0,0,0
8w1pbb15bxkc1.webp,1,3,2,2,1.0,adaptive,0.1896,0.0791,1,0.0791,0,0,0,0
8w1pbb15bxkc1.webp,1,4,0,0,0.992,adaptive,0.0989,0.0,0,0.0,0,0,0,0
8w1pbb15bxkc1.webp,1,5,0,0,0.992,adaptive,0.1108,0.0,0,0.0,0,0,0,0
8w1pbb15bxkc1.webp,1,6,5,5,1.0,adaptive,0.1827,0.0842,1,0.0842,0,0,0,0
8w1pbb15bxkc1.webp,1,7,0,0,0.992,adaptive,0.1112,0.0,0,0.0,0,0,0,0
8w1pbb15bxkc1.webp,1,8,8,8,1.0,adaptive,0.1929,0.0941,1,0.0941,0,0,0,0
8w1pbb15bxkc1.webp,1,9,0,0,0.992,adaptive,0.1279,0.0,0,0.0,0,0,0,0
8w1pbb15bxkc1.webp,2,1,0,0,0.992,adaptive,0.1133,0.0,0,0.0,0,0,0,0
8w1pbb15bxkc1.webp,2,2,7,7,1.0,adaptive,0.1474,0.0615,1,0.0615,0,0,0,0
8w1pbb15bxkc1.webp,2,3,0,0,0.992,adaptive,0.0995,0.0,0,0.0,0,0,0,0
8w1pbb15bxkc1.webp,2,4,0,0,0.992,adaptive,0.0871,0.0,0,0.0,0,0,0,0
8w1pbb15bxkc1.webp,2,5,9,9,1.0,adaptive,0.1614,0.0898,1,0.0898,0,0,0,0
8w1pbb15bxkc1.webp,2,6,8,8,1.0,adaptive,0.1811,0.0948,1,0.0948,0,0,0,0
8w1pbb15bxkc1.webp,2,7,2,2,1.0,adaptive,0.1796,0.0814,1,0.0814,0,0,0,0
8w1pbb15bxkc1.webp,2,8,0,0,0.992,adaptive,0.0732,0.0,0,0.0,0,0,0,0
8w1pbb15bxkc1.webp,2,9,1,1,0.9999,adaptive,0.1714,0.059,1,0.059,0,0,0,0
8w1pbb15bxkc1.webp,3,1,0,0,0.992,adaptive,0.1247,0.0,0,0.0,0,0,0,0
8w1pbb15bxkc1.webp,3,2,0,0,0.992,adaptive,0.097,0.0,0,0.0,0,0,0,0
8w1pbb15bxkc1.webp,3,3,0,0,0.992,adaptive,0.1116,0.0,0,0.0,0,0,0,0
8w1pbb15bxkc1.webp,3,4,3,3,1.0,adaptive,0.1664,0.0804,1,0.0804,0,0,0,0
8w1pbb15bxkc1.webp,3,5,0,0,0.992,adaptive,0.1095,0.0,0,0.0,0,0,0,0
8w1pbb15bxkc1.webp,3,6,0,0,0.992,adaptive,0.0994,0.0,0,0.0,0,0,0,0
8w1pbb15bxkc1.webp,3,7,5,5,1.0,adaptive,0.1824,0.0855,1,0.0855,0,0,0,0
8w1pbb15bxkc1.webp,3,8,0,0,0.992,adaptive,0.0977,0.0,0,0.0,0,0,0,0
8w1pbb15bxkc1.webp,3,9,0,0,0.992,adaptive,0.1239,0.0,0,0.0,0,0,0,0
8w1pbb15bxkc1.webp,4,1,0,0,0.992,adaptive,0.1125,0.0,0,0.0,0,0,0,0
8w1pbb15bxkc1.webp,4,2,0,0,0.992,adaptive,0.0859,0.0,0,0.0,0,0,0,0
8w1pbb15bxkc1.webp,4,3,3,3,1.0,adaptive,0.1778,0.0791,1,0.0791,0,0,0,0
8w1pbb15bxkc1.webp,4,4,0,0,0.992,adaptive,0.0869,0.0,0,0.0,0,0,0,0
8w1pbb15bxkc1.webp,4,5,2,2,1.0,adaptive,0.1558,0.0828,1,0.0828,0,0,0,0
8w1pbb15bxkc1.webp,4,6,1,1,1.0,adaptive,0.1441,0.0584,1,0.0584,0,0,0,0
8w1pbb15bxkc1.webp,4,7,0,0,0.992,adaptive,0.1005,0.0,0,0.0,0,0,0,0
8w1pbb15bxkc1.webp,4,8,0,0,0.992,adaptive,0.0857,0.0,0,0.0,0,0,0,0
8w1pbb15bxkc1.webp,4,9,0,0,0.992,adaptive,0.1121,0.0,0,0.0,0,0,0,0
8w1pbb15bxkc1.webp,5,1,0,0,0.992,adaptive,0.1128,0.0,0,0.0,0,0,0,0
8w1pbb15bxkc1.webp,5,2,0,0,0.992,adaptive,0.0856,0.0,0,0.0,0,0,0,0
8w1pbb15bxkc1.webp,5,3,0,0,0.992,adaptive,0.1108,0.0,0,0.0,0,0,0,0
8w1pbb15bxkc1.webp,5,4,0,0,0.992,adaptive,0.088,0.0,0,0.0,0,0,0,0
8w1pbb15bxkc1.webp,5,5,6,6,0.9999,adaptive,0.152,0.0918,1,0.0918,0,0,0,0
8w1pbb15bxkc1.webp,5,6,9,9,1.0,adaptive,0.1741,0.0896,1,0.0896,0,0,0,0
8w1pbb15bxkc1.webp,5,7,0,0,0.992,adaptive,0.0995,0.0,0,0.0,0,0,0,0
8w1pbb15bxkc1.webp,5,8,0,0,0.992,adaptive,0.0983,0.0,0,0.0,0,0,0,0
8w1pbb15bxkc1.webp,5,9,0,0,0.992,adaptive,0.1253,0.0,0,0.0,0,0,0,0
8w1pbb15bxkc1.webp,6,1,6,6,0.9999,adaptive,0.1998,0.088,1,0.088,0,0,0,0
8w1pbb15bxkc1.webp,6,2,0,0,0.992,adaptive,0.0862,0.0,0,0.0,0,0,0,0
8w1pbb15bxkc1.webp,6,3,0,0,0.992,adaptive,0.1116,0.0,0,0.0,0,0,0,0
8w1pbb15bxkc1.webp,6,4,0,0,0.992,adaptive,0.098,0.0,0,0.0,0,0,0,0
8w1pbb15bxkc1.webp,6,5,0,0,0.992,adaptive,0.1104,0.0,0,0.0,0,0,0,0
8w1pbb15bxkc1.webp,6,6,0,0,0.992,adaptive,0.0971,0.0,0,0.0,0,0,0,0
8w1pbb15bxkc1.webp,6,7,4,4,1.0,adaptive,0.1711,0.0733,1,0.0733,0,0,0,0
8w1pbb15bxkc1.webp,6,8,0,0,0.992,adaptive,0.0984,0.0,0,0.0,0,0,0,0
8w1pbb15bxkc1.webp,6,9,0,0,0.992,adaptive,0.1243,0.0,0,0.0,0,0,0,0
8w1pbb15bxkc1.webp,7,1,0,0,0.992,adaptive,0.125,0.0,0,0.0,0,0,0,0
8w1pbb15bxkc1.webp,7,2,0,0,0.992,adaptive,0.0986,0.0,0,0.0,0,0,0,0
8w1pbb15bxkc1.webp,7,3,0,0,0.992,adaptive,0.1118,0.0,0,0.0,0,0,0,0
8w1pbb15bxkc1.webp,7,4,0,0,0.992,adaptive,0.0998,0.0,0,0.0,0,0,0,0
8w1pbb15bxkc1.webp,7,5,0,0,0.992,adaptive,0.1106,0.0,0,0.0,0,0,0,0
8w1pbb15bxkc1.webp,7,6,0,0,0.992,adaptive,0.0998,0.0,0,0.0,0,0,0,0
8w1pbb15bxkc1.webp,7,7,8,8,1.0,adaptive,0.2025,0.0931,1,0.0931,0,0,0,0
8w1pbb15bxkc1.webp,7,8,6,6,1.0,adaptive,0.1886,0.0907,1,0.0907,0,0,0,0
8w1pbb15bxkc1.webp,7,9,0,0,0.992,adaptive,0.1245,0.0,0,0.0,0,0,0,0
8w1pbb15bxkc1.webp,8,1,9,9,0.9999,adaptive,0.2033,0.0902,1,0.0902,0,0,0,0
8w1pbb15bxkc1.webp,8,2,0,0,0.992,adaptive,0.0735,0.0,0,0.0,0,0,0,0
8w1pbb15bxkc1.webp,8,3,0,0,0.992,adaptive,0.0868,0.0,0,0.0,0,0,0,0
8w1pbb15bxkc1.webp,8,4,0,0,0.992,adaptive,0.0866,0.0,0,0.0,0,0,0,0
8w1pbb15bxkc1.webp,8,5,3,3,1.0,adaptive,0.155,0.0831,1,0.0831,0,0,0,0
8w1pbb15bxkc1.webp,8,6,0,0,0.992,adaptive,0.0737,0.0,0,0.0,0,0,0,0
8w1pbb15bxkc1.webp,8,7,7,7,1.0,adaptive,0.161,0.0633,1,0.0633,0,0,0,0
8w1pbb15bxkc1.webp,8,8,0,0,0.992,adaptive,0.073,0.0,0,0.0,0,0,0,0
8w1pbb15bxkc1.webp,8,9,0,0,0.992,adaptive,0.1128,0.0,0,0.0,0,0,0,0
8w1pbb15bxkc1.webp,9,1,0,0,0.992,adaptive,0.1279,0.0,0,0.0,0,0,0,0
8w1pbb15bxkc1.webp,9,2,0,0,0.992,adaptive,0.0984,0.0,0,0.0,0,0,0,0
8w1pbb15bxkc1.webp,9,3,8,8,1.0,adaptive,0.2049,0.0945,1,0.0945,0,0,0,0
8w1pbb15bxkc1.webp,9,4,0,0,0.992,adaptive,0.0987,0.0,0,0.0,0,0,0,0
8w1pbb15bxkc1.webp,9,5,0,0,0.992,adaptive,0.1108,0.0,0,0.0,0,0,0,0
8w1pbb15bxkc1.webp,9,6,7,7,1.0,adaptive,0.1599,0.0617,1,0.0617,0,0,0,0
8w1pbb15bxkc1.webp,9,7,0,0,0.992,adaptive,0.1114,0.0,0,0.0,0,0,0,0
8w1pbb15bxkc1.webp,9,8,5,5,1.0,adaptive,0.1836,0.085,1,0.085,0,0,0,0
8w1pbb15bxkc1.webp,9,9,0,0,0.992,adaptive,0.1268,0.0,0,0.0,0,0,0,0
8woqatxossoc1.webp,1,2,5,5,1.0,adaptive,0.2028,0.1314,1,0.1314,0,0,0,0
8woqatxossoc1.webp,1,3,1,1,0.9259,adaptive,0.17,0.0855,1,0.0855,0,0,0,0
8woqatxossoc1.webp,1,4,9,9,1.0,adaptive,0.2199,0.1386,1,0.1386,0,0,0,0
8woqatxossoc1.webp,1,7,8,8,1.0,adaptive,0.2254,0.141,1,0.141,0,0,0,0
8woqatxossoc1.webp,1,9,6,6,0.9999,adaptive,0.2212,0.1374,1,0.1374,0,0,0,0
8woqatxossoc1.webp,2,1,6,6,1.0,adaptive,0.2248,0.1427,1,0.1427,0,0,0,0
8woqatxossoc1.webp,2,2,4,4,1.0,adaptive,0.1708,0.1129,1,0.1129,0,0,0,0
8woqatxossoc1.webp,2,3,8,8,1.0,adaptive,0.2153,0.1434,1,0.1434,0,0,0,0
8woqatxossoc1.webp,2,4,1,1,0.8927,adaptive,0.1465,0.0801,1,0.0801,0,0,0,0
8woqatxossoc1.webp,2,8,5,5,1.0,adaptive,0.191,0.1336,1,0.1336,0,0,0,0
8woqatxossoc1.webp,2,9,9,9,1.0,adaptive,0.2169,0.1418,1,0.1418,0,0,0,0
8woqatxossoc1.webp,3,1,9,9,1.0,adaptive,0.2339,0.1399,1,0.1399,0,0,0,0
8woqatxossoc1.webp,3,2,2,2,0.9999,adaptive,0.1974,0.1269,1,0.1269,0,0,0,0
8woqatxossoc1.webp,3,4,8,8,1.0,adaptive,0.2225,0.1423,1,0.1423,0,0,0,0
8woqatxossoc1.webp,3,5,6,6,1.0,adaptive,0.2092,0.1402,1,0.1402,0,0,0,0
8woqatxossoc1.webp,3,6,5,5,1.0,adaptive,0.2063,0.1252,1,0.1252,0,0,0,0
8woqatxossoc1.webp,3,9,1,1,0.9919,adaptive,0.1631,0.0786,1,0.0786,0,0,0,0
8woqatxossoc1.webp,4,1,4,4,1.0,adaptive,0.1764,0.1069,1,0.1069,0,0,0,0
8woqatxossoc1.webp,4,2,7,7,1.0,adaptive,0.1606,0.0918,1,0.0918,0,0,0,0
8woqatxossoc1.webp,4,3,9,9,1.0,adaptive,0.219,0.1372,1,0.1372,0,0,0,0
8woqatxossoc1.webp,4,6,2,2,0.9999,adaptive,0.2214,0.125,1,0.125,0,0,0,0
8woqatxossoc1.webp,4,8,6,6,1.0,adaptive,0.1999,0.1416,1,0.1416,0,0,0,0
8woqatxossoc1.webp,4,9,8,8,1.0,adaptive,0.2096,0.1399,1,0.1399,0,0,0,0
8woqatxossoc1.webp,5,1,8,8,1.0,adaptive,0.2013,0.145,1,0.145,0,0,0,0
8woqatxossoc1.webp,5,2,3,3,1.0,adaptive,0.1866,0.1295,1,0.1295,0,0,0,0
8woqatxossoc1.webp,5,3,6,6,1.0,adaptive,0.2123,0.1422,1,0.1422,0,0,0,0
8woqatxossoc1.webp,5,5,9,9,1.0,adaptive,0.2169,0.1474,1,0.1474,0,0,0,0
8woqatxossoc1.webp,5,9,2,2,1.0,adaptive,0.1823,0.1255,1,0.1255,0,0,0,0
8woqatxossoc1.webp,6,1,5,5,1.0,adaptive,0.1931,0.1239,1,0.1239,0,0,0,0
8woqatxossoc1.webp,6,2,1,1,0.9926,adaptive,0.1502,0.0812,1,0.0812,0,0,0,0
8woqatxossoc1.webp,6,3,2,2,1.0,adaptive,0.2056,0.1245,1,0.1245,0,0,0,0
8woqatxossoc1.webp,6,5,8,8,1.0,adaptive,0.2155,0.1434,1,0.1434,0,0,0,0
8woqatxossoc1.webp,6,6,6,6,1.0,adaptive,0.2232,0.1381,1,0.1381,0,0,0,0
8woqatxossoc1.webp,6,8,9,9,1.0,adaptive,0.2058,0.1395,1,0.1395,0,0,0,0
8woqatxossoc1.webp,6,9,4,4,1.0,adaptive,0.1796,0.1094,1,0.1094,0,0,0,0
8woqatxossoc1.webp,7,2,9,9,1.0,adaptive,0.2255,0.1447,1,0.1447,0,0,0,0
8woqatxossoc1.webp,7,3,4,4,1.0,adaptive,0.2014,0.108,1,0.108,0,0,0,0
8woqatxossoc1.webp,7,7,6,6,1.0,adaptive,0.2335,0.141,1,0.141,0,0,0,0
8woqatxossoc1.webp,7,8,8,8,1.0,adaptive,0.2291,0.1465,1,0.1465,0,0,0,0
8woqatxossoc1.webp,7,9,7,7,1.0,adaptive,0.1845,0.0904,1,0.0904,0,0,0,0
8woqatxossoc1.webp,8,2,8,8,1.0,adaptive,0.2039,0.1453,1,0.1453,0,0,0,0
8woqatxossoc1.webp,8,3,5,5,1.0,adaptive,0.2042,0.1314,1,0.1314,0,0,0,0
8woqatxossoc1.webp,8,4,6,6,1.0,adaptive,0.2114,0.1413,1,0.1413,0,0,0,0
8woqatxossoc1.webp,8,6,9,9,1.0,adaptive,0.2128,0.1418,1,0.1418,0,0,0,0
8woqatxossoc1.webp,8,9,3,3,1.0,adaptive,0.209,0.1275,1,0.1275,0,0,0,0
8woqatxossoc1.webp,9,2,6,6,1.0,adaptive,0.2092,0.14,1,0.14,0,0,0,0
8woqatxossoc1.webp,9,6,8,8,1.0,adaptive,0.2054,0.141,1,0.141,0,0,0,0
8woqatxossoc1.webp,9,7,9,9,1.0,adaptive,0.221,0.1406,1,0.1406,0,0,0,0
8woqatxossoc1.webp,9,9,5,5,1.0,adaptive,0.2221,0.1279,1,0.1279,0,0,0,0
99byrh01go9c1.webp,1,3,3,3,0.6543,adaptive,0.1927,0.0791,4,0.0791,3,0,0,0
99byrh01go9c1.webp,1,4,7,7,1.0,adaptive,0.1524,0.0452,3,0.0452,2,0,0,0
99byrh01go9c1.webp,1,5,9,9,1.0,adaptive,0.1626,0.0728,6,0.0728,5,0,0,0
99byrh01go9c1.webp,1,6,4,5,0.6217,adaptive,0.2936,0.1729,6,0.0606,3,0,0,1
99byrh01go9c1.webp,1,7,6,6,0.865,adaptive,0.2203,0.084,3,0.084,2,0,0,0
99byrh01go9c1.webp,1,9,5,5,1.0,adaptive,0.2217,0.1007,2,0.0922,0,0,0,1
99byrh01go9c1.webp,2,2,5,5,1.0,adaptive,0.2849,0.1947,3,0.1272,1,0,0,0
99byrh01go9c1.webp,2,3,6,6,0.998,adaptive,0.1755,0.0896,5,0.0724,2,0,0,1
99byrh01go9c1.webp,2,4,8,8,1.0,adaptive,0.1533,0.0753,3,0.0753,2,0,0,0
99byrh01go9c1.webp,2,6,2,2,0.9996,adaptive,0.1615,0.0857,3,0.0857,0,0,0,1
99byrh01go9c1.webp,2,8,4,4,0.9964,adaptive,0.1699,0.081,2,0.0608,0,0,0,1
99byrh01go9c1.webp,3,2,4,4,0.9082,adaptive,0.2013,0.0966,12,0.0966,11,0,0,0
99byrh01go9c1.webp,3,3,7,7,0.9998,adaptive,0.1758,0.0608,6,0.0474,4,0,0,0
99byrh01go9c1.webp,3,5,5,5,0.9983,adaptive,0.31,0.2053,6,0.1248,3,0,0,1
99byrh01go9c1.webp,3,6,6,6,0.971,adaptive,0.1809,0.0913,2,0.0575,0,0,0,0
99byrh01go9c1.webp,3,7,8,8,1.0,adaptive,0.3032,0.1519,3,0.1519,2,0,0,0
99byrh01go9c1.webp,4,1,6,6,0.9749,adaptive,0.2081,0.1072,5,0.0871,3,0,0,1
99byrh01go9c1.webp,4,2,2,2,0.9987,adaptive,0.1744,0.0936,11,0.0665,7,0,0,1
99byrh01go9c1.webp,4,3,8,8,1.0,adaptive,0.2023,0.1161,11,0.09,6,0,0,1
99byrh01go9c1.webp,4,4,9,2,0.4792,adaptive,0.2544,0.1439,8,0.0775,5,0,0,1
99byrh01go9c1.webp,4,5,4,9,0.9409,adaptive,0.273,0.1888,4,0.0656,1,0,0,0
99byrh01go9c1.webp,4,7,1,4,0.4345,adaptive,0.1648,0.0769,4,0.053,0,0,0,1
99byrh01go9c1.webp,4,8,5,5,1.0,adaptive,0.1807,0.0697,1,0.0697,0,0,0,0
99byrh01go9c1.webp,5,1,3,8,0.6937,adaptive,0.1857,0.0902,9,0.0848,7,0,0,0
99byrh01go9c1.webp,5,2,9,3,0.6706,adaptive,0.2645,0.1598,8,0.073,5,0,0,1
99byrh01go9c1.webp,5,3,5,8,0.878,adaptive,0.1872,0.1113,3,0.1113,2,0,0,0
99byrh01go9c1.webp,5,7,4,4,1.0,adaptive,0.2065,0.1156,4,0.1156,3,0,0,0
99byrh01go9c1.webp,5,9,6,8,0.579,adaptive,0.1526,0.0893,2,0.0893,0,1,0,0
99byrh01go9c1.webp,6,1,4,8,0.5368,adaptive,0.2802,0.1749,3,0.1749,2,0,0,0
99byrh01go9c1.webp,6,2,7,7,0.9998,adaptive,0.1594,0.0658,17,0.0493,15,0,0,0
99byrh01go9c1.webp,6,3,1,1,0.4797,adaptive,0.1811,0.076,12,0.051,9,0,0,0
99byrh01go9c1.webp,6,5,6,6,0.9887,adaptive,0.2436,0.1377,8,0.0758,4,0,0,0
99byrh01go9c1.webp,6,6,5,8,0.6813,adaptive,0.17,0.0775,3,0.0428,0,0,0,1
99byrh01go9c1.webp,6,7,9,8,0.9979,adaptive,0.3194,0.1902,3,0.1902,2,0,0,0
99byrh01go9c1.webp,6,8,8,8,0.9931,adaptive,0.2227,0.1465,4,0.081,0,0,0,1
99byrh01go9c1.webp,7,1,5,5,0.9458,adaptive,0.2424,0.149,8,0.1036,3,0,0,1
99byrh01go9c1.webp,7,3,9,9,1.0,adaptive,0.1472,0.0755,4,0.0755,3,0,0,0
99byrh01go9c1.webp,7,4,4,9,0.6023,adaptive,0.3088,0.1862,4,0.1352,2,0,0,0
99byrh01go9c1.webp,7,5,7,7,0.9993,adaptive,0.1542,0.0633,8,0.0491,6,0,0,0
99byrh01go9c1.webp,7,7,2,2,0.9996,adaptive,0.178,0.1016,3,0.0867,0,0,0,1
99byrh01go9c1.webp,7,8,6,6,0.6614,adaptive,0.1694,0.0776,2,0.05,0,0,0,0
99byrh01go9c1.webp,8,2,6,6,0.6128,adaptive,0.1146,0.0923,1,0.0923,0,0,0,0
99byrh01go9c1.webp,8,3,2,2,0.9582,adaptive,0.1536,0.1052,5,0.1052,4,0,0,0
99byrh01go9c1.webp,8,4,5,5,0.9999,adaptive,0.1463,0.0832,4,0.0832,3,0,0,0
99byrh01go9c1.webp,8,6,1,7,0.472,adaptive,0.1201,0.0654,3,0.0479,0,0,0,1
99byrh01go9c1.webp,8,8,9,9,1.0,adaptive,0.1568,0.0744,1,0.0744,0,0,0,0
99byrh01go9c1.webp,8,9,4,4,0.9998,adaptive,0.1893,0.1036,3,0.0929,1,0,0,0
99byrh01go9c1.webp,9,3,4,4,0.998,adaptive,0.2856,0.1292,3,0.1227,0,0,1,0
99byrh01go9c1.webp,9,4,6,6,0.5929,adaptive,0.2542,0.1648,4,0.0835,2,0,0,0
99byrh01go9c1.webp,9,5,2,2,0.9996,adaptive,0.1863,0.1009,5,0.0672,1,0,0,1
99byrh01go9c1.webp,9,6,9,9,1.0,adaptive,0.1432,0.074,4,0.074,3,0,0,0
99byrh01go9c1.webp,9,7,5,5,0.957,adaptive,0.2127,0.1129,6,0.078,1,0,0,1
9d4rrpmsuvec1.webp,1,1,8,8,1.0,adaptive,0.1798,0.0679,1,0.0679,0,0,0,0
9d4rrpmsuvec1.webp,1,2,4,4,1.0,adaptive,0.1664,0.0561,1,0.0561,0,0,0,0
9d4rrpmsuvec1.webp,1,3,5,5,1.0,adaptive,0.176,0.0644,1,0.0644,0,0,0,0
9d4rrpmsuvec1.webp,1,4,7,7,1.0,adaptive,0.1553,0.0448,1,0.0448,0,0,0,0
9d4rrpmsuvec1.webp,1,5,3,3,1.0,adaptive,0.1637,0.0629,1,0.0629,0,0,0,0
9d4rrpmsuvec1.webp,1,6,2,2,1.0,adaptive,0.1956,0.0577,1,0.0577,0,0,0,0
9d4rrpmsuvec1.webp,1,7,6,6,0.9971,adaptive,0.1677,0.0626,1,0.0626,0,0,0,0
9d4rrpmsuvec1.webp,1,8,9,9,1.0,adaptive,0.166,0.0617,1,0.0617,0,0,0,0
9d4rrpmsuvec1.webp,1,9,1,9,0.6561,adaptive,0.303,0.1684,2,0.1319,0,0,0,0
9d4rrpmsuvec1.webp,2,2,1,1,0.413,adaptive,0.216,0.1664,2,0.1265,0,0,0,0
9d4rrpmsuvec1.webp,2,3,2,2,1.0,adaptive,0.1269,0.0574,1,0.0574,0,0,0,0
9d4rrpmsuvec1.webp,2,7,4,4,1.0,adaptive,0.0993,0.0554,1,0.0554,0,0,0,0
9d4rrpmsuvec1.webp,2,9,7,7,1.0,adaptive,0.1309,0.0452,1,0.0452,0,0,0,0
9d4rrpmsuvec1.webp,3,3,7,7,0.9998,adaptive,0.17,0.0432,2,0.0432,0,1,0,0
9d4rrpmsuvec1.webp,3,4,1,1,0.519,adaptive,0.2689,0.1415,3,0.1065,0,1,0,0
9d4rrpmsuvec1.webp,3,5,4,4,1.0,adaptive,0.1418,0.0588,2,0.0588,0,1,0,0
9d4rrpmsuvec1.webp,3,7,2,2,1.0,adaptive,0.1325,0.0615,2,0.0615,0,1,0,0
9d4rrpmsuvec1.webp,3,9,8,8,1.0,adaptive,0.1831,0.0699,2,0.0699,0,1,0,0
9d4rrpmsuvec1.webp,4,1,4,4,1.0,adaptive,0.1931,0.0577,2,0.0577,0,1,0,0
9d4rrpmsuvec1.webp,4,4,2,2,1.0,adaptive,0.1363,0.0599,2,0.0599,0,1,0,0
9d4rrpmsuvec1.webp,4,5,1,1,0.7169,adaptive,0.1958,0.13,3,0.0945,0,1,0,0
9d4rrpmsuvec1.webp,4,6,7,7,0.9995,adaptive,0.135,0.0419,3,0.0419,1,1,0,0
9d4rrpmsuvec1.webp,4,8,8,8,1.0,adaptive,0.1149,0.0719,2,0.0719,0,1,0,0
9d4rrpmsuvec1.webp,4,9,6,6,0.9941,adaptive,0.1328,0.0613,2,0.0613,0,1,0,0
9d4rrpmsuvec1.webp,5,1,1,5,0.6105,adaptive,0.242,0.1156,3,0.0864,0,1,0,0
9d4rrpmsuvec1.webp,5,2,7,1,0.5604,adaptive,0.1054,0.0264,2,0.0264,0,1,0,0
9d4rrpmsuvec1.webp,5,3,6,6,0.9734,adaptive,0.1257,0.0534,2,0.0534,0,1,0,0
9d4rrpmsuvec1.webp,5,8,4,4,0.9837,adaptive,0.1357,0.0606,3,0.0523,0,1,0,0
9d4rrpmsuvec1.webp,5,9,2,2,0.8587,adaptive,0.1359,0.0391,3,0.0391,1,1,0,0
9d4rrpmsuvec1.webp,6,2,2,2,0.3978,adaptive,0.1137,0.0364,2,0.0364,0,1,0,0
9d4rrpmsuvec1.webp,6,3,8,8,0.9782,adaptive,0.2116,0.0715,3,0.0479,0,1,0,0
9d4rrpmsuvec1.webp,6,5,6,6,0.6695,adaptive,0.1533,0.05,2,0.05,0,1,0,0
9d4rrpmsuvec1.webp,6,6,4,4,0.9998,adaptive,0.1655,0.0446,2,0.0446,0,1,0,0
9d4rrpmsuvec1.webp,6,7,7,1,0.8118,adaptive,0.1121,0.0212,2,0.0212,0,1,0,0
9d4rrpmsuvec1.webp,6,8,1,3,0.4384,adaptive,0.2071,0.1043,3,0.0846,0,1,0,0
9d4rrpmsuvec1.webp,6,9,3,5,0.5622,adaptive,0.1568,0.0401,2,0.0401,0,1,0,0
9d4rrpmsuvec1.webp,7,1,2,2,0.9044,adaptive,0.1178,0.0432,4,0.0345,1,1,0,0
9d4rrpmsuvec1.webp,7,3,1,9,0.7154,adaptive,0.2058,0.1065,5,0.078,1,1,0,0
9d4rrpmsuvec1.webp,7,5,7,1,0.5757,adaptive,0.0868,0.0204,2,0.0204,0,1,0,0
9d4rrpmsuvec1.webp,7,7,3,3,0.6148,adaptive,0.1573,0.0777,3,0.0392,0,1,0,0
9d4rrpmsuvec1.webp,7,8,6,5,0.7432,adaptive,0.1291,0.0486,2,0.0486,0,1,0,0
9d4rrpmsuvec1.webp,7,9,4,4,0.9989,adaptive,0.123,0.0414,2,0.0414,0,1,0,0
9d4rrpmsuvec1.webp,8,2,8,8,0.5136,adaptive,0.1384,0.0579,3,0.0445,0,1,0,0
9d4rrpmsuvec1.webp,8,4,4,4,0.8992,adaptive,0.1384,0.052,3,0.0384,0,1,0,0
9d4rrpmsuvec1.webp,8,5,2,1,0.4971,adaptive,0.087,0.0324,2,0.0324,0,1,0,0
9d4rrpmsuvec1.webp,8,7,1,7,0.3382,adaptive,0.1807,0.0873,4,0.0706,1,1,0,0
9d4rrpmsuvec1.webp,8,8,7,7,0.7799,adaptive,0.0914,0.0239,3,0.0186,0,1,0,0
9d4rrpmsuvec1.webp,9,1,7,7,0.8259,adaptive,0.176,0.0437,7,0.0189,2,1,0,1
9d4rrpmsuvec1.webp,9,3,4,4,0.8236,adaptive,0.1446,0.0327,2,0.0327,0,1,0,0
9d4rrpmsuvec1.webp,9,6,1,3,0.7187,adaptive,0.1951,0.082,3,0.0673,0,1,0,0
9d4rrpmsuvec1.webp,9,7,8,9,0.9638,adaptive,0.1252,0.0363,2,0.0363,0,1,0,0
9d4rrpmsuvec1.webp,9,8,2,2,0.9123,adaptive,0.187,0.0586,8,0.0308,2,1,0,1
a96qs6aubcvc1.webp,1,2,7,7,1.0,adaptive,0.1083,0.0502,1,0.0502,0,0,0,0
a96qs6aubcvc1.webp,1,3,5,5,1.0,adaptive,0.1749,0.0771,1,0.0771,0,0,0,0
a96qs6aubcvc1.webp,1,7,4,4,1.0,adaptive,0.1546,0.0664,1,0.0664,0,0,0,0
a96qs6aubcvc1.webp,1,8,2,2,1.0,adaptive,0.1542,0.0683,1,0.0683,0,0,0,0
a96qs6aubcvc1.webp,1,9,9,9,1.0,adaptive,0.184,0.0835,1,0.0835,0,0,0,0
a96qs6aubcvc1.webp,2,3,2,2,1.0,adaptive,0.1459,0.0703,1,0.0703,0,0,0,0
a96qs6aubcvc1.webp,2,6,4,4,1.0,adaptive,0.1413,0.0697,1,0.0697,0,0,0,0
a96qs6aubcvc1.webp,2,7,7,7,1.0,adaptive,0.1192,0.0488,1,0.0488,0,0,0,0
a96qs6aubcvc1.webp,2,8,8,8,1.0,adaptive,0.1419,0.084,1,0.084,0,0,0,0
a96qs6aubcvc1.webp,2,9,6,6,0.9998,adaptive,0.1551,0.0832,1,0.0832,0,0,0,0
a96qs6aubcvc1.webp,3,1,8,8,1.0,adaptive,0.166,0.084,1,0.084,0,0,0,0
a96qs6aubcvc1.webp,3,4,9,9,1.0,adaptive,0.1782,0.0833,1,0.0833,0,0,0,0
a96qs6aubcvc1.webp,3,5,2,2,1.0,adaptive,0.116,0.0699,1,0.0699,0,0,0,0
a96qs6aubcvc1.webp,3,6,7,7,1.0,adaptive,0.1477,0.0497,1,0.0497,0,0,0,0
a96qs6aubcvc1.webp,3,7,1,1,0.9976,adaptive,0.0824,0.0392,1,0.0392,0,0,0,0
a96qs6aubcvc1.webp,3,8,3,3,1.0,adaptive,0.1569,0.0728,1,0.0728,0,0,0,0
a96qs6aubcvc1.webp,3,9,5,5,1.0,adaptive,0.1853,0.0757,1,0.0757,0,0,0,0
a96qs6aubcvc1.webp,4,1,6,6,0.9999,adaptive,0.1693,0.0822,1,0.0822,0,0,0,0
a96qs6aubcvc1.webp,4,5,7,7,1.0,adaptive,0.0823,0.0504,1,0.0504,0,0,0,0
a96qs6aubcvc1.webp,4,8,4,4,1.0,adaptive,0.1413,0.0715,1,0.0715,0,0,0,0
a96qs6aubcvc1.webp,5,1,7,7,1.0,adaptive,0.0945,0.0495,1,0.0495,0,0,0,0
a96qs6aubcvc1.webp,5,5,1,1,0.9982,adaptive,0.0459,0.0459,1,0.0459,0,0,0,0
a96qs6aubcvc1.webp,5,8,9,9,1.0,adaptive,0.1008,0.0861,1,0.0861,0,0,0,0
a96qs6aubcvc1.webp,6,2,5,5,1.0,adaptive,0.1477,0.078,1,0.078,0,0,0,0
a96qs6aubcvc1.webp,6,6,3,3,1.0,adaptive,0.1308,0.0717,1,0.0717,0,0,0,0
a96qs6aubcvc1.webp,6,7,6,6,1.0,adaptive,0.166,0.0833,1,0.0833,0,0,0,0
a96qs6aubcvc1.webp,6,8,7,7,1.0,adaptive,0.1196,0.05,1,0.05,0,0,0,0
a96qs6aubcvc1.webp,6,9,1,1,0.9973,adaptive,0.1176,0.0399,1,0.0399,0,0,0,0
a96qs6aubcvc1.webp,7,1,5,5,1.0,adaptive,0.1775,0.0784,1,0.0784,0,0,0,0
a96qs6aubcvc1.webp,7,3,7,7,1.0,adaptive,0.1455,0.0503,1,0.0503,0,0,0,0
a96qs6aubcvc1.webp,7,4,3,3,1.0,adaptive,0.1816,0.0715,1,0.0715,0,0,0,0
a96qs6aubcvc1.webp,7,5,4,4,1.0,adaptive,0.1149,0.0699,1,0.0699,0,0,0,0
a96qs6aubcvc1.webp,7,7,8,8,1.0,adaptive,0.1807,0.0842,1,0.0842,0,0,0,0
a96qs6aubcvc1.webp,7,8,1,1,0.9966,adaptive,0.054,0.0391,1,0.0391,0,0,0,0
a96qs6aubcvc1.webp,7,9,2,2,1.0,adaptive,0.1553,0.0706,1,0.0706,0,0,0,0
a96qs6aubcvc1.webp,8,7,3,3,1.0,adaptive,0.1558,0.0717,1,0.0717,0,0,0,0
a96qs6aubcvc1.webp,8,8,6,6,1.0,adaptive,0.1393,0.0861,1,0.0861,0,0,0,0
a96qs6aubcvc1.webp,8,9,7,7,1.0,adaptive,0.1221,0.0507,1,0.0507,0,0,0,0
a96qs6aubcvc1.webp,9,2,3,3,1.0,adaptive,0.1601,0.0742,1,0.0742,0,0,0,0
a96qs6aubcvc1.webp,9,4,7,7,1.0,adaptive,0.1624,0.0486,1,0.0486,0,0,0,0
a96qs6aubcvc1.webp,9,7,9,9,1.0,adaptive,0.1882,0.0833,1,0.0833,0,0,0,0
a96qs6aubcvc1.webp,9,8,5,5,1.0,adaptive,0.1375,0.0787,1,0.0787,0,0,0,0
a96qs6aubcvc1.webp,9,9,4,4,1.0,adaptive,0.1539,0.0671,1,0.0671,0,0,0,0
a9fwsde2u1tc1.webp,1,1,2,2,0.9969,adaptive,0.3279,0.2199,2,0.145,0,0,0,0
a9fwsde2u1tc1.webp,1,2,5,5,0.9965,adaptive,0.3363,0.2325,1,0.2325,0,0,0,0
a9fwsde2u1tc1.webp,1,3,8,8,1.0,adaptive,0.2952,0.1421,4,0.0956,0,0,1,1
a9fwsde2u1tc1.webp,1,4,9,9,0.9999,adaptive,0.2998,0.1446,3,0.1136,0,0,1,0
a9fwsde2u1tc1.webp,1,7,7,7,1.0,adaptive,0.2506,0.1027,2,0.1027,0,0,1,0
a9fwsde2u1tc1.webp,1,9,1,1,0.9997,adaptive,0.2564,0.1588,2,0.0855,0,0,0,0
a9fwsde2u1tc1.webp,2,3,9,9,0.6804,adaptive,0.3232,0.1958,3,0.1441,0,0,0,0
a9fwsde2u1tc1.webp,2,4,5,5,1.0,adaptive,0.2976,0.1422,2,0.1422,0,1,0,0
a9fwsde2u1tc1.webp,2,5,2,2,0.9999,adaptive,0.3122,0.1354,1,0.1354,0,0,0,0
a9fwsde2u1tc1.webp,2,6,1,1,1.0,adaptive,0.2571,0.0853,2,0.0853,0,1,0,0
a9fwsde2u1tc1.webp,3,1,1,1,0.9993,adaptive,0.2947,0.1501,3,0.0956,0,0,0,1
a9fwsde2u1tc1.webp,3,2,6,6,0.9999,adaptive,0.3073,0.1483,3,0.1171,0,0,1,0
a9fwsde2u1tc1.webp,3,5,7,7,0.9999,adaptive,0.251,0.1072,2,0.1072,0,1,0,0
a9fwsde2u1tc1.webp,3,7,2,2,1.0,adaptive,0.2838,0.1403,8,0.1403,6,1,0,0
a9fwsde2u1tc1.webp,3,8,9,9,0.9999,adaptive,0.2935,0.1502,4,0.1199,0,2,0,0
a9fwsde2u1tc1.webp,3,9,5,5,1.0,adaptive,0.3152,0.2067,2,0.1464,0,0,0,0
a9fwsde2u1tc1.webp,4,2,2,2,1.0,adaptive,0.2976,0.1465,3,0.1465,0,2,0,0
a9fwsde2u1tc1.webp,4,4,6,6,0.9999,adaptive,0.2867,0.1517,3,0.1194,0,0,1,0
a9fwsde2u1tc1.webp,4,5,5,5,1.0,adaptive,0.2793,0.1531,2,0.1531,0,1,0,0
a9fwsde2u1tc1.webp,4,6,7,7,0.9999,adaptive,0.2729,0.1083,5,0.1083,3,1,0,0
a9fwsde2u1tc1.webp,4,7,8,8,1.0,adaptive,0.3056,0.1542,5,0.1045,1,1,0,1
a9fwsde2u1tc1.webp,4,8,1,1,0.9999,adaptive,0.1832,0.0787,5,0.0787,3,1,0,0
a9fwsde2u1tc1.webp,4,9,9,9,0.9997,adaptive,0.2992,0.162,4,0.1303,0,1,0,1
a9fwsde2u1tc1.webp,5,1,5,5,0.9999,adaptive,0.2981,0.1594,5,0.1594,2,1,0,1
a9fwsde2u1tc1.webp,5,2,9,9,0.9999,adaptive,0.278,0.1639,4,0.1327,0,0,1,1
a9fwsde2u1tc1.webp,5,3,7,7,1.0,adaptive,0.2345,0.1038,2,0.1038,0,0,1,0
a9fwsde2u1tc1.webp,5,4,1,1,0.9981,adaptive,0.2227,0.0848,3,0.0581,0,0,1,0
a9fwsde2u1tc1.webp,5,5,8,8,0.9999,adaptive,0.2688,0.1545,4,0.1035,0,1,0,1
a9fwsde2u1tc1.webp,5,6,3,3,0.9995,adaptive,0.3191,0.1459,2,0.1459,0,1,0,0
a9fwsde2u1tc1.webp,5,7,6,6,1.0,adaptive,0.303,0.1488,3,0.1176,0,1,0,0
a9fwsde2u1tc1.webp,5,8,2,2,1.0,adaptive,0.2456,0.1467,2,0.1467,0,1,0,0
a9fwsde2u1tc1.webp,5,9,4,4,0.9995,adaptive,0.2212,0.1022,5,0.0796,1,0,1,0
a9fwsde2u1tc1.webp,6,1,8,8,0.9994,adaptive,0.315,0.2323,4,0.1011,0,0,0,1
a9fwsde2u1tc1.webp,6,2,1,1,0.9997,adaptive,0.237,0.1536,3,0.0697,0,0,0,0
a9fwsde2u1tc1.webp,6,3,6,6,0.9995,adaptive,0.3067,0.2266,3,0.1221,0,0,0,0
a9fwsde2u1tc1.webp,6,4,2,2,0.995,adaptive,0.3065,0.2268,2,0.1464,0,0,0,0
a9fwsde2u1tc1.webp,6,5,4,4,1.0,adaptive,0.246,0.1095,3,0.0927,0,1,0,0
a9fwsde2u1tc1.webp,6,6,9,9,0.9998,adaptive,0.3484,0.1493,3,0.1185,0,1,0,0
a9fwsde2u1tc1.webp,6,7,5,5,0.9999,adaptive,0.3324,0.1446,2,0.1446,0,1,0,0
a9fwsde2u1tc1.webp,6,8,7,7,0.9999,adaptive,0.2316,0.1063,2,0.1063,0,1,0,0
a9fwsde2u1tc1.webp,6,9,3,3,0.9977,adaptive,0.2776,0.2054,2,0.1361,0,0,0,0
a9fwsde2u1tc1.webp,7,3,1,1,0.9975,adaptive,0.2221,0.09,3,0.061,0,0,1,0
a9fwsde2u1tc1.webp,7,5,9,9,0.9996,adaptive,0.2687,0.1522,3,0.121,0,1,0,0
a9fwsde2u1tc1.webp,7,8,5,5,0.9995,adaptive,0.2569,0.1508,2,0.1508,0,1,0,0
a9fwsde2u1tc1.webp,7,9,2,2,0.9999,adaptive,0.2531,0.1428,3,0.0755,0,0,1,0
a9fwsde2u1tc1.webp,8,3,5,5,0.9982,adaptive,0.277,0.1463,2,0.1463,0,0,1,0
a9fwsde2u1tc1.webp,8,4,4,4,0.9854,adaptive,0.2472,0.1741,3,0.0932,0,0,0,0
a9fwsde2u1tc1.webp,8,5,1,1,0.9975,adaptive,0.1947,0.0877,3,0.0606,0,1,0,0
a9fwsde2u1tc1.webp,8,6,2,2,0.9955,adaptive,0.2958,0.1398,4,0.0733,1,1,0,0
a9fwsde2u1tc1.webp,8,7,9,9,0.9995,adaptive,0.3107,0.1389,7,0.1085,4,1,0,0
a9fwsde2u1tc1.webp,8,9,7,7,0.9856,adaptive,0.2171,0.1002,3,0.0683,0,0,1,0
a9fwsde2u1tc1.webp,9,1,9,9,0.9989,adaptive,0.3417,0.2419,2,0.2132,0,0,0,0
a9fwsde2u1tc1.webp,9,3,2,2,0.9085,adaptive,0.3168,0.2188,2,0.1475,0,0,0,0
a9fwsde2u1tc1.webp,9,4,7,7,0.9983,adaptive,0.2738,0.1822,2,0.098,0,0,0,0
a9fwsde2u1tc1.webp,9,6,5,5,0.992,adaptive,0.323,0.1869,2,0.1412,0,0,0,0
a9fwsde2u1tc1.webp,9,7,1,1,0.9918,adaptive,0.2822,0.1321,4,0.0548,1,0,0,0
ab7m301mbjdc1.webp,1,2,1,1,1.0,adaptive,0.0911,0.0703,1,0.0703,0,0,0,0
ab7m301mbjdc1.webp,1,3,3,3,1.0,adaptive,0.1626,0.1294,1,0.1294,0,0,0,0
ab7m301mbjdc1.webp,1,5,4,4,1.0,adaptive,0.1296,0.1015,2,0.0798,0,0,0,0
ab7m301mbjdc1.webp,1,7,5,5,1.0,adaptive,0.1733,0.1383,1,0.1383,0,0,0,0
ab7m301mbjdc1.webp,1,9,8,8,1.0,adaptive,0.1798,0.1403,3,0.084,0,0,0,1
ab7m301mbjdc1.webp,2,1,2,2,1.0,adaptive,0.1368,0.121,1,0.121,0,0,0,0
ab7m301mbjdc1.webp,2,2,5,5,1.0,adaptive,0.1416,0.1416,1,0.1416,0,0,0,0
ab7m301mbjdc1.webp,2,3,4,4,1.0,adaptive,0.114,0.1011,2,0.0801,0,0,0,0
ab7m301mbjdc1.webp,2,4,8,8,1.0,adaptive,0.1737,0.1465,3,0.0884,0,0,0,1
ab7m301mbjdc1.webp,2,5,6,6,1.0,adaptive,0.1421,0.1421,2,0.1084,0,0,0,0
ab7m301mbjdc1.webp,2,6,3,3,1.0,adaptive,0.1649,0.1361,1,0.1361,0,0,0,0
ab7m301mbjdc1.webp,2,8,9,9,1.0,adaptive,0.1522,0.1522,2,0.1173,0,0,0,0
ab7m301mbjdc1.webp,3,2,8,8,1.0,adaptive,0.1578,0.1459,3,0.088,0,0,0,1
ab7m301mbjdc1.webp,3,3,7,7,1.0,adaptive,0.117,0.0904,1,0.0904,0,0,0,0
ab7m301mbjdc1.webp,3,4,1,1,1.0,adaptive,0.1103,0.0686,1,0.0686,0,0,0,0
ab7m301mbjdc1.webp,3,6,5,5,1.0,adaptive,0.1789,0.1395,1,0.1395,0,0,0,0
ab7m301mbjdc1.webp,4,1,3,3,1.0,adaptive,0.1715,0.1328,1,0.1328,0,0,0,0
ab7m301mbjdc1.webp,4,2,4,4,1.0,adaptive,0.1323,0.1049,2,0.083,0,0,0,0
ab7m301mbjdc1.webp,4,3,5,5,1.0,adaptive,0.162,0.135,1,0.135,0,0,0,0
ab7m301mbjdc1.webp,4,5,8,8,1.0,adaptive,0.1547,0.1422,3,0.0855,0,0,0,1
ab7m301mbjdc1.webp,4,7,9,9,1.0,adaptive,0.1762,0.1392,2,0.1069,0,0,0,0
ab7m301mbjdc1.webp,4,9,6,6,1.0,adaptive,0.1896,0.1401,2,0.1069,0,0,0,0
ab7m301mbjdc1.webp,5,1,7,7,1.0,adaptive,0.1076,0.0925,1,0.0925,0,0,0,0
ab7m301mbjdc1.webp,5,4,4,4,1.0,adaptive,0.1334,0.1036,2,0.0823,0,0,0,0
ab7m301mbjdc1.webp,5,5,3,3,1.0,adaptive,0.1313,0.1313,1,0.1313,0,0,0,0
ab7m301mbjdc1.webp,5,7,8,8,1.0,adaptive,0.1547,0.1427,3,0.085,0,0,0,1
ab7m301mbjdc1.webp,5,8,5,5,1.0,adaptive,0.1529,0.1529,1,0.1529,0,0,0,0
ab7m301mbjdc1.webp,6,1,8,8,1.0,adaptive,0.1824,0.1426,3,0.0858,0,0,0,1
ab7m301mbjdc1.webp,6,4,5,5,1.0,adaptive,0.1938,0.139,1,0.139,0,0,0,0
ab7m301mbjdc1.webp,6,7,4,4,1.0,adaptive,0.145,0.1036,2,0.082,0,0,0,0
ab7m301mbjdc1.webp,6,8,7,7,1.0,adaptive,0.0977,0.0977,1,0.0977,0,0,0,0
ab7m301mbjdc1.webp,6,9,3,3,1.0,adaptive,0.1822,0.1281,1,0.1281,0,0,0,0
ab7m301mbjdc1.webp,7,1,4,4,1.0,adaptive,0.1281,0.1002,2,0.08,0,0,0,0
ab7m301mbjdc1.webp,7,2,7,7,1.0,adaptive,0.1058,0.0909,1,0.0909,0,0,0,0
ab7m301mbjdc1.webp,7,3,9,9,0.9999,adaptive,0.1528,0.1386,2,0.1056,0,0,0,0
ab7m301mbjdc1.webp,7,4,3,3,1.0,adaptive,0.174,0.1323,1,0.1323,0,0,0,0
ab7m301mbjdc1.webp,7,5,1,1,0.9999,adaptive,0.0862,0.0715,1,0.0715,0,0,0,0
ab7m301mbjdc1.webp,7,6,2,2,1.0,adaptive,0.1564,0.1154,1,0.1154,0,0,0,0
ab7m301mbjdc1.webp,7,7,6,6,1.0,adaptive,0.1472,0.1472,2,0.1127,0,0,0,0
ab7m301mbjdc1.webp,7,8,8,8,1.0,adaptive,0.1506,0.1533,3,0.0945,0,0,0,1
ab7m301mbjdc1.webp,7,9,5,5,1.0,adaptive,0.1468,0.1468,1,0.1468,0,0,0,0
ab7m301mbjdc1.webp,8,1,1,1,0.9999,adaptive,0.0907,0.0753,1,0.0753,0,0,0,0
ab7m301mbjdc1.webp,8,2,6,6,1.0,adaptive,0.1426,0.1426,2,0.1095,0,0,0,0
ab7m301mbjdc1.webp,8,3,2,2,1.0,adaptive,0.1242,0.1237,1,0.1237,0,0,0,0
ab7m301mbjdc1.webp,8,4,9,9,1.0,adaptive,0.1671,0.1373,2,0.1047,0,0,0,0
ab7m301mbjdc1.webp,8,5,5,5,1.0,adaptive,0.1451,0.1451,1,0.1451,0,0,0,0
ab7m301mbjdc1.webp,8,6,8,8,1.0,adaptive,0.1682,0.1425,3,0.0859,0,0,0,1
ab7m301mbjdc1.webp,9,1,5,5,1.0,adaptive,0.143,0.143,1,0.143,0,0,0,0
ab7m301mbjdc1.webp,9,2,3,3,1.0,adaptive,0.1436,0.1436,1,0.1436,0,0,0,0
ab7m301mbjdc1.webp,9,3,8,8,1.0,adaptive,0.1484,0.151,3,0.0918,0,0,0,1
ab7m301mbjdc1.webp,9,4,6,6,1.0,adaptive,0.1479,0.1479,2,0.1141,0,0,0,0
ab7m301mbjdc1.webp,9,5,7,7,1.0,adaptive,0.0991,0.0991,1,0.0991,0,0,0,0
ab7m301mbjdc1.webp,9,6,4,4,1.0,adaptive,0.1072,0.1072,2,0.0864,0,0,0,0
ab7m301mbjdc1.webp,9,9,9,9,1.0,adaptive,0.1455,0.1455,2,0.1121,0,0,0,0
abgql6m5k51d1.webp,1,1,8,8,0.9999,adaptive,0.2562,0.1807,1,0.1807,0,0,0,0
abgql6m5k51d1.webp,1,2,0,0,0.992,adaptive,0.0448,0.0,0,0.0,0,0,0,0
abgql6m5k51d1.webp,1,3,0,0,0.992,adaptive,0.0726,0.0,0,0.0,0,0,0,0
abgql6m5k51d1.webp,1,4,0,0,0.992,adaptive,0.0726,0.0,0,0.0,0,0,0,0
abgql6m5k51d1.webp,1,5,5,5,1.0,adaptive,0.2062,0.1556,1,0.1556,0,0,0,0
abgql6m5k51d1.webp,1,6,0,0,0.992,adaptive,0.0728,0.0,0,0.0,0,0,0,0
abgql6m5k51d1.webp,1,7,0,0,0.992,adaptive,0.0586,0.0,0,0.0,0,0,0,0
abgql6m5k51d1.webp,1,8,0,0,0.992,adaptive,0.0448,0.0,0,0.0,0,0,0,0
abgql6m5k51d1.webp,1,9,4,4,1.0,adaptive,0.2116,0.1377,1,0.1377,0,0,0,0
abgql6m5k51d1.webp,2,1,0,0,0.992,adaptive,0.0421,0.0,0,0.0,0,0,0,0
abgql6m5k51d1.webp,2,2,3,3,0.9993,adaptive,0.1697,0.1545,1,0.1545,0,0,0,0
abgql6m5k51d1.webp,2,3,0,0,0.992,adaptive,0.0421,0.0,0,0.0,0,0,0,0
abgql6m5k51d1.webp,2,4,4,4,1.0,adaptive,0.18,0.1379,1,0.1379,0,0,0,0
abgql6m5k51d1.webp,2,5,1,1,0.9159,adaptive,0.1051,0.0911,1,0.0911,0,0,0,0
abgql6m5k51d1.webp,2,6,2,2,0.9987,adaptive,0.1979,0.1551,1,0.1551,0,0,0,0
abgql6m5k51d1.webp,2,7,0,0,0.992,adaptive,0.0276,0.0,0,0.0,0,0,0,0
abgql6m5k51d1.webp,2,8,6,6,0.9935,adaptive,0.1908,0.1761,1,0.1761,0,0,0,0
abgql6m5k51d1.webp,2,9,0,0,0.992,adaptive,0.0427,0.0,0,0.0,0,0,0,0
abgql6m5k51d1.webp,3,1,0,0,0.992,adaptive,0.0443,0.0,0,0.0,0,0,0,0
abgql6m5k51d1.webp,3,2,0,0,0.992,adaptive,0.0154,0.0,0,0.0,0,0,0,0
abgql6m5k51d1.webp,3,3,7,7,0.9998,adaptive,0.1517,0.0918,1,0.0918,0,0,0,0
abgql6m5k51d1.webp,3,4,0,0,0.992,adaptive,0.0443,0.0,0,0.0,0,0,0,0
abgql6m5k51d1.webp,3,5,0,0,0.992,adaptive,0.0149,0.0,0,0.0,0,0,0,0
abgql6m5k51d1.webp,3,6,0,0,0.992,adaptive,0.0443,0.0,0,0.0,0,0,0,0
abgql6m5k51d1.webp,3,7,2,2,0.9995,adaptive,0.1905,0.1542,1,0.1542,0,0,0,0
abgql6m5k51d1.webp,3,8,0,0,0.992,adaptive,0.0154,0.0,0,0.0,0,0,0,0
abgql6m5k51d1.webp,3,9,0,0,0.992,adaptive,0.0439,0.0,0,0.0,0,0,0,0
abgql6m5k51d1.webp,4,1,0,0,0.992,adaptive,0.0588,0.0,0,0.0,0,0,0,0
abgql6m5k51d1.webp,4,2,0,0,0.992,adaptive,0.0299,0.0,0,0.0,0,0,0,0
abgql6m5k51d1.webp,4,3,0,0,0.992,adaptive,0.0695,0.0,0,0.0,0,0,0,0
abgql6m5k51d1.webp,4,4,9,9,0.9998,adaptive,0.2357,0.1715,1,0.1715,0,0,0,0
abgql6m5k51d1.webp,4,5,0,0,0.992,adaptive,0.0299,0.0,0,0.0,0,0,0,0
abgql6m5k51d1.webp,4,6,0,0,0.992,adaptive,0.0588,0.0,0,0.0,0,0,0,0
abgql6m5k51d1.webp,4,7,0,0,0.992,adaptive,0.0439,0.0,0,0.0,0,0,0,0
abgql6m5k51d1.webp,4,8,0,0,0.992,adaptive,0.0299,0.0,0,0.0,0,0,0,0
abgql6m5k51d1.webp,4,9,0,0,0.992,adaptive,0.0588,0.0,0,0.0,0,0,0,0
abgql6m5k51d1.webp,5,1,6,6,0.9877,adaptive,0.2099,0.1698,1,0.1698,0,0,0,0
abgql6m5k51d1.webp,5,2,4,4,1.0,adaptive,0.1449,0.1393,1,0.1393,0,0,0,0
abgql6m5k51d1.webp,5,3,0,0,0.992,adaptive,0.0432,0.0,0,0.0,0,0,0,0
abgql6m5k51d1.webp,5,4,0,0,0.992,adaptive,0.0301,0.0,0,0.0,0,0,0,0
abgql6m5k51d1.webp,5,5,3,3,0.9995,adaptive,0.1623,0.1511,1,0.1511,0,0,0,0
abgql6m5k51d1.webp,5,6,0,0,0.992,adaptive,0.0301,0.0,0,0.0,0,0,0,0
abgql6m5k51d1.webp,5,7,0,0,0.992,adaptive,0.0154,0.0,0,0.0,0,0,0,0
abgql6m5k51d1.webp,5,8,5,5,0.9999,adaptive,0.1708,0.1508,1,0.1508,0,0,0,0
abgql6m5k51d1.webp,5,9,9,9,0.9995,adaptive,0.2103,0.1698,1,0.1698,0,0,0,0
abgql6m5k51d1.webp,6,1,0,0,0.992,adaptive,0.0586,0.0,0,0.0,0,0,0,0
abgql6m5k51d1.webp,6,2,0,0,0.992,adaptive,0.0303,0.0,0,0.0,0,0,0,0
abgql6m5k51d1.webp,6,3,0,0,0.992,adaptive,0.0688,0.0,0,0.0,0,0,0,0
abgql6m5k51d1.webp,6,4,0,0,0.992,adaptive,0.0581,0.0,0,0.0,0,0,0,0
abgql6m5k51d1.webp,6,5,0,0,0.992,adaptive,0.0299,0.0,0,0.0,0,0,0,0
abgql6m5k51d1.webp,6,6,1,1,0.9485,adaptive,0.1417,0.08,1,0.08,0,0,0,0
abgql6m5k51d1.webp,6,7,0,0,0.992,adaptive,0.0441,0.0,0,0.0,0,0,0,0
abgql6m5k51d1.webp,6,8,0,0,0.992,adaptive,0.0303,0.0,0,0.0,0,0,0,0
abgql6m5k51d1.webp,6,9,0,0,0.992,adaptive,0.0584,0.0,0,0.0,0,0,0,0
abgql6m5k51d1.webp,7,1,0,0,0.992,adaptive,0.0586,0.0,0,0.0,0,0,0,0
abgql6m5k51d1.webp,7,2,0,0,0.992,adaptive,0.0301,0.0,0,0.0,0,0,0,0
abgql6m5k51d1.webp,7,3,5,5,0.9999,adaptive,0.2257,0.1452,1,0.1452,0,0,0,0
abgql6m5k51d1.webp,7,4,0,0,0.992,adaptive,0.0581,0.0,0,0.0,0,0,0,0
abgql6m5k51d1.webp,7,5,0,0,0.992,adaptive,0.0299,0.0,0,0.0,0,0,0,0
abgql6m5k51d1.webp,7,6,0,0,0.992,adaptive,0.0586,0.0,0,0.0,0,0,0,0
abgql6m5k51d1.webp,7,7,3,3,0.9994,adaptive,0.1983,0.147,1,0.147,0,0,0,0
abgql6m5k51d1.webp,7,8,0,0,0.992,adaptive,0.0301,0.0,0,0.0,0,0,0,0
abgql6m5k51d1.webp,7,9,0,0,0.992,adaptive,0.0584,0.0,0,0.0,0,0,0,0
abgql6m5k51d1.webp,8,1,0,0,0.992,adaptive,0.0299,0.0,0,0.0,0,0,0,0
abgql6m5k51d1.webp,8,2,8,8,0.9999,adaptive,0.1917,0.1763,1,0.1763,0,0,0,0
abgql6m5k51d1.webp,8,3,0,0,0.992,adaptive,0.0412,0.0,0,0.0,0,0,0,0
abgql6m5k51d1.webp,8,4,1,1,0.9818,adaptive,0.1156,0.0798,1,0.0798,0,0,0,0
abgql6m5k51d1.webp,8,5,7,7,0.9973,adaptive,0.11,0.0781,1,0.0781,0,0,0,0
abgql6m5k51d1.webp,8,6,5,5,0.9999,adaptive,0.1963,0.142,1,0.142,0,0,0,0
abgql6m5k51d1.webp,8,7,0,0,0.992,adaptive,0.0149,0.0,0,0.0,0,0,0,0
abgql6m5k51d1.webp,8,8,9,9,0.9988,adaptive,0.1804,0.1653,1,0.1653,0,0,0,0
abgql6m5k51d1.webp,8,9,0,0,0.992,adaptive,0.0299,0.0,0,0.0,0,0,0,0
abgql6m5k51d1.webp,9,1,9,9,0.9992,adaptive,0.2357,0.1646,1,0.1646,0,0,0,0
abgql6m5k51d1.webp,9,2,0,0,0.992,adaptive,0.0301,0.0,0,0.0,0,0,0,0
abgql6m5k51d1.webp,9,3,0,0,0.992,adaptive,0.0686,0.0,0,0.0,0,0,0,0
abgql6m5k51d1.webp,9,4,0,0,0.992,adaptive,0.0581,0.0,0,0.0,0,0,0,0
abgql6m5k51d1.webp,9,5,6,6,0.9865,adaptive,0.2119,0.1694,1,0.1694,0,0,0,0
abgql6m5k51d1.webp,9,6,0,0,0.992,adaptive,0.0586,0.0,0,0.0,0,0,0,0
abgql6m5k51d1.webp,9,7,0,0,0.992,adaptive,0.0441,0.0,0,0.0,0,0,0,0
abgql6m5k51d1.webp,9,8,0,0,0.992,adaptive,0.0301,0.0,0,0.0,0,0,0,0
abgql6m5k51d1.webp,9,9,8,8,1.0,adaptive,0.2437,0.1722,1,0.1722,0,0,0,0
aga4jujqn1ac1.webp,1,2,9,9,1.0,adaptive,0.2139,0.1004,1,0.1004,0,0,0,0
aga4jujqn1ac1.webp,1,3,2,2,1.0,adaptive,0.2043,0.0791,1,0.0791,0,0,0,0
aga4jujqn1ac1.webp,1,4,8,8,1.0,adaptive,0.2277,0.1005,1,0.1005,0,0,0,0
aga4jujqn1ac1.webp,1,5,7,7,1.0,adaptive,0.1601,0.0599,1,0.0599,0,0,0,0
aga4jujqn1ac1.webp,1,6,6,6,1.0,adaptive,0.2221,0.0967,1,0.0967,0,0,0,0
aga4jujqn1ac1.webp,1,7,3,3,1.0,adaptive,0.2087,0.0829,1,0.0829,0,0,0,0
aga4jujqn1ac1.webp,1,9,1,1,0.9967,adaptive,0.174,0.0466,1,0.0466,0,0,0,0
aga4jujqn1ac1.webp,2,1,1,1,0.9973,adaptive,0.137,0.0529,1,0.0529,0,0,0,0
aga4jujqn1ac1.webp,2,4,9,9,0.9999,adaptive,0.1859,0.1002,1,0.1002,0,0,0,0
aga4jujqn1ac1.webp,2,5,3,3,1.0,adaptive,0.1407,0.0838,1,0.0838,0,0,0,0
aga4jujqn1ac1.webp,2,6,2,2,1.0,adaptive,0.1592,0.0773,1,0.0773,0,0,0,0
aga4jujqn1ac1.webp,2,7,6,6,0.9999,adaptive,0.1827,0.1,1,0.1,0,0,0,0
aga4jujqn1ac1.webp,3,4,4,4,1.0,adaptive,0.182,0.0793,1,0.0793,0,0,0,0
aga4jujqn1ac1.webp,3,5,5,5,1.0,adaptive,0.1633,0.0859,1,0.0859,0,0,0,0
aga4jujqn1ac1.webp,3,6,1,1,0.9968,adaptive,0.1704,0.0521,1,0.0521,0,0,0,0
aga4jujqn1ac1.webp,3,8,2,2,1.0,adaptive,0.1637,0.081,1,0.081,0,0,0,0
aga4jujqn1ac1.webp,4,1,7,7,1.0,adaptive,0.1718,0.0601,1,0.0601,0,0,0,0
aga4jujqn1ac1.webp,4,2,1,1,0.9976,adaptive,0.1515,0.054,1,0.054,0,0,0,0
aga4jujqn1ac1.webp,4,4,3,3,1.0,adaptive,0.1976,0.0835,1,0.0835,0,0,0,0
aga4jujqn1ac1.webp,4,5,9,9,1.0,adaptive,0.1832,0.0991,1,0.0991,0,0,0,0
aga4jujqn1ac1.webp,4,6,8,8,1.0,adaptive,0.1976,0.0991,1,0.0991,0,0,0,0
aga4jujqn1ac1.webp,4,9,2,2,1.0,adaptive,0.192,0.0791,1,0.0791,0,0,0,0
aga4jujqn1ac1.webp,5,5,2,2,1.0,adaptive,0.123,0.079,1,0.079,0,0,0,0
aga4jujqn1ac1.webp,5,6,7,7,1.0,adaptive,0.1493,0.0599,1,0.0599,0,0,0,0
aga4jujqn1ac1.webp,6,1,2,2,1.0,adaptive,0.1789,0.078,1,0.078,0,0,0,0
aga4jujqn1ac1.webp,6,5,4,4,1.0,adaptive,0.1655,0.0819,1,0.0819,0,0,0,0
aga4jujqn1ac1.webp,6,6,5,5,1.0,adaptive,0.1865,0.088,1,0.088,0,0,0,0
aga4jujqn1ac1.webp,6,8,7,7,1.0,adaptive,0.1436,0.0602,1,0.0602,0,0,0,0
aga4jujqn1ac1.webp,6,9,8,8,1.0,adaptive,0.2132,0.1002,1,0.1002,0,0,0,0
aga4jujqn1ac1.webp,7,1,6,6,0.9999,adaptive,0.2047,0.0951,1,0.0951,0,0,0,0
aga4jujqn1ac1.webp,7,2,5,5,1.0,adaptive,0.1861,0.0882,1,0.0882,0,0,0,0
aga4jujqn1ac1.webp,7,3,1,1,0.9976,adaptive,0.1539,0.0457,1,0.0457,0,0,0,0
aga4jujqn1ac1.webp,7,4,7,7,1.0,adaptive,0.1682,0.0579,1,0.0579,0,0,0,0
aga4jujqn1ac1.webp,7,5,8,8,1.0,adaptive,0.1793,0.1022,1,0.1022,0,0,0,0
aga4jujqn1ac1.webp,7,6,9,9,1.0,adaptive,0.1954,0.096,1,0.096,0,0,0,0
aga4jujqn1ac1.webp,7,7,2,2,1.0,adaptive,0.1853,0.0764,1,0.0764,0,0,0,0
aga4jujqn1ac1.webp,8,3,7,7,1.0,adaptive,0.1445,0.0613,1,0.0613,0,0,0,0
aga4jujqn1ac1.webp,8,5,1,1,0.9981,adaptive,0.109,0.0526,1,0.0526,0,0,0,0
aga4jujqn1ac1.webp,8,6,4,4,1.0,adaptive,0.1673,0.0821,1,0.0821,0,0,0,0
aga4jujqn1ac1.webp,8,9,6,6,1.0,adaptive,0.1848,0.0995,1,0.0995,0,0,0,0
aga4jujqn1ac1.webp,9,3,8,8,1.0,adaptive,0.2107,0.1005,1,0.1005,0,0,0,0
aga4jujqn1ac1.webp,9,5,6,6,0.9999,adaptive,0.1845,0.0993,1,0.0993,0,0,0,0
aga4jujqn1ac1.webp,9,6,3,3,1.0,adaptive,0.2049,0.0844,1,0.0844,0,0,0,0
aga4jujqn1ac1.webp,9,7,7,7,1.0,adaptive,0.1718,0.0597,1,0.0597,0,0,0,0
aga4jujqn1ac1.webp,9,8,1,1,0.9954,adaptive,0.1386,0.0543,1,0.0543,0,0,0,0
aj2j0c95edhc1.jpeg,1,1,0,0,0.992,adaptive,0.1366,0.0,0,0.0,0,0,0,0
aj2j0c95edhc1.jpeg,1,2,0,0,0.992,adaptive,0.1104,0.0,0,0.0,0,0,0,0
aj2j0c95edhc1.jpeg,1,3,9,9,1.0,adaptive,0.217,0.0924,1,0.0924,0,0,0,0
aj2j0c95edhc1.jpeg,1,4,3,3,1.0,adaptive,0.2203,0.084,1,0.084,0,0,0,0
aj2j0c95edhc1.jpeg,1,5,5,5,1.0,adaptive,0.185,0.0873,1,0.0873,0,0,0,0
aj2j0c95edhc1.jpeg,1,6,0,0,0.992,adaptive,0.1366,0.0,0,0.0,0,0,0,0
aj2j0c95edhc1.jpeg,1,7,4,4,1.0,adaptive,0.2081,0.0711,1,0.0711,0,0,0,0
aj2j0c95edhc1.jpeg,1,8,8,8,1.0,adaptive,0.206,0.0948,1,0.0948,0,0,0,0
aj2j0c95edhc1.jpeg,1,9,0,0,0.992,adaptive,0.1339,0.0,0,0.0,0,0,0,0
aj2j0c95edhc1.jpeg,2,1,0,0,0.992,adaptive,0.1131,0.0,0,0.0,0,0,0,0
aj2j0c95edhc1.jpeg,2,2,7,7,1.0,adaptive,0.1465,0.0618,1,0.0618,0,0,0,0
aj2j0c95edhc1.jpeg,2,3,0,0,0.992,adaptive,0.1002,0.0,0,0.0,0,0,0,0
aj2j0c95edhc1.jpeg,2,4,0,0,0.992,adaptive,0.1142,0.0,0,0.0,0,0,0,0
aj2j0c95edhc1.jpeg,2,5,9,9,1.0,adaptive,0.1667,0.0934,1,0.0934,0,0,0,0
aj2j0c95edhc1.jpeg,2,6,0,0,0.992,adaptive,0.114,0.0,0,0.0,0,0,0,0
aj2j0c95edhc1.jpeg,2,7,0,0,0.992,adaptive,0.1137,0.0,0,0.0,0,0,0,0
aj2j0c95edhc1.jpeg,2,8,0,0,0.992,adaptive,0.0875,0.0,0,0.0,0,0,0,0
aj2j0c95edhc1.jpeg,2,9,0,0,0.992,adaptive,0.1135,0.0,0,0.0,0,0,0,0
aj2j0c95edhc1.jpeg,3,1,6,6,0.9999,adaptive,0.2326,0.094,1,0.094,0,0,0,0
aj2j0c95edhc1.jpeg,3,2,0,0,0.992,adaptive,0.1113,0.0,0,0.0,0,0,0,0
aj2j0c95edhc1.jpeg,3,3,0,0,0.992,adaptive,0.127,0.0,0,0.0,0,0,0,0
aj2j0c95edhc1.jpeg,3,4,0,0,0.992,adaptive,0.1401,0.0,0,0.0,0,0,0,0
aj2j0c95edhc1.jpeg,3,5,0,0,0.992,adaptive,0.0995,0.0,0,0.0,0,0,0,0
aj2j0c95edhc1.jpeg,3,6,0,0,0.992,adaptive,0.1395,0.0,0,0.0,0,0,0,0
aj2j0c95edhc1.jpeg,3,7,0,0,0.992,adaptive,0.139,0.0,0,0.0,0,0,0,0
aj2j0c95edhc1.jpeg,3,8,0,0,0.992,adaptive,0.1137,0.0,0,0.0,0,0,0,0
aj2j0c95edhc1.jpeg,3,9,0,0,0.992,adaptive,0.1381,0.0,0,0.0,0,0,0,0
aj2j0c95edhc1.jpeg,4,1,5,5,1.0,adaptive,0.2261,0.0858,1,0.0858,0,0,0,0
aj2j0c95edhc1.jpeg,4,2,0,0,0.992,adaptive,0.1119,0.0,0,0.0,0,0,0,0
aj2j0c95edhc1.jpeg,4,3,4,4,1.0,adaptive,0.1996,0.0706,1,0.0706,0,0,0,0
aj2j0c95edhc1.jpeg,4,4,7,7,1.0,adaptive,0.2014,0.0601,1,0.0601,0,0,0,0
aj2j0c95edhc1.jpeg,4,5,0,0,0.992,adaptive,0.1015,0.0,0,0.0,0,0,0,0
aj2j0c95edhc1.jpeg,4,6,0,0,0.992,adaptive,0.1401,0.0,0,0.0,0,0,0,0
aj2j0c95edhc1.jpeg,4,7,0,0,0.992,adaptive,0.141,0.0,0,0.0,0,0,0,0
aj2j0c95edhc1.jpeg,4,8,6,6,0.9996,adaptive,0.2076,0.092,1,0.092,0,0,0,0
aj2j0c95edhc1.jpeg,4,9,8,8,1.0,adaptive,0.231,0.0936,1,0.0936,0,0,0,0
aj2j0c95edhc1.jpeg,5,1,0,0,0.992,adaptive,0.1004,0.0,0,0.0,0,0,0,0
aj2j0c95edhc1.jpeg,5,2,0,0,0.992,adaptive,0.0709,0.0,0,0.0,0,0,0,0
aj2j0c95edhc1.jpeg,5,3,0,0,0.992,adaptive,0.0873,0.0,0,0.0,0,0,0,0
aj2j0c95edhc1.jpeg,5,4,0,0,0.992,adaptive,0.1013,0.0,0,0.0,0,0,0,0
aj2j0c95edhc1.jpeg,5,5,4,4,1.0,adaptive,0.1318,0.0728,1,0.0728,0,0,0,0
aj2j0c95edhc1.jpeg,5,6,0,0,0.992,adaptive,0.1009,0.0,0,0.0,0,0,0,0
aj2j0c95edhc1.jpeg,5,7,0,0,0.992,adaptive,0.1009,0.0,0,0.0,0,0,0,0
aj2j0c95edhc1.jpeg,5,8,0,0,0.992,adaptive,0.0739,0.0,0,0.0,0,0,0,0
aj2j0c95edhc1.jpeg,5,9,0,0,0.992,adaptive,0.0993,0.0,0,0.0,0,0,0,0
aj2j0c95edhc1.jpeg,6,1,3,3,1.0,adaptive,0.2232,0.0831,1,0.0831,0,0,0,0
aj2j0c95edhc1.jpeg,6,2,9,9,1.0,adaptive,0.204,0.0932,1,0.0932,0,0,0,0
aj2j0c95edhc1.jpeg,6,3,0,0,0.992,adaptive,0.1285,0.0,0,0.0,0,0,0,0
aj2j0c95edhc1.jpeg,6,4,0,0,0.992,adaptive,0.141,0.0,0,0.0,0,0,0,0
aj2j0c95edhc1.jpeg,6,5,0,0,0.992,adaptive,0.1013,0.0,0,0.0,0,0,0,0
aj2j0c95edhc1.jpeg,6,6,8,8,1.0,adaptive,0.2359,0.0958,1,0.0958,0,0,0,0
aj2j0c95edhc1.jpeg,6,7,1,1,0.997,adaptive,0.1891,0.0483,1,0.0483,0,0,0,0
aj2j0c95edhc1.jpeg,6,8,0,0,0.992,adaptive,0.1153,0.0,0,0.0,0,0,0,0
aj2j0c95edhc1.jpeg,6,9,5,5,1.0,adaptive,0.2205,0.0826,1,0.0826,0,0,0,0
aj2j0c95edhc1.jpeg,7,1,0,0,0.992,adaptive,0.1388,0.0,0,0.0,0,0,0,0
aj2j0c95edhc1.jpeg,7,2,0,0,0.992,adaptive,0.1117,0.0,0,0.0,0,0,0,0
aj2j0c95edhc1.jpeg,7,3,0,0,0.992,adaptive,0.1268,0.0,0,0.0,0,0,0,0
aj2j0c95edhc1.jpeg,7,4,0,0,0.992,adaptive,0.1406,0.0,0,0.0,0,0,0,0
aj2j0c95edhc1.jpeg,7,5,0,0,0.992,adaptive,0.1002,0.0,0,0.0,0,0,0,0
aj2j0c95edhc1.jpeg,7,6,0,0,0.992,adaptive,0.1397,0.0,0,0.0,0,0,0,0
aj2j0c95edhc1.jpeg,7,7,0,0,0.992,adaptive,0.1392,0.0,0,0.0,0,0,0,0
aj2j0c95edhc1.jpeg,7,8,0,0,0.992,adaptive,0.1137,0.0,0,0.0,0,0,0,0
aj2j0c95edhc1.jpeg,7,9,1,1,0.9981,adaptive,0.1865,0.049,1,0.049,0,0,0,0
aj2j0c95edhc1.jpeg,8,1,0,0,0.992,adaptive,0.1131,0.0,0,0.0,0,0,0,0
aj2j0c95edhc1.jpeg,8,2,0,0,0.992,adaptive,0.0843,0.0,0,0.0,0,0,0,0
aj2j0c95edhc1.jpeg,8,3,0,0,0.992,adaptive,0.1002,0.0,0,0.0,0,0,0,0
aj2j0c95edhc1.jpeg,8,4,0,0,0.992,adaptive,0.1144,0.0,0,0.0,0,0,0,0
aj2j0c95edhc1.jpeg,8,5,1,1,0.9979,adaptive,0.1224,0.0491,1,0.0491,0,0,0,0
aj2j0c95edhc1.jpeg,8,6,0,0,0.992,adaptive,0.1144,0.0,0,0.0,0,0,0,0
aj2j0c95edhc1.jpeg,8,7,0,0,0.992,adaptive,0.1144,0.0,0,0.0,0,0,0,0
aj2j0c95edhc1.jpeg,8,8,5,5,1.0,adaptive,0.1719,0.0843,1,0.0843,0,0,0,0
aj2j0c95edhc1.jpeg,8,9,0,0,0.992,adaptive,0.1135,0.0,0,0.0,0,0,0,0
aj2j0c95edhc1.jpeg,9,1,0,0,0.992,adaptive,0.1381,0.0,0,0.0,0,0,0,0
aj2j0c95edhc1.jpeg,9,2,5,5,1.0,adaptive,0.1949,0.085,1,0.085,0,0,0,0
aj2j0c95edhc1.jpeg,9,3,3,3,1.0,adaptive,0.2067,0.0818,1,0.0818,0,0,0,0
aj2j0c95edhc1.jpeg,9,4,0,0,0.992,adaptive,0.1383,0.0,0,0.0,0,0,0,0
aj2j0c95edhc1.jpeg,9,5,6,6,1.0,adaptive,0.1913,0.0932,1,0.0932,0,0,0,0
aj2j0c95edhc1.jpeg,9,6,9,9,1.0,adaptive,0.2303,0.092,1,0.092,0,0,0,0
aj2j0c95edhc1.jpeg,9,7,2,2,1.0,adaptive,0.2199,0.0829,1,0.0829,0,0,0,0
aj2j0c95edhc1.jpeg,9,8,0,0,0.992,adaptive,0.1115,0.0,0,0.0,0,0,0,0
aj2j0c95edhc1.jpeg,9,9,0,0,0.992,adaptive,0.1381,0.0,0,0.0,0,0,0,0
am00057hvgzc1.webp,1,1,9,9,1.0,adaptive,0.1664,0.0809,1,0.0809,0,0,0,0
am00057hvgzc1.webp,1,4,1,1,0.9973,adaptive,0.0976,0.0401,1,0.0401,0,0,0,0
am00057hvgzc1.webp,1,5,5,5,1.0,adaptive,0.1366,0.0787,1,0.0787,0,0,0,0
am00057hvgzc1.webp,1,8,3,3,1.0,adaptive,0.1201,0.0767,1,0.0767,0,0,0,0
am00057hvgzc1.webp,2,1,1,1,0.9992,adaptive,0.0979,0.0382,1,0.0382,0,0,0,0
am00057hvgzc1.webp,2,3,5,5,1.0,adaptive,0.1377,0.078,1,0.078,0,0,0,0
am00057hvgzc1.webp,2,8,4,4,1.0,adaptive,0.1187,0.0758,1,0.0758,0,0,0,0
am00057hvgzc1.webp,3,1,3,3,1.0,adaptive,0.1597,0.0695,1,0.0695,0,0,0,0
am00057hvgzc1.webp,3,4,2,2,1.0,adaptive,0.1288,0.0677,1,0.0677,0,0,0,0
am00057hvgzc1.webp,3,6,9,9,0.9998,adaptive,0.1686,0.0838,1,0.0838,0,0,0,0
am00057hvgzc1.webp,3,7,6,6,0.9989,adaptive,0.1548,0.088,1,0.088,0,0,0,0
am00057hvgzc1.webp,3,8,5,5,1.0,adaptive,0.1196,0.0857,1,0.0857,0,0,0,0
am00057hvgzc1.webp,4,1,7,7,1.0,adaptive,0.135,0.0492,1,0.0492,0,0,0,0
am00057hvgzc1.webp,4,2,5,5,1.0,adaptive,0.1504,0.0773,1,0.0773,0,0,0,0
am00057hvgzc1.webp,4,3,3,3,1.0,adaptive,0.1758,0.0717,1,0.0717,0,0,0,0
am00057hvgzc1.webp,4,8,1,1,0.9561,adaptive,0.0979,0.0425,2,0.0425,0,1,0,0
am00057hvgzc1.webp,5,2,1,1,0.9984,adaptive,0.104,0.0404,1,0.0404,0,0,0,0
am00057hvgzc1.webp,5,5,6,6,0.9997,adaptive,0.1501,0.0879,1,0.0879,0,0,0,0
am00057hvgzc1.webp,5,6,3,3,1.0,adaptive,0.1644,0.0776,2,0.0776,0,1,0,0
am00057hvgzc1.webp,5,9,5,5,1.0,adaptive,0.1649,0.0715,3,0.0654,0,1,0,0
am00057hvgzc1.webp,6,2,9,9,1.0,adaptive,0.1298,0.0819,1,0.0819,0,0,0,0
am00057hvgzc1.webp,6,4,5,5,1.0,adaptive,0.1444,0.0795,2,0.0795,1,0,0,0
am00057hvgzc1.webp,6,5,7,7,1.0,adaptive,0.1228,0.0534,2,0.0534,0,1,0,0
am00057hvgzc1.webp,6,6,1,1,0.7769,adaptive,0.1176,0.0388,2,0.0388,0,1,0,0
am00057hvgzc1.webp,7,4,4,4,1.0,adaptive,0.1501,0.0715,2,0.0715,0,1,0,0
am00057hvgzc1.webp,7,5,9,9,1.0,adaptive,0.1764,0.0823,2,0.0823,0,1,0,0
am00057hvgzc1.webp,7,6,5,5,1.0,adaptive,0.1856,0.0699,3,0.0626,0,1,0,0
am00057hvgzc1.webp,8,1,5,5,1.0,adaptive,0.1443,0.0787,1,0.0787,0,0,0,0
am00057hvgzc1.webp,8,2,3,3,1.0,adaptive,0.1368,0.0744,1,0.0744,0,0,0,0
am00057hvgzc1.webp,8,3,1,1,0.9978,adaptive,0.1284,0.0466,2,0.0409,0,0,0,0
am00057hvgzc1.webp,8,4,7,7,1.0,adaptive,0.1149,0.0502,2,0.0502,0,1,0,0
am00057hvgzc1.webp,8,5,2,7,0.9956,adaptive,0.1331,0.0487,2,0.0487,0,1,0,0
am00057hvgzc1.webp,8,9,4,1,0.715,adaptive,0.1635,0.054,4,0.0357,0,1,0,0
am00057hvgzc1.webp,9,2,4,4,1.0,adaptive,0.14,0.0681,2,0.0681,1,0,0,0
am00057hvgzc1.webp,9,3,9,9,0.9999,adaptive,0.1633,0.0802,2,0.0802,0,1,0,0
am00057hvgzc1.webp,9,5,1,1,0.629,adaptive,0.1038,0.0351,2,0.0351,0,1,0,0
am00057hvgzc1.webp,9,7,5,5,0.9973,adaptive,0.1555,0.0786,4,0.0546,0,1,0,0
anlay4elcnkc1.png,1,2,8,8,1.0,adaptive,0.1563,0.055,1,0.055,0,0,0,0
anlay4elcnkc1.png,1,4,1,1,0.9998,adaptive,0.1439,0.0314,1,0.0314,0,0,0,0
anlay4elcnkc1.png,1,9,7,7,1.0,adaptive,0.1386,0.033,1,0.033,0,0,0,0
anlay4elcnkc1.png,2,4,5,5,1.0,adaptive,0.1402,0.0479,1,0.0479,0,0,0,0
anlay4elcnkc1.png,2,8,2,2,1.0,adaptive,0.1159,0.0434,1,0.0434,0,0,0,0
anlay4elcnkc1.png,2,9,6,6,0.9937,adaptive,0.1379,0.0509,1,0.0509,0,0,0,0
anlay4elcnkc1.png,3,3,2,2,1.0,adaptive,0.1323,0.0434,1,0.0434,0,0,0,0
anlay4elcnkc1.png,3,4,7,7,1.0,adaptive,0.1183,0.0334,1,0.0334,0,0,0,0
anlay4elcnkc1.png,3,6,4,4,0.9999,adaptive,0.1415,0.0434,1,0.0434,0,0,0,0
anlay4elcnkc1.png,3,9,3,3,1.0,adaptive,0.143,0.0428,1,0.0428,0,0,0,0
anlay4elcnkc1.png,4,6,1,1,0.9986,adaptive,0.1314,0.0327,1,0.0327,0,0,0,0
anlay4elcnkc1.png,4,9,4,4,0.9998,adaptive,0.1573,0.0419,1,0.0419,0,0,0,0
anlay4elcnkc1.png,5,1,1,1,0.9999,adaptive,0.1085,0.0328,1,0.0328,0,0,0,0
anlay4elcnkc1.png,5,5,4,4,1.0,adaptive,0.1047,0.0459,1,0.0459,0,0,0,0
anlay4elcnkc1.png,6,3,4,4,1.0,adaptive,0.1272,0.0419,1,0.0419,0,0,0,0
anlay4elcnkc1.png,6,4,2,2,1.0,adaptive,0.1274,0.0428,1,0.0428,0,0,0,0
anlay4elcnkc1.png,7,3,3,3,1.0,adaptive,0.1283,0.0423,1,0.0423,0,0,0,0
anlay4elcnkc1.png,7,4,9,9,1.0,adaptive,0.135,0.0497,1,0.0497,0,0,0,0
anlay4elcnkc1.png,7,5,1,1,0.9999,adaptive,0.1185,0.0351,1,0.0351,0,0,0,0
anlay4elcnkc1.png,7,6,5,5,1.0,adaptive,0.1328,0.0474,1,0.0474,0,0,0,0
anlay4elcnkc1.png,7,7,6,6,0.9803,adaptive,0.1504,0.0503,1,0.0503,0,0,0,0
anlay4elcnkc1.png,7,8,7,7,1.0,adaptive,0.1208,0.0335,1,0.0335,0,0,0,0
anlay4elcnkc1.png,7,9,8,8,1.0,adaptive,0.1542,0.0548,1,0.0548,0,0,0,0
anlay4elcnkc1.png,8,1,7,7,1.0,adaptive,0.1239,0.0364,1,0.0364,0,0,0,0
anlay4elcnkc1.png,8,2,9,9,0.9999,adaptive,0.1185,0.05,1,0.05,0,0,0,0
anlay4elcnkc1.png,8,3,1,1,0.9998,adaptive,0.1217,0.033,1,0.033,0,0,0,0
anlay4elcnkc1.png,8,6,3,3,1.0,adaptive,0.1275,0.0443,1,0.0443,0,0,0,0
anlay4elcnkc1.png,9,1,8,8,1.0,adaptive,0.1738,0.0539,1,0.0539,0,0,0,0
anlay4elcnkc1.png,9,2,6,6,0.9922,adaptive,0.1594,0.0507,1,0.0507,0,0,0,0
anlay4elcnkc1.png,9,3,5,5,1.0,adaptive,0.1586,0.047,1,0.047,0,0,0,0
anlay4elcnkc1.png,9,4,4,4,0.9999,adaptive,0.1428,0.0417,1,0.0417,0,0,0,0
anlay4elcnkc1.png,9,7,9,9,1.0,adaptive,0.1635,0.0492,1,0.0492,0,0,0,0
anlay4elcnkc1.png,9,8,3,3,1.0,adaptive,0.1303,0.0432,1,0.0432,0,0,0,0
anlay4elcnkc1.png,9,9,1,1,0.9994,adaptive,0.139,0.0334,1,0.0334,0,0,0,0
aoxt3c2nyouc1.webp,1,3,5,5,1.0,adaptive,0.2219,0.0831,2,0.0831,0,1,0,0
aoxt3c2nyouc1.webp,1,4,6,6,1.0,adaptive,0.2241,0.086,2,0.086,0,1,0,0
aoxt3c2nyouc1.webp,1,5,3,3,1.0,adaptive,0.2185,0.0794,2,0.0794,0,1,0,0
aoxt3c2nyouc1.webp,1,7,9,9,0.9999,adaptive,0.2237,0.0847,2,0.0847,0,1,0,0
aoxt3c2nyouc1.webp,2,3,8,8,1.0,adaptive,0.1918,0.0914,1,0.0914,0,0,0,0
aoxt3c2nyouc1.webp,2,5,5,5,1.0,adaptive,0.1857,0.0854,1,0.0854,0,0,0,0
aoxt3c2nyouc1.webp,2,6,1,1,1.0,adaptive,0.1569,0.0568,1,0.0568,0,0,0,0
aoxt3c2nyouc1.webp,2,7,3,3,1.0,adaptive,0.1762,0.0764,1,0.0764,0,0,0,0
aoxt3c2nyouc1.webp,2,9,4,4,1.0,adaptive,0.1992,0.0721,2,0.0721,0,1,0,0
aoxt3c2nyouc1.webp,3,1,2,2,1.0,adaptive,0.2272,0.0786,2,0.0786,0,1,0,0
aoxt3c2nyouc1.webp,3,2,3,3,1.0,adaptive,0.1771,0.0773,1,0.0773,0,0,0,0
aoxt3c2nyouc1.webp,3,3,1,1,0.9999,adaptive,0.1702,0.0581,1,0.0581,0,0,0,0
aoxt3c2nyouc1.webp,3,4,9,9,1.0,adaptive,0.196,0.0847,1,0.0847,0,0,0,0
aoxt3c2nyouc1.webp,3,5,4,4,1.0,adaptive,0.185,0.0706,1,0.0706,0,0,0,0
aoxt3c2nyouc1.webp,3,7,6,6,0.9998,adaptive,0.1967,0.0844,1,0.0844,0,0,0,0
aoxt3c2nyouc1.webp,3,9,5,5,1.0,adaptive,0.2176,0.0798,2,0.0798,0,1,0,0
aoxt3c2nyouc1.webp,4,5,9,9,0.9999,adaptive,0.1976,0.0864,1,0.0864,0,0,0,0
aoxt3c2nyouc1.webp,4,7,8,8,1.0,adaptive,0.2029,0.0884,1,0.0884,0,0,0,0
aoxt3c2nyouc1.webp,4,8,5,5,1.0,adaptive,0.1692,0.0821,1,0.0821,0,0,0,0
aoxt3c2nyouc1.webp,5,1,8,8,1.0,adaptive,0.2311,0.0923,2,0.0923,0,1,0,0
aoxt3c2nyouc1.webp,5,2,5,5,1.0,adaptive,0.1853,0.0847,1,0.0847,0,0,0,0
aoxt3c2nyouc1.webp,5,3,9,9,0.9999,adaptive,0.2006,0.0866,1,0.0866,0,0,0,0
aoxt3c2nyouc1.webp,5,4,4,4,1.0,adaptive,0.1857,0.073,1,0.073,0,0,0,0
aoxt3c2nyouc1.webp,5,5,1,1,0.9999,adaptive,0.1703,0.0588,1,0.0588,0,0,0,0
aoxt3c2nyouc1.webp,5,7,2,2,1.0,adaptive,0.2028,0.0764,1,0.0764,0,0,0,0
aoxt3c2nyouc1.webp,5,9,6,6,0.9999,adaptive,0.2117,0.0864,1,0.0864,0,0,0,0
aoxt3c2nyouc1.webp,6,4,8,8,1.0,adaptive,0.2,0.0891,1,0.0891,0,0,0,0
aoxt3c2nyouc1.webp,6,5,6,6,0.9999,adaptive,0.199,0.0864,1,0.0864,0,0,0,0
aoxt3c2nyouc1.webp,6,6,5,5,1.0,adaptive,0.1798,0.0829,1,0.0829,0,0,0,0
aoxt3c2nyouc1.webp,6,7,4,4,1.0,adaptive,0.1958,0.0744,1,0.0744,0,0,0,0
aoxt3c2nyouc1.webp,7,1,5,5,1.0,adaptive,0.2201,0.0811,2,0.0811,0,1,0,0
aoxt3c2nyouc1.webp,7,5,2,2,1.0,adaptive,0.2047,0.0798,1,0.0798,0,0,0,0
aoxt3c2nyouc1.webp,7,6,4,4,1.0,adaptive,0.168,0.0699,1,0.0699,0,0,0,0
aoxt3c2nyouc1.webp,7,7,7,7,1.0,adaptive,0.1862,0.061,1,0.061,0,0,0,0
aoxt3c2nyouc1.webp,7,9,8,8,1.0,adaptive,0.2143,0.09,1,0.09,0,0,0,0
aoxt3c2nyouc1.webp,8,2,8,8,1.0,adaptive,0.1529,0.093,1,0.093,0,0,0,0
aoxt3c2nyouc1.webp,8,4,5,5,1.0,adaptive,0.1529,0.0798,1,0.0798,0,0,0,0
aoxt3c2nyouc1.webp,8,5,7,7,1.0,adaptive,0.1488,0.0618,1,0.0618,0,0,0,0
aoxt3c2nyouc1.webp,8,6,9,9,1.0,adaptive,0.1825,0.0862,1,0.0862,0,0,0,0
aoxt3c2nyouc1.webp,8,7,1,1,1.0,adaptive,0.1592,0.0565,1,0.0565,0,0,0,0
aoxt3c2nyouc1.webp,8,9,3,3,1.0,adaptive,0.1796,0.0791,1,0.0791,0,0,0,0
aoxt3c2nyouc1.webp,9,5,8,8,1.0,adaptive,0.2234,0.0916,2,0.0916,0,1,0,0
aoxt3c2nyouc1.webp,9,6,6,6,0.9999,adaptive,0.1978,0.0847,2,0.0847,0,1,0,0
aoxt3c2nyouc1.webp,9,7,5,5,1.0,adaptive,0.2326,0.0813,2,0.0813,0,1,0,0
aoxt3c2nyouc1.webp,9,8,4,4,1.0,adaptive,0.2017,0.0749,2,0.0749,0,1,0,0
asbd08y85dcc1.webp,1,1,0,0,0.992,adaptive,0.1321,0.0,0,0.0,0,0,0,0
asbd08y85dcc1.webp,1,2,0,0,0.992,adaptive,0.1137,0.0,0,0.0,0,0,0,0
asbd08y85dcc1.webp,1,3,0,0,0.992,adaptive,0.1256,0.0,0,0.0,0,0,0,0
asbd08y85dcc1.webp,1,4,1,1,1.0,adaptive,0.1764,0.0584,1,0.0584,0,0,0,0
asbd08y85dcc1.webp,1,5,5,5,1.0,adaptive,0.1857,0.085,1,0.085,0,0,0,0
asbd08y85dcc1.webp,1,6,0,0,0.992,adaptive,0.1167,0.0,0,0.0,0,0,0,0
asbd08y85dcc1.webp,1,7,0,0,0.992,adaptive,0.1254,0.0,0,0.0,0,0,0,0
asbd08y85dcc1.webp,1,8,0,0,0.992,adaptive,0.1128,0.0,0,0.0,0,0,0,0
asbd08y85dcc1.webp,1,9,6,6,0.9999,adaptive,0.2274,0.0878,1,0.0878,0,0,0,0
asbd08y85dcc1.webp,2,1,0,0,0.992,adaptive,0.1178,0.0,0,0.0,0,0,0,0
asbd08y85dcc1.webp,2,2,0,0,0.992,adaptive,0.0817,0.0,0,0.0,0,0,0,0
asbd08y85dcc1.webp,2,3,0,0,0.992,adaptive,0.0816,0.0,0,0.0,0,0,0,0
asbd08y85dcc1.webp,2,4,0,0,0.992,adaptive,0.0859,0.0,0,0.0,0,0,0,0
asbd08y85dcc1.webp,2,5,0,0,0.992,adaptive,0.0817,0.0,0,0.0,0,0,0,0
asbd08y85dcc1.webp,2,6,8,8,1.0,adaptive,0.1735,0.0948,1,0.0948,0,0,0,0
asbd08y85dcc1.webp,2,7,0,0,0.992,adaptive,0.0884,0.0,0,0.0,0,0,0,0
asbd08y85dcc1.webp,2,8,3,3,1.0,adaptive,0.1639,0.0824,1,0.0824,0,0,0,0
asbd08y85dcc1.webp,2,9,0,0,0.992,adaptive,0.0945,0.0,0,0.0,0,0,0,0
asbd08y85dcc1.webp,3,1,5,5,1.0,adaptive,0.2101,0.0838,1,0.0838,0,0,0,0
asbd08y85dcc1.webp,3,2,0,0,0.992,adaptive,0.0866,0.0,0,0.0,0,0,0,0
asbd08y85dcc1.webp,3,3,0,0,0.992,adaptive,0.0967,0.0,0,0.0,0,0,0,0
asbd08y85dcc1.webp,3,4,0,0,0.992,adaptive,0.1107,0.0,0,0.0,0,0,0,0
asbd08y85dcc1.webp,3,5,0,0,0.992,adaptive,0.0981,0.0,0,0.0,0,0,0,0
asbd08y85dcc1.webp,3,6,0,0,0.992,adaptive,0.1116,0.0,0,0.0,0,0,0,0
asbd08y85dcc1.webp,3,7,4,4,1.0,adaptive,0.1793,0.0762,1,0.0762,0,0,0,0
asbd08y85dcc1.webp,3,8,0,0,0.992,adaptive,0.0979,0.0,0,0.0,0,0,0,0
asbd08y85dcc1.webp,3,9,0,0,0.992,adaptive,0.1138,0.0,0,0.0,0,0,0,0
asbd08y85dcc1.webp,4,1,0,0,0.992,adaptive,0.1254,0.0,0,0.0,0,0,0,0
asbd08y85dcc1.webp,4,2,1,1,1.0,adaptive,0.1522,0.0592,1,0.0592,0,0,0,0
asbd08y85dcc1.webp,4,3,0,0,0.992,adaptive,0.0971,0.0,0,0.0,0,0,0,0
asbd08y85dcc1.webp,4,4,0,0,0.992,adaptive,0.0987,0.0,0,0.0,0,0,0,0
asbd08y85dcc1.webp,4,5,0,0,0.992,adaptive,0.0988,0.0,0,0.0,0,0,0,0
asbd08y85dcc1.webp,4,6,0,0,0.992,adaptive,0.1121,0.0,0,0.0,0,0,0,0
asbd08y85dcc1.webp,4,7,0,0,0.992,adaptive,0.1232,0.0,0,0.0,0,0,0,0
asbd08y85dcc1.webp,4,8,0,0,0.992,adaptive,0.0882,0.0,0,0.0,0,0,0,0
asbd08y85dcc1.webp,4,9,4,4,1.0,adaptive,0.1842,0.0726,1,0.0726,0,0,0,0
asbd08y85dcc1.webp,5,1,0,0,0.992,adaptive,0.1122,0.0,0,0.0,0,0,0,0
asbd08y85dcc1.webp,5,2,0,0,0.992,adaptive,0.0859,0.0,0,0.0,0,0,0,0
asbd08y85dcc1.webp,5,3,0,0,0.992,adaptive,0.0862,0.0,0,0.0,0,0,0,0
asbd08y85dcc1.webp,5,4,0,0,0.992,adaptive,0.104,0.0,0,0.0,0,0,0,0
asbd08y85dcc1.webp,5,5,0,0,0.992,adaptive,0.1081,0.0,0,0.0,0,0,0,0
asbd08y85dcc1.webp,5,6,7,7,1.0,adaptive,0.1578,0.0617,1,0.0617,0,0,0,0
asbd08y85dcc1.webp,5,7,0,0,0.992,adaptive,0.109,0.0,0,0.0,0,0,0,0
asbd08y85dcc1.webp,5,8,0,0,0.992,adaptive,0.0978,0.0,0,0.0,0,0,0,0
asbd08y85dcc1.webp,5,9,0,0,0.992,adaptive,0.1228,0.0,0,0.0,0,0,0,0
asbd08y85dcc1.webp,6,1,0,0,0.992,adaptive,0.1241,0.0,0,0.0,0,0,0,0
asbd08y85dcc1.webp,6,2,0,0,0.992,adaptive,0.1009,0.0,0,0.0,0,0,0,0
asbd08y85dcc1.webp,6,3,6,6,0.9999,adaptive,0.1842,0.088,1,0.088,0,0,0,0
asbd08y85dcc1.webp,6,4,4,4,1.0,adaptive,0.172,0.0753,1,0.0753,0,0,0,0
asbd08y85dcc1.webp,6,5,0,0,0.992,adaptive,0.0997,0.0,0,0.0,0,0,0,0
asbd08y85dcc1.webp,6,6,0,0,0.992,adaptive,0.1121,0.0,0,0.0,0,0,0,0
asbd08y85dcc1.webp,6,7,0,0,0.992,adaptive,0.1116,0.0,0,0.0,0,0,0,0
asbd08y85dcc1.webp,6,8,7,7,1.0,adaptive,0.1411,0.064,1,0.064,0,0,0,0
asbd08y85dcc1.webp,6,9,0,0,0.992,adaptive,0.1138,0.0,0,0.0,0,0,0,0
asbd08y85dcc1.webp,7,1,0,0,0.992,adaptive,0.1245,0.0,0,0.0,0,0,0,0
asbd08y85dcc1.webp,7,2,0,0,0.992,adaptive,0.0905,0.0,0,0.0,0,0,0,0
asbd08y85dcc1.webp,7,3,0,0,0.992,adaptive,0.1203,0.0,0,0.0,0,0,0,0
asbd08y85dcc1.webp,7,4,0,0,0.992,adaptive,0.1116,0.0,0,0.0,0,0,0,0
asbd08y85dcc1.webp,7,5,8,8,1.0,adaptive,0.1913,0.0945,1,0.0945,0,0,0,0
asbd08y85dcc1.webp,7,6,0,0,0.992,adaptive,0.1112,0.0,0,0.0,0,0,0,0
asbd08y85dcc1.webp,7,7,0,0,0.992,adaptive,0.1114,0.0,0,0.0,0,0,0,0
asbd08y85dcc1.webp,7,8,2,2,1.0,adaptive,0.168,0.0814,1,0.0814,0,0,0,0
asbd08y85dcc1.webp,7,9,0,0,0.992,adaptive,0.125,0.0,0,0.0,0,0,0,0
asbd08y85dcc1.webp,8,1,4,4,1.0,adaptive,0.1766,0.0762,1,0.0762,0,0,0,0
asbd08y85dcc1.webp,8,2,9,9,1.0,adaptive,0.1494,0.0898,1,0.0898,0,0,0,0
asbd08y85dcc1.webp,8,3,0,0,0.992,adaptive,0.1004,0.0,0,0.0,0,0,0,0
asbd08y85dcc1.webp,8,4,0,0,0.992,adaptive,0.0993,0.0,0,0.0,0,0,0,0
asbd08y85dcc1.webp,8,5,1,1,0.9999,adaptive,0.135,0.062,1,0.062,0,0,0,0
asbd08y85dcc1.webp,8,6,0,0,0.992,adaptive,0.0927,0.0,0,0.0,0,0,0,0
asbd08y85dcc1.webp,8,7,0,0,0.992,adaptive,0.0871,0.0,0,0.0,0,0,0,0
asbd08y85dcc1.webp,8,8,0,0,0.992,adaptive,0.0831,0.0,0,0.0,0,0,0,0
asbd08y85dcc1.webp,8,9,3,3,1.0,adaptive,0.1866,0.0819,1,0.0819,0,0,0,0
asbd08y85dcc1.webp,9,1,0,0,0.992,adaptive,0.1381,0.0,0,0.0,0,0,0,0
asbd08y85dcc1.webp,9,2,0,0,0.992,adaptive,0.1006,0.0,0,0.0,0,0,0,0
asbd08y85dcc1.webp,9,3,7,7,1.0,adaptive,0.1824,0.0626,1,0.0626,0,0,0,0
asbd08y85dcc1.webp,9,4,2,2,1.0,adaptive,0.198,0.0786,1,0.0786,0,0,0,0
asbd08y85dcc1.webp,9,5,6,6,0.9998,adaptive,0.2022,0.0891,1,0.0891,0,0,0,0
asbd08y85dcc1.webp,9,6,0,0,0.992,adaptive,0.1127,0.0,0,0.0,0,0,0,0
asbd08y85dcc1.webp,9,7,0,0,0.992,adaptive,0.1252,0.0,0,0.0,0,0,0,0
asbd08y85dcc1.webp,9,8,0,0,0.992,adaptive,0.1126,0.0,0,0.0,0,0,0,0
asbd08y85dcc1.webp,9,9,1,1,0.9999,adaptive,0.1978,0.0581,1,0.0581,0,0,0,0
b253x4wlnchc1.webp,1,4,1,1,0.9952,adaptive,0.1597,0.0497,2,0.0497,0,1,0,0
b253x4wlnchc1.webp,1,6,8,8,1.0,adaptive,0.2134,0.0909,2,0.0909,0,1,0,0
b253x4wlnchc1.webp,1,7,7,7,1.0,adaptive,0.1731,0.0539,1,0.0539,0,0,0,0
b253x4wlnchc1.webp,1,8,2,2,1.0,adaptive,0.18,0.0739,1,0.0739,0,0,0,0
b253x4wlnchc1.webp,2,2,7,7,1.0,adaptive,0.1311,0.0624,1,0.0624,0,0,0,0
b253x4wlnchc1.webp,2,3,2,2,1.0,adaptive,0.1558,0.0778,1,0.0778,0,0,0,0
b253x4wlnchc1.webp,2,4,9,9,1.0,adaptive,0.1787,0.0837,2,0.0837,0,1,0,0
b253x4wlnchc1.webp,2,6,5,5,1.0,adaptive,0.156,0.0844,2,0.0844,0,1,0,0
b253x4wlnchc1.webp,3,1,6,6,0.997,adaptive,0.1706,0.084,1,0.084,0,0,0,0
b253x4wlnchc1.webp,3,2,8,8,1.0,adaptive,0.1725,0.0972,1,0.0972,0,0,0,0
b253x4wlnchc1.webp,3,4,3,3,1.0,adaptive,0.1894,0.0791,2,0.0791,0,1,0,0
b253x4wlnchc1.webp,3,5,7,7,1.0,adaptive,0.1431,0.0568,2,0.0568,0,1,0,0
b253x4wlnchc1.webp,3,6,2,2,1.0,adaptive,0.1542,0.0742,4,0.0742,1,2,0,0
b253x4wlnchc1.webp,3,7,5,5,1.0,adaptive,0.19,0.0791,2,0.0791,0,0,1,0
b253x4wlnchc1.webp,4,1,4,4,1.0,adaptive,0.1896,0.0822,1,0.0822,0,0,0,0
b253x4wlnchc1.webp,4,4,5,5,1.0,adaptive,0.1724,0.0838,2,0.0838,0,1,0,0
b253x4wlnchc1.webp,4,5,3,3,1.0,adaptive,0.1545,0.0785,3,0.0785,0,2,0,0
b253x4wlnchc1.webp,4,6,6,6,0.9944,adaptive,0.155,0.0795,2,0.0795,0,0,1,0
b253x4wlnchc1.webp,4,9,7,7,0.9996,adaptive,0.1586,0.0466,4,0.0466,2,1,0,0
b253x4wlnchc1.webp,5,5,8,8,1.0,adaptive,0.1621,0.0955,2,0.0955,0,0,1,0
b253x4wlnchc1.webp,5,6,9,9,0.9999,adaptive,0.1481,0.0801,2,0.0801,0,0,1,0
b253x4wlnchc1.webp,5,8,6,6,0.9846,adaptive,0.1573,0.0707,2,0.0707,0,1,0,0
b253x4wlnchc1.webp,6,2,9,9,1.0,adaptive,0.1809,0.0853,1,0.0853,0,0,0,0
b253x4wlnchc1.webp,6,3,6,6,0.999,adaptive,0.1802,0.0855,4,0.0855,1,2,0,0
b253x4wlnchc1.webp,6,5,2,2,0.9997,adaptive,0.1676,0.1011,3,0.0724,0,1,0,0
b253x4wlnchc1.webp,6,6,1,1,0.8848,adaptive,0.1363,0.0684,3,0.0401,0,1,0,0
b253x4wlnchc1.webp,6,7,3,3,0.9963,adaptive,0.1784,0.1272,3,0.0659,0,0,0,0
b253x4wlnchc1.webp,6,8,5,5,0.969,adaptive,0.1662,0.0592,2,0.0592,0,1,0,0
b253x4wlnchc1.webp,7,1,5,5,1.0,adaptive,0.1711,0.0869,1,0.0869,0,0,0,0
b253x4wlnchc1.webp,7,4,6,6,0.9737,adaptive,0.1735,0.1085,3,0.0822,0,1,0,0
b253x4wlnchc1.webp,7,5,9,9,0.9985,adaptive,0.1533,0.0758,2,0.0758,0,0,1,0
b253x4wlnchc1.webp,7,6,7,7,0.7353,adaptive,0.1288,0.033,2,0.033,0,0,1,0
b253x4wlnchc1.webp,7,7,1,1,0.805,adaptive,0.1314,0.027,4,0.027,1,2,0,0
b253x4wlnchc1.webp,7,8,8,8,0.8684,adaptive,0.1787,0.0656,3,0.0656,1,0,1,0
b253x4wlnchc1.webp,8,4,2,2,0.9999,adaptive,0.1533,0.0703,3,0.0703,0,2,0,0
b253x4wlnchc1.webp,8,5,5,5,0.9808,adaptive,0.1439,0.065,2,0.065,0,0,1,0
b253x4wlnchc1.webp,8,6,3,3,0.5517,adaptive,0.137,0.0531,3,0.0531,1,0,1,0
b253x4wlnchc1.webp,8,8,7,1,0.7593,adaptive,0.1146,0.025,3,0.025,1,0,1,0
b253x4wlnchc1.webp,9,4,8,8,0.991,adaptive,0.1983,0.1651,2,0.0847,0,0,0,0
b253x4wlnchc1.webp,9,5,1,1,0.7423,adaptive,0.1305,0.0335,4,0.0335,1,2,0,0
b253x4wlnchc1.webp,9,6,4,4,0.9984,adaptive,0.1448,0.0744,3,0.0593,0,1,0,0
b253x4wlnchc1.webp,9,8,3,3,0.5821,adaptive,0.1291,0.0563,3,0.0452,0,1,0,0
b253x4wlnchc1.webp,9,9,5,5,0.8318,adaptive,0.19,0.0793,5,0.035,1,1,0,0
byxn4mv30ooc1.webp,1,1,0,0,0.992,adaptive,0.1312,0.0,1,0.0,0,1,0,0
byxn4mv30ooc1.webp,1,2,0,0,0.992,adaptive,0.1054,0.0,3,0.0097,0,2,0,0
byxn4mv30ooc1.webp,1,3,6,6,0.889,adaptive,0.2041,0.0737,4,0.0737,0,3,0,0
byxn4mv30ooc1.webp,1,4,0,0,0.7661,adaptive,0.1214,0.074,2,0.074,0,1,0,0
byxn4mv30ooc1.webp,1,5,0,0,0.9691,adaptive,0.1339,0.0267,4,0.0136,0,2,0,0
byxn4mv30ooc1.webp,1,6,0,0,0.8764,adaptive,0.1686,0.0258,6,0.0118,1,2,0,0
byxn4mv30ooc1.webp,1,7,7,7,0.5264,adaptive,0.2557,0.0884,5,0.0637,1,2,0,0
byxn4mv30ooc1.webp,1,8,0,0,0.8214,adaptive,0.1531,0.0335,5,0.0253,1,2,0,0
byxn4mv30ooc1.webp,1,9,2,0,0.6327,adaptive,0.2217,0.0468,6,0.0225,0,2,1,0
byxn4mv30ooc1.webp,2,1,0,0,0.9895,adaptive,0.0846,0.0109,1,0.0109,0,0,0,0
byxn4mv30ooc1.webp,2,2,0,0,0.992,adaptive,0.0604,0.0,1,0.0,0,0,1,0
byxn4mv30ooc1.webp,2,3,0,0,0.992,adaptive,0.0595,0.0,1,0.0,0,0,1,0
byxn4mv30ooc1.webp,2,4,0,0,0.9852,adaptive,0.0819,0.0161,3,0.0161,1,1,0,0
byxn4mv30ooc1.webp,2,5,0,0,0.992,adaptive,0.0588,0.0,2,0.0,1,0,1,0
byxn4mv30ooc1.webp,2,6,1,7,0.9993,adaptive,0.102,0.0357,2,0.0357,0,0,1,0
byxn4mv30ooc1.webp,2,7,0,0,0.5857,adaptive,0.0984,0.0222,4,0.0142,1,1,0,0
byxn4mv30ooc1.webp,2,8,0,0,0.992,adaptive,0.0569,0.0,2,0.0,1,0,1,0
byxn4mv30ooc1.webp,2,9,6,2,0.924,adaptive,0.159,0.0595,3,0.0344,0,0,1,0
byxn4mv30ooc1.webp,3,1,2,2,0.9999,adaptive,0.1762,0.09,1,0.09,0,0,0,0
byxn4mv30ooc1.webp,3,2,0,0,0.992,adaptive,0.0574,0.0,1,0.0,0,0,1,0
byxn4mv30ooc1.webp,3,3,8,8,1.0,adaptive,0.1624,0.1051,2,0.1051,0,0,1,0
byxn4mv30ooc1.webp,3,4,5,5,0.999,adaptive,0.1622,0.0869,4,0.072,1,1,0,0
byxn4mv30ooc1.webp,3,5,0,0,0.992,adaptive,0.0574,0.0,2,0.0,0,2,0,0
byxn4mv30ooc1.webp,3,6,0,0,0.992,adaptive,0.0726,0.0,1,0.0,0,0,1,0
byxn4mv30ooc1.webp,3,7,0,0,0.9898,adaptive,0.08,0.0151,3,0.0151,1,1,0,0
byxn4mv30ooc1.webp,3,8,0,0,0.992,adaptive,0.0574,0.0,1,0.0,0,0,1,0
byxn4mv30ooc1.webp,3,9,0,1,0.3443,adaptive,0.0953,0.0216,2,0.0216,0,0,1,0
byxn4mv30ooc1.webp,4,1,8,8,1.0,adaptive,0.2225,0.1114,1,0.1114,0,0,0,0
byxn4mv30ooc1.webp,4,2,0,0,0.992,adaptive,0.0778,0.0,1,0.0,0,1,0,0
byxn4mv30ooc1.webp,4,3,0,0,0.992,adaptive,0.0793,0.0,2,0.0,0,2,0,0
byxn4mv30ooc1.webp,4,4,0,0,0.962,adaptive,0.106,0.0833,1,0.0833,0,0,0,0
byxn4mv30ooc1.webp,4,5,4,4,0.989,adaptive,0.1526,0.073,3,0.073,0,2,0,0
byxn4mv30ooc1.webp,4,6,6,6,0.9944,adaptive,0.1697,0.082,3,0.082,0,2,0,0
byxn4mv30ooc1.webp,4,7,0,0,0.9372,adaptive,0.102,0.0791,1,0.0791,0,0,0,0
byxn4mv30ooc1.webp,4,8,3,3,0.6435,adaptive,0.1454,0.0672,5,0.0527,2,1,0,0
byxn4mv30ooc1.webp,4,9,0,0,0.7311,adaptive,0.0744,0.0147,3,0.0147,1,1,0,0
byxn4mv30ooc1.webp,5,1,0,0,0.992,adaptive,0.0859,0.0,0,0.0,0,0,0,0
byxn4mv30ooc1.webp,5,2,6,6,0.9978,adaptive,0.1637,0.1015,2,0.1015,0,1,0,0
byxn4mv30ooc1.webp,5,3,0,0,0.992,adaptive,0.0613,0.0,1,0.0,0,1,0,0
byxn4mv30ooc1.webp,5,4,0,0,0.992,adaptive,0.0832,0.0,1,0.0,0,1,0,0
byxn4mv30ooc1.webp,5,5,0,0,0.992,adaptive,0.0562,0.0,2,0.006,0,1,0,0
byxn4mv30ooc1.webp,5,6,0,0,0.992,adaptive,0.0545,0.0,2,0.0,0,2,0,0
byxn4mv30ooc1.webp,5,7,0,0,0.992,adaptive,0.0776,0.0,3,0.0,1,2,0,0
byxn4mv30ooc1.webp,5,8,7,7,1.0,adaptive,0.1194,0.0659,3,0.0659,1,0,1,0
byxn4mv30ooc1.webp,5,9,0,0,0.992,adaptive,0.0543,0.0,2,0.0,1,0,1,0
byxn4mv30ooc1.webp,6,1,0,0,0.992,adaptive,0.1058,0.0,1,0.0,0,1,0,0
byxn4mv30ooc1.webp,6,2,4,4,0.9985,adaptive,0.1554,0.0789,3,0.0789,0,2,0,0
byxn4mv30ooc1.webp,6,3,0,0,0.992,adaptive,0.0809,0.0,2,0.0,0,2,0,0
byxn4mv30ooc1.webp,6,4,9,9,0.9999,adaptive,0.2034,0.094,2,0.094,0,0,1,0
byxn4mv30ooc1.webp,6,5,3,3,1.0,adaptive,0.1594,0.0742,2,0.0742,0,1,0,0
byxn4mv30ooc1.webp,6,6,0,0,0.992,adaptive,0.1029,0.0,1,0.0,0,1,0,0
byxn4mv30ooc1.webp,6,7,0,0,0.992,adaptive,0.1239,0.0,1,0.0,0,1,0,0
byxn4mv30ooc1.webp,6,8,0,0,0.992,adaptive,0.0891,0.0,2,0.0079,0,1,0,0
byxn4mv30ooc1.webp,6,9,8,8,1.0,adaptive,0.1713,0.0936,2,0.0936,0,0,1,0
byxn4mv30ooc1.webp,7,1,0,0,0.992,adaptive,0.0945,0.0,1,0.0,0,1,0,0
byxn4mv30ooc1.webp,7,2,0,0,0.992,adaptive,0.0561,0.0,1,0.0,0,0,1,0
byxn4mv30ooc1.webp,7,3,0,0,0.992,adaptive,0.0548,0.0,1,0.0,0,0,1,0
byxn4mv30ooc1.webp,7,4,0,0,0.992,adaptive,0.0793,0.0,2,0.0,0,2,0,0
byxn4mv30ooc1.webp,7,5,0,0,0.992,adaptive,0.0545,0.0,2,0.0,1,0,1,0
byxn4mv30ooc1.webp,7,6,2,2,0.9999,adaptive,0.1323,0.0784,3,0.0784,0,2,0,0
byxn4mv30ooc1.webp,7,7,9,9,1.0,adaptive,0.1689,0.0882,3,0.0882,0,2,0,0
byxn4mv30ooc1.webp,7,8,0,0,0.992,adaptive,0.0658,0.0,1,0.0,0,0,1,0
byxn4mv30ooc1.webp,7,9,4,4,0.9979,adaptive,0.153,0.0688,3,0.0688,1,1,0,0
byxn4mv30ooc1.webp,8,1,7,1,0.9032,adaptive,0.1601,0.0323,4,0.0323,2,1,0,0
byxn4mv30ooc1.webp,8,2,0,0,0.992,adaptive,0.0565,0.0,1,0.0,0,0,1,0
byxn4mv30ooc1.webp,8,3,0,0,0.992,adaptive,0.0667,0.0,1,0.0,0,0,1,0
byxn4mv30ooc1.webp,8,4,4,4,0.9871,adaptive,0.1545,0.0658,3,0.0658,0,2,0,0
byxn4mv30ooc1.webp,8,5,0,0,0.992,adaptive,0.0562,0.0,1,0.0,0,0,1,0
byxn4mv30ooc1.webp,8,6,0,0,0.992,adaptive,0.0509,0.0,1,0.0,0,0,1,0
byxn4mv30ooc1.webp,8,7,0,0,0.992,adaptive,0.0941,0.0,2,0.0,0,2,0,0
byxn4mv30ooc1.webp,8,8,0,0,0.992,adaptive,0.0496,0.0,2,0.0,1,1,0,0
byxn4mv30ooc1.webp,8,9,0,0,0.992,adaptive,0.0873,0.0,1,0.0,0,1,0,0
byxn4mv30ooc1.webp,9,1,3,8,0.4863,adaptive,0.2756,0.1635,5,0.1132,2,0,0,0
byxn4mv30ooc1.webp,9,2,0,8,0.5841,adaptive,0.1651,0.1149,3,0.1033,0,0,0,1
byxn4mv30ooc1.webp,9,3,4,5,0.369,adaptive,0.1929,0.162,3,0.1089,0,0,0,1
byxn4mv30ooc1.webp,9,4,0,7,0.8532,adaptive,0.0913,0.0735,1,0.0735,0,0,0,0
byxn4mv30ooc1.webp,9,5,0,0,0.9458,adaptive,0.0948,0.021,3,0.0133,0,1,0,0
byxn4mv30ooc1.webp,9,6,0,0,0.7058,adaptive,0.2063,0.0835,8,0.0722,5,1,0,0
byxn4mv30ooc1.webp,9,7,8,2,0.5988,adaptive,0.1829,0.123,2,0.0617,0,0,0,0
byxn4mv30ooc1.webp,9,8,0,0,0.992,adaptive,0.0744,0.0,1,0.0,0,1,0,0
byxn4mv30ooc1.webp,9,9,0,0,0.2695,adaptive,0.1611,0.0867,1,0.0867,0,0,0,0
c0ler3ey6tuc1.webp,1,1,0,0,0.992,adaptive,0.1374,0.0,0,0.0,0,0,0,0
c0ler3ey6tuc1.webp,1,2,0,0,0.992,adaptive,0.1009,0.0,0,0.0,0,0,0,0
c0ler3ey6tuc1.webp,1,3,3,3,1.0,adaptive,0.2098,0.0835,1,0.0835,0,0,0,0
c0ler3ey6tuc1.webp,1,4,0,0,0.992,adaptive,0.1386,0.0,0,0.0,0,0,0,0
c0ler3ey6tuc1.webp,1,5,0,0,0.992,adaptive,0.1,0.0,0,0.0,0,0,0,0
c0ler3ey6tuc1.webp,1,6,0,0,0.992,adaptive,0.1493,0.0,0,0.0,0,0,0,0
c0ler3ey6tuc1.webp,1,7,0,0,0.992,adaptive,0.1392,0.0,0,0.0,0,0,0,0
c0ler3ey6tuc1.webp,1,8,6,6,0.9998,adaptive,0.2074,0.0932,1,0.0932,0,0,0,0
c0ler3ey6tuc1.webp,1,9,0,0,0.992,adaptive,0.1357,0.0,0,0.0,0,0,0,0
c0ler3ey6tuc1.webp,2,1,1,1,0.9934,adaptive,0.1619,0.0488,1,0.0488,0,0,0,0
c0ler3ey6tuc1.webp,2,2,0,0,0.992,adaptive,0.0735,0.0,0,0.0,0,0,0,0
c0ler3ey6tuc1.webp,2,3,0,0,0.992,adaptive,0.1006,0.0,0,0.0,0,0,0,0
c0ler3ey6tuc1.webp,2,4,0,0,0.992,adaptive,0.1151,0.0,0,0.0,0,0,0,0
c0ler3ey6tuc1.webp,2,5,2,2,1.0,adaptive,0.1566,0.0843,1,0.0843,0,0,0,0
c0ler3ey6tuc1.webp,2,6,7,7,1.0,adaptive,0.1852,0.0583,1,0.0583,0,0,0,0
c0ler3ey6tuc1.webp,2,7,0,0,0.992,adaptive,0.114,0.0,0,0.0,0,0,0,0
c0ler3ey6tuc1.webp,2,8,0,0,0.992,adaptive,0.0865,0.0,0,0.0,0,0,0,0
c0ler3ey6tuc1.webp,2,9,8,8,1.0,adaptive,0.2108,0.0966,1,0.0966,0,0,0,0
c0ler3ey6tuc1.webp,3,1,0,0,0.992,adaptive,0.1379,0.0,0,0.0,0,0,0,0
c0ler3ey6tuc1.webp,3,2,7,7,1.0,adaptive,0.159,0.057,1,0.057,0,0,0,0
c0ler3ey6tuc1.webp,3,3,0,0,0.992,adaptive,0.1272,0.0,0,0.0,0,0,0,0
c0ler3ey6tuc1.webp,3,4,0,0,0.992,adaptive,0.1408,0.0,0,0.0,0,0,0,0
c0ler3ey6tuc1.webp,3,5,4,4,1.0,adaptive,0.1716,0.0717,1,0.0717,0,0,0,0
c0ler3ey6tuc1.webp,3,6,0,0,0.992,adaptive,0.1513,0.0,0,0.0,0,0,0,0
c0ler3ey6tuc1.webp,3,7,0,0,0.992,adaptive,0.1395,0.0,0,0.0,0,0,0,0
c0ler3ey6tuc1.webp,3,8,0,0,0.992,adaptive,0.1135,0.0,0,0.0,0,0,0,0
c0ler3ey6tuc1.webp,3,9,2,2,1.0,adaptive,0.2205,0.0813,1,0.0813,0,0,0,0
c0ler3ey6tuc1.webp,4,1,0,0,0.992,adaptive,0.1504,0.0,0,0.0,0,0,0,0
c0ler3ey6tuc1.webp,4,2,5,5,1.0,adaptive,0.2001,0.085,1,0.085,0,0,0,0
c0ler3ey6tuc1.webp,4,3,0,0,0.992,adaptive,0.1401,0.0,0,0.0,0,0,0,0
c0ler3ey6tuc1.webp,4,4,6,6,0.9997,adaptive,0.2444,0.0924,1,0.0924,0,0,0,0
c0ler3ey6tuc1.webp,4,5,3,3,1.0,adaptive,0.1988,0.0853,1,0.0853,0,0,0,0
c0ler3ey6tuc1.webp,4,6,0,0,0.992,adaptive,0.1626,0.0,0,0.0,0,0,0,0
c0ler3ey6tuc1.webp,4,7,0,0,0.992,adaptive,0.1517,0.0,0,0.0,0,0,0,0
c0ler3ey6tuc1.webp,4,8,0,0,0.992,adaptive,0.1266,0.0,0,0.0,0,0,0,0
c0ler3ey6tuc1.webp,4,9,0,0,0.992,adaptive,0.1495,0.0,0,0.0,0,0,0,0
c0ler3ey6tuc1.webp,5,1,0,0,0.992,adaptive,0.0988,0.0,0,0.0,0,0,0,0
c0ler3ey6tuc1.webp,5,2,8,8,1.0,adaptive,0.1582,0.0987,1,0.0987,0,0,0,0
c0ler3ey6tuc1.webp,5,3,0,0,0.992,adaptive,0.0871,0.0,0,0.0,0,0,0,0
c0ler3ey6tuc1.webp,5,4,0,0,0.992,adaptive,0.1015,0.0,0,0.0,0,0,0,0
c0ler3ey6tuc1.webp,5,5,0,0,0.992,adaptive,0.0583,0.0,0,0.0,0,0,0,0
c0ler3ey6tuc1.webp,5,6,0,0,0.992,adaptive,0.1124,0.0,0,0.0,0,0,0,0
c0ler3ey6tuc1.webp,5,7,0,0,0.992,adaptive,0.1004,0.0,0,0.0,0,0,0,0
c0ler3ey6tuc1.webp,5,8,3,3,1.0,adaptive,0.1561,0.0847,1,0.0847,0,0,0,0
c0ler3ey6tuc1.webp,5,9,0,0,0.992,adaptive,0.1004,0.0,0,0.0,0,0,0,0
c0ler3ey6tuc1.webp,6,1,0,0,0.992,adaptive,0.139,0.0,0,0.0,0,0,0,0
c0ler3ey6tuc1.webp,6,2,0,0,0.992,adaptive,0.1024,0.0,0,0.0,0,0,0,0
c0ler3ey6tuc1.webp,6,3,0,0,0.992,adaptive,0.1285,0.0,0,0.0,0,0,0,0
c0ler3ey6tuc1.webp,6,4,0,0,0.992,adaptive,0.1417,0.0,0,0.0,0,0,0,0
c0ler3ey6tuc1.webp,6,5,9,9,1.0,adaptive,0.1929,0.0923,1,0.0923,0,0,0,0
c0ler3ey6tuc1.webp,6,6,2,2,1.0,adaptive,0.235,0.0842,1,0.0842,0,0,0,0
c0ler3ey6tuc1.webp,6,7,0,0,0.992,adaptive,0.1406,0.0,0,0.0,0,0,0,0
c0ler3ey6tuc1.webp,6,8,5,5,1.0,adaptive,0.2015,0.0873,1,0.0873,0,0,0,0
c0ler3ey6tuc1.webp,6,9,7,7,1.0,adaptive,0.1983,0.0599,1,0.0599,0,0,0,0
c0ler3ey6tuc1.webp,7,1,5,5,1.0,adaptive,0.1983,0.0844,1,0.0844,0,0,0,0
c0ler3ey6tuc1.webp,7,2,0,0,0.992,adaptive,0.0882,0.0,0,0.0,0,0,0,0
c0ler3ey6tuc1.webp,7,3,0,0,0.992,adaptive,0.1145,0.0,0,0.0,0,0,0,0
c0ler3ey6tuc1.webp,7,4,0,0,0.992,adaptive,0.1281,0.0,0,0.0,0,0,0,0
c0ler3ey6tuc1.webp,7,5,8,8,1.0,adaptive,0.1814,0.0954,1,0.0954,0,0,0,0
c0ler3ey6tuc1.webp,7,6,0,0,0.992,adaptive,0.1381,0.0,0,0.0,0,0,0,0
c0ler3ey6tuc1.webp,7,7,0,0,0.992,adaptive,0.127,0.0,0,0.0,0,0,0,0
c0ler3ey6tuc1.webp,7,8,4,4,1.0,adaptive,0.173,0.0735,1,0.0735,0,0,0,0
c0ler3ey6tuc1.webp,7,9,0,0,0.992,adaptive,0.1265,0.0,0,0.0,0,0,0,0
c0ler3ey6tuc1.webp,8,1,4,4,1.0,adaptive,0.168,0.0717,1,0.0717,0,0,0,0
c0ler3ey6tuc1.webp,8,2,0,0,0.992,adaptive,0.0707,0.0,0,0.0,0,0,0,0
c0ler3ey6tuc1.webp,8,3,0,0,0.992,adaptive,0.0981,0.0,0,0.0,0,0,0,0
c0ler3ey6tuc1.webp,8,4,5,5,1.0,adaptive,0.1879,0.0853,1,0.0853,0,0,0,0
c0ler3ey6tuc1.webp,8,5,7,7,1.0,adaptive,0.1304,0.0597,1,0.0597,0,0,0,0
c0ler3ey6tuc1.webp,8,6,0,0,0.992,adaptive,0.1257,0.0,0,0.0,0,0,0,0
c0ler3ey6tuc1.webp,8,7,0,0,0.992,adaptive,0.1124,0.0,0,0.0,0,0,0,0
c0ler3ey6tuc1.webp,8,8,0,0,0.992,adaptive,0.0838,0.0,0,0.0,0,0,0,0
c0ler3ey6tuc1.webp,8,9,1,1,0.9977,adaptive,0.1603,0.0479,1,0.0479,0,0,0,0
c0ler3ey6tuc1.webp,9,1,0,0,0.992,adaptive,0.1368,0.0,0,0.0,0,0,0,0
c0ler3ey6tuc1.webp,9,2,9,9,1.0,adaptive,0.1949,0.0941,1,0.0941,0,0,0,0
c0ler3ey6tuc1.webp,9,3,0,0,0.992,adaptive,0.1263,0.0,0,0.0,0,0,0,0
c0ler3ey6tuc1.webp,9,4,0,0,0.992,adaptive,0.1401,0.0,0,0.0,0,0,0,0
c0ler3ey6tuc1.webp,9,5,0,0,0.992,adaptive,0.0991,0.0,0,0.0,0,0,0,0
c0ler3ey6tuc1.webp,9,6,0,0,0.992,adaptive,0.1519,0.0,0,0.0,0,0,0,0
c0ler3ey6tuc1.webp,9,7,8,8,1.0,adaptive,0.2312,0.0929,1,0.0929,0,0,0,0
c0ler3ey6tuc1.webp,9,8,0,0,0.992,adaptive,0.1135,0.0,0,0.0,0,0,0,0
c0ler3ey6tuc1.webp,9,9,0,0,0.992,adaptive,0.1392,0.0,0,0.0,0,0,0,0
c4hmcrlmh2qc1.webp,1,1,4,4,1.0,adaptive,0.1889,0.0642,1,0.0642,0,0,0,0
c4hmcrlmh2qc1.webp,1,2,5,5,1.0,adaptive,0.1576,0.0726,1,0.0726,0,0,0,0
c4hmcrlmh2qc1.webp,1,3,9,9,1.0,adaptive,0.1555,0.0708,1,0.0708,0,0,0,0
c4hmcrlmh2qc1.webp,1,5,7,7,1.0,adaptive,0.1366,0.0516,1,0.0516,0,0,0,0
c4hmcrlmh2qc1.webp,1,6,8,8,1.0,adaptive,0.1911,0.0815,1,0.0815,0,0,0,0
c4hmcrlmh2qc1.webp,1,7,2,2,1.0,adaptive,0.1633,0.0671,1,0.0671,0,0,0,0
c4hmcrlmh2qc1.webp,1,8,3,3,1.0,adaptive,0.1685,0.0706,1,0.0706,0,0,0,0
c4hmcrlmh2qc1.webp,2,8,8,8,1.0,adaptive,0.1433,0.0838,1,0.0838,0,0,0,0
c4hmcrlmh2qc1.webp,2,9,4,4,1.0,adaptive,0.14,0.0694,1,0.0694,0,0,0,0
c4hmcrlmh2qc1.webp,3,2,8,8,1.0,adaptive,0.1545,0.0844,1,0.0844,0,0,0,0
c4hmcrlmh2qc1.webp,3,3,2,2,1.0,adaptive,0.1346,0.0675,1,0.0675,0,0,0,0
c4hmcrlmh2qc1.webp,3,6,4,4,1.0,adaptive,0.149,0.0644,1,0.0644,0,0,0,0
c4hmcrlmh2qc1.webp,3,7,9,9,1.0,adaptive,0.1386,0.0713,1,0.0713,0,0,0,0
c4hmcrlmh2qc1.webp,4,1,8,8,1.0,adaptive,0.1671,0.0818,1,0.0818,0,0,0,0
c4hmcrlmh2qc1.webp,4,3,4,4,1.0,adaptive,0.123,0.0673,1,0.0673,0,0,0,0
c4hmcrlmh2qc1.webp,4,8,2,2,1.0,adaptive,0.1246,0.0669,1,0.0669,0,0,0,0
c4hmcrlmh2qc1.webp,4,9,9,9,1.0,adaptive,0.1419,0.0715,1,0.0715,0,0,0,0
c4hmcrlmh2qc1.webp,5,2,3,3,1.0,adaptive,0.1309,0.0719,1,0.0719,0,0,0,0
c4hmcrlmh2qc1.webp,5,7,4,4,1.0,adaptive,0.1257,0.0678,1,0.0678,0,0,0,0
c4hmcrlmh2qc1.webp,5,9,8,8,1.0,adaptive,0.1529,0.0823,1,0.0823,0,0,0,0
c4hmcrlmh2qc1.webp,6,1,9,9,1.0,adaptive,0.1718,0.0717,1,0.0717,0,0,0,0
c4hmcrlmh2qc1.webp,6,2,2,2,1.0,adaptive,0.1398,0.0694,1,0.0694,0,0,0,0
c4hmcrlmh2qc1.webp,6,3,5,5,1.0,adaptive,0.1419,0.0713,1,0.0713,0,0,0,0
c4hmcrlmh2qc1.webp,6,4,8,8,1.0,adaptive,0.1535,0.0811,1,0.0811,0,0,0,0
c4hmcrlmh2qc1.webp,6,5,4,4,1.0,adaptive,0.1359,0.0654,1,0.0654,0,0,0,0
c4hmcrlmh2qc1.webp,6,6,7,7,0.9999,adaptive,0.1399,0.0526,1,0.0526,0,0,0,0
c4hmcrlmh2qc1.webp,6,7,1,1,0.9905,adaptive,0.1089,0.0397,1,0.0397,0,0,0,0
c4hmcrlmh2qc1.webp,6,8,6,6,0.9967,adaptive,0.1422,0.0717,1,0.0717,0,0,0,0
c4hmcrlmh2qc1.webp,6,9,3,3,1.0,adaptive,0.1548,0.0702,1,0.0702,0,0,0,0
c4hmcrlmh2qc1.webp,7,2,9,9,1.0,adaptive,0.13,0.0715,2,0.0715,0,1,0,0
c4hmcrlmh2qc1.webp,7,4,4,4,1.0,adaptive,0.1234,0.0666,2,0.0666,0,1,0,0
c4hmcrlmh2qc1.webp,7,5,6,6,0.9971,adaptive,0.1296,0.0719,2,0.0719,0,1,0,0
c4hmcrlmh2qc1.webp,7,6,5,5,1.0,adaptive,0.1426,0.0715,2,0.0715,0,1,0,0
c4hmcrlmh2qc1.webp,7,7,8,8,1.0,adaptive,0.1392,0.0815,2,0.0815,0,1,0,0
c4hmcrlmh2qc1.webp,7,8,1,1,0.9734,adaptive,0.0898,0.045,2,0.045,0,1,0,0
c4hmcrlmh2qc1.webp,7,9,2,2,1.0,adaptive,0.1379,0.0679,2,0.0679,0,1,0,0
c4hmcrlmh2qc1.webp,8,1,2,2,1.0,adaptive,0.1536,0.0683,2,0.0683,0,1,0,0
c4hmcrlmh2qc1.webp,8,2,6,6,0.9984,adaptive,0.1334,0.0744,2,0.0744,0,1,0,0
c4hmcrlmh2qc1.webp,8,3,1,1,0.9695,adaptive,0.0706,0.0409,2,0.0409,0,1,0,0
c4hmcrlmh2qc1.webp,8,4,7,7,0.9998,adaptive,0.1074,0.0509,2,0.0509,0,1,0,0
c4hmcrlmh2qc1.webp,8,5,8,8,1.0,adaptive,0.1435,0.0852,2,0.0852,0,1,0,0
c4hmcrlmh2qc1.webp,8,6,9,9,1.0,adaptive,0.1348,0.0726,2,0.0726,0,1,0,0
c4hmcrlmh2qc1.webp,8,7,3,3,0.9999,adaptive,0.1284,0.071,2,0.071,0,1,0,0
c4hmcrlmh2qc1.webp,8,8,4,4,1.0,adaptive,0.1281,0.0686,2,0.0686,0,1,0,0
c4hmcrlmh2qc1.webp,8,9,5,5,1.0,adaptive,0.1461,0.0755,2,0.0755,0,1,0,0
c4hmcrlmh2qc1.webp,9,1,5,5,1.0,adaptive,0.182,0.0715,1,0.0715,0,0,0,0
c4hmcrlmh2qc1.webp,9,2,4,4,1.0,adaptive,0.1506,0.0667,1,0.0667,0,0,0,0
c4hmcrlmh2qc1.webp,9,3,8,8,1.0,adaptive,0.1653,0.0818,1,0.0818,0,0,0,0
c4hmcrlmh2qc1.webp,9,4,2,2,1.0,adaptive,0.1528,0.0679,1,0.0679,0,0,0,0
c4hmcrlmh2qc1.webp,9,5,3,3,0.9999,adaptive,0.1569,0.071,1,0.071,0,0,0,0
c4hmcrlmh2qc1.webp,9,6,1,1,0.9288,adaptive,0.1368,0.0397,1,0.0397,0,0,0,0
c4hmcrlmh2qc1.webp,9,7,6,6,0.9947,adaptive,0.1573,0.0717,1,0.0717,0,0,0,0
c4hmcrlmh2qc1.webp,9,8,9,9,1.0,adaptive,0.1558,0.0717,1,0.0717,0,0,0,0
c4hmcrlmh2qc1.webp,9,9,7,7,0.9997,adaptive,0.1519,0.0517,1,0.0517,0,0,0,0
c4whl0z76scc1.webp,1,1,6,6,0.9997,adaptive,0.2283,0.0878,1,0.0878,0,0,0,0
c4whl0z76scc1.webp,1,2,3,3,1.0,adaptive,0.1825,0.0814,1,0.0814,0,0,0,0
c4whl0z76scc1.webp,1,3,0,0,0.992,adaptive,0.1129,0.0,0,0.0,0,0,0,0
c4whl0z76scc1.webp,1,4,0,0,0.992,adaptive,0.1136,0.0,0,0.0,0,0,0,0
c4whl0z76scc1.webp,1,5,8,8,1.0,adaptive,0.1945,0.0936,1,0.0936,0,0,0,0
c4whl0z76scc1.webp,1,6,0,0,0.992,adaptive,0.1138,0.0,0,0.0,0,0,0,0
c4whl0z76scc1.webp,1,7,0,0,0.992,adaptive,0.1263,0.0,0,0.0,0,0,0,0
c4whl0z76scc1.webp,1,8,0,0,0.992,adaptive,0.1137,0.0,0,0.0,0,0,0,0
c4whl0z76scc1.webp,1,9,0,0,0.992,adaptive,0.1408,0.0,0,0.0,0,0,0,0
c4whl0z76scc1.webp,2,1,8,8,1.0,adaptive,0.1945,0.0943,1,0.0943,0,0,0,0
c4whl0z76scc1.webp,2,2,0,0,0.992,adaptive,0.0597,0.0,0,0.0,0,0,0,0
c4whl0z76scc1.webp,2,3,0,0,0.992,adaptive,0.0875,0.0,0,0.0,0,0,0,0
c4whl0z76scc1.webp,2,4,0,0,0.992,adaptive,0.0737,0.0,0,0.0,0,0,0,0
c4whl0z76scc1.webp,2,5,0,0,0.992,adaptive,0.0859,0.0,0,0.0,0,0,0,0
c4whl0z76scc1.webp,2,6,0,0,0.992,adaptive,0.0735,0.0,0,0.0,0,0,0,0
c4whl0z76scc1.webp,2,7,0,0,0.992,adaptive,0.0866,0.0,0,0.0,0,0,0,0
c4whl0z76scc1.webp,2,8,1,1,0.9999,adaptive,0.1331,0.0606,1,0.0606,0,0,0,0
c4whl0z76scc1.webp,2,9,0,0,0.992,adaptive,0.1002,0.0,0,0.0,0,0,0,0
c4whl0z76scc1.webp,3,1,0,0,0.992,adaptive,0.1254,0.0,0,0.0,0,0,0,0
c4whl0z76scc1.webp,3,2,0,0,0.992,adaptive,0.0988,0.0,0,0.0,0,0,0,0
c4whl0z76scc1.webp,3,3,0,0,0.992,adaptive,0.1118,0.0,0,0.0,0,0,0,0
c4whl0z76scc1.webp,3,4,0,0,0.992,adaptive,0.1002,0.0,0,0.0,0,0,0,0
c4whl0z76scc1.webp,3,5,0,0,0.992,adaptive,0.1104,0.0,0,0.0,0,0,0,0
c4whl0z76scc1.webp,3,6,2,2,1.0,adaptive,0.1778,0.0786,1,0.0786,0,0,0,0
c4whl0z76scc1.webp,3,7,0,0,0.992,adaptive,0.1116,0.0,0,0.0,0,0,0,0
c4whl0z76scc1.webp,3,8,5,5,1.0,adaptive,0.1829,0.0848,1,0.0848,0,0,0,0
c4whl0z76scc1.webp,3,9,0,0,0.992,adaptive,0.1245,0.0,0,0.0,0,0,0,0
c4whl0z76scc1.webp,4,1,0,0,0.992,adaptive,0.125,0.0,0,0.0,0,0,0,0
c4whl0z76scc1.webp,4,2,0,0,0.992,adaptive,0.0986,0.0,0,0.0,0,0,0,0
c4whl0z76scc1.webp,4,3,2,2,1.0,adaptive,0.18,0.0815,1,0.0815,0,0,0,0
c4whl0z76scc1.webp,4,4,0,0,0.992,adaptive,0.0987,0.0,0,0.0,0,0,0,0
c4whl0z76scc1.webp,4,5,9,9,1.0,adaptive,0.1619,0.0886,1,0.0886,0,0,0,0
c4whl0z76scc1.webp,4,6,0,0,0.992,adaptive,0.0987,0.0,0,0.0,0,0,0,0
c4whl0z76scc1.webp,4,7,4,4,1.0,adaptive,0.1722,0.0735,1,0.0735,0,0,0,0
c4whl0z76scc1.webp,4,8,0,0,0.992,adaptive,0.0986,0.0,0,0.0,0,0,0,0
c4whl0z76scc1.webp,4,9,0,0,0.992,adaptive,0.1245,0.0,0,0.0,0,0,0,0
c4whl0z76scc1.webp,5,1,0,0,0.992,adaptive,0.1004,0.0,0,0.0,0,0,0,0
c4whl0z76scc1.webp,5,2,0,0,0.992,adaptive,0.0712,0.0,0,0.0,0,0,0,0
c4whl0z76scc1.webp,5,3,0,0,0.992,adaptive,0.0873,0.0,0,0.0,0,0,0,0
c4whl0z76scc1.webp,5,4,0,0,0.992,adaptive,0.0742,0.0,0,0.0,0,0,0,0
c4whl0z76scc1.webp,5,5,7,7,1.0,adaptive,0.123,0.0634,1,0.0634,0,0,0,0
c4whl0z76scc1.webp,5,6,0,0,0.992,adaptive,0.0744,0.0,0,0.0,0,0,0,0
c4whl0z76scc1.webp,5,7,0,0,0.992,adaptive,0.0902,0.0,0,0.0,0,0,0,0
c4whl0z76scc1.webp,5,8,2,2,1.0,adaptive,0.1566,0.0852,1,0.0852,0,0,0,0
c4whl0z76scc1.webp,5,9,0,0,0.992,adaptive,0.0997,0.0,0,0.0,0,0,0,0
c4whl0z76scc1.webp,6,1,0,0,0.992,adaptive,0.1127,0.0,0,0.0,0,0,0,0
c4whl0z76scc1.webp,6,2,0,0,0.992,adaptive,0.0859,0.0,0,0.0,0,0,0,0
c4whl0z76scc1.webp,6,3,6,6,0.9999,adaptive,0.1873,0.088,1,0.088,0,0,0,0
c4whl0z76scc1.webp,6,4,0,0,0.992,adaptive,0.0871,0.0,0,0.0,0,0,0,0
c4whl0z76scc1.webp,6,5,0,0,0.992,adaptive,0.0981,0.0,0,0.0,0,0,0,0
c4whl0z76scc1.webp,6,6,0,0,0.992,adaptive,0.0867,0.0,0,0.0,0,0,0,0
c4whl0z76scc1.webp,6,7,0,0,0.992,adaptive,0.1005,0.0,0,0.0,0,0,0,0
c4whl0z76scc1.webp,6,8,0,0,0.992,adaptive,0.0739,0.0,0,0.0,0,0,0,0
c4whl0z76scc1.webp,6,9,7,7,1.0,adaptive,0.1709,0.0617,1,0.0617,0,0,0,0
c4whl0z76scc1.webp,7,1,0,0,0.992,adaptive,0.1256,0.0,0,0.0,0,0,0,0
c4whl0z76scc1.webp,7,2,0,0,0.992,adaptive,0.0986,0.0,0,0.0,0,0,0,0
c4whl0z76scc1.webp,7,3,4,4,1.0,adaptive,0.1851,0.0757,1,0.0757,0,0,0,0
c4whl0z76scc1.webp,7,4,0,0,0.992,adaptive,0.1,0.0,0,0.0,0,0,0,0
c4whl0z76scc1.webp,7,5,0,0,0.992,adaptive,0.1101,0.0,0,0.0,0,0,0,0
c4whl0z76scc1.webp,7,6,1,1,1.0,adaptive,0.1582,0.059,1,0.059,0,0,0,0
c4whl0z76scc1.webp,7,7,3,3,1.0,adaptive,0.19,0.0809,1,0.0809,0,0,0,0
c4whl0z76scc1.webp,7,8,7,7,1.0,adaptive,0.1617,0.0638,1,0.0638,0,0,0,0
c4whl0z76scc1.webp,7,9,0,0,0.992,adaptive,0.1245,0.0,0,0.0,0,0,0,0
c4whl0z76scc1.webp,8,1,0,0,0.992,adaptive,0.1011,0.0,0,0.0,0,0,0,0
c4whl0z76scc1.webp,8,2,6,6,0.9999,adaptive,0.1768,0.0914,1,0.0914,0,0,0,0
c4whl0z76scc1.webp,8,3,0,0,0.992,adaptive,0.0986,0.0,0,0.0,0,0,0,0
c4whl0z76scc1.webp,8,4,5,5,1.0,adaptive,0.1698,0.0841,1,0.0841,0,0,0,0
c4whl0z76scc1.webp,8,5,2,2,1.0,adaptive,0.1545,0.0826,1,0.0826,0,0,0,0
c4whl0z76scc1.webp,8,6,8,8,1.0,adaptive,0.1807,0.0948,1,0.0948,0,0,0,0
c4whl0z76scc1.webp,8,7,9,9,0.9999,adaptive,0.187,0.0891,1,0.0891,0,0,0,0
c4whl0z76scc1.webp,8,8,0,0,0.992,adaptive,0.0728,0.0,0,0.0,0,0,0,0
c4whl0z76scc1.webp,8,9,0,0,0.992,adaptive,0.1124,0.0,0,0.0,0,0,0,0
c4whl0z76scc1.webp,9,1,5,5,1.0,adaptive,0.2239,0.0831,1,0.0831,0,0,0,0
c4whl0z76scc1.webp,9,2,0,0,0.992,adaptive,0.1011,0.0,0,0.0,0,0,0,0
c4whl0z76scc1.webp,9,3,0,0,0.992,adaptive,0.1263,0.0,0,0.0,0,0,0,0
c4whl0z76scc1.webp,9,4,0,0,0.992,adaptive,0.1138,0.0,0,0.0,0,0,0,0
c4whl0z76scc1.webp,9,5,0,0,0.992,adaptive,0.1257,0.0,0,0.0,0,0,0,0
c4whl0z76scc1.webp,9,6,0,0,0.992,adaptive,0.1134,0.0,0,0.0,0,0,0,0
c4whl0z76scc1.webp,9,7,0,0,0.992,adaptive,0.1263,0.0,0,0.0,0,0,0,0
c4whl0z76scc1.webp,9,8,0,0,0.992,adaptive,0.1137,0.0,0,0.0,0,0,0,0
c4whl0z76scc1.webp,9,9,0,0,0.992,adaptive,0.1408,0.0,0,0.0,0,0,0,0
cd8yq2dqbspc1.webp,1,2,6,6,1.0,adaptive,0.1712,0.1413,2,0.1079,0,0,0,0
cd8yq2dqbspc1.webp,1,3,9,9,1.0,adaptive,0.196,0.1408,2,0.1083,0,0,0,0
cd8yq2dqbspc1.webp,1,4,8,8,1.0,adaptive,0.1816,0.1435,3,0.0858,0,0,0,1
cd8yq2dqbspc1.webp,1,8,5,5,1.0,adaptive,0.1608,0.1393,1,0.1393,0,0,0,0
cd8yq2dqbspc1.webp,1,9,3,3,1.0,adaptive,0.1829,0.1292,1,0.1292,0,0,0,0
cd8yq2dqbspc1.webp,2,1,5,5,1.0,adaptive,0.1667,0.1368,1,0.1368,0,0,0,0
cd8yq2dqbspc1.webp,2,3,8,8,1.0,adaptive,0.1714,0.1452,3,0.088,0,0,0,1
cd8yq2dqbspc1.webp,2,4,3,3,0.9999,adaptive,0.1438,0.1289,1,0.1289,0,0,0,0
cd8yq2dqbspc1.webp,2,6,9,9,1.0,adaptive,0.166,0.1368,2,0.1047,0,0,0,0
cd8yq2dqbspc1.webp,2,8,6,6,1.0,adaptive,0.146,0.146,2,0.1109,0,0,0,0
cd8yq2dqbspc1.webp,2,9,7,7,1.0,adaptive,0.1219,0.0929,1,0.0929,0,0,0,0
cd8yq2dqbspc1.webp,3,1,7,7,1.0,adaptive,0.1203,0.0907,1,0.0907,0,0,0,0
cd8yq2dqbspc1.webp,3,2,3,3,1.0,adaptive,0.1325,0.1325,1,0.1325,0,0,0,0
cd8yq2dqbspc1.webp,3,3,4,4,1.0,adaptive,0.1274,0.1009,2,0.08,0,0,0,0
cd8yq2dqbspc1.webp,3,4,2,2,1.0,adaptive,0.1395,0.1212,1,0.1212,0,0,0,0
cd8yq2dqbspc1.webp,3,5,5,5,1.0,adaptive,0.1472,0.1384,1,0.1384,0,0,0,0
cd8yq2dqbspc1.webp,3,6,6,6,1.0,adaptive,0.1769,0.1379,2,0.106,0,0,0,0
cd8yq2dqbspc1.webp,3,7,9,9,1.0,adaptive,0.1515,0.1379,2,0.1051,0,0,0,0
cd8yq2dqbspc1.webp,3,8,1,1,0.9999,adaptive,0.0893,0.0744,1,0.0744,0,0,0,0
cd8yq2dqbspc1.webp,3,9,8,8,1.0,adaptive,0.1791,0.141,3,0.0838,0,0,0,1
cd8yq2dqbspc1.webp,4,1,6,6,1.0,adaptive,0.1918,0.1374,2,0.1054,0,0,0,0
cd8yq2dqbspc1.webp,4,2,8,8,1.0,adaptive,0.1685,0.1422,3,0.0857,0,0,0,1
cd8yq2dqbspc1.webp,4,4,4,4,1.0,adaptive,0.1446,0.1034,2,0.0826,0,0,0,0
cd8yq2dqbspc1.webp,4,9,9,9,1.0,adaptive,0.1947,0.1408,2,0.1085,0,0,0,0
cd8yq2dqbspc1.webp,5,8,7,7,1.0,adaptive,0.0927,0.0927,1,0.0927,0,0,0,0
cd8yq2dqbspc1.webp,6,2,7,7,1.0,adaptive,0.1101,0.0929,1,0.0929,0,0,0,0
cd8yq2dqbspc1.webp,6,6,3,3,1.0,adaptive,0.1865,0.1325,1,0.1325,0,0,0,0
cd8yq2dqbspc1.webp,6,7,5,5,1.0,adaptive,0.1697,0.1359,1,0.1359,0,0,0,0
cd8yq2dqbspc1.webp,7,1,8,8,1.0,adaptive,0.1697,0.1399,3,0.0833,0,0,0,1
cd8yq2dqbspc1.webp,7,2,5,5,1.0,adaptive,0.1554,0.1404,1,0.1404,0,0,0,0
cd8yq2dqbspc1.webp,7,3,6,6,1.0,adaptive,0.1637,0.1361,2,0.1045,0,0,0,0
cd8yq2dqbspc1.webp,7,4,1,1,0.9999,adaptive,0.0982,0.0706,1,0.0706,0,0,0,0
cd8yq2dqbspc1.webp,7,5,3,3,1.0,adaptive,0.1461,0.1318,1,0.1318,0,0,0,0
cd8yq2dqbspc1.webp,7,7,7,7,1.0,adaptive,0.1161,0.0911,1,0.0911,0,0,0,0
cd8yq2dqbspc1.webp,7,8,9,9,1.0,adaptive,0.1443,0.1291,2,0.0979,0,0,0,0
cd8yq2dqbspc1.webp,8,2,4,4,1.0,adaptive,0.1042,0.1042,2,0.0829,0,0,0,0
cd8yq2dqbspc1.webp,8,3,7,7,1.0,adaptive,0.1033,0.0884,1,0.0884,0,0,0,0
cd8yq2dqbspc1.webp,8,4,5,5,1.0,adaptive,0.1569,0.142,1,0.142,0,0,0,0
cd8yq2dqbspc1.webp,8,5,9,9,1.0,adaptive,0.1393,0.1393,2,0.107,0,0,0,0
cd8yq2dqbspc1.webp,8,6,8,8,1.0,adaptive,0.1685,0.142,3,0.085,0,0,0,1
cd8yq2dqbspc1.webp,8,7,6,6,1.0,adaptive,0.1513,0.1373,2,0.1052,0,0,0,0
cd8yq2dqbspc1.webp,8,9,1,1,1.0,adaptive,0.1045,0.0755,1,0.0755,0,0,0,0
cd8yq2dqbspc1.webp,9,2,9,9,1.0,adaptive,0.1705,0.1407,2,0.1076,0,0,0,0
cd8yq2dqbspc1.webp,9,4,7,7,1.0,adaptive,0.1332,0.0918,1,0.0918,0,0,0,0
cd8yq2dqbspc1.webp,9,5,6,6,1.0,adaptive,0.1723,0.1425,2,0.1097,0,0,0,0
cd8yq2dqbspc1.webp,9,9,5,5,1.0,adaptive,0.1894,0.1361,1,0.1361,0,0,0,0
ckwljdbs3yhc1.webp,1,1,9,9,0.9658,adaptive,0.198,0.1466,2,0.086,0,0,0,0
ckwljdbs3yhc1.webp,1,2,0,0,0.8687,adaptive,0.1441,0.0735,4,0.0735,3,0,0,0
ckwljdbs3yhc1.webp,1,3,0,0,0.5374,adaptive,0.1867,0.0833,1,0.0833,0,0,0,0
ckwljdbs3yhc1.webp,1,4,0,0,0.7421,adaptive,0.1664,0.0933,2,0.0933,1,0,0,0
ckwljdbs3yhc1.webp,1,5,0,1,0.8474,adaptive,0.1852,0.0825,2,0.0825,1,0,0,0
ckwljdbs3yhc1.webp,1,6,5,5,1.0,adaptive,0.2571,0.149,6,0.0806,4,0,0,0
ckwljdbs3yhc1.webp,1,7,7,7,1.0,adaptive,0.2488,0.0506,7,0.0506,5,1,0,0
ckwljdbs3yhc1.webp,1,8,4,4,0.9999,adaptive,0.2472,0.135,3,0.0712,1,0,0,0
ckwljdbs3yhc1.webp,1,9,6,6,0.9971,adaptive,0.221,0.1533,2,0.0824,0,0,0,0
ckwljdbs3yhc1.webp,2,1,7,7,0.9999,adaptive,0.2006,0.1223,2,0.0654,0,0,0,0
ckwljdbs3yhc1.webp,2,2,0,0,0.8682,adaptive,0.1446,0.0677,2,0.0677,1,0,0,0
ckwljdbs3yhc1.webp,2,3,0,0,0.9246,adaptive,0.1404,0.0651,3,0.0651,2,0,0,0
ckwljdbs3yhc1.webp,2,4,0,0,0.7553,adaptive,0.1192,0.0798,3,0.0798,2,0,0,0
ckwljdbs3yhc1.webp,2,5,0,0,0.992,adaptive,0.1419,0.0,1,0.0,0,1,0,0
ckwljdbs3yhc1.webp,2,6,0,0,0.992,adaptive,0.1583,0.0,2,0.0,1,1,0,0
ckwljdbs3yhc1.webp,2,7,0,0,0.992,adaptive,0.1764,0.0,2,0.0,1,1,0,0
ckwljdbs3yhc1.webp,2,8,0,0,0.992,adaptive,0.1382,0.0,1,0.0,0,0,1,0
ckwljdbs3yhc1.webp,2,9,2,2,1.0,adaptive,0.201,0.0773,3,0.0773,1,1,0,0
ckwljdbs3yhc1.webp,3,1,0,0,0.8565,adaptive,0.1722,0.0615,5,0.0615,4,0,0,0
ckwljdbs3yhc1.webp,3,2,0,0,0.992,adaptive,0.1646,0.0,9,0.0,8,0,1,0
ckwljdbs3yhc1.webp,3,3,5,5,1.0,adaptive,0.2444,0.0773,4,0.0773,2,0,1,0
ckwljdbs3yhc1.webp,3,4,0,0,0.992,adaptive,0.1415,0.0,5,0.0,4,0,1,0
ckwljdbs3yhc1.webp,3,5,4,4,1.0,adaptive,0.2304,0.0651,3,0.0651,1,1,0,0
ckwljdbs3yhc1.webp,3,6,6,6,1.0,adaptive,0.2511,0.0835,8,0.0835,6,1,0,0
ckwljdbs3yhc1.webp,3,7,0,0,0.992,adaptive,0.2183,0.0,8,0.0,8,0,0,0
ckwljdbs3yhc1.webp,3,8,0,0,0.992,adaptive,0.1789,0.0,5,0.0,5,0,0,0
ckwljdbs3yhc1.webp,3,9,0,0,0.992,adaptive,0.1604,0.0,2,0.0,1,1,0,0
ckwljdbs3yhc1.webp,4,1,0,0,0.8876,adaptive,0.147,0.0662,12,0.0662,11,0,0,0
ckwljdbs3yhc1.webp,4,2,0,0,0.992,adaptive,0.1434,0.0,12,0.0,11,0,1,0
ckwljdbs3yhc1.webp,4,3,1,1,0.9975,adaptive,0.1936,0.0446,10,0.0446,8,0,1,0
ckwljdbs3yhc1.webp,4,4,6,6,1.0,adaptive,0.1996,0.0826,5,0.0826,3,0,1,0
ckwljdbs3yhc1.webp,4,5,7,7,1.0,adaptive,0.2053,0.054,5,0.054,3,1,0,0
ckwljdbs3yhc1.webp,4,6,0,0,0.992,adaptive,0.1526,0.0,10,0.0,8,2,0,0
ckwljdbs3yhc1.webp,4,7,0,0,0.992,adaptive,0.1853,0.0,9,0.0,9,0,0,0
ckwljdbs3yhc1.webp,4,8,0,0,0.992,adaptive,0.1707,0.0,6,0.0,6,0,0,0
ckwljdbs3yhc1.webp,4,9,3,3,1.0,adaptive,0.2319,0.0804,2,0.0804,0,1,0,0
ckwljdbs3yhc1.webp,5,1,0,0,0.992,adaptive,0.14,0.0,8,0.0,7,1,0,0
ckwljdbs3yhc1.webp,5,2,8,8,1.0,adaptive,0.244,0.0937,5,0.0937,3,1,0,0
ckwljdbs3yhc1.webp,5,3,0,0,0.992,adaptive,0.1696,0.0,14,0.0,13,1,0,0
ckwljdbs3yhc1.webp,5,4,0,0,0.992,adaptive,0.1486,0.0,11,0.0,10,1,0,0
ckwljdbs3yhc1.webp,5,5,3,3,1.0,adaptive,0.2573,0.0787,3,0.0787,2,0,0,0
ckwljdbs3yhc1.webp,5,6,0,0,0.992,adaptive,0.154,0.0,9,0.0,8,1,0,0
ckwljdbs3yhc1.webp,5,7,0,0,0.992,adaptive,0.1807,0.0,8,0.0052,7,0,0,0
ckwljdbs3yhc1.webp,5,8,2,2,1.0,adaptive,0.2156,0.0849,7,0.0849,6,0,0,0
ckwljdbs3yhc1.webp,5,9,9,9,1.0,adaptive,0.1995,0.0884,4,0.0884,2,1,0,0
ckwljdbs3yhc1.webp,6,1,0,0,0.992,adaptive,0.1381,0.0,11,0.0,10,1,0,0
ckwljdbs3yhc1.webp,6,2,0,0,0.992,adaptive,0.1687,0.0,12,0.0,11,1,0,0
ckwljdbs3yhc1.webp,6,3,0,0,0.992,adaptive,0.1533,0.0,10,0.0,9,1,0,0
ckwljdbs3yhc1.webp,6,4,0,0,0.992,adaptive,0.1301,0.0,10,0.0,9,0,1,0
ckwljdbs3yhc1.webp,6,5,0,0,0.992,adaptive,0.1621,0.0,8,0.0,7,1,0,0
ckwljdbs3yhc1.webp,6,6,0,0,0.992,adaptive,0.127,0.0,13,0.0,12,0,1,0
ckwljdbs3yhc1.webp,6,7,0,0,0.992,adaptive,0.1468,0.0,15,0.0,14,1,0,0
ckwljdbs3yhc1.webp,6,8,0,0,0.992,adaptive,0.1117,0.0,15,0.0,14,1,0,0
ckwljdbs3yhc1.webp,6,9,5,5,1.0,adaptive,0.1735,0.0775,4,0.0775,2,0,1,0
ckwljdbs3yhc1.webp,7,1,3,3,1.0,adaptive,0.2219,0.0786,4,0.0786,2,1,0,0
ckwljdbs3yhc1.webp,7,2,0,0,0.992,adaptive,0.1712,0.0,5,0.0,4,1,0,0
ckwljdbs3yhc1.webp,7,3,0,0,0.992,adaptive,0.1938,0.0,14,0.0,13,1,0,0
ckwljdbs3yhc1.webp,7,4,0,0,0.992,adaptive,0.1504,0.0,12,0.0,10,2,0,0
ckwljdbs3yhc1.webp,7,5,0,0,0.992,adaptive,0.1664,0.0,6,0.0,5,1,0,0
ckwljdbs3yhc1.webp,7,6,1,1,0.9944,adaptive,0.1836,0.0437,9,0.0437,7,0,1,0
ckwljdbs3yhc1.webp,7,7,2,2,1.0,adaptive,0.2569,0.0762,5,0.0762,3,1,0,0
ckwljdbs3yhc1.webp,7,8,0,0,0.992,adaptive,0.1633,0.0,13,0.0,12,1,0,0
ckwljdbs3yhc1.webp,7,9,7,7,1.0,adaptive,0.1793,0.0546,7,0.0546,5,0,1,0
ckwljdbs3yhc1.webp,8,1,0,0,0.992,adaptive,0.1171,0.0,5,0.0,4,1,0,0
ckwljdbs3yhc1.webp,8,2,0,0,0.992,adaptive,0.1467,0.0,6,0.0,5,1,0,0
ckwljdbs3yhc1.webp,8,3,0,0,0.992,adaptive,0.1644,0.0,14,0.0,13,1,0,0
ckwljdbs3yhc1.webp,8,4,8,8,1.0,adaptive,0.225,0.0889,6,0.0889,3,2,0,0
ckwljdbs3yhc1.webp,8,5,0,0,0.992,adaptive,0.1635,0.0,10,0.0,9,1,0,0
ckwljdbs3yhc1.webp,8,6,0,0,0.992,adaptive,0.1318,0.0,4,0.0,3,0,1,0
ckwljdbs3yhc1.webp,8,7,9,9,0.9998,adaptive,0.2567,0.0857,6,0.0857,4,1,0,0
ckwljdbs3yhc1.webp,8,8,0,0,0.992,adaptive,0.1488,0.0,9,0.0,8,1,0,0
ckwljdbs3yhc1.webp,8,9,0,0,0.9566,adaptive,0.1162,0.0719,8,0.0719,7,0,0,0
ckwljdbs3yhc1.webp,9,1,0,0,0.7609,adaptive,0.1051,0.0613,2,0.0613,1,0,0,0
ckwljdbs3yhc1.webp,9,2,0,0,0.992,adaptive,0.149,0.0,5,0.0,4,0,1,0
ckwljdbs3yhc1.webp,9,3,0,0,0.992,adaptive,0.1845,0.0,3,0.0,2,1,0,0
ckwljdbs3yhc1.webp,9,4,0,0,0.992,adaptive,0.1709,0.0,10,0.0,9,1,0,0
ckwljdbs3yhc1.webp,9,5,0,0,0.992,adaptive,0.1841,0.0,3,0.0,2,1,0,0
ckwljdbs3yhc1.webp,9,6,0,0,0.992,adaptive,0.1686,0.0,2,0.0,1,0,1,0
ckwljdbs3yhc1.webp,9,7,0,0,0.992,adaptive,0.1958,0.0,5,0.0,4,1,0,0
ckwljdbs3yhc1.webp,9,8,1,1,0.9934,adaptive,0.2121,0.0448,2,0.0448,0,0,1,0
ckwljdbs3yhc1.webp,9,9,0,0,0.8583,adaptive,0.1544,0.09,3,0.09,2,0,0,0
cq2c7nedomtc1.webp,1,1,7,7,1.0,adaptive,0.1811,0.1408,1,0.1408,0,0,0,0
cq2c7nedomtc1.webp,1,2,1,1,1.0,adaptive,0.114,0.0991,1,0.0991,0,0,0,0
cq2c7nedomtc1.webp,1,5,9,9,0.9999,adaptive,0.1667,0.1606,2,0.1194,0,0,0,0
cq2c7nedomtc1.webp,1,6,2,2,1.0,adaptive,0.1577,0.1573,1,0.1573,0,0,0,0
cq2c7nedomtc1.webp,1,8,4,4,1.0,adaptive,0.1488,0.1488,2,0.121,0,0,0,0
cq2c7nedomtc1.webp,1,9,6,6,1.0,adaptive,0.1697,0.1521,2,0.1125,0,0,0,0
cq2c7nedomtc1.webp,2,1,6,6,1.0,adaptive,0.1963,0.1682,2,0.1248,0,0,0,0
cq2c7nedomtc1.webp,2,2,9,9,1.0,adaptive,0.1685,0.1664,2,0.1228,0,0,0,0
cq2c7nedomtc1.webp,2,3,3,3,0.9996,adaptive,0.1669,0.1651,1,0.1651,0,0,0,0
cq2c7nedomtc1.webp,2,4,1,1,1.0,adaptive,0.1565,0.1088,2,0.1088,0,1,0,0
cq2c7nedomtc1.webp,2,5,8,8,1.0,adaptive,0.2029,0.1965,3,0.1196,0,0,0,1
cq2c7nedomtc1.webp,2,6,4,4,1.0,adaptive,0.1287,0.1232,2,0.0959,0,0,0,0
cq2c7nedomtc1.webp,2,7,7,7,1.0,adaptive,0.1762,0.0957,2,0.0957,0,1,0,0
cq2c7nedomtc1.webp,2,8,2,2,1.0,adaptive,0.157,0.1407,1,0.1407,0,0,0,0
cq2c7nedomtc1.webp,2,9,5,5,1.0,adaptive,0.1768,0.1427,1,0.1427,0,0,0,0
cq2c7nedomtc1.webp,3,2,4,4,1.0,adaptive,0.1658,0.1336,2,0.1043,0,0,0,0
cq2c7nedomtc1.webp,3,4,6,6,1.0,adaptive,0.2419,0.1535,3,0.1129,0,1,0,0
cq2c7nedomtc1.webp,3,6,7,7,1.0,adaptive,0.1648,0.0922,2,0.0922,0,1,0,0
cq2c7nedomtc1.webp,3,8,9,9,0.9933,adaptive,0.228,0.1488,3,0.1061,0,1,0,0
cq2c7nedomtc1.webp,3,9,1,1,0.9999,adaptive,0.1472,0.074,3,0.074,1,1,0,0
cq2c7nedomtc1.webp,4,1,9,9,1.0,adaptive,0.1902,0.1635,2,0.1214,0,0,0,0
cq2c7nedomtc1.webp,4,2,5,5,1.0,adaptive,0.1979,0.1929,1,0.1929,0,0,0,0
cq2c7nedomtc1.webp,4,4,4,4,1.0,adaptive,0.186,0.123,4,0.0951,1,1,0,0
cq2c7nedomtc1.webp,4,6,6,6,1.0,adaptive,0.1624,0.1408,2,0.1014,0,0,0,0
cq2c7nedomtc1.webp,4,7,2,2,0.9998,adaptive,0.2116,0.1446,2,0.1446,0,1,0,0
cq2c7nedomtc1.webp,4,9,8,8,0.9386,adaptive,0.1951,0.1548,4,0.0878,1,0,0,1
cq2c7nedomtc1.webp,5,1,4,4,1.0,adaptive,0.1692,0.1389,2,0.1072,0,0,0,0
cq2c7nedomtc1.webp,5,2,8,8,1.0,adaptive,0.2094,0.2018,3,0.121,0,0,0,1
cq2c7nedomtc1.webp,5,6,1,1,0.986,adaptive,0.1052,0.0744,1,0.0744,0,0,0,0
cq2c7nedomtc1.webp,5,7,6,6,0.9997,adaptive,0.2203,0.1443,3,0.1011,0,1,0,0
cq2c7nedomtc1.webp,5,9,9,9,0.9263,adaptive,0.1789,0.1296,3,0.0807,0,0,0,0
cq2c7nedomtc1.webp,6,2,3,3,0.9996,adaptive,0.2117,0.1583,1,0.1583,0,0,0,0
cq2c7nedomtc1.webp,6,3,6,6,1.0,adaptive,0.2032,0.149,3,0.1063,0,1,0,0
cq2c7nedomtc1.webp,6,4,8,8,1.0,adaptive,0.2557,0.1571,4,0.0867,0,0,1,1
cq2c7nedomtc1.webp,6,6,9,9,0.4183,adaptive,0.219,0.1323,3,0.0971,0,1,0,0
cq2c7nedomtc1.webp,6,7,4,4,0.8956,adaptive,0.2145,0.1027,4,0.0762,1,0,1,0
cq2c7nedomtc1.webp,6,9,7,7,0.8933,adaptive,0.1562,0.0746,3,0.053,0,1,0,0
cq2c7nedomtc1.webp,7,1,3,3,0.9997,adaptive,0.2248,0.1954,1,0.1954,0,0,0,0
cq2c7nedomtc1.webp,7,2,6,6,1.0,adaptive,0.1633,0.1569,2,0.1156,0,0,0,0
cq2c7nedomtc1.webp,7,3,9,9,0.9984,adaptive,0.2161,0.1582,3,0.1132,0,1,0,0
cq2c7nedomtc1.webp,7,4,7,7,0.9363,adaptive,0.166,0.1049,2,0.1049,0,1,0,0
cq2c7nedomtc1.webp,7,5,4,4,0.9939,adaptive,0.1395,0.1133,3,0.0613,0,0,0,1
cq2c7nedomtc1.webp,7,6,5,5,0.9997,adaptive,0.1671,0.1259,2,0.1196,0,0,0,0
cq2c7nedomtc1.webp,7,7,1,0,0.7571,adaptive,0.1602,0.0811,3,0.057,0,1,0,0
cq2c7nedomtc1.webp,7,8,8,8,0.8258,adaptive,0.197,0.1436,4,0.0683,0,0,0,1
cq2c7nedomtc1.webp,7,9,2,2,0.9888,adaptive,0.1397,0.1022,2,0.0826,0,0,0,0
cq2c7nedomtc1.webp,8,2,2,2,1.0,adaptive,0.168,0.1485,1,0.1485,0,0,0,0
cq2c7nedomtc1.webp,8,4,9,9,0.9449,adaptive,0.2049,0.1303,3,0.0925,0,1,0,0
cq2c7nedomtc1.webp,8,5,6,6,0.9999,adaptive,0.1804,0.1405,3,0.0953,1,0,0,0
cq2c7nedomtc1.webp,8,6,3,3,0.5813,adaptive,0.166,0.1237,2,0.1099,0,0,0,0
cq2c7nedomtc1.webp,8,7,5,5,0.9976,adaptive,0.2309,0.1346,4,0.1119,1,1,0,0
cq2c7nedomtc1.webp,8,8,7,5,0.3466,adaptive,0.1006,0.0702,2,0.0478,0,0,0,0
cq2c7nedomtc1.webp,8,9,4,2,0.9758,adaptive,0.1551,0.1119,4,0.0543,0,0,0,0
cq2c7nedomtc1.webp,9,1,5,5,1.0,adaptive,0.2288,0.1702,1,0.1702,0,0,0,0
cq2c7nedomtc1.webp,9,2,7,7,1.0,adaptive,0.1628,0.0988,3,0.0543,1,0,0,0
cq2c7nedomtc1.webp,9,3,4,4,0.9983,adaptive,0.182,0.1319,3,0.1025,0,1,0,0
cq2c7nedomtc1.webp,9,4,2,2,0.9993,adaptive,0.2125,0.1187,2,0.1187,0,0,1,0
cq2c7nedomtc1.webp,9,5,1,0,0.9059,adaptive,0.1162,0.0635,2,0.0635,0,1,0,0
cq2c7nedomtc1.webp,9,6,8,5,0.845,adaptive,0.1764,0.1172,4,0.0697,0,1,0,1
cq2c7nedomtc1.webp,9,7,9,5,0.8291,adaptive,0.1686,0.0811,3,0.0691,0,0,1,0
cq2c7nedomtc1.webp,9,8,6,5,0.7812,adaptive,0.1461,0.09,3,0.0518,0,1,0,0
cq2c7nedomtc1.webp,9,9,3,5,0.9704,adaptive,0.198,0.1034,4,0.0728,0,1,1,0
crpprhafhclc1.webp,1,3,3,3,1.0,adaptive,0.1905,0.1016,1,0.1016,0,0,0,0
crpprhafhclc1.webp,1,8,1,1,0.991,adaptive,0.1298,0.0436,1,0.0436,0,0,0,0
crpprhafhclc1.webp,1,9,6,6,0.9973,adaptive,0.1989,0.0795,1,0.0795,0,0,0,0
crpprhafhclc1.webp,2,2,7,7,1.0,adaptive,0.1554,0.0797,1,0.0797,0,0,0,0
crpprhafhclc1.webp,2,5,6,6,0.9983,adaptive,0.1641,0.0831,1,0.0831,0,0,0,0
crpprhafhclc1.webp,2,8,8,8,1.0,adaptive,0.202,0.123,1,0.123,0,0,0,0
crpprhafhclc1.webp,2,9,3,3,1.0,adaptive,0.1999,0.1043,1,0.1043,0,0,0,0
crpprhafhclc1.webp,3,3,1,1,0.9955,adaptive,0.1493,0.0664,1,0.0664,0,0,0,0
crpprhafhclc1.webp,3,4,3,3,1.0,adaptive,0.1604,0.0777,1,0.0777,0,0,0,0
crpprhafhclc1.webp,3,5,2,2,1.0,adaptive,0.1909,0.1054,1,0.1054,0,0,0,0
crpprhafhclc1.webp,3,6,4,4,1.0,adaptive,0.1967,0.0971,1,0.0971,0,0,0,0
crpprhafhclc1.webp,3,7,7,7,1.0,adaptive,0.1497,0.0544,1,0.0544,0,0,0,0
crpprhafhclc1.webp,3,8,5,5,1.0,adaptive,0.1753,0.0805,1,0.0805,0,0,0,0
crpprhafhclc1.webp,3,9,9,9,1.0,adaptive,0.2098,0.1016,1,0.1016,0,0,0,0
crpprhafhclc1.webp,4,4,2,2,1.0,adaptive,0.1631,0.0757,1,0.0757,0,0,0,0
crpprhafhclc1.webp,4,7,6,6,0.9994,adaptive,0.2041,0.1076,1,0.1076,0,0,0,0
crpprhafhclc1.webp,4,8,3,3,1.0,adaptive,0.1732,0.0782,1,0.0782,0,0,0,0
crpprhafhclc1.webp,5,3,2,2,1.0,adaptive,0.1963,0.1022,1,0.1022,0,0,0,0
crpprhafhclc1.webp,5,5,3,3,1.0,adaptive,0.1426,0.0778,1,0.0778,0,0,0,0
crpprhafhclc1.webp,5,8,7,7,1.0,adaptive,0.1494,0.0794,1,0.0794,0,0,0,0
crpprhafhclc1.webp,5,9,4,4,1.0,adaptive,0.1924,0.0991,1,0.0991,0,0,0,0
crpprhafhclc1.webp,6,5,4,4,1.0,adaptive,0.1825,0.0988,1,0.0988,0,0,0,0
crpprhafhclc1.webp,6,7,9,9,1.0,adaptive,0.2009,0.1047,1,0.1047,0,0,0,0
crpprhafhclc1.webp,6,8,2,2,1.0,adaptive,0.1956,0.1015,1,0.1015,0,0,0,0
crpprhafhclc1.webp,6,9,8,8,1.0,adaptive,0.2232,0.1196,1,0.1196,0,0,0,0
crpprhafhclc1.webp,7,2,1,1,0.9962,adaptive,0.1323,0.0617,1,0.0617,0,0,0,0
crpprhafhclc1.webp,7,4,4,4,1.0,adaptive,0.1836,0.0746,1,0.0746,0,0,0,0
crpprhafhclc1.webp,7,5,7,7,1.0,adaptive,0.1615,0.0771,1,0.0771,0,0,0,0
crpprhafhclc1.webp,7,6,3,3,1.0,adaptive,0.1833,0.0777,1,0.0777,0,0,0,0
crpprhafhclc1.webp,7,8,6,6,0.9998,adaptive,0.1861,0.107,1,0.107,0,0,0,0
crpprhafhclc1.webp,8,4,5,5,1.0,adaptive,0.1624,0.0812,1,0.0812,0,0,0,0
crpprhafhclc1.webp,8,5,9,9,1.0,adaptive,0.1646,0.1079,1,0.1079,0,0,0,0
crpprhafhclc1.webp,8,6,6,6,0.9998,adaptive,0.1807,0.1074,1,0.1074,0,0,0,0
crpprhafhclc1.webp,8,8,4,4,1.0,adaptive,0.1724,0.1017,1,0.1017,0,0,0,0
crpprhafhclc1.webp,9,2,4,4,1.0,adaptive,0.1811,0.0991,1,0.0991,0,0,0,0
crpprhafhclc1.webp,9,3,6,6,0.9997,adaptive,0.1996,0.1069,1,0.1069,0,0,0,0
crpprhafhclc1.webp,9,4,8,8,1.0,adaptive,0.2194,0.1203,1,0.1203,0,0,0,0
crpprhafhclc1.webp,9,5,1,1,0.9956,adaptive,0.152,0.0681,1,0.0681,0,0,0,0
crpprhafhclc1.webp,9,6,2,2,1.0,adaptive,0.1943,0.0994,1,0.0994,0,0,0,0
crpprhafhclc1.webp,9,8,9,9,1.0,adaptive,0.1649,0.0794,1,0.0794,0,0,0,0
crpprhafhclc1.webp,9,9,7,7,1.0,adaptive,0.1758,0.0766,1,0.0766,0,0,0,0
d8h70cm1osec1.png,1,1,5,5,1.0,adaptive,0.1816,0.0818,1,0.0818,0,0,0,0
d8h70cm1osec1.png,1,2,4,4,1.0,adaptive,0.1633,0.0785,1,0.0785,0,0,0,0
d8h70cm1osec1.png,1,3,3,3,1.0,adaptive,0.188,0.0773,1,0.0773,0,0,0,0
d8h70cm1osec1.png,1,5,1,1,0.9972,adaptive,0.13,0.0445,1,0.0445,0,0,0,0
d8h70cm1osec1.png,1,6,7,7,1.0,adaptive,0.1553,0.0561,1,0.0561,0,0,0,0
d8h70cm1osec1.png,1,7,6,6,0.9979,adaptive,0.1922,0.0815,1,0.0815,0,0,0,0
d8h70cm1osec1.png,1,8,9,9,1.0,adaptive,0.1671,0.0819,1,0.0819,0,0,0,0
d8h70cm1osec1.png,2,2,1,1,0.9976,adaptive,0.1299,0.0455,1,0.0455,0,0,0,0
d8h70cm1osec1.png,2,3,7,7,1.0,adaptive,0.1658,0.0565,1,0.0565,0,0,0,0
d8h70cm1osec1.png,2,4,9,9,1.0,adaptive,0.178,0.0823,1,0.0823,0,0,0,0
d8h70cm1osec1.png,2,5,0,0,0.992,adaptive,0.0843,0.0,0,0.0,0,0,0,0
d8h70cm1osec1.png,2,6,0,0,0.992,adaptive,0.0968,0.0,0,0.0,0,0,0,0
d8h70cm1osec1.png,2,8,5,5,1.0,adaptive,0.1701,0.0843,1,0.0843,0,0,0,0
d8h70cm1osec1.png,2,9,4,4,1.0,adaptive,0.1755,0.0767,1,0.0767,0,0,0,0
d8h70cm1osec1.png,3,2,8,8,1.0,adaptive,0.1911,0.0943,1,0.0943,0,0,0,0
d8h70cm1osec1.png,3,3,9,9,1.0,adaptive,0.2018,0.0813,1,0.0813,0,0,0,0
d8h70cm1osec1.png,3,4,4,4,1.0,adaptive,0.1849,0.0773,1,0.0773,0,0,0,0
d8h70cm1osec1.png,3,6,5,5,1.0,adaptive,0.1929,0.0826,1,0.0826,0,0,0,0
d8h70cm1osec1.png,3,7,1,1,0.9972,adaptive,0.17,0.0501,1,0.0501,0,0,0,0
d8h70cm1osec1.png,3,8,3,3,1.0,adaptive,0.1787,0.0807,1,0.0807,0,0,0,0
d8h70cm1osec1.png,3,9,7,7,1.0,adaptive,0.1686,0.0568,1,0.0568,0,0,0,0
d8h70cm1osec1.png,4,1,4,4,1.0,adaptive,0.1851,0.0735,1,0.0735,0,0,0,0
d8h70cm1osec1.png,4,2,3,3,1.0,adaptive,0.1768,0.0798,1,0.0798,0,0,0,0
d8h70cm1osec1.png,4,3,6,6,0.996,adaptive,0.2003,0.0798,1,0.0798,0,0,0,0
d8h70cm1osec1.png,4,4,1,1,0.9961,adaptive,0.153,0.0441,1,0.0441,0,0,0,0
d8h70cm1osec1.png,4,5,5,5,1.0,adaptive,0.1784,0.083,1,0.083,0,0,0,0
d8h70cm1osec1.png,4,7,7,7,1.0,adaptive,0.1773,0.057,1,0.057,0,0,0,0
d8h70cm1osec1.png,4,9,9,9,1.0,adaptive,0.1918,0.0795,1,0.0795,0,0,0,0
d8h70cm1osec1.png,5,1,7,7,1.0,adaptive,0.1425,0.0577,1,0.0577,0,0,0,0
d8h70cm1osec1.png,5,2,5,5,1.0,adaptive,0.1543,0.0833,1,0.0833,0,0,0,0
d8h70cm1osec1.png,5,4,6,6,0.9992,adaptive,0.1658,0.0825,1,0.0825,0,0,0,0
d8h70cm1osec1.png,5,5,9,9,1.0,adaptive,0.1513,0.0808,1,0.0808,0,0,0,0
d8h70cm1osec1.png,5,6,4,4,1.0,adaptive,0.163,0.0787,1,0.0787,0,0,0,0
d8h70cm1osec1.png,5,8,1,1,0.9979,adaptive,0.1224,0.0503,1,0.0503,0,0,0,0
d8h70cm1osec1.png,5,9,3,3,1.0,adaptive,0.166,0.0801,1,0.0801,0,0,0,0
d8h70cm1osec1.png,6,1,1,1,0.9959,adaptive,0.1555,0.0448,1,0.0448,0,0,0,0
d8h70cm1osec1.png,6,2,9,9,1.0,adaptive,0.1787,0.0816,1,0.0816,0,0,0,0
d8h70cm1osec1.png,6,4,0,0,0.992,adaptive,0.1089,0.0,0,0.0,0,0,0,0
d8h70cm1osec1.png,6,5,7,7,1.0,adaptive,0.1576,0.0617,1,0.0617,0,0,0,0
d8h70cm1osec1.png,6,6,0,0,0.992,adaptive,0.1105,0.0,0,0.0,0,0,0,0
d8h70cm1osec1.png,6,7,5,5,1.0,adaptive,0.202,0.0822,1,0.0822,0,0,0,0
d8h70cm1osec1.png,6,8,4,4,1.0,adaptive,0.1739,0.0764,1,0.0764,0,0,0,0
d8h70cm1osec1.png,6,9,6,6,0.9985,adaptive,0.1927,0.0811,1,0.0811,0,0,0,0
d8h70cm1osec1.png,7,1,9,9,1.0,adaptive,0.1902,0.0798,1,0.0798,0,0,0,0
d8h70cm1osec1.png,7,2,6,6,0.9988,adaptive,0.1807,0.0828,1,0.0828,0,0,0,0
d8h70cm1osec1.png,7,3,5,5,1.0,adaptive,0.2043,0.0822,1,0.0822,0,0,0,0
d8h70cm1osec1.png,7,4,0,0,0.992,adaptive,0.108,0.0,0,0.0,0,0,0,0
d8h70cm1osec1.png,7,5,0,0,0.992,adaptive,0.0975,0.0,0,0.0,0,0,0,0
d8h70cm1osec1.png,7,6,1,1,0.9971,adaptive,0.1604,0.0503,1,0.0503,0,0,0,0
d8h70cm1osec1.png,7,7,4,4,1.0,adaptive,0.1967,0.0753,1,0.0753,0,0,0,0
d8h70cm1osec1.png,7,8,7,7,1.0,adaptive,0.1558,0.0577,1,0.0577,0,0,0,0
d8h70cm1osec1.png,8,1,8,8,1.0,adaptive,0.1922,0.0927,1,0.0927,0,0,0,0
d8h70cm1osec1.png,8,2,7,7,1.0,adaptive,0.1446,0.0588,1,0.0588,0,0,0,0
d8h70cm1osec1.png,8,3,4,4,1.0,adaptive,0.1857,0.0739,1,0.0739,0,0,0,0
d8h70cm1osec1.png,8,4,5,5,1.0,adaptive,0.1789,0.0805,1,0.0805,0,0,0,0
d8h70cm1osec1.png,8,6,9,9,1.0,adaptive,0.1811,0.0814,1,0.0814,0,0,0,0
d8h70cm1osec1.png,8,7,3,3,1.0,adaptive,0.1906,0.0791,1,0.0791,0,0,0,0
d8h70cm1osec1.png,8,9,1,1,0.9879,adaptive,0.1483,0.0486,1,0.0486,0,0,0,0
d8h70cm1osec1.png,9,1,3,3,1.0,adaptive,0.1771,0.078,1,0.078,0,0,0,0
d8h70cm1osec1.png,9,2,2,2,1.0,adaptive,0.1624,0.0773,1,0.0773,0,0,0,0
d8h70cm1osec1.png,9,3,1,1,0.9891,adaptive,0.1611,0.0497,1,0.0497,0,0,0,0
d8h70cm1osec1.png,9,4,7,7,1.0,adaptive,0.155,0.0564,1,0.0564,0,0,0,0
d8h70cm1osec1.png,9,5,4,4,1.0,adaptive,0.1626,0.0776,1,0.0776,0,0,0,0
d8h70cm1osec1.png,9,7,9,9,1.0,adaptive,0.1914,0.0804,1,0.0804,0,0,0,0
d8h70cm1osec1.png,9,9,5,5,1.0,adaptive,0.1802,0.0802,1,0.0802,0,0,0,0
ddhhpptdsnac1.webp,1,1,4,4,0.9977,adaptive,0.2188,0.1027,1,0.1027,0,0,0,0
ddhhpptdsnac1.webp,1,2,9,9,1.0,adaptive,0.1911,0.1027,1,0.1027,0,0,0,0
ddhhpptdsnac1.webp,1,3,3,7,0.5072,adaptive,0.1862,0.0232,4,0.0232,2,0,1,0
ddhhpptdsnac1.webp,1,4,7,7,1.0,adaptive,0.1446,0.0702,1,0.0702,0,0,0,0
ddhhpptdsnac1.webp,1,5,6,6,0.9957,adaptive,0.1924,0.1088,1,0.1088,0,0,0,0
ddhhpptdsnac1.webp,1,6,1,0,0.992,adaptive,0.1579,0.0,3,0.0,2,1,0,0
ddhhpptdsnac1.webp,1,7,8,8,1.0,adaptive,0.2036,0.094,1,0.094,0,0,0,0
ddhhpptdsnac1.webp,1,8,2,2,0.9925,adaptive,0.1922,0.0866,1,0.0866,0,0,0,0
ddhhpptdsnac1.webp,1,9,5,5,0.9476,adaptive,0.2379,0.1132,5,0.1132,4,0,0,0
ddhhpptdsnac1.webp,2,1,2,2,0.9985,adaptive,0.1974,0.1013,1,0.1013,0,0,0,0
ddhhpptdsnac1.webp,2,2,1,1,0.9992,adaptive,0.1433,0.0576,1,0.0576,0,0,0,0
ddhhpptdsnac1.webp,2,3,6,6,0.9993,adaptive,0.1703,0.0769,2,0.0459,0,0,0,0
ddhhpptdsnac1.webp,2,4,3,3,0.9942,adaptive,0.1427,0.0626,2,0.0626,1,0,0,0
ddhhpptdsnac1.webp,2,5,5,5,0.9996,adaptive,0.1699,0.0985,3,0.0985,2,0,0,0
ddhhpptdsnac1.webp,2,6,8,8,0.9999,adaptive,0.227,0.1348,3,0.1165,0,0,0,1
ddhhpptdsnac1.webp,2,7,9,9,0.9856,adaptive,0.1825,0.0785,3,0.0785,2,0,0,0
ddhhpptdsnac1.webp,2,8,7,7,0.8165,adaptive,0.1745,0.093,3,0.0746,1,0,0,0
ddhhpptdsnac1.webp,2,9,4,4,1.0,adaptive,0.1866,0.0943,1,0.0943,0,0,0,0
ddhhpptdsnac1.webp,3,1,5,5,0.8274,adaptive,0.1831,0.0858,2,0.0858,1,0,0,0
ddhhpptdsnac1.webp,3,2,7,7,0.8197,adaptive,0.1882,0.0968,1,0.0968,0,0,0,0
ddhhpptdsnac1.webp,3,3,8,8,1.0,adaptive,0.2125,0.1221,1,0.1221,0,0,0,0
ddhhpptdsnac1.webp,3,4,2,2,1.0,adaptive,0.1767,0.0882,1,0.0882,0,0,0,0
ddhhpptdsnac1.webp,3,5,9,9,0.9897,adaptive,0.1637,0.0712,3,0.0712,2,0,0,0
ddhhpptdsnac1.webp,3,6,4,4,1.0,adaptive,0.1865,0.0933,1,0.0933,0,0,0,0
ddhhpptdsnac1.webp,3,7,3,3,1.0,adaptive,0.1914,0.0909,1,0.0909,0,0,0,0
ddhhpptdsnac1.webp,3,8,6,6,0.9116,adaptive,0.1884,0.1183,2,0.1079,0,0,0,1
ddhhpptdsnac1.webp,3,9,1,1,0.4998,adaptive,0.1359,0.051,2,0.0432,0,0,0,0
ddhhpptdsnac1.webp,4,2,4,4,0.9955,adaptive,0.1995,0.0995,5,0.0995,4,0,0,0
ddhhpptdsnac1.webp,4,3,2,2,1.0,adaptive,0.1675,0.0902,1,0.0902,0,0,0,0
ddhhpptdsnac1.webp,4,4,1,1,0.985,adaptive,0.1459,0.0454,4,0.0454,3,0,0,0
ddhhpptdsnac1.webp,4,5,7,7,0.9391,adaptive,0.1945,0.0986,4,0.0491,1,0,0,1
ddhhpptdsnac1.webp,4,6,3,3,0.9908,adaptive,0.1711,0.0584,1,0.0584,0,0,0,0
ddhhpptdsnac1.webp,4,7,5,5,1.0,adaptive,0.184,0.0893,1,0.0893,0,0,0,0
ddhhpptdsnac1.webp,4,9,6,6,0.9987,adaptive,0.1775,0.1087,1,0.1087,0,0,0,0
ddhhpptdsnac1.webp,5,2,5,5,0.9954,adaptive,0.2002,0.1152,2,0.1152,1,0,0,0
ddhhpptdsnac1.webp,5,3,7,7,0.9926,adaptive,0.1441,0.0687,1,0.0687,0,0,0,0
ddhhpptdsnac1.webp,5,4,6,6,0.9588,adaptive,0.1606,0.0651,1,0.0651,0,0,0,0
ddhhpptdsnac1.webp,5,5,8,8,1.0,adaptive,0.213,0.1224,1,0.1224,0,0,0,0
ddhhpptdsnac1.webp,5,6,2,7,0.9974,adaptive,0.1714,0.0556,2,0.0556,1,0,0,0
ddhhpptdsnac1.webp,5,7,4,4,0.9984,adaptive,0.1651,0.0805,1,0.0805,0,0,0,0
ddhhpptdsnac1.webp,5,8,1,1,0.949,adaptive,0.1242,0.0404,1,0.0404,0,0,0,0
ddhhpptdsnac1.webp,6,1,6,6,0.9918,adaptive,0.1902,0.104,1,0.104,0,0,0,0
ddhhpptdsnac1.webp,6,3,1,1,0.9977,adaptive,0.1457,0.0593,3,0.0593,2,0,0,0
ddhhpptdsnac1.webp,6,4,9,9,0.5556,adaptive,0.2208,0.1025,5,0.1025,4,0,0,0
ddhhpptdsnac1.webp,6,5,4,4,0.9976,adaptive,0.1999,0.0929,7,0.0504,4,0,0,0
ddhhpptdsnac1.webp,6,6,5,5,1.0,adaptive,0.1804,0.0853,3,0.0853,2,0,0,0
ddhhpptdsnac1.webp,6,7,2,2,0.9999,adaptive,0.1789,0.0853,1,0.0853,0,0,0,0
ddhhpptdsnac1.webp,6,9,7,4,0.6671,adaptive,0.1871,0.0757,2,0.0686,0,0,0,0
ddhhpptdsnac1.webp,7,2,2,2,1.0,adaptive,0.1863,0.0902,1,0.0902,0,0,0,0
ddhhpptdsnac1.webp,7,3,5,5,1.0,adaptive,0.1798,0.0929,1,0.0929,0,0,0,0
ddhhpptdsnac1.webp,7,4,4,4,1.0,adaptive,0.2012,0.0898,1,0.0898,0,0,0,0
ddhhpptdsnac1.webp,7,5,1,1,0.9453,adaptive,0.1434,0.0414,2,0.0414,1,0,0,0
ddhhpptdsnac1.webp,7,6,7,7,1.0,adaptive,0.1684,0.0671,1,0.0671,0,0,0,0
ddhhpptdsnac1.webp,7,7,6,6,0.987,adaptive,0.1969,0.1009,2,0.1009,1,0,0,0
ddhhpptdsnac1.webp,8,1,7,7,1.0,adaptive,0.1481,0.0667,1,0.0667,0,0,0,0
ddhhpptdsnac1.webp,8,3,9,2,0.5388,adaptive,0.1583,0.0645,2,0.0645,0,0,0,1
ddhhpptdsnac1.webp,8,4,5,5,0.9179,adaptive,0.2094,0.0952,1,0.0952,0,0,0,0
ddhhpptdsnac1.webp,8,5,2,2,0.9966,adaptive,0.1763,0.0735,1,0.0735,0,0,0,0
ddhhpptdsnac1.webp,8,6,6,6,1.0,adaptive,0.1868,0.0667,3,0.0667,2,0,0,0
ddhhpptdsnac1.webp,8,7,1,1,0.9957,adaptive,0.1529,0.0432,2,0.0432,1,0,0,0
ddhhpptdsnac1.webp,8,8,4,4,0.9999,adaptive,0.2025,0.1045,2,0.1045,0,0,0,1
ddhhpptdsnac1.webp,9,1,1,1,0.8808,adaptive,0.1207,0.0361,1,0.0361,0,0,0,0
ddhhpptdsnac1.webp,9,2,6,6,0.9831,adaptive,0.1257,0.0608,3,0.0398,1,0,0,0
ddhhpptdsnac1.webp,9,3,4,7,0.5208,adaptive,0.1439,0.0628,1,0.0628,0,0,0,0
ddhhpptdsnac1.webp,9,4,8,8,0.9981,adaptive,0.1662,0.0722,1,0.0722,0,0,0,0
ddhhpptdsnac1.webp,9,5,3,3,1.0,adaptive,0.1601,0.0782,2,0.0782,1,0,0,0
ddhhpptdsnac1.webp,9,6,9,9,1.0,adaptive,0.2092,0.0958,1,0.0958,0,0,0,0
ddhhpptdsnac1.webp,9,7,7,7,0.977,adaptive,0.1851,0.0682,4,0.031,0,1,0,0
ddhhpptdsnac1.webp,9,8,5,5,1.0,adaptive,0.2024,0.0911,3,0.0911,1,1,0,0
ddhhpptdsnac1.webp,9,9,2,2,0.9998,adaptive,0.1856,0.0664,1,0.0664,0,0,0,0
djkouyx9k3pc1.webp,1,1,4,4,1.0,adaptive,0.1653,0.0671,2,0.0671,0,1,0,0
djkouyx9k3pc1.webp,1,2,1,1,0.9988,adaptive,0.1113,0.0398,2,0.0398,0,1,0,0
djkouyx9k3pc1.webp,1,3,5,5,1.0,adaptive,0.1506,0.0782,2,0.0782,0,1,0,0
djkouyx9k3pc1.webp,1,4,7,7,1.0,adaptive,0.1591,0.0495,2,0.0495,0,1,0,0
djkouyx9k3pc1.webp,1,7,9,9,0.9999,adaptive,0.1787,0.0822,2,0.0822,0,1,0,0
djkouyx9k3pc1.webp,1,8,6,6,0.9999,adaptive,0.171,0.0871,2,0.0871,0,1,0,0
djkouyx9k3pc1.webp,1,9,2,2,1.0,adaptive,0.1655,0.0673,2,0.0673,0,1,0,0
djkouyx9k3pc1.webp,2,2,2,2,1.0,adaptive,0.1187,0.0748,1,0.0748,0,0,0,0
djkouyx9k3pc1.webp,2,3,8,8,1.0,adaptive,0.1244,0.0814,1,0.0814,0,0,0,0
djkouyx9k3pc1.webp,2,7,3,3,1.0,adaptive,0.1185,0.0739,1,0.0739,0,0,0,0
djkouyx9k3pc1.webp,2,8,7,7,1.0,adaptive,0.0932,0.05,1,0.05,0,0,0,0
djkouyx9k3pc1.webp,2,9,4,4,1.0,adaptive,0.1391,0.0678,1,0.0678,0,0,0,0
djkouyx9k3pc1.webp,3,1,7,7,1.0,adaptive,0.1092,0.0515,1,0.0515,0,0,0,0
djkouyx9k3pc1.webp,3,3,3,3,1.0,adaptive,0.1236,0.0697,1,0.0697,0,0,0,0
djkouyx9k3pc1.webp,3,5,4,4,1.0,adaptive,0.1246,0.0683,1,0.0683,0,0,0,0
djkouyx9k3pc1.webp,3,7,1,1,0.9973,adaptive,0.1087,0.0392,1,0.0392,0,0,0,0
djkouyx9k3pc1.webp,3,8,8,8,1.0,adaptive,0.1404,0.0837,1,0.0837,0,0,0,0
djkouyx9k3pc1.webp,3,9,5,5,1.0,adaptive,0.1479,0.0771,1,0.0771,0,0,0,0
djkouyx9k3pc1.webp,4,2,7,7,1.0,adaptive,0.1389,0.0534,1,0.0534,0,0,0,0
djkouyx9k3pc1.webp,4,3,2,2,1.0,adaptive,0.1664,0.0682,1,0.0682,0,0,0,0
djkouyx9k3pc1.webp,4,5,9,9,1.0,adaptive,0.1712,0.0857,1,0.0857,0,0,0,0
djkouyx9k3pc1.webp,4,6,4,4,1.0,adaptive,0.1798,0.0673,1,0.0673,0,0,0,0
djkouyx9k3pc1.webp,4,7,5,5,1.0,adaptive,0.176,0.0775,1,0.0775,0,0,0,0
djkouyx9k3pc1.webp,4,8,3,3,1.0,adaptive,0.1581,0.0728,1,0.0728,0,0,0,0
djkouyx9k3pc1.webp,4,9,1,1,0.999,adaptive,0.1399,0.0394,1,0.0394,0,0,0,0
djkouyx9k3pc1.webp,5,3,1,1,0.9974,adaptive,0.1099,0.0393,1,0.0393,0,0,0,0
djkouyx9k3pc1.webp,5,4,5,5,1.0,adaptive,0.1651,0.0794,1,0.0794,0,0,0,0
djkouyx9k3pc1.webp,5,5,2,2,1.0,adaptive,0.1295,0.0716,1,0.0716,0,0,0,0
djkouyx9k3pc1.webp,5,6,7,7,1.0,adaptive,0.1368,0.0513,1,0.0513,0,0,0,0
djkouyx9k3pc1.webp,5,8,4,4,1.0,adaptive,0.1306,0.0728,1,0.0728,0,0,0,0
djkouyx9k3pc1.webp,5,9,9,9,1.0,adaptive,0.1551,0.0841,1,0.0841,0,0,0,0
djkouyx9k3pc1.webp,6,1,5,5,1.0,adaptive,0.1624,0.0775,1,0.0775,0,0,0,0
djkouyx9k3pc1.webp,6,2,4,4,1.0,adaptive,0.1637,0.0669,1,0.0669,0,0,0,0
djkouyx9k3pc1.webp,6,3,9,9,1.0,adaptive,0.1918,0.0847,1,0.0847,0,0,0,0
djkouyx9k3pc1.webp,6,8,2,2,1.0,adaptive,0.1671,0.0697,1,0.0697,0,0,0,0
djkouyx9k3pc1.webp,6,9,7,7,1.0,adaptive,0.1608,0.0503,1,0.0503,0,0,0,0
djkouyx9k3pc1.webp,7,3,6,6,1.0,adaptive,0.1673,0.0849,1,0.0849,0,0,0,0
djkouyx9k3pc1.webp,7,4,4,4,1.0,adaptive,0.1677,0.0695,1,0.0695,0,0,0,0
djkouyx9k3pc1.webp,7,5,7,7,1.0,adaptive,0.1205,0.0509,1,0.0509,0,0,0,0
djkouyx9k3pc1.webp,7,7,2,2,1.0,adaptive,0.1515,0.0691,1,0.0691,0,0,0,0
djkouyx9k3pc1.webp,7,8,1,1,0.9982,adaptive,0.1092,0.04,1,0.04,0,0,0,0
djkouyx9k3pc1.webp,7,9,8,8,1.0,adaptive,0.1695,0.0838,1,0.0838,0,0,0,0
djkouyx9k3pc1.webp,8,1,1,1,0.9973,adaptive,0.0975,0.0398,1,0.0398,0,0,0,0
djkouyx9k3pc1.webp,8,3,7,7,1.0,adaptive,0.1079,0.0504,1,0.0504,0,0,0,0
djkouyx9k3pc1.webp,8,7,4,4,1.0,adaptive,0.1239,0.0669,1,0.0669,0,0,0,0
djkouyx9k3pc1.webp,8,8,9,9,0.9999,adaptive,0.1288,0.0849,1,0.0849,0,0,0,0
djkouyx9k3pc1.webp,8,9,6,6,1.0,adaptive,0.1436,0.0857,1,0.0857,0,0,0,0
djkouyx9k3pc1.webp,9,1,2,2,1.0,adaptive,0.1557,0.0693,1,0.0693,0,0,0,0
djkouyx9k3pc1.webp,9,2,8,8,1.0,adaptive,0.1542,0.0834,1,0.0834,0,0,0,0
djkouyx9k3pc1.webp,9,3,4,4,1.0,adaptive,0.1513,0.0673,1,0.0673,0,0,0,0
djkouyx9k3pc1.webp,9,4,9,9,0.9999,adaptive,0.1831,0.0842,1,0.0842,0,0,0,0
djkouyx9k3pc1.webp,9,5,1,1,0.9972,adaptive,0.116,0.045,1,0.045,0,0,0,0
djkouyx9k3pc1.webp,9,6,6,6,0.9996,adaptive,0.1827,0.0838,1,0.0838,0,0,0,0
djkouyx9k3pc1.webp,9,7,7,7,1.0,adaptive,0.1334,0.0495,1,0.0495,0,0,0,0
djkouyx9k3pc1.webp,9,8,5,5,1.0,adaptive,0.1502,0.0796,1,0.0796,0,0,0,0
djkouyx9k3pc1.webp,9,9,3,3,1.0,adaptive,0.1602,0.074,1,0.074,0,0,0,0
e2fsumxl1lac1.webp,1,1,0,0,0.992,adaptive,0.1143,0.0,0,0.0,0,0,0,0
e2fsumxl1lac1.webp,1,2,0,0,0.992,adaptive,0.1271,0.0,0,0.0,0,0,0,0
e2fsumxl1lac1.webp,1,3,3,3,1.0,adaptive,0.1755,0.0483,1,0.0483,0,0,0,0
e2fsumxl1lac1.webp,1,4,0,0,0.992,adaptive,0.1141,0.0,0,0.0,0,0,0,0
e2fsumxl1lac1.webp,1,5,9,9,0.9999,adaptive,0.1703,0.0559,1,0.0559,0,0,0,0
e2fsumxl1lac1.webp,1,6,0,0,0.992,adaptive,0.127,0.0,0,0.0,0,0,0,0
e2fsumxl1lac1.webp,1,7,0,0,0.992,adaptive,0.1143,0.0,0,0.0,0,0,0,0
e2fsumxl1lac1.webp,1,8,2,2,1.0,adaptive,0.1735,0.0464,1,0.0464,0,0,0,0
e2fsumxl1lac1.webp,1,9,0,0,0.992,adaptive,0.1265,0.0,0,0.0,0,0,0,0
e2fsumxl1lac1.webp,2,1,0,0,0.992,adaptive,0.0871,0.0,0,0.0,0,0,0,0
e2fsumxl1lac1.webp,2,2,5,5,1.0,adaptive,0.1499,0.0505,1,0.0505,0,0,0,0
e2fsumxl1lac1.webp,2,3,0,0,0.992,adaptive,0.1002,0.0,0,0.0,0,0,0,0
e2fsumxl1lac1.webp,2,4,0,0,0.992,adaptive,0.0871,0.0,0,0.0,0,0,0,0
e2fsumxl1lac1.webp,2,5,3,3,1.0,adaptive,0.1373,0.0505,1,0.0505,0,0,0,0
e2fsumxl1lac1.webp,2,6,8,8,1.0,adaptive,0.1615,0.0613,1,0.0613,0,0,0,0
e2fsumxl1lac1.webp,2,7,1,1,1.0,adaptive,0.1237,0.0371,1,0.0371,0,0,0,0
e2fsumxl1lac1.webp,2,8,0,0,0.992,adaptive,0.0996,0.0,0,0.0,0,0,0,0
e2fsumxl1lac1.webp,2,9,9,9,1.0,adaptive,0.156,0.0563,1,0.0563,0,0,0,0
e2fsumxl1lac1.webp,3,1,1,1,0.9999,adaptive,0.1334,0.0372,1,0.0372,0,0,0,0
e2fsumxl1lac1.webp,3,2,7,7,0.9999,adaptive,0.1472,0.0393,1,0.0393,0,0,0,0
e2fsumxl1lac1.webp,3,3,9,9,1.0,adaptive,0.1655,0.0557,1,0.0557,0,0,0,0
e2fsumxl1lac1.webp,3,4,0,0,0.992,adaptive,0.0855,0.0,0,0.0,0,0,0,0
e2fsumxl1lac1.webp,3,5,2,2,1.0,adaptive,0.1425,0.0475,1,0.0475,0,0,0,0
e2fsumxl1lac1.webp,3,6,0,0,0.992,adaptive,0.0985,0.0,0,0.0,0,0,0,0
e2fsumxl1lac1.webp,3,7,3,3,1.0,adaptive,0.1435,0.0481,1,0.0481,0,0,0,0
e2fsumxl1lac1.webp,3,8,8,8,1.0,adaptive,0.1707,0.0626,1,0.0626,0,0,0,0
e2fsumxl1lac1.webp,3,9,4,4,0.9999,adaptive,0.1472,0.049,1,0.049,0,0,0,0
e2fsumxl1lac1.webp,4,1,0,0,0.992,adaptive,0.0998,0.0,0,0.0,0,0,0,0
e2fsumxl1lac1.webp,4,2,3,3,1.0,adaptive,0.1592,0.0473,1,0.0473,0,0,0,0
e2fsumxl1lac1.webp,4,3,5,5,1.0,adaptive,0.1671,0.0546,1,0.0546,0,0,0,0
e2fsumxl1lac1.webp,4,4,0,0,0.992,adaptive,0.1009,0.0,0,0.0,0,0,0,0
e2fsumxl1lac1.webp,4,5,0,0,0.992,adaptive,0.1006,0.0,0,0.0,0,0,0,0
e2fsumxl1lac1.webp,4,6,4,4,0.9999,adaptive,0.1611,0.0483,1,0.0483,0,0,0,0
e2fsumxl1lac1.webp,4,7,0,0,0.992,adaptive,0.1002,0.0,0,0.0,0,0,0,0
e2fsumxl1lac1.webp,4,8,1,1,0.9998,adaptive,0.1513,0.0382,1,0.0382,0,0,0,0
e2fsumxl1lac1.webp,4,9,0,0,0.992,adaptive,0.1125,0.0,0,0.0,0,0,0,0
e2fsumxl1lac1.webp,5,1,0,0,0.992,adaptive,0.0866,0.0,0,0.0,0,0,0,0
e2fsumxl1lac1.webp,5,2,0,0,0.992,adaptive,0.0992,0.0,0,0.0,0,0,0,0
e2fsumxl1lac1.webp,5,3,0,0,0.992,adaptive,0.1002,0.0,0,0.0,0,0,0,0
e2fsumxl1lac1.webp,5,4,0,0,0.992,adaptive,0.0868,0.0,0,0.0,0,0,0,0
e2fsumxl1lac1.webp,5,5,0,0,0.992,adaptive,0.0865,0.0,0,0.0,0,0,0,0
e2fsumxl1lac1.webp,5,6,0,0,0.992,adaptive,0.1,0.0,0,0.0,0,0,0,0
e2fsumxl1lac1.webp,5,7,0,0,0.992,adaptive,0.0868,0.0,0,0.0,0,0,0,0
e2fsumxl1lac1.webp,5,8,4,4,1.0,adaptive,0.1455,0.0459,1,0.0459,0,0,0,0
e2fsumxl1lac1.webp,5,9,0,0,0.992,adaptive,0.0997,0.0,0,0.0,0,0,0,0
e2fsumxl1lac1.webp,6,1,0,0,0.992,adaptive,0.098,0.0,0,0.0,0,0,0,0
e2fsumxl1lac1.webp,6,2,0,0,0.992,adaptive,0.1101,0.0,0,0.0,0,0,0,0
e2fsumxl1lac1.webp,6,3,0,0,0.992,adaptive,0.1112,0.0,0,0.0,0,0,0,0
e2fsumxl1lac1.webp,6,4,2,2,0.9999,adaptive,0.1452,0.0468,1,0.0468,0,0,0,0
e2fsumxl1lac1.webp,6,5,0,0,0.992,adaptive,0.0984,0.0,0,0.0,0,0,0,0
e2fsumxl1lac1.webp,6,6,0,0,0.992,adaptive,0.1112,0.0,0,0.0,0,0,0,0
e2fsumxl1lac1.webp,6,7,8,8,1.0,adaptive,0.1597,0.0617,1,0.0617,0,0,0,0
e2fsumxl1lac1.webp,6,8,3,3,1.0,adaptive,0.1588,0.0488,1,0.0488,0,0,0,0
e2fsumxl1lac1.webp,6,9,0,0,0.992,adaptive,0.1105,0.0,0,0.0,0,0,0,0
e2fsumxl1lac1.webp,7,1,5,5,1.0,adaptive,0.1544,0.0548,1,0.0548,0,0,0,0
e2fsumxl1lac1.webp,7,2,0,0,0.992,adaptive,0.1126,0.0,0,0.0,0,0,0,0
e2fsumxl1lac1.webp,7,3,0,0,0.992,adaptive,0.1123,0.0,0,0.0,0,0,0,0
e2fsumxl1lac1.webp,7,4,0,0,0.992,adaptive,0.1002,0.0,0,0.0,0,0,0,0
e2fsumxl1lac1.webp,7,5,4,4,1.0,adaptive,0.1465,0.0466,1,0.0466,0,0,0,0
e2fsumxl1lac1.webp,7,6,0,0,0.992,adaptive,0.1125,0.0,0,0.0,0,0,0,0
e2fsumxl1lac1.webp,7,7,0,0,0.992,adaptive,0.1,0.0,0,0.0,0,0,0,0
e2fsumxl1lac1.webp,7,8,9,9,0.9999,adaptive,0.1689,0.0559,1,0.0559,0,0,0,0
e2fsumxl1lac1.webp,7,9,1,1,0.9995,adaptive,0.1488,0.0365,1,0.0365,0,0,0,0
e2fsumxl1lac1.webp,8,1,0,0,0.992,adaptive,0.0862,0.0,0,0.0,0,0,0,0
e2fsumxl1lac1.webp,8,2,0,0,0.992,adaptive,0.0989,0.0,0,0.0,0,0,0,0
e2fsumxl1lac1.webp,8,3,1,1,1.0,adaptive,0.1364,0.0369,1,0.0369,0,0,0,0
e2fsumxl1lac1.webp,8,4,8,8,1.0,adaptive,0.1493,0.0626,1,0.0626,0,0,0,0
e2fsumxl1lac1.webp,8,5,5,5,1.0,adaptive,0.1373,0.051,1,0.051,0,0,0,0
e2fsumxl1lac1.webp,8,6,0,0,0.992,adaptive,0.0997,0.0,0,0.0,0,0,0,0
e2fsumxl1lac1.webp,8,7,0,0,0.992,adaptive,0.0862,0.0,0,0.0,0,0,0,0
e2fsumxl1lac1.webp,8,8,0,0,0.992,adaptive,0.0989,0.0,0,0.0,0,0,0,0
e2fsumxl1lac1.webp,8,9,3,3,1.0,adaptive,0.1483,0.0488,1,0.0488,0,0,0,0
e2fsumxl1lac1.webp,9,1,3,3,1.0,adaptive,0.1341,0.0483,1,0.0483,0,0,0,0
e2fsumxl1lac1.webp,9,2,6,6,0.9924,adaptive,0.1545,0.0565,1,0.0565,0,0,0,0
e2fsumxl1lac1.webp,9,3,0,0,0.992,adaptive,0.0987,0.0,0,0.0,0,0,0,0
e2fsumxl1lac1.webp,9,4,0,0,0.992,adaptive,0.0858,0.0,0,0.0,0,0,0,0
e2fsumxl1lac1.webp,9,5,1,1,0.9999,adaptive,0.123,0.0373,1,0.0373,0,0,0,0
e2fsumxl1lac1.webp,9,6,0,0,0.992,adaptive,0.0982,0.0,0,0.0,0,0,0,0
e2fsumxl1lac1.webp,9,7,4,4,1.0,adaptive,0.1337,0.0486,1,0.0486,0,0,0,0
e2fsumxl1lac1.webp,9,8,5,5,1.0,adaptive,0.1511,0.0531,1,0.0531,0,0,0,0
e2fsumxl1lac1.webp,9,9,8,8,1.0,adaptive,0.1591,0.0608,1,0.0608,0,0,0,0
efpedsfwnhjc1.webp,1,1,5,5,1.0,adaptive,0.2515,0.0822,7,0.0822,4,2,0,0
efpedsfwnhjc1.webp,1,2,0,0,0.992,adaptive,0.1486,0.0,9,0.0,8,1,0,0
efpedsfwnhjc1.webp,1,3,1,1,0.9351,adaptive,0.2061,0.0325,6,0.0325,4,1,0,0
efpedsfwnhjc1.webp,1,4,9,9,1.0,adaptive,0.2802,0.0826,2,0.0826,0,1,0,0
efpedsfwnhjc1.webp,1,5,0,0,0.992,adaptive,0.1626,0.0,13,0.0,12,1,0,0
efpedsfwnhjc1.webp,1,6,3,3,0.9997,adaptive,0.2629,0.0809,7,0.0735,4,1,0,1
efpedsfwnhjc1.webp,1,7,2,2,1.0,adaptive,0.2522,0.0757,6,0.0757,4,1,0,0
efpedsfwnhjc1.webp,1,8,7,7,0.9996,adaptive,0.2069,0.057,10,0.0493,8,0,0,0
efpedsfwnhjc1.webp,1,9,8,8,1.0,adaptive,0.2631,0.0855,5,0.0855,4,0,0,0
efpedsfwnhjc1.webp,2,1,0,0,0.992,adaptive,0.1447,0.0,18,0.0,17,1,0,0
efpedsfwnhjc1.webp,2,2,0,0,0.992,adaptive,0.1067,0.0,18,0.0,18,0,0,0
efpedsfwnhjc1.webp,2,3,9,9,1.0,adaptive,0.2164,0.0853,4,0.0853,3,0,0,0
efpedsfwnhjc1.webp,2,4,8,8,0.9998,adaptive,0.2359,0.0825,6,0.0825,5,0,0,0
efpedsfwnhjc1.webp,2,5,2,2,1.0,adaptive,0.177,0.0767,4,0.0767,3,0,0,0
efpedsfwnhjc1.webp,2,6,7,7,1.0,adaptive,0.1952,0.0561,2,0.0561,1,0,0,0
efpedsfwnhjc1.webp,2,7,5,5,1.0,adaptive,0.2081,0.0805,4,0.0805,3,0,0,0
efpedsfwnhjc1.webp,2,8,1,1,0.9992,adaptive,0.1483,0.0441,7,0.0441,6,0,0,0
efpedsfwnhjc1.webp,2,9,0,0,0.992,adaptive,0.1275,0.0,9,0.0,9,0,0,0
efpedsfwnhjc1.webp,3,1,2,2,0.9997,adaptive,0.2263,0.0662,6,0.0662,4,1,0,0
efpedsfwnhjc1.webp,3,2,8,8,0.9981,adaptive,0.1961,0.0753,7,0.0753,6,0,0,0
efpedsfwnhjc1.webp,3,3,7,7,1.0,adaptive,0.1931,0.0564,12,0.0564,11,0,0,0
efpedsfwnhjc1.webp,3,4,5,5,1.0,adaptive,0.2034,0.0577,10,0.0577,9,0,0,0
efpedsfwnhjc1.webp,3,5,0,0,0.992,adaptive,0.1108,0.0,19,0.0,19,0,0,0
efpedsfwnhjc1.webp,3,6,1,1,0.9963,adaptive,0.1804,0.0417,6,0.0417,5,0,0,0
efpedsfwnhjc1.webp,3,7,0,0,0.992,adaptive,0.1417,0.0,17,0.0,17,0,0,0
efpedsfwnhjc1.webp,3,8,9,9,1.0,adaptive,0.1897,0.0859,5,0.0859,4,0,0,0
efpedsfwnhjc1.webp,3,9,0,0,0.992,adaptive,0.1406,0.0,7,0.0053,6,0,0,0
efpedsfwnhjc1.webp,4,1,8,8,1.0,adaptive,0.282,0.0853,9,0.0853,7,1,0,0
efpedsfwnhjc1.webp,4,2,0,0,0.992,adaptive,0.1624,0.0,13,0.0,13,0,0,0
efpedsfwnhjc1.webp,4,3,0,0,0.992,adaptive,0.1838,0.0,15,0.0,15,0,0,0
efpedsfwnhjc1.webp,4,4,7,7,1.0,adaptive,0.2544,0.0546,16,0.0546,15,0,0,0
efpedsfwnhjc1.webp,4,5,9,9,1.0,adaptive,0.2494,0.0862,11,0.0862,10,0,0,0
efpedsfwnhjc1.webp,4,6,2,2,0.9996,adaptive,0.2375,0.0642,6,0.0642,5,0,0,0
efpedsfwnhjc1.webp,4,7,1,1,0.9741,adaptive,0.2007,0.0263,16,0.0263,15,0,0,0
efpedsfwnhjc1.webp,4,8,5,5,1.0,adaptive,0.2438,0.0896,9,0.0896,8,0,0,0
efpedsfwnhjc1.webp,4,9,0,0,0.992,adaptive,0.1773,0.0,14,0.0,14,0,0,0
efpedsfwnhjc1.webp,5,1,1,1,0.9878,adaptive,0.1841,0.038,18,0.038,16,1,0,0
efpedsfwnhjc1.webp,5,2,9,9,1.0,adaptive,0.1814,0.0863,7,0.0863,6,0,0,0
efpedsfwnhjc1.webp,5,3,2,2,1.0,adaptive,0.2035,0.076,17,0.076,16,0,0,0
efpedsfwnhjc1.webp,5,4,0,0,0.992,adaptive,0.1569,0.0,43,0.0,43,0,0,0
efpedsfwnhjc1.webp,5,5,5,5,1.0,adaptive,0.1933,0.0817,20,0.0817,19,0,0,0
efpedsfwnhjc1.webp,5,6,4,4,1.0,adaptive,0.1913,0.0681,15,0.0681,14,0,0,0
efpedsfwnhjc1.webp,5,7,0,0,0.992,adaptive,0.1312,0.0,24,0.0,24,0,0,0
efpedsfwnhjc1.webp,5,8,8,8,1.0,adaptive,0.1832,0.0911,10,0.0911,9,0,0,0
efpedsfwnhjc1.webp,5,9,7,7,0.9828,adaptive,0.1802,0.052,11,0.052,10,0,0,0
efpedsfwnhjc1.webp,6,1,7,7,0.9792,adaptive,0.2025,0.0521,20,0.0521,18,1,0,0
efpedsfwnhjc1.webp,6,2,5,5,1.0,adaptive,0.1884,0.0807,9,0.0807,8,0,0,0
efpedsfwnhjc1.webp,6,3,0,0,0.992,adaptive,0.1446,0.0,37,0.0,37,0,0,0
efpedsfwnhjc1.webp,6,4,0,0,0.992,adaptive,0.1637,0.0,25,0.0,25,0,0,0
efpedsfwnhjc1.webp,6,5,1,1,0.9989,adaptive,0.1721,0.0421,30,0.0421,29,0,0,0
efpedsfwnhjc1.webp,6,6,8,8,1.0,adaptive,0.2185,0.086,13,0.086,12,0,0,0
efpedsfwnhjc1.webp,6,7,9,9,1.0,adaptive,0.233,0.0844,14,0.0844,13,0,0,0
efpedsfwnhjc1.webp,6,8,0,0,0.992,adaptive,0.1183,0.0,18,0.0,18,0,0,0
efpedsfwnhjc1.webp,6,9,2,2,0.9327,adaptive,0.2083,0.0646,9,0.0483,7,0,0,0
efpedsfwnhjc1.webp,7,1,0,0,0.992,adaptive,0.1798,0.0,38,0.0,38,0,0,0
efpedsfwnhjc1.webp,7,2,1,1,0.9992,adaptive,0.1829,0.0459,15,0.0459,14,0,0,0
efpedsfwnhjc1.webp,7,3,5,5,1.0,adaptive,0.2386,0.0791,13,0.0791,12,0,0,0
efpedsfwnhjc1.webp,7,4,2,2,1.0,adaptive,0.2566,0.0722,20,0.0722,19,0,0,0
efpedsfwnhjc1.webp,7,5,7,7,1.0,adaptive,0.2114,0.0543,17,0.0543,16,0,0,0
efpedsfwnhjc1.webp,7,6,6,6,0.9992,adaptive,0.2181,0.0637,9,0.0637,8,0,0,0
efpedsfwnhjc1.webp,7,7,8,8,1.0,adaptive,0.2339,0.0844,14,0.0844,13,0,0,0
efpedsfwnhjc1.webp,7,8,0,0,0.992,adaptive,0.1379,0.0,28,0.0,28,0,0,0
efpedsfwnhjc1.webp,7,9,9,9,1.0,adaptive,0.2263,0.0833,9,0.0833,8,0,0,0
efpedsfwnhjc1.webp,8,1,0,3,0.5605,adaptive,0.1592,0.0197,26,0.0145,24,0,0,0
efpedsfwnhjc1.webp,8,2,7,7,0.5947,adaptive,0.1694,0.0455,18,0.0344,16,0,0,1
efpedsfwnhjc1.webp,8,3,8,8,1.0,adaptive,0.2121,0.0866,17,0.0866,16,0,0,0
efpedsfwnhjc1.webp,8,4,1,1,0.9979,adaptive,0.1943,0.0452,14,0.0452,13,0,0,0
efpedsfwnhjc1.webp,8,5,3,7,0.6974,adaptive,0.18,0.0539,19,0.0539,18,0,0,0
efpedsfwnhjc1.webp,8,6,9,9,0.9715,adaptive,0.2103,0.0719,15,0.0719,14,0,0,0
efpedsfwnhjc1.webp,8,7,0,0,0.992,adaptive,0.1298,0.0,23,0.0,23,0,0,0
efpedsfwnhjc1.webp,8,8,2,2,1.0,adaptive,0.1745,0.0794,14,0.0794,13,0,0,0
efpedsfwnhjc1.webp,8,9,5,5,0.9981,adaptive,0.1963,0.0764,4,0.0764,3,0,0,0
efpedsfwnhjc1.webp,9,1,9,9,1.0,adaptive,0.2366,0.0829,6,0.0829,5,0,0,0
efpedsfwnhjc1.webp,9,2,2,2,0.9999,adaptive,0.1832,0.0559,14,0.0559,13,0,0,0
efpedsfwnhjc1.webp,9,3,0,0,0.992,adaptive,0.1613,0.0,53,0.0,53,0,0,0
efpedsfwnhjc1.webp,9,4,4,4,0.9841,adaptive,0.231,0.061,19,0.061,18,0,0,0
efpedsfwnhjc1.webp,9,5,8,8,1.0,adaptive,0.2363,0.0853,18,0.0853,16,1,0,0
efpedsfwnhjc1.webp,9,6,5,5,1.0,adaptive,0.2366,0.0777,16,0.0777,14,1,0,0
efpedsfwnhjc1.webp,9,7,7,7,0.9952,adaptive,0.2147,0.053,16,0.053,14,1,0,0
efpedsfwnhjc1.webp,9,8,0,0,0.992,adaptive,0.1334,0.0,26,0.0,26,0,0,0
efpedsfwnhjc1.webp,9,9,1,1,0.9975,adaptive,0.1816,0.0434,6,0.0434,5,0,0,0
euiw45t2100d1.webp,1,2,2,2,1.0,adaptive,0.2185,0.1413,2,0.1413,0,1,0,0
euiw45t2100d1.webp,1,4,8,8,1.0,adaptive,0.2519,0.1439,4,0.0811,0,1,0,1
euiw45t2100d1.webp,1,5,3,3,0.9997,adaptive,0.2393,0.1545,2,0.1545,0,1,0,0
euiw45t2100d1.webp,1,6,0,0,0.992,adaptive,0.1011,0.0,1,0.0,0,1,0,0
euiw45t2100d1.webp,1,7,9,9,1.0,adaptive,0.2032,0.1185,3,0.084,0,1,0,0
euiw45t2100d1.webp,1,8,0,0,0.992,adaptive,0.0592,0.0,1,0.0,0,1,0,0
euiw45t2100d1.webp,1,9,0,0,0.992,adaptive,0.1098,0.0,1,0.0,0,0,1,0
euiw45t2100d1.webp,2,1,8,8,1.0,adaptive,0.1832,0.1357,4,0.0749,0,1,0,1
euiw45t2100d1.webp,2,3,4,4,1.0,adaptive,0.1056,0.109,4,0.0516,0,0,0,1
euiw45t2100d1.webp,2,4,7,7,1.0,adaptive,0.1563,0.1147,1,0.1147,0,0,0,0
euiw45t2100d1.webp,2,5,9,9,1.0,adaptive,0.1256,0.1228,2,0.0875,0,0,0,0
euiw45t2100d1.webp,2,6,0,0,0.992,adaptive,0.045,0.0,0,0.0,0,0,0,0
euiw45t2100d1.webp,2,7,5,5,1.0,adaptive,0.1221,0.1065,6,0.0663,2,0,0,1
euiw45t2100d1.webp,2,8,0,0,0.992,adaptive,0.0007,0.0,0,0.0,0,0,0,0
euiw45t2100d1.webp,3,2,9,9,1.0,adaptive,0.1823,0.1608,2,0.1187,0,0,0,0
euiw45t2100d1.webp,3,4,0,0,0.992,adaptive,0.0673,0.0,0,0.0,0,0,0,0
euiw45t2100d1.webp,3,5,0,0,0.992,adaptive,0.0396,0.0,0,0.0,0,0,0,0
euiw45t2100d1.webp,3,6,0,0,0.992,adaptive,0.0753,0.0,0,0.0,0,0,0,0
euiw45t2100d1.webp,3,7,8,8,1.0,adaptive,0.1996,0.1399,3,0.0798,0,0,0,1
euiw45t2100d1.webp,3,8,0,0,0.992,adaptive,0.0172,0.0,0,0.0,0,0,0,0
euiw45t2100d1.webp,4,2,7,7,1.0,adaptive,0.1438,0.0977,1,0.0977,0,0,0,0
euiw45t2100d1.webp,4,4,5,0,0.992,adaptive,0.0062,0.0,7,0.0,7,0,0,0
euiw45t2100d1.webp,4,5,8,8,1.0,adaptive,0.2374,0.1793,3,0.1072,0,0,0,1
euiw45t2100d1.webp,4,6,9,9,1.0,adaptive,0.2511,0.1568,2,0.1161,0,0,0,0
euiw45t2100d1.webp,4,7,4,4,1.0,adaptive,0.1862,0.1051,3,0.055,0,0,0,1
euiw45t2100d1.webp,4,8,2,2,1.0,adaptive,0.2087,0.1563,1,0.1563,0,0,0,0
euiw45t2100d1.webp,4,9,6,6,0.9998,adaptive,0.2141,0.1308,3,0.0942,0,1,0,0
euiw45t2100d1.webp,5,1,4,4,1.0,adaptive,0.1904,0.1355,3,0.1052,0,1,0,0
euiw45t2100d1.webp,5,2,5,0,0.992,adaptive,0.0367,0.0,9,0.0,9,0,0,0
euiw45t2100d1.webp,5,3,6,6,1.0,adaptive,0.192,0.1597,2,0.1178,0,0,0,0
euiw45t2100d1.webp,5,6,3,3,0.9999,adaptive,0.187,0.1334,1,0.1334,0,0,0,0
euiw45t2100d1.webp,5,7,7,7,1.0,adaptive,0.1649,0.1183,1,0.1183,0,0,0,0
euiw45t2100d1.webp,5,8,8,8,1.0,adaptive,0.1579,0.1577,3,0.0907,0,0,0,1
euiw45t2100d1.webp,5,9,9,9,1.0,adaptive,0.1961,0.1355,4,0.0966,1,1,0,0
euiw45t2100d1.webp,6,1,9,9,1.0,adaptive,0.2344,0.1321,3,0.0949,0,1,0,0
euiw45t2100d1.webp,6,2,8,8,1.0,adaptive,0.2008,0.1551,3,0.0898,0,0,0,1
euiw45t2100d1.webp,6,3,2,2,1.0,adaptive,0.1733,0.1285,1,0.1285,0,0,0,0
euiw45t2100d1.webp,6,4,4,4,1.0,adaptive,0.1945,0.1096,3,0.0809,1,0,0,0
euiw45t2100d1.webp,6,7,1,1,0.9923,adaptive,0.1533,0.0697,4,0.0305,1,0,0,1
euiw45t2100d1.webp,6,8,3,3,0.9993,adaptive,0.2049,0.1305,2,0.1305,1,0,0,0
euiw45t2100d1.webp,6,9,5,0,0.992,adaptive,0.0085,0.0,7,0.0,7,0,0,0
euiw45t2100d1.webp,7,1,2,2,1.0,adaptive,0.2219,0.1241,2,0.1241,0,1,0,0
euiw45t2100d1.webp,7,2,4,4,1.0,adaptive,0.1594,0.1117,2,0.0828,0,0,0,0
euiw45t2100d1.webp,7,3,8,8,1.0,adaptive,0.1858,0.1515,3,0.0873,0,0,0,1
euiw45t2100d1.webp,7,4,3,3,0.9998,adaptive,0.2012,0.129,2,0.129,1,0,0,0
euiw45t2100d1.webp,7,7,6,6,0.9999,adaptive,0.1684,0.121,2,0.0873,0,0,0,0
euiw45t2100d1.webp,7,8,9,9,1.0,adaptive,0.2017,0.1606,2,0.1192,0,0,0,0
euiw45t2100d1.webp,7,9,1,1,1.0,adaptive,0.137,0.092,2,0.092,1,0,0,0
euiw45t2100d1.webp,8,1,7,7,1.0,adaptive,0.2071,0.1167,2,0.1167,0,1,0,0
euiw45t2100d1.webp,8,2,6,6,0.9999,adaptive,0.1398,0.1368,2,0.0985,0,0,0,0
euiw45t2100d1.webp,8,4,9,9,1.0,adaptive,0.1909,0.1334,3,0.0968,1,0,0,0
euiw45t2100d1.webp,8,8,5,0,0.992,adaptive,0.0358,0.0,7,0.0,7,0,0,0
euiw45t2100d1.webp,8,9,8,8,1.0,adaptive,0.2241,0.1766,4,0.1052,1,0,0,1
euiw45t2100d1.webp,9,1,5,5,1.0,adaptive,0.1332,0.1045,6,0.0655,2,0,0,1
euiw45t2100d1.webp,9,3,9,9,1.0,adaptive,0.1753,0.1297,3,0.0924,1,0,0,0
euiw45t2100d1.webp,9,4,6,6,1.0,adaptive,0.2439,0.1566,6,0.1156,3,1,0,0
euiw45t2100d1.webp,9,5,0,0,0.992,adaptive,0.0445,0.0,1,0.0,0,1,0,0
euiw45t2100d1.webp,9,6,8,8,1.0,adaptive,0.2573,0.1493,4,0.0851,0,1,0,1
ex3fzhdj2urc1.webp,1,1,0,0,0.992,adaptive,0.1415,0.0,0,0.0,0,0,0,0
ex3fzhdj2urc1.webp,1,2,0,0,0.992,adaptive,0.1013,0.0,0,0.0,0,0,0,0
ex3fzhdj2urc1.webp,1,3,0,0,0.992,adaptive,0.1263,0.0,0,0.0,0,0,0,0
ex3fzhdj2urc1.webp,1,4,0,0,0.992,adaptive,0.1136,0.0,0,0.0,0,0,0,0
ex3fzhdj2urc1.webp,1,5,1,1,1.0,adaptive,0.1599,0.059,1,0.059,0,0,0,0
ex3fzhdj2urc1.webp,1,6,0,0,0.992,adaptive,0.1136,0.0,0,0.0,0,0,0,0
ex3fzhdj2urc1.webp,1,7,8,8,1.0,adaptive,0.2179,0.092,1,0.092,0,0,0,0
ex3fzhdj2urc1.webp,1,8,3,3,1.0,adaptive,0.182,0.0812,1,0.0812,0,0,0,0
ex3fzhdj2urc1.webp,1,9,0,0,0.992,adaptive,0.1417,0.0,0,0.0,0,0,0,0
ex3fzhdj2urc1.webp,2,1,0,0,0.992,adaptive,0.1013,0.0,0,0.0,0,0,0,0
ex3fzhdj2urc1.webp,2,2,0,0,0.992,adaptive,0.0597,0.0,0,0.0,0,0,0,0
ex3fzhdj2urc1.webp,2,3,6,6,0.9999,adaptive,0.1757,0.0896,1,0.0896,0,0,0,0
ex3fzhdj2urc1.webp,2,4,8,8,1.0,adaptive,0.1685,0.0952,1,0.0952,0,0,0,0
ex3fzhdj2urc1.webp,2,5,0,0,0.992,adaptive,0.0597,0.0,0,0.0,0,0,0,0
ex3fzhdj2urc1.webp,2,6,9,9,1.0,adaptive,0.1626,0.0893,1,0.0893,0,0,0,0
ex3fzhdj2urc1.webp,2,7,0,0,0.992,adaptive,0.0875,0.0,0,0.0,0,0,0,0
ex3fzhdj2urc1.webp,2,8,0,0,0.992,adaptive,0.0597,0.0,0,0.0,0,0,0,0
ex3fzhdj2urc1.webp,2,9,0,0,0.992,adaptive,0.1011,0.0,0,0.0,0,0,0,0
ex3fzhdj2urc1.webp,3,1,2,2,1.0,adaptive,0.2052,0.0791,1,0.0791,0,0,0,0
ex3fzhdj2urc1.webp,3,2,0,0,0.992,adaptive,0.0875,0.0,0,0.0,0,0,0,0
ex3fzhdj2urc1.webp,3,3,0,0,0.992,adaptive,0.1121,0.0,0,0.0,0,0,0,0
ex3fzhdj2urc1.webp,3,4,0,0,0.992,adaptive,0.1005,0.0,0,0.0,0,0,0,0
ex3fzhdj2urc1.webp,3,5,4,4,1.0,adaptive,0.1603,0.0753,1,0.0753,0,0,0,0
ex3fzhdj2urc1.webp,3,6,0,0,0.992,adaptive,0.1002,0.0,0,0.0,0,0,0,0
ex3fzhdj2urc1.webp,3,7,0,0,0.992,adaptive,0.1121,0.0,0,0.0,0,0,0,0
ex3fzhdj2urc1.webp,3,8,0,0,0.992,adaptive,0.0873,0.0,0,0.0,0,0,0,0
ex3fzhdj2urc1.webp,3,9,6,6,1.0,adaptive,0.2123,0.0867,1,0.0867,0,0,0,0
ex3fzhdj2urc1.webp,4,1,8,8,1.0,adaptive,0.2065,0.0933,1,0.0933,0,0,0,0
ex3fzhdj2urc1.webp,4,2,0,0,0.992,adaptive,0.0739,0.0,0,0.0,0,0,0,0
ex3fzhdj2urc1.webp,4,3,0,0,0.992,adaptive,0.1002,0.0,0,0.0,0,0,0,0
ex3fzhdj2urc1.webp,4,4,9,9,1.0,adaptive,0.1742,0.0884,1,0.0884,0,0,0,0
ex3fzhdj2urc1.webp,4,5,0,0,0.992,adaptive,0.0737,0.0,0,0.0,0,0,0,0
ex3fzhdj2urc1.webp,4,6,0,0,0.992,adaptive,0.0867,0.0,0,0.0,0,0,0,0
ex3fzhdj2urc1.webp,4,7,0,0,0.992,adaptive,0.1002,0.0,0,0.0,0,0,0,0
ex3fzhdj2urc1.webp,4,8,0,0,0.992,adaptive,0.0735,0.0,0,0.0,0,0,0,0
ex3fzhdj2urc1.webp,4,9,0,0,0.992,adaptive,0.1136,0.0,0,0.0,0,0,0,0
ex3fzhdj2urc1.webp,5,1,0,0,0.992,adaptive,0.1009,0.0,0,0.0,0,0,0,0
ex3fzhdj2urc1.webp,5,2,0,0,0.992,adaptive,0.0597,0.0,0,0.0,0,0,0,0
ex3fzhdj2urc1.webp,5,3,0,0,0.992,adaptive,0.0866,0.0,0,0.0,0,0,0,0
ex3fzhdj2urc1.webp,5,4,3,3,1.0,adaptive,0.1551,0.0823,1,0.0823,0,0,0,0
ex3fzhdj2urc1.webp,5,5,0,0,0.992,adaptive,0.0604,0.0,0,0.0,0,0,0,0
ex3fzhdj2urc1.webp,5,6,0,0,0.992,adaptive,0.0737,0.0,0,0.0,0,0,0,0
ex3fzhdj2urc1.webp,5,7,0,0,0.992,adaptive,0.0871,0.0,0,0.0,0,0,0,0
ex3fzhdj2urc1.webp,5,8,0,0,0.992,adaptive,0.0597,0.0,0,0.0,0,0,0,0
ex3fzhdj2urc1.webp,5,9,7,7,1.0,adaptive,0.1626,0.0617,1,0.0617,0,0,0,0
ex3fzhdj2urc1.webp,6,1,4,4,1.0,adaptive,0.1887,0.0755,1,0.0755,0,0,0,0
ex3fzhdj2urc1.webp,6,2,3,3,1.0,adaptive,0.1538,0.0803,1,0.0803,0,0,0,0
ex3fzhdj2urc1.webp,6,3,0,0,0.992,adaptive,0.1005,0.0,0,0.0,0,0,0,0
ex3fzhdj2urc1.webp,6,4,0,0,0.992,adaptive,0.0867,0.0,0,0.0,0,0,0,0
ex3fzhdj2urc1.webp,6,5,0,0,0.992,adaptive,0.0737,0.0,0,0.0,0,0,0,0
ex3fzhdj2urc1.webp,6,6,1,1,1.0,adaptive,0.143,0.0573,1,0.0573,0,0,0,0
ex3fzhdj2urc1.webp,6,7,0,0,0.992,adaptive,0.1002,0.0,0,0.0,0,0,0,0
ex3fzhdj2urc1.webp,6,8,0,0,0.992,adaptive,0.0742,0.0,0,0.0,0,0,0,0
ex3fzhdj2urc1.webp,6,9,2,2,1.0,adaptive,0.1945,0.0813,1,0.0813,0,0,0,0
ex3fzhdj2urc1.webp,7,1,7,7,1.0,adaptive,0.1878,0.0622,1,0.0622,0,0,0,0
ex3fzhdj2urc1.webp,7,2,5,5,1.0,adaptive,0.1701,0.0832,1,0.0832,0,0,0,0
ex3fzhdj2urc1.webp,7,3,0,0,0.992,adaptive,0.1121,0.0,0,0.0,0,0,0,0
ex3fzhdj2urc1.webp,7,4,4,4,1.0,adaptive,0.1729,0.0733,1,0.0733,0,0,0,0
ex3fzhdj2urc1.webp,7,5,0,0,0.992,adaptive,0.0866,0.0,0,0.0,0,0,0,0
ex3fzhdj2urc1.webp,7,6,0,0,0.992,adaptive,0.1002,0.0,0,0.0,0,0,0,0
ex3fzhdj2urc1.webp,7,7,0,0,0.992,adaptive,0.1121,0.0,0,0.0,0,0,0,0
ex3fzhdj2urc1.webp,7,8,0,0,0.992,adaptive,0.0873,0.0,0,0.0,0,0,0,0
ex3fzhdj2urc1.webp,7,9,8,8,1.0,adaptive,0.2181,0.0924,1,0.0924,0,0,0,0
ex3fzhdj2urc1.webp,8,1,0,0,0.992,adaptive,0.1011,0.0,0,0.0,0,0,0,0
ex3fzhdj2urc1.webp,8,2,0,0,0.992,adaptive,0.0597,0.0,0,0.0,0,0,0,0
ex3fzhdj2urc1.webp,8,3,3,3,1.0,adaptive,0.1673,0.081,1,0.081,0,0,0,0
ex3fzhdj2urc1.webp,8,4,0,0,0.992,adaptive,0.0735,0.0,0,0.0,0,0,0,0
ex3fzhdj2urc1.webp,8,5,0,0,0.992,adaptive,0.0597,0.0,0,0.0,0,0,0,0
ex3fzhdj2urc1.webp,8,6,0,0,0.992,adaptive,0.0735,0.0,0,0.0,0,0,0,0
ex3fzhdj2urc1.webp,8,7,0,0,0.992,adaptive,0.0873,0.0,0,0.0,0,0,0,0
ex3fzhdj2urc1.webp,8,8,4,4,1.0,adaptive,0.1371,0.0776,1,0.0776,0,0,0,0
ex3fzhdj2urc1.webp,8,9,0,0,0.992,adaptive,0.1011,0.0,0,0.0,0,0,0,0
ex3fzhdj2urc1.webp,9,1,1,1,1.0,adaptive,0.2012,0.0597,1,0.0597,0,0,0,0
ex3fzhdj2urc1.webp,9,2,0,0,0.992,adaptive,0.1013,0.0,0,0.0,0,0,0,0
ex3fzhdj2urc1.webp,9,3,0,0,0.992,adaptive,0.1263,0.0,0,0.0,0,0,0,0
ex3fzhdj2urc1.webp,9,4,0,0,0.992,adaptive,0.1136,0.0,0,0.0,0,0,0,0
ex3fzhdj2urc1.webp,9,5,0,0,0.992,adaptive,0.1009,0.0,0,0.0,0,0,0,0
ex3fzhdj2urc1.webp,9,6,0,0,0.992,adaptive,0.1136,0.0,0,0.0,0,0,0,0
ex3fzhdj2urc1.webp,9,7,5,5,1.0,adaptive,0.2087,0.0829,1,0.0829,0,0,0,0
ex3fzhdj2urc1.webp,9,8,7,7,1.0,adaptive,0.1655,0.0645,1,0.0645,0,0,0,0
ex3fzhdj2urc1.webp,9,9,0,0,0.992,adaptive,0.1412,0.0,0,0.0,0,0,0,0
eypvdx9ou3vc1.webp,1,1,9,9,0.9999,adaptive,0.2299,0.0898,1,0.0898,0,0,0,0
eypvdx9ou3vc1.webp,1,5,6,6,1.0,adaptive,0.187,0.0882,1,0.0882,0,0,0,0
eypvdx9ou3vc1.webp,1,6,4,4,1.0,adaptive,0.1869,0.0757,1,0.0757,0,0,0,0
eypvdx9ou3vc1.webp,1,7,1,1,0.9999,adaptive,0.1722,0.0608,1,0.0608,0,0,0,0
eypvdx9ou3vc1.webp,1,8,3,3,1.0,adaptive,0.1671,0.081,1,0.081,0,0,0,0
eypvdx9ou3vc1.webp,1,9,7,7,1.0,adaptive,0.1735,0.0597,1,0.0597,0,0,0,0
eypvdx9ou3vc1.webp,2,1,1,1,0.9999,adaptive,0.1694,0.0568,1,0.0568,0,0,0,0
eypvdx9ou3vc1.webp,2,5,7,7,1.0,adaptive,0.1382,0.0647,1,0.0647,0,0,0,0
eypvdx9ou3vc1.webp,2,6,9,9,1.0,adaptive,0.1748,0.0877,1,0.0877,0,0,0,0
eypvdx9ou3vc1.webp,2,9,6,6,0.9999,adaptive,0.1866,0.088,1,0.088,0,0,0,0
eypvdx9ou3vc1.webp,3,2,6,6,0.9999,adaptive,0.1852,0.0889,1,0.0889,0,0,0,0
eypvdx9ou3vc1.webp,3,6,1,1,0.9998,adaptive,0.1691,0.0564,1,0.0564,0,0,0,0
eypvdx9ou3vc1.webp,3,9,9,9,1.0,adaptive,0.1983,0.0875,1,0.0875,0,0,0,0
eypvdx9ou3vc1.webp,4,1,5,5,1.0,adaptive,0.2087,0.0835,1,0.0835,0,0,0,0
eypvdx9ou3vc1.webp,4,2,9,9,1.0,adaptive,0.1891,0.0889,1,0.0889,0,0,0,0
eypvdx9ou3vc1.webp,4,3,1,1,0.9999,adaptive,0.1702,0.0577,1,0.0577,0,0,0,0
eypvdx9ou3vc1.webp,4,4,7,7,1.0,adaptive,0.1746,0.0626,1,0.0626,0,0,0,0
eypvdx9ou3vc1.webp,4,5,4,4,1.0,adaptive,0.1739,0.0744,1,0.0744,0,0,0,0
eypvdx9ou3vc1.webp,4,6,3,3,1.0,adaptive,0.1885,0.0791,1,0.0791,0,0,0,0
eypvdx9ou3vc1.webp,4,7,2,2,1.0,adaptive,0.1907,0.0782,1,0.0782,0,0,0,0
eypvdx9ou3vc1.webp,4,8,6,6,0.9999,adaptive,0.175,0.0884,1,0.0884,0,0,0,0
eypvdx9ou3vc1.webp,4,9,8,8,1.0,adaptive,0.1996,0.0907,1,0.0907,0,0,0,0
eypvdx9ou3vc1.webp,5,1,6,6,1.0,adaptive,0.1988,0.0862,1,0.0862,0,0,0,0
eypvdx9ou3vc1.webp,5,2,3,3,1.0,adaptive,0.1547,0.082,1,0.082,0,0,0,0
eypvdx9ou3vc1.webp,5,3,2,2,1.0,adaptive,0.1789,0.0803,1,0.0803,0,0,0,0
eypvdx9ou3vc1.webp,5,4,9,9,1.0,adaptive,0.187,0.0877,1,0.0877,0,0,0,0
eypvdx9ou3vc1.webp,5,5,5,5,1.0,adaptive,0.1715,0.0875,1,0.0875,0,0,0,0
eypvdx9ou3vc1.webp,5,6,8,8,1.0,adaptive,0.1789,0.0936,1,0.0936,0,0,0,0
eypvdx9ou3vc1.webp,5,7,7,7,1.0,adaptive,0.159,0.0597,1,0.0597,0,0,0,0
eypvdx9ou3vc1.webp,5,8,4,4,1.0,adaptive,0.1488,0.076,1,0.076,0,0,0,0
eypvdx9ou3vc1.webp,5,9,1,1,0.9999,adaptive,0.1563,0.0579,1,0.0579,0,0,0,0
eypvdx9ou3vc1.webp,6,3,4,4,1.0,adaptive,0.1729,0.074,1,0.074,0,0,0,0
eypvdx9ou3vc1.webp,6,4,6,6,1.0,adaptive,0.1733,0.0873,1,0.0873,0,0,0,0
eypvdx9ou3vc1.webp,6,5,1,1,0.9999,adaptive,0.1479,0.0611,1,0.0611,0,0,0,0
eypvdx9ou3vc1.webp,6,6,2,2,1.0,adaptive,0.1793,0.0806,1,0.0806,0,0,0,0
eypvdx9ou3vc1.webp,6,7,3,3,1.0,adaptive,0.1789,0.0782,1,0.0782,0,0,0,0
eypvdx9ou3vc1.webp,6,8,9,9,1.0,adaptive,0.1617,0.0882,1,0.0882,0,0,0,0
eypvdx9ou3vc1.webp,6,9,5,5,1.0,adaptive,0.1838,0.0851,1,0.0851,0,0,0,0
eypvdx9ou3vc1.webp,7,4,1,1,0.9999,adaptive,0.1486,0.0566,1,0.0566,0,0,0,0
eypvdx9ou3vc1.webp,7,5,9,9,1.0,adaptive,0.1762,0.0893,1,0.0893,0,0,0,0
eypvdx9ou3vc1.webp,7,6,6,6,1.0,adaptive,0.1869,0.0878,1,0.0878,0,0,0,0
eypvdx9ou3vc1.webp,7,7,8,8,1.0,adaptive,0.1922,0.0936,1,0.0936,0,0,0,0
eypvdx9ou3vc1.webp,7,8,5,5,1.0,adaptive,0.1714,0.0846,1,0.0846,0,0,0,0
eypvdx9ou3vc1.webp,7,9,2,2,1.0,adaptive,0.1849,0.0813,1,0.0813,0,0,0,0
eypvdx9ou3vc1.webp,8,2,1,1,1.0,adaptive,0.146,0.0599,1,0.0599,0,0,0,0
eypvdx9ou3vc1.webp,8,3,6,6,0.9998,adaptive,0.1762,0.0916,1,0.0916,0,0,0,0
eypvdx9ou3vc1.webp,8,4,4,4,1.0,adaptive,0.161,0.0742,1,0.0742,0,0,0,0
eypvdx9ou3vc1.webp,8,6,5,5,1.0,adaptive,0.1836,0.0841,1,0.0841,0,0,0,0
eypvdx9ou3vc1.webp,8,7,9,9,0.9999,adaptive,0.187,0.0898,1,0.0898,0,0,0,0
eypvdx9ou3vc1.webp,8,8,7,7,1.0,adaptive,0.1224,0.0627,1,0.0627,0,0,0,0
eypvdx9ou3vc1.webp,8,9,3,3,1.0,adaptive,0.1669,0.0807,1,0.0807,0,0,0,0
eypvdx9ou3vc1.webp,9,2,5,5,1.0,adaptive,0.1834,0.0846,1,0.0846,0,0,0,0
eypvdx9ou3vc1.webp,9,3,9,9,1.0,adaptive,0.1871,0.0889,1,0.0889,0,0,0,0
eypvdx9ou3vc1.webp,9,6,7,7,1.0,adaptive,0.1341,0.0617,1,0.0617,0,0,0,0
eypvdx9ou3vc1.webp,9,7,6,6,0.9999,adaptive,0.1992,0.0875,1,0.0875,0,0,0,0
eypvdx9ou3vc1.webp,9,8,1,1,0.9999,adaptive,0.147,0.0608,1,0.0608,0,0,0,0
eypvdx9ou3vc1.webp,9,9,4,4,1.0,adaptive,0.1873,0.0735,1,0.0735,0,0,0,0
eza04t5lf1wc1.webp,1,1,9,9,1.0,adaptive,0.2352,0.0949,1,0.0949,0,0,0,0
eza04t5lf1wc1.webp,1,4,7,7,1.0,adaptive,0.1925,0.0668,1,0.0668,0,0,0,0
eza04t5lf1wc1.webp,1,6,2,2,1.0,adaptive,0.2087,0.0822,1,0.0822,0,0,0,0
eza04t5lf1wc1.webp,1,7,5,5,1.0,adaptive,0.188,0.0773,1,0.0773,0,0,0,0
eza04t5lf1wc1.webp,1,8,4,4,0.9998,adaptive,0.1757,0.0767,1,0.0767,0,0,0,0
eza04t5lf1wc1.webp,1,9,6,6,0.9968,adaptive,0.2341,0.0938,1,0.0938,0,0,0,0
eza04t5lf1wc1.webp,2,1,5,5,1.0,adaptive,0.1653,0.0801,1,0.0801,0,0,0,0
eza04t5lf1wc1.webp,2,2,7,7,0.9999,adaptive,0.1104,0.0682,1,0.0682,0,0,0,0
eza04t5lf1wc1.webp,2,4,9,9,1.0,adaptive,0.2074,0.0954,1,0.0954,0,0,0,0
eza04t5lf1wc1.webp,2,9,1,1,0.9999,adaptive,0.1436,0.0581,1,0.0581,0,0,0,0
eza04t5lf1wc1.webp,3,2,6,6,0.9961,adaptive,0.166,0.0943,2,0.0943,0,1,0,0
eza04t5lf1wc1.webp,3,3,4,4,0.9975,adaptive,0.1562,0.0717,2,0.0717,0,1,0,0
eza04t5lf1wc1.webp,3,5,5,5,1.0,adaptive,0.1592,0.0773,2,0.0773,0,1,0,0
eza04t5lf1wc1.webp,3,7,9,9,1.0,adaptive,0.1784,0.0929,2,0.0929,0,1,0,0
eza04t5lf1wc1.webp,4,1,8,8,0.9974,adaptive,0.1918,0.0851,2,0.0851,0,1,0,0
eza04t5lf1wc1.webp,4,2,3,3,0.9858,adaptive,0.1321,0.0583,3,0.0583,1,1,0,0
eza04t5lf1wc1.webp,4,3,7,7,0.9982,adaptive,0.135,0.0479,3,0.0372,0,1,0,0
eza04t5lf1wc1.webp,4,5,9,9,0.5282,adaptive,0.1296,0.0807,2,0.0807,0,1,0,0
eza04t5lf1wc1.webp,4,6,5,5,0.9975,adaptive,0.1571,0.0635,2,0.0635,0,1,0,0
eza04t5lf1wc1.webp,4,8,6,6,0.9985,adaptive,0.1389,0.0805,2,0.0805,0,1,0,0
eza04t5lf1wc1.webp,4,9,2,2,0.9743,adaptive,0.1653,0.0622,3,0.0622,1,1,0,0
eza04t5lf1wc1.webp,5,1,6,6,0.9583,adaptive,0.1836,0.0746,3,0.0746,1,1,0,0
eza04t5lf1wc1.webp,5,4,2,2,0.7538,adaptive,0.2216,0.0592,4,0.0592,2,1,0,0
eza04t5lf1wc1.webp,5,6,7,1,0.8092,adaptive,0.1456,0.033,4,0.033,2,1,0,0
eza04t5lf1wc1.webp,5,7,3,3,0.7863,adaptive,0.2024,0.0536,3,0.0536,1,1,0,0
eza04t5lf1wc1.webp,6,2,2,6,0.5977,adaptive,0.1612,0.0531,3,0.0531,1,1,0,0
eza04t5lf1wc1.webp,7,1,3,3,0.6281,adaptive,0.153,0.0497,4,0.0405,1,1,0,0
eza04t5lf1wc1.webp,7,2,5,5,0.7484,adaptive,0.1318,0.055,4,0.0375,1,1,0,0
eza04t5lf1wc1.webp,7,4,6,2,0.7707,adaptive,0.1662,0.0726,3,0.0539,0,1,0,0
eza04t5lf1wc1.webp,7,5,7,7,0.7222,adaptive,0.0911,0.0344,4,0.0244,1,1,0,0
eza04t5lf1wc1.webp,7,8,1,1,0.7071,adaptive,0.1165,0.0543,5,0.0332,1,1,0,0
eza04t5lf1wc1.webp,7,9,9,0,0.4106,adaptive,0.1669,0.059,3,0.0492,0,1,0,0
eza04t5lf1wc1.webp,8,2,9,7,0.5486,adaptive,0.1063,0.0356,3,0.0294,0,1,0,0
eza04t5lf1wc1.webp,8,3,6,5,0.5628,adaptive,0.1511,0.0615,3,0.0443,0,1,0,0
eza04t5lf1wc1.webp,8,4,5,5,0.8902,adaptive,0.1578,0.057,3,0.0332,0,1,0,0
eza04t5lf1wc1.webp,8,6,1,2,0.7776,adaptive,0.1574,0.0574,3,0.0303,0,1,0,0
eza04t5lf1wc1.webp,8,7,7,7,0.7516,adaptive,0.1346,0.0434,3,0.0222,0,1,0,0
eza04t5lf1wc1.webp,9,1,7,6,0.6527,adaptive,0.2738,0.1174,4,0.1011,1,1,0,0
eza04t5lf1wc1.webp,9,3,1,6,0.7035,adaptive,0.1882,0.0806,3,0.0539,0,1,0,0
eza04t5lf1wc1.webp,9,4,3,1,0.5268,adaptive,0.1479,0.029,2,0.029,0,1,0,0
eza04t5lf1wc1.webp,9,6,9,8,0.4166,adaptive,0.301,0.1283,8,0.1029,5,1,0,0
eza04t5lf1wc1.webp,9,7,6,2,0.496,adaptive,0.1586,0.033,2,0.033,0,1,0,0
fszw4c9k76bc1.webp,1,3,6,6,0.9999,adaptive,0.3139,0.1575,3,0.1214,0,1,0,0
fszw4c9k76bc1.webp,1,7,7,7,0.9993,adaptive,0.2439,0.1216,2,0.1216,0,1,0,0
fszw4c9k76bc1.webp,1,8,5,5,1.0,adaptive,0.2953,0.1574,4,0.1574,2,1,0,0
fszw4c9k76bc1.webp,1,9,1,1,0.9853,adaptive,0.2756,0.1637,2,0.0945,0,0,0,0
fszw4c9k76bc1.webp,2,4,9,9,0.7351,adaptive,0.2847,0.1949,8,0.1522,5,0,0,0
fszw4c9k76bc1.webp,2,5,5,5,1.0,adaptive,0.2681,0.1912,5,0.1912,3,0,0,1
fszw4c9k76bc1.webp,2,6,6,6,0.999,adaptive,0.2619,0.1829,5,0.1305,1,0,0,1
fszw4c9k76bc1.webp,2,7,8,8,0.9998,adaptive,0.2472,0.1775,4,0.1133,0,1,0,1
fszw4c9k76bc1.webp,2,8,4,4,0.9995,adaptive,0.1988,0.1391,5,0.1127,0,0,1,0
fszw4c9k76bc1.webp,2,9,2,2,0.9066,adaptive,0.2528,0.1719,3,0.1719,1,1,0,0
fszw4c9k76bc1.webp,3,1,5,5,1.0,adaptive,0.3018,0.1758,2,0.1758,0,1,0,0
fszw4c9k76bc1.webp,3,2,4,4,0.9986,adaptive,0.1972,0.1278,5,0.111,2,1,0,0
fszw4c9k76bc1.webp,3,3,8,8,0.9999,adaptive,0.2413,0.1758,3,0.1121,0,0,0,1
fszw4c9k76bc1.webp,3,4,2,2,0.9654,adaptive,0.2673,0.1713,4,0.1713,3,0,0,0
fszw4c9k76bc1.webp,3,5,7,7,0.9997,adaptive,0.2372,0.1251,2,0.1251,1,0,0,0
fszw4c9k76bc1.webp,3,6,1,1,0.9997,adaptive,0.2036,0.1031,1,0.1031,0,0,0,0
fszw4c9k76bc1.webp,3,7,6,6,1.0,adaptive,0.2397,0.1611,2,0.1252,0,0,0,0
fszw4c9k76bc1.webp,3,8,3,3,0.9822,adaptive,0.3003,0.1771,3,0.1771,1,1,0,0
fszw4c9k76bc1.webp,3,9,9,9,0.9998,adaptive,0.2793,0.1773,3,0.1441,0,1,0,0
fszw4c9k76bc1.webp,4,7,9,9,0.9192,adaptive,0.2638,0.1733,5,0.141,3,0,0,0
fszw4c9k76bc1.webp,4,8,6,6,0.9996,adaptive,0.2754,0.1617,5,0.1266,3,0,0,0
fszw4c9k76bc1.webp,4,9,7,7,0.9975,adaptive,0.2515,0.123,3,0.123,1,1,0,0
fszw4c9k76bc1.webp,5,1,4,4,0.999,adaptive,0.2825,0.1192,3,0.1033,0,1,0,0
fszw4c9k76bc1.webp,5,4,6,6,1.0,adaptive,0.2888,0.1619,3,0.1264,0,1,0,0
fszw4c9k76bc1.webp,5,5,1,1,0.9998,adaptive,0.2225,0.1097,3,0.1097,2,0,0,0
fszw4c9k76bc1.webp,5,6,2,2,0.9773,adaptive,0.277,0.1701,1,0.1701,0,0,0,0
fszw4c9k76bc1.webp,5,7,5,5,1.0,adaptive,0.2931,0.1777,1,0.1777,0,0,0,0
fszw4c9k76bc1.webp,5,8,8,8,0.9994,adaptive,0.2688,0.1798,10,0.11,6,0,0,1
fszw4c9k76bc1.webp,5,9,3,3,0.9987,adaptive,0.261,0.1728,2,0.1728,0,1,0,0
fszw4c9k76bc1.webp,6,2,6,6,0.9999,adaptive,0.2506,0.1768,4,0.1289,1,0,0,0
fszw4c9k76bc1.webp,6,4,7,7,0.9339,adaptive,0.2638,0.1236,2,0.1236,0,1,0,0
fszw4c9k76bc1.webp,6,5,9,9,0.9307,adaptive,0.3098,0.1852,5,0.1459,2,0,0,0
fszw4c9k76bc1.webp,6,7,1,1,0.9996,adaptive,0.2292,0.0971,2,0.0971,0,1,0,0
fszw4c9k76bc1.webp,6,8,2,2,0.6689,adaptive,0.3001,0.1676,3,0.1676,1,0,1,0
fszw4c9k76bc1.webp,6,9,4,4,0.9981,adaptive,0.2464,0.1194,3,0.1043,0,0,1,0
fszw4c9k76bc1.webp,7,3,4,4,0.9997,adaptive,0.2571,0.1265,4,0.1116,2,0,0,0
fszw4c9k76bc1.webp,7,5,2,2,0.9704,adaptive,0.289,0.1723,3,0.1723,1,1,0,0
fszw4c9k76bc1.webp,7,6,9,9,0.9978,adaptive,0.2577,0.1802,2,0.1484,0,0,0,0
fszw4c9k76bc1.webp,7,7,3,3,0.99,adaptive,0.2736,0.1753,3,0.1753,2,0,0,0
fszw4c9k76bc1.webp,7,9,6,6,0.9558,adaptive,0.2406,0.1704,4,0.1254,1,0,0,0
fszw4c9k76bc1.webp,8,1,6,6,1.0,adaptive,0.3281,0.1536,7,0.1174,4,1,0,0
fszw4c9k76bc1.webp,8,2,1,1,0.9979,adaptive,0.1554,0.1047,5,0.1047,4,0,0,0
fszw4c9k76bc1.webp,8,4,8,8,0.9891,adaptive,0.3118,0.2334,4,0.1106,0,0,0,1
fszw4c9k76bc1.webp,8,5,3,3,0.7751,adaptive,0.2677,0.2087,4,0.1807,2,0,0,0
fszw4c9k76bc1.webp,8,6,4,4,0.9989,adaptive,0.2101,0.1431,6,0.1133,2,0,0,0
fszw4c9k76bc1.webp,8,7,2,2,0.976,adaptive,0.2965,0.1762,3,0.1762,1,0,1,0
fszw4c9k76bc1.webp,8,9,5,5,0.999,adaptive,0.2791,0.1798,7,0.1741,4,1,0,0
fszw4c9k76bc1.webp,9,3,2,2,0.9903,adaptive,0.2495,0.1555,3,0.1555,2,0,0,0
fszw4c9k76bc1.webp,9,5,6,6,1.0,adaptive,0.2687,0.1468,9,0.1108,6,1,0,0
fszw4c9k76bc1.webp,9,6,7,7,0.9456,adaptive,0.2424,0.0987,2,0.0987,0,1,0,0
fszw4c9k76bc1.webp,9,7,4,4,0.9986,adaptive,0.2845,0.1161,6,0.1011,3,1,0,0
fszw4c9k76bc1.webp,9,9,8,3,0.9478,adaptive,0.3471,0.2272,4,0.0862,0,0,0,1
g6wzow6wdtac1.webp,1,1,0,0,0.992,adaptive,0.1332,0.0,1,0.0,0,1,0,0
g6wzow6wdtac1.webp,1,2,0,0,0.8294,adaptive,0.1133,0.0258,3,0.0258,0,2,0,0
g6wzow6wdtac1.webp,1,3,6,6,0.9767,adaptive,0.2029,0.0826,4,0.0648,0,2,0,0
g6wzow6wdtac1.webp,1,4,5,5,0.9958,adaptive,0.1985,0.1154,3,0.0731,0,1,0,0
g6wzow6wdtac1.webp,1,5,0,0,0.9646,adaptive,0.1407,0.0276,4,0.0149,0,2,0,0
g6wzow6wdtac1.webp,1,6,0,0,0.8773,adaptive,0.1945,0.0488,5,0.0254,0,2,0,0
g6wzow6wdtac1.webp,1,7,1,0,0.33,adaptive,0.2651,0.0822,6,0.0624,2,2,0,0
g6wzow6wdtac1.webp,1,8,0,0,0.7462,adaptive,0.1746,0.0513,4,0.0448,0,2,0,0
g6wzow6wdtac1.webp,1,9,0,0,0.9994,adaptive,0.2025,0.0205,5,0.0205,1,2,1,0
g6wzow6wdtac1.webp,2,1,0,0,0.992,adaptive,0.0839,0.0,1,0.0,0,1,0,0
g6wzow6wdtac1.webp,2,2,2,2,0.9986,adaptive,0.1513,0.0863,2,0.0863,0,0,1,0
g6wzow6wdtac1.webp,2,3,0,0,0.992,adaptive,0.0615,0.0,1,0.0,0,0,1,0
g6wzow6wdtac1.webp,2,4,0,0,0.9885,adaptive,0.0988,0.0149,3,0.0149,1,1,0,0
g6wzow6wdtac1.webp,2,5,8,5,0.9654,adaptive,0.1467,0.0498,2,0.0498,0,0,1,0
g6wzow6wdtac1.webp,2,6,0,0,0.992,adaptive,0.0586,0.0,1,0.0,0,0,1,0
g6wzow6wdtac1.webp,2,7,0,0,0.9015,adaptive,0.1137,0.033,4,0.0192,1,1,0,0
g6wzow6wdtac1.webp,2,8,0,0,0.992,adaptive,0.0574,0.0,1,0.0,0,0,1,0
g6wzow6wdtac1.webp,2,9,0,0,0.992,adaptive,0.0568,0.0,1,0.0,0,0,1,0
g6wzow6wdtac1.webp,3,1,0,0,0.992,adaptive,0.0842,0.0,1,0.0,1,0,0,0
g6wzow6wdtac1.webp,3,2,0,0,0.992,adaptive,0.0586,0.0,1,0.0,0,0,1,0
g6wzow6wdtac1.webp,3,3,3,3,1.0,adaptive,0.1368,0.0755,2,0.0755,0,0,1,0
g6wzow6wdtac1.webp,3,4,0,0,0.9884,adaptive,0.0822,0.0158,3,0.0158,1,1,0,0
g6wzow6wdtac1.webp,3,5,0,0,0.992,adaptive,0.0769,0.0,1,0.0,0,0,1,0
g6wzow6wdtac1.webp,3,6,0,0,0.992,adaptive,0.0552,0.0,1,0.0,0,0,1,0
g6wzow6wdtac1.webp,3,7,0,0,0.9898,adaptive,0.0802,0.0145,3,0.0145,1,1,0,0
g6wzow6wdtac1.webp,3,8,0,0,0.992,adaptive,0.0568,0.0,1,0.0,0,0,1,0
g6wzow6wdtac1.webp,3,9,7,7,0.9794,adaptive,0.1031,0.0376,2,0.0376,0,0,1,0
g6wzow6wdtac1.webp,4,1,5,5,1.0,adaptive,0.2014,0.0873,1,0.0873,0,0,0,0
g6wzow6wdtac1.webp,4,2,0,0,0.992,adaptive,0.0821,0.0,2,0.0,1,1,0,0
g6wzow6wdtac1.webp,4,3,0,0,0.992,adaptive,0.0822,0.0,2,0.0,0,2,0,0
g6wzow6wdtac1.webp,4,4,4,4,0.8383,adaptive,0.1878,0.1602,2,0.0853,0,0,0,0
g6wzow6wdtac1.webp,4,5,0,0,0.992,adaptive,0.0789,0.0,2,0.0,0,2,0,0
g6wzow6wdtac1.webp,4,6,1,1,0.6089,adaptive,0.135,0.0428,4,0.0428,1,2,0,0
g6wzow6wdtac1.webp,4,7,0,0,0.7491,adaptive,0.1076,0.0851,1,0.0851,0,0,0,0
g6wzow6wdtac1.webp,4,8,0,0,0.7404,adaptive,0.0789,0.0142,3,0.0142,1,1,0,0
g6wzow6wdtac1.webp,4,9,0,0,0.9551,adaptive,0.0922,0.0185,4,0.0131,1,1,0,0
g6wzow6wdtac1.webp,5,1,0,0,0.992,adaptive,0.0837,0.0,0,0.0,0,0,0,0
g6wzow6wdtac1.webp,5,2,9,9,1.0,adaptive,0.1669,0.1022,2,0.1022,0,1,0,0
g6wzow6wdtac1.webp,5,3,0,0,0.992,adaptive,0.0676,0.0,1,0.0,0,1,0,0
g6wzow6wdtac1.webp,5,4,0,0,0.992,adaptive,0.0812,0.0,1,0.0,0,1,0,0
g6wzow6wdtac1.webp,5,5,0,0,0.992,adaptive,0.0576,0.0,1,0.0,0,0,1,0
g6wzow6wdtac1.webp,5,6,0,0,0.992,adaptive,0.0545,0.0,1,0.0,0,0,1,0
g6wzow6wdtac1.webp,5,7,0,0,0.9865,adaptive,0.0787,0.0147,3,0.0147,1,1,0,0
g6wzow6wdtac1.webp,5,8,7,7,1.0,adaptive,0.121,0.0622,2,0.0622,0,0,1,0
g6wzow6wdtac1.webp,5,9,0,0,0.992,adaptive,0.055,0.0,1,0.0,0,0,1,0
g6wzow6wdtac1.webp,6,1,0,0,0.992,adaptive,0.1067,0.0,1,0.0,0,1,0,0
g6wzow6wdtac1.webp,6,2,0,0,0.992,adaptive,0.0785,0.0,2,0.0,0,2,0,0
g6wzow6wdtac1.webp,6,3,0,0,0.992,adaptive,0.076,0.0,2,0.0,0,2,0,0
g6wzow6wdtac1.webp,6,4,8,8,1.0,adaptive,0.2161,0.1005,4,0.1005,2,1,0,0
g6wzow6wdtac1.webp,6,5,0,0,0.992,adaptive,0.1004,0.0,1,0.0,0,1,0,0
g6wzow6wdtac1.webp,6,6,2,2,1.0,adaptive,0.1789,0.0806,2,0.0806,0,1,0,0
g6wzow6wdtac1.webp,6,7,0,0,0.992,adaptive,0.1116,0.0,2,0.0069,0,1,0,0
g6wzow6wdtac1.webp,6,8,0,0,0.992,adaptive,0.0753,0.0,1,0.0,0,0,1,0
g6wzow6wdtac1.webp,6,9,6,6,0.9981,adaptive,0.1412,0.0849,2,0.0849,0,0,1,0
g6wzow6wdtac1.webp,7,1,1,1,0.997,adaptive,0.1488,0.0581,2,0.0581,0,1,0,0
g6wzow6wdtac1.webp,7,2,0,0,0.992,adaptive,0.0579,0.0,1,0.0,0,0,1,0
g6wzow6wdtac1.webp,7,3,0,0,0.992,adaptive,0.0541,0.0,1,0.0,0,0,1,0
g6wzow6wdtac1.webp,7,4,0,0,0.992,adaptive,0.0811,0.0,2,0.0,0,2,0,0
g6wzow6wdtac1.webp,7,5,0,0,0.992,adaptive,0.057,0.0,1,0.0,0,0,1,0
g6wzow6wdtac1.webp,7,6,0,0,0.992,adaptive,0.057,0.0,1,0.0,0,0,1,0
g6wzow6wdtac1.webp,7,7,3,3,1.0,adaptive,0.1624,0.0702,3,0.0702,0,2,0,0
g6wzow6wdtac1.webp,7,8,0,0,0.992,adaptive,0.0819,0.0,1,0.0,0,0,1,0
g6wzow6wdtac1.webp,7,9,0,0,0.992,adaptive,0.0967,0.0,2,0.0098,0,1,0,0
g6wzow6wdtac1.webp,8,1,0,0,0.992,adaptive,0.081,0.0,1,0.0,0,1,0,0
g6wzow6wdtac1.webp,8,2,0,0,0.992,adaptive,0.0567,0.0,2,0.0,0,2,0,0
g6wzow6wdtac1.webp,8,3,0,0,0.992,adaptive,0.0769,0.0,1,0.0,0,0,1,0
g6wzow6wdtac1.webp,8,4,0,0,0.992,adaptive,0.0771,0.0,2,0.0,0,2,0,0
g6wzow6wdtac1.webp,8,5,2,2,0.8948,adaptive,0.1396,0.0613,3,0.0613,1,0,1,0
g6wzow6wdtac1.webp,8,6,0,0,0.992,adaptive,0.0694,0.0,1,0.0,0,0,1,0
g6wzow6wdtac1.webp,8,7,0,0,0.992,adaptive,0.0837,0.0,2,0.0,0,2,0,0
g6wzow6wdtac1.webp,8,8,9,9,0.86,adaptive,0.1416,0.0767,3,0.0767,0,2,0,0
g6wzow6wdtac1.webp,8,9,0,0,0.992,adaptive,0.0791,0.0,1,0.0,0,1,0,0
g6wzow6wdtac1.webp,9,1,0,6,0.8491,adaptive,0.2355,0.1341,4,0.1236,1,0,0,0
g6wzow6wdtac1.webp,9,2,0,8,0.6042,adaptive,0.1739,0.1201,3,0.0961,0,0,0,0
g6wzow6wdtac1.webp,9,3,8,8,0.8378,adaptive,0.2185,0.1684,3,0.1072,0,0,0,1
g6wzow6wdtac1.webp,9,4,0,7,0.8566,adaptive,0.108,0.0744,1,0.0744,0,0,0,0
g6wzow6wdtac1.webp,9,5,0,0,0.309,adaptive,0.164,0.116,3,0.116,1,0,0,1
g6wzow6wdtac1.webp,9,6,6,2,0.4126,adaptive,0.2907,0.2196,6,0.1475,2,0,0,1
g6wzow6wdtac1.webp,9,7,4,4,0.5214,adaptive,0.2294,0.1624,4,0.1125,2,0,0,0
g6wzow6wdtac1.webp,9,8,0,0,0.992,adaptive,0.0893,0.0,1,0.0,0,1,0,0
g6wzow6wdtac1.webp,9,9,0,6,0.3356,adaptive,0.1764,0.0893,1,0.0893,0,0,0,0
gb1eabh5oe9c1.webp,1,1,0,0,0.992,adaptive,0.127,0.0,0,0.0,0,0,0,0
gb1eabh5oe9c1.webp,1,2,1,1,0.9999,adaptive,0.1594,0.0592,1,0.0592,0,0,0,0
gb1eabh5oe9c1.webp,1,3,0,0,0.992,adaptive,0.1221,0.0,0,0.0,0,0,0,0
gb1eabh5oe9c1.webp,1,4,0,0,0.992,adaptive,0.1112,0.0,0,0.0,0,0,0,0
gb1eabh5oe9c1.webp,1,5,4,4,1.0,adaptive,0.1764,0.078,1,0.078,0,0,0,0
gb1eabh5oe9c1.webp,1,6,0,0,0.992,adaptive,0.0985,0.0,0,0.0,0,0,0,0
gb1eabh5oe9c1.webp,1,7,0,0,0.992,adaptive,0.1219,0.0,0,0.0,0,0,0,0
gb1eabh5oe9c1.webp,1,8,7,7,1.0,adaptive,0.1603,0.0615,1,0.0615,0,0,0,0
gb1eabh5oe9c1.webp,1,9,9,9,1.0,adaptive,0.2156,0.0882,1,0.0882,0,0,0,0
gb1eabh5oe9c1.webp,2,1,0,0,0.992,adaptive,0.1137,0.0,0,0.0,0,0,0,0
gb1eabh5oe9c1.webp,2,2,0,0,0.992,adaptive,0.0634,0.0,0,0.0,0,0,0,0
gb1eabh5oe9c1.webp,2,3,0,0,0.992,adaptive,0.0877,0.0,0,0.0,0,0,0,0
gb1eabh5oe9c1.webp,2,4,7,7,1.0,adaptive,0.1499,0.0633,1,0.0633,0,0,0,0
gb1eabh5oe9c1.webp,2,5,0,0,0.992,adaptive,0.0735,0.0,0,0.0,0,0,0,0
gb1eabh5oe9c1.webp,2,6,0,0,0.992,adaptive,0.0733,0.0,0,0.0,0,0,0,0
gb1eabh5oe9c1.webp,2,7,0,0,0.992,adaptive,0.1095,0.0,0,0.0,0,0,0,0
gb1eabh5oe9c1.webp,2,8,0,0,0.992,adaptive,0.0847,0.0,0,0.0,0,0,0,0
gb1eabh5oe9c1.webp,2,9,1,1,1.0,adaptive,0.1721,0.059,1,0.059,0,0,0,0
gb1eabh5oe9c1.webp,3,1,0,0,0.992,adaptive,0.1263,0.0,0,0.0,0,0,0,0
gb1eabh5oe9c1.webp,3,2,0,0,0.992,adaptive,0.0871,0.0,0,0.0,0,0,0,0
gb1eabh5oe9c1.webp,3,3,0,0,0.992,adaptive,0.1121,0.0,0,0.0,0,0,0,0
gb1eabh5oe9c1.webp,3,4,0,0,0.992,adaptive,0.1121,0.0,0,0.0,0,0,0,0
gb1eabh5oe9c1.webp,3,5,3,3,1.0,adaptive,0.1755,0.081,1,0.081,0,0,0,0
gb1eabh5oe9c1.webp,3,6,0,0,0.992,adaptive,0.1,0.0,0,0.0,0,0,0,0
gb1eabh5oe9c1.webp,3,7,0,0,0.992,adaptive,0.1221,0.0,0,0.0,0,0,0,0
gb1eabh5oe9c1.webp,3,8,0,0,0.992,adaptive,0.0868,0.0,0,0.0,0,0,0,0
gb1eabh5oe9c1.webp,3,9,0,0,0.992,adaptive,0.1127,0.0,0,0.0,0,0,0,0
gb1eabh5oe9c1.webp,4,1,0,0,0.992,adaptive,0.1261,0.0,0,0.0,0,0,0,0
gb1eabh5oe9c1.webp,4,2,5,5,1.0,adaptive,0.1599,0.0859,1,0.0859,0,0,0,0
gb1eabh5oe9c1.webp,4,3,2,2,1.0,adaptive,0.1807,0.0815,1,0.0815,0,0,0,0
gb1eabh5oe9c1.webp,4,4,0,0,0.992,adaptive,0.1103,0.0,0,0.0,0,0,0,0
gb1eabh5oe9c1.webp,4,5,0,0,0.992,adaptive,0.0975,0.0,0,0.0,0,0,0,0
gb1eabh5oe9c1.webp,4,6,0,0,0.992,adaptive,0.0864,0.0,0,0.0,0,0,0,0
gb1eabh5oe9c1.webp,4,7,0,0,0.992,adaptive,0.1114,0.0,0,0.0,0,0,0,0
gb1eabh5oe9c1.webp,4,8,0,0,0.992,adaptive,0.0868,0.0,0,0.0,0,0,0,0
gb1eabh5oe9c1.webp,4,9,0,0,0.992,adaptive,0.1196,0.0,0,0.0,0,0,0,0
gb1eabh5oe9c1.webp,5,1,0,0,0.992,adaptive,0.1015,0.0,0,0.0,0,0,0,0
gb1eabh5oe9c1.webp,5,2,0,0,0.992,adaptive,0.0595,0.0,0,0.0,0,0,0,0
gb1eabh5oe9c1.webp,5,3,6,6,0.9999,adaptive,0.1737,0.0891,1,0.0891,0,0,0,0
gb1eabh5oe9c1.webp,5,4,0,0,0.992,adaptive,0.0864,0.0,0,0.0,0,0,0,0
gb1eabh5oe9c1.webp,5,5,9,9,0.9999,adaptive,0.1616,0.0911,1,0.0911,0,0,0,0
gb1eabh5oe9c1.webp,5,6,0,0,0.992,adaptive,0.0857,0.0,0,0.0,0,0,0,0
gb1eabh5oe9c1.webp,5,7,0,0,0.992,adaptive,0.1097,0.0,0,0.0,0,0,0,0
gb1eabh5oe9c1.webp,5,8,2,2,1.0,adaptive,0.1556,0.0822,1,0.0822,0,0,0,0
gb1eabh5oe9c1.webp,5,9,7,7,1.0,adaptive,0.1757,0.0631,1,0.0631,0,0,0,0
gb1eabh5oe9c1.webp,6,1,9,9,0.9999,adaptive,0.2009,0.0878,1,0.0878,0,0,0,0
gb1eabh5oe9c1.webp,6,2,0,0,0.992,adaptive,0.0735,0.0,0,0.0,0,0,0,0
gb1eabh5oe9c1.webp,6,3,0,0,0.992,adaptive,0.1,0.0,0,0.0,0,0,0,0
gb1eabh5oe9c1.webp,6,4,3,3,1.0,adaptive,0.1782,0.0798,1,0.0798,0,0,0,0
gb1eabh5oe9c1.webp,6,5,0,0,0.992,adaptive,0.0984,0.0,0,0.0,0,0,0,0
gb1eabh5oe9c1.webp,6,6,6,6,0.9999,adaptive,0.1742,0.088,1,0.088,0,0,0,0
gb1eabh5oe9c1.webp,6,7,0,0,0.992,adaptive,0.1223,0.0,0,0.0,0,0,0,0
gb1eabh5oe9c1.webp,6,8,0,0,0.992,adaptive,0.0993,0.0,0,0.0,0,0,0,0
gb1eabh5oe9c1.webp,6,9,0,0,0.992,adaptive,0.1254,0.0,0,0.0,0,0,0,0
gb1eabh5oe9c1.webp,7,1,0,0,0.992,adaptive,0.1259,0.0,0,0.0,0,0,0,0
gb1eabh5oe9c1.webp,7,2,0,0,0.992,adaptive,0.0868,0.0,0,0.0,0,0,0,0
gb1eabh5oe9c1.webp,7,3,5,5,1.0,adaptive,0.1925,0.0829,1,0.0829,0,0,0,0
gb1eabh5oe9c1.webp,7,4,9,9,0.9999,adaptive,0.1989,0.0884,1,0.0884,0,0,0,0
gb1eabh5oe9c1.webp,7,5,0,0,0.992,adaptive,0.0988,0.0,0,0.0,0,0,0,0
gb1eabh5oe9c1.webp,7,6,0,0,0.992,adaptive,0.1002,0.0,0,0.0,0,0,0,0
gb1eabh5oe9c1.webp,7,7,0,0,0.992,adaptive,0.1216,0.0,0,0.0,0,0,0,0
gb1eabh5oe9c1.webp,7,8,0,0,0.992,adaptive,0.1,0.0,0,0.0,0,0,0,0
gb1eabh5oe9c1.webp,7,9,6,6,0.9999,adaptive,0.2134,0.0882,1,0.0882,0,0,0,0
gb1eabh5oe9c1.webp,8,1,0,0,0.992,adaptive,0.1011,0.0,0,0.0,0,0,0,0
gb1eabh5oe9c1.webp,8,2,7,7,1.0,adaptive,0.1235,0.064,1,0.064,0,0,0,0
gb1eabh5oe9c1.webp,8,3,3,3,1.0,adaptive,0.168,0.0814,1,0.0814,0,0,0,0
gb1eabh5oe9c1.webp,8,4,0,0,0.992,adaptive,0.0868,0.0,0,0.0,0,0,0,0
gb1eabh5oe9c1.webp,8,5,0,0,0.992,adaptive,0.0737,0.0,0,0.0,0,0,0,0
gb1eabh5oe9c1.webp,8,6,0,0,0.992,adaptive,0.073,0.0,0,0.0,0,0,0,0
gb1eabh5oe9c1.webp,8,7,0,0,0.992,adaptive,0.1076,0.0,0,0.0,0,0,0,0
gb1eabh5oe9c1.webp,8,8,0,0,0.992,adaptive,0.0732,0.0,0,0.0,0,0,0,0
gb1eabh5oe9c1.webp,8,9,0,0,0.992,adaptive,0.1004,0.0,0,0.0,0,0,0,0
gb1eabh5oe9c1.webp,9,1,0,0,0.992,adaptive,0.1406,0.0,0,0.0,0,0,0,0
gb1eabh5oe9c1.webp,9,2,0,0,0.992,adaptive,0.1011,0.0,0,0.0,0,0,0,0
gb1eabh5oe9c1.webp,9,3,0,0,0.992,adaptive,0.1265,0.0,0,0.0,0,0,0,0
gb1eabh5oe9c1.webp,9,4,0,0,0.992,adaptive,0.1261,0.0,0,0.0,0,0,0,0
gb1eabh5oe9c1.webp,9,5,0,0,0.992,adaptive,0.1142,0.0,0,0.0,0,0,0,0
gb1eabh5oe9c1.webp,9,6,2,2,1.0,adaptive,0.1927,0.0793,1,0.0793,0,0,0,0
gb1eabh5oe9c1.webp,9,7,8,8,1.0,adaptive,0.2063,0.0929,1,0.0929,0,0,0,0
gb1eabh5oe9c1.webp,9,8,0,0,0.992,adaptive,0.1142,0.0,0,0.0,0,0,0,0
gb1eabh5oe9c1.webp,9,9,0,0,0.992,adaptive,0.1408,0.0,0,0.0,0,0,0,0
ghq0rengfzjc1.webp,1,1,8,4,0.8723,adaptive,0.2036,0.1332,4,0.0918,2,0,0,0
ghq0rengfzjc1.webp,1,2,3,3,0.2762,adaptive,0.1882,0.1266,2,0.0703,0,0,0,0
ghq0rengfzjc1.webp,1,4,5,5,1.0,adaptive,0.184,0.0947,4,0.0849,1,0,1,0
ghq0rengfzjc1.webp,1,6,2,2,1.0,adaptive,0.178,0.0833,2,0.0833,1,0,0,0
ghq0rengfzjc1.webp,1,7,7,7,1.0,adaptive,0.141,0.0639,1,0.0639,0,0,0,0
ghq0rengfzjc1.webp,1,9,6,6,0.9974,adaptive,0.129,0.086,1,0.086,0,0,0,0
ghq0rengfzjc1.webp,2,3,5,5,1.0,adaptive,0.1879,0.0911,3,0.0911,0,2,0,0
ghq0rengfzjc1.webp,2,4,8,8,1.0,adaptive,0.1796,0.1045,2,0.1045,0,1,0,0
ghq0rengfzjc1.webp,2,5,7,7,1.0,adaptive,0.1439,0.065,1,0.065,0,0,0,0
ghq0rengfzjc1.webp,2,7,3,3,1.0,adaptive,0.1339,0.0871,1,0.0871,0,0,0,0
ghq0rengfzjc1.webp,2,9,2,2,1.0,adaptive,0.1355,0.0805,1,0.0805,0,0,0,0
ghq0rengfzjc1.webp,3,1,2,2,0.8412,adaptive,0.1836,0.1011,3,0.0735,0,1,0,0
ghq0rengfzjc1.webp,3,2,7,7,0.8701,adaptive,0.1789,0.0963,6,0.0642,2,0,0,0
ghq0rengfzjc1.webp,3,4,3,3,0.9998,adaptive,0.1751,0.0898,2,0.0844,0,0,0,0
ghq0rengfzjc1.webp,3,7,5,5,1.0,adaptive,0.1432,0.088,1,0.088,0,0,0,0
ghq0rengfzjc1.webp,3,8,8,8,1.0,adaptive,0.1436,0.0984,1,0.0984,0,0,0,0
ghq0rengfzjc1.webp,3,9,1,1,0.9757,adaptive,0.1285,0.0497,1,0.0497,0,0,0,0
ghq0rengfzjc1.webp,4,2,5,5,1.0,adaptive,0.1682,0.0914,2,0.0914,0,1,0,0
ghq0rengfzjc1.webp,4,3,2,2,1.0,adaptive,0.1811,0.0815,2,0.0815,0,1,0,0
ghq0rengfzjc1.webp,4,5,3,3,1.0,adaptive,0.1452,0.0864,1,0.0864,0,0,0,0
ghq0rengfzjc1.webp,4,6,4,4,1.0,adaptive,0.1555,0.0822,1,0.0822,0,0,0,0
ghq0rengfzjc1.webp,4,7,9,9,1.0,adaptive,0.1733,0.084,1,0.084,0,0,0,0
ghq0rengfzjc1.webp,4,8,7,7,1.0,adaptive,0.126,0.0613,1,0.0613,0,0,0,0
ghq0rengfzjc1.webp,4,9,8,8,1.0,adaptive,0.2023,0.0931,2,0.0931,1,0,0,0
ghq0rengfzjc1.webp,5,1,7,7,1.0,adaptive,0.1273,0.0615,2,0.0615,0,1,0,0
ghq0rengfzjc1.webp,5,2,9,9,1.0,adaptive,0.1414,0.0898,2,0.0898,0,1,0,0
ghq0rengfzjc1.webp,5,3,3,3,1.0,adaptive,0.149,0.0857,1,0.0857,0,0,0,0
ghq0rengfzjc1.webp,5,4,2,2,1.0,adaptive,0.1185,0.0807,1,0.0807,0,0,0,0
ghq0rengfzjc1.webp,5,5,5,5,1.0,adaptive,0.1263,0.0879,1,0.0879,0,0,0,0
ghq0rengfzjc1.webp,5,6,8,8,1.0,adaptive,0.1619,0.0981,1,0.0981,0,0,0,0
ghq0rengfzjc1.webp,5,7,6,6,0.986,adaptive,0.1633,0.0859,1,0.0859,0,0,0,0
ghq0rengfzjc1.webp,5,8,1,1,0.671,adaptive,0.1033,0.0498,1,0.0498,0,0,0,0
ghq0rengfzjc1.webp,5,9,4,4,0.9999,adaptive,0.1728,0.0769,1,0.0769,0,0,0,0
ghq0rengfzjc1.webp,6,3,8,8,1.0,adaptive,0.1793,0.0967,1,0.0967,0,0,0,0
ghq0rengfzjc1.webp,6,4,7,7,1.0,adaptive,0.1212,0.0597,1,0.0597,0,0,0,0
ghq0rengfzjc1.webp,6,5,9,9,1.0,adaptive,0.1226,0.0848,1,0.0848,0,0,0,0
ghq0rengfzjc1.webp,6,7,2,2,0.9998,adaptive,0.1615,0.0784,1,0.0784,0,0,0,0
ghq0rengfzjc1.webp,6,8,3,3,1.0,adaptive,0.1468,0.0791,1,0.0791,0,0,0,0
ghq0rengfzjc1.webp,6,9,5,5,1.0,adaptive,0.1762,0.0887,2,0.0811,0,0,0,0
ghq0rengfzjc1.webp,7,1,9,9,1.0,adaptive,0.149,0.0847,1,0.0847,0,0,0,0
ghq0rengfzjc1.webp,7,2,2,2,1.0,adaptive,0.1547,0.0807,1,0.0807,0,0,0,0
ghq0rengfzjc1.webp,7,6,3,3,1.0,adaptive,0.1682,0.0795,1,0.0795,0,0,0,0
ghq0rengfzjc1.webp,7,7,8,8,1.0,adaptive,0.2034,0.0904,1,0.0904,0,0,0,0
ghq0rengfzjc1.webp,7,8,5,5,1.0,adaptive,0.1682,0.088,2,0.0805,0,0,0,0
ghq0rengfzjc1.webp,7,9,7,7,1.0,adaptive,0.1711,0.0579,2,0.0579,0,1,0,0
ghq0rengfzjc1.webp,8,1,5,5,1.0,adaptive,0.142,0.0859,1,0.0859,0,0,0,0
ghq0rengfzjc1.webp,8,3,6,6,0.9952,adaptive,0.1395,0.0857,1,0.0857,0,0,0,0
ghq0rengfzjc1.webp,8,4,9,9,1.0,adaptive,0.173,0.0862,1,0.0862,0,0,0,0
ghq0rengfzjc1.webp,8,5,8,8,1.0,adaptive,0.1577,0.0955,1,0.0955,0,0,0,0
ghq0rengfzjc1.webp,8,6,7,7,1.0,adaptive,0.133,0.057,1,0.057,0,0,0,0
ghq0rengfzjc1.webp,8,8,2,2,0.9998,adaptive,0.1423,0.0771,1,0.0771,0,0,0,0
ghq0rengfzjc1.webp,8,9,3,3,1.0,adaptive,0.1741,0.078,1,0.078,0,0,0,0
ghq0rengfzjc1.webp,9,1,3,3,1.0,adaptive,0.1481,0.0809,1,0.0809,0,0,0,0
ghq0rengfzjc1.webp,9,2,8,8,1.0,adaptive,0.1585,0.097,1,0.097,0,0,0,0
ghq0rengfzjc1.webp,9,3,7,7,1.0,adaptive,0.1348,0.0575,1,0.0575,0,0,0,0
ghq0rengfzjc1.webp,9,5,2,2,1.0,adaptive,0.1737,0.0787,1,0.0787,0,0,0,0
ghq0rengfzjc1.webp,9,6,5,5,1.0,adaptive,0.1648,0.082,1,0.082,0,0,0,0
ghq0rengfzjc1.webp,9,8,6,6,0.9954,adaptive,0.1692,0.0803,1,0.0803,0,0,0,0
ghq0rengfzjc1.webp,9,9,9,9,1.0,adaptive,0.1887,0.0789,1,0.0789,0,0,0,0
gka96q36bvec1.webp,1,1,1,1,0.9998,adaptive,0.1755,0.0909,1,0.0909,0,0,0,0
gka96q36bvec1.webp,1,2,9,9,1.0,adaptive,0.1843,0.1395,2,0.1081,0,0,0,0
gka96q36bvec1.webp,1,3,6,6,0.9999,adaptive,0.1963,0.1386,2,0.1078,0,0,0,0
gka96q36bvec1.webp,1,4,7,7,1.0,adaptive,0.1735,0.1027,1,0.1027,0,0,0,0
gka96q36bvec1.webp,1,5,5,5,1.0,adaptive,0.1886,0.1438,1,0.1438,0,0,0,0
gka96q36bvec1.webp,1,6,4,4,1.0,adaptive,0.1827,0.1114,2,0.0913,0,0,0,0
gka96q36bvec1.webp,1,7,3,3,1.0,adaptive,0.1949,0.1372,1,0.1372,0,0,0,0
gka96q36bvec1.webp,1,8,8,8,1.0,adaptive,0.199,0.1569,3,0.1009,0,0,0,1
gka96q36bvec1.webp,1,9,2,2,1.0,adaptive,0.2119,0.127,1,0.127,0,0,0,0
gka96q36bvec1.webp,2,1,2,2,1.0,adaptive,0.1839,0.1391,1,0.1391,0,0,0,0
gka96q36bvec1.webp,2,2,8,8,1.0,adaptive,0.1554,0.1582,3,0.1017,0,0,0,1
gka96q36bvec1.webp,2,3,3,3,1.0,adaptive,0.1628,0.1479,1,0.1479,0,0,0,0
gka96q36bvec1.webp,2,5,1,1,0.9999,adaptive,0.1008,0.1008,1,0.1008,0,0,0,0
gka96q36bvec1.webp,2,7,4,4,1.0,adaptive,0.1176,0.1027,2,0.083,0,0,0,0
gka96q36bvec1.webp,2,8,5,5,1.0,adaptive,0.1543,0.1543,1,0.1543,0,0,0,0
gka96q36bvec1.webp,2,9,7,7,1.0,adaptive,0.1386,0.0938,1,0.0938,0,0,0,0
gka96q36bvec1.webp,3,5,8,8,1.0,adaptive,0.1594,0.1472,3,0.0905,0,0,0,1
gka96q36bvec1.webp,3,7,1,1,0.9984,adaptive,0.1236,0.0945,1,0.0945,0,0,0,0
gka96q36bvec1.webp,3,8,9,9,1.0,adaptive,0.1628,0.1477,2,0.1158,0,0,0,0
gka96q36bvec1.webp,3,9,6,6,0.9999,adaptive,0.1971,0.139,2,0.1089,0,0,0,0
gka96q36bvec1.webp,4,1,8,8,1.0,adaptive,0.2094,0.1533,3,0.0978,0,0,0,1
gka96q36bvec1.webp,4,3,9,9,1.0,adaptive,0.1675,0.1383,2,0.1072,0,0,0,0
gka96q36bvec1.webp,4,5,3,3,1.0,adaptive,0.164,0.149,1,0.149,0,0,0,0
gka96q36bvec1.webp,4,7,2,2,1.0,adaptive,0.1582,0.129,1,0.129,0,0,0,0
gka96q36bvec1.webp,4,8,1,1,0.9988,adaptive,0.1124,0.0975,1,0.0975,0,0,0,0
gka96q36bvec1.webp,4,9,5,5,1.0,adaptive,0.2087,0.1506,1,0.1506,0,0,0,0
gka96q36bvec1.webp,5,2,3,3,1.0,adaptive,0.141,0.141,1,0.141,0,0,0,0
gka96q36bvec1.webp,5,3,2,2,1.0,adaptive,0.1389,0.1239,1,0.1239,0,0,0,0
gka96q36bvec1.webp,5,4,1,1,0.9999,adaptive,0.1312,0.1018,1,0.1018,0,0,0,0
gka96q36bvec1.webp,5,6,5,5,1.0,adaptive,0.1818,0.1522,1,0.1522,0,0,0,0
gka96q36bvec1.webp,5,8,6,6,0.9999,adaptive,0.1435,0.1435,2,0.1113,0,0,0,0
gka96q36bvec1.webp,6,1,6,6,1.0,adaptive,0.2181,0.1466,2,0.1154,0,0,0,0
gka96q36bvec1.webp,6,2,5,5,1.0,adaptive,0.1746,0.1447,1,0.1447,0,0,0,0
gka96q36bvec1.webp,6,3,1,1,1.0,adaptive,0.1388,0.096,1,0.096,0,0,0,0
gka96q36bvec1.webp,6,5,2,2,1.0,adaptive,0.1676,0.1377,1,0.1377,0,0,0,0
gka96q36bvec1.webp,6,7,7,7,1.0,adaptive,0.1386,0.0958,1,0.0958,0,0,0,0
gka96q36bvec1.webp,6,8,3,3,0.9999,adaptive,0.1689,0.1391,1,0.1391,0,0,0,0
gka96q36bvec1.webp,6,9,4,4,1.0,adaptive,0.1802,0.1089,2,0.0896,0,0,0,0
gka96q36bvec1.webp,7,2,1,1,0.9999,adaptive,0.1201,0.1052,1,0.1052,0,0,0,0
gka96q36bvec1.webp,7,5,6,6,1.0,adaptive,0.1554,0.1404,2,0.1097,0,0,0,0
gka96q36bvec1.webp,7,7,5,5,1.0,adaptive,0.1657,0.137,1,0.137,0,0,0,0
gka96q36bvec1.webp,7,8,7,7,1.0,adaptive,0.1108,0.0959,1,0.0959,0,0,0,0
gka96q36bvec1.webp,8,2,2,2,1.0,adaptive,0.1414,0.1414,1,0.1414,0,0,0,0
gka96q36bvec1.webp,8,4,0,0,0.992,adaptive,0.0294,0.0,0,0.0,0,0,0,0
gka96q36bvec1.webp,8,5,9,9,1.0,adaptive,0.1414,0.1414,2,0.11,0,0,0,0
gka96q36bvec1.webp,8,6,0,0,0.992,adaptive,0.0299,0.0,0,0.0,0,0,0,0
gka96q36bvec1.webp,8,7,6,6,0.9999,adaptive,0.1644,0.1495,2,0.1176,0,0,0,0
gka96q36bvec1.webp,8,8,4,4,1.0,adaptive,0.1171,0.1171,2,0.0964,0,0,0,0
gka96q36bvec1.webp,8,9,1,1,0.9997,adaptive,0.1531,0.1083,1,0.1083,0,0,0,0
gka96q36bvec1.webp,9,2,6,6,1.0,adaptive,0.1927,0.1479,2,0.1158,0,0,0,0
gka96q36bvec1.webp,9,4,5,5,1.0,adaptive,0.2208,0.1499,1,0.1499,0,0,0,0
gka96q36bvec1.webp,9,6,1,1,0.9999,adaptive,0.1742,0.1029,1,0.1029,0,0,0,0
gka96q36bvec1.webp,9,8,2,2,1.0,adaptive,0.1768,0.1321,1,0.1321,0,0,0,0
grvbx855o6nc1.webp,1,5,3,3,0.9995,adaptive,0.22,0.1902,1,0.1902,0,0,0,0
grvbx855o6nc1.webp,1,6,5,5,1.0,adaptive,0.1992,0.1693,1,0.1693,0,0,0,0
grvbx855o6nc1.webp,1,7,9,9,1.0,adaptive,0.233,0.1671,3,0.1245,0,1,0,0
grvbx855o6nc1.webp,1,8,6,6,1.0,adaptive,0.1811,0.18,2,0.1368,0,0,0,0
grvbx855o6nc1.webp,2,2,9,9,0.9998,adaptive,0.1841,0.1841,2,0.1364,0,0,0,0
grvbx855o6nc1.webp,2,5,8,8,1.0,adaptive,0.199,0.1965,3,0.1198,0,0,0,1
grvbx855o6nc1.webp,2,6,4,4,1.0,adaptive,0.1703,0.1531,2,0.1237,0,0,0,0
grvbx855o6nc1.webp,2,7,7,7,1.0,adaptive,0.2216,0.1099,2,0.1099,0,1,0,0
grvbx855o6nc1.webp,2,8,5,5,1.0,adaptive,0.2477,0.1653,3,0.1653,2,0,0,0
grvbx855o6nc1.webp,3,3,5,5,1.0,adaptive,0.2283,0.192,1,0.192,0,0,0,0
grvbx855o6nc1.webp,3,5,9,9,0.9999,adaptive,0.2157,0.1536,2,0.1122,0,0,0,0
grvbx855o6nc1.webp,3,7,8,8,1.0,adaptive,0.2673,0.1818,5,0.1076,0,2,0,1
grvbx855o6nc1.webp,4,1,9,9,1.0,adaptive,0.2085,0.1644,2,0.123,0,0,0,0
grvbx855o6nc1.webp,4,2,7,7,1.0,adaptive,0.1463,0.1398,1,0.1398,0,0,0,0
grvbx855o6nc1.webp,4,3,3,3,0.9998,adaptive,0.1831,0.1664,1,0.1664,0,0,0,0
grvbx855o6nc1.webp,4,4,8,8,1.0,adaptive,0.2546,0.1914,4,0.1149,0,1,0,1
grvbx855o6nc1.webp,4,7,5,5,1.0,adaptive,0.2773,0.1793,5,0.1662,2,1,0,0
grvbx855o6nc1.webp,4,8,4,4,1.0,adaptive,0.1572,0.1284,4,0.09,1,0,0,0
grvbx855o6nc1.webp,4,9,6,6,0.9998,adaptive,0.2123,0.1479,5,0.0971,2,0,0,0
grvbx855o6nc1.webp,5,1,2,2,1.0,adaptive,0.2232,0.1915,1,0.1915,0,0,0,0
grvbx855o6nc1.webp,5,2,5,5,1.0,adaptive,0.1899,0.1701,1,0.1701,0,0,0,0
grvbx855o6nc1.webp,5,5,6,6,1.0,adaptive,0.1905,0.1623,2,0.1166,0,0,0,0
grvbx855o6nc1.webp,5,6,9,9,0.9944,adaptive,0.1615,0.1377,3,0.0966,1,0,0,0
grvbx855o6nc1.webp,6,5,5,5,1.0,adaptive,0.216,0.1447,2,0.1447,0,1,0,0
grvbx855o6nc1.webp,6,6,7,7,0.9867,adaptive,0.1501,0.0733,2,0.0733,0,1,0,0
grvbx855o6nc1.webp,6,9,9,9,0.7995,adaptive,0.2366,0.1325,4,0.0887,0,1,0,0
grvbx855o6nc1.webp,7,1,6,6,1.0,adaptive,0.2136,0.186,2,0.1388,0,0,0,0
grvbx855o6nc1.webp,7,2,4,4,1.0,adaptive,0.1832,0.1479,2,0.1167,0,0,0,0
grvbx855o6nc1.webp,7,3,9,9,0.9989,adaptive,0.1987,0.1571,5,0.106,2,0,0,0
grvbx855o6nc1.webp,7,5,7,7,0.8797,adaptive,0.1599,0.1113,2,0.0819,0,0,0,0
grvbx855o6nc1.webp,7,6,8,8,0.9614,adaptive,0.1833,0.1419,4,0.0795,1,0,0,1
grvbx855o6nc1.webp,7,8,3,3,0.9328,adaptive,0.237,0.1712,5,0.159,2,0,0,1
grvbx855o6nc1.webp,7,9,5,5,0.9763,adaptive,0.2254,0.1602,4,0.1548,1,0,0,1
grvbx855o6nc1.webp,8,1,5,5,1.0,adaptive,0.1997,0.1703,1,0.1703,0,0,0,0
grvbx855o6nc1.webp,8,4,9,9,0.9846,adaptive,0.225,0.1502,3,0.107,0,1,0,0
grvbx855o6nc1.webp,9,4,5,5,1.0,adaptive,0.2455,0.2054,2,0.145,0,0,0,0
grvbx855o6nc1.webp,9,8,9,5,0.584,adaptive,0.1384,0.0739,3,0.0681,0,1,0,0
gx8i7ny637ec1.webp,1,2,5,5,1.0,adaptive,0.1529,0.0801,1,0.0801,0,0,0,0
gx8i7ny637ec1.webp,1,4,1,1,0.9986,adaptive,0.1383,0.0394,1,0.0394,0,0,0,0
gx8i7ny637ec1.webp,1,7,6,6,0.9999,adaptive,0.1787,0.082,1,0.082,0,0,0,0
gx8i7ny637ec1.webp,1,9,3,3,1.0,adaptive,0.1642,0.072,1,0.072,0,0,0,0
gx8i7ny637ec1.webp,2,1,6,6,1.0,adaptive,0.1703,0.0841,1,0.0841,0,0,0,0
gx8i7ny637ec1.webp,2,2,8,8,1.0,adaptive,0.1446,0.0861,1,0.0861,0,0,0,0
gx8i7ny637ec1.webp,2,3,7,7,1.0,adaptive,0.1072,0.0502,1,0.0502,0,0,0,0
gx8i7ny637ec1.webp,2,4,3,3,1.0,adaptive,0.1583,0.0733,1,0.0733,0,0,0,0
gx8i7ny637ec1.webp,2,5,4,4,1.0,adaptive,0.098,0.0677,1,0.0677,0,0,0,0
gx8i7ny637ec1.webp,2,9,5,5,1.0,adaptive,0.1637,0.0789,1,0.0789,0,0,0,0
gx8i7ny637ec1.webp,3,1,9,9,1.0,adaptive,0.1822,0.0818,1,0.0818,0,0,0,0
gx8i7ny637ec1.webp,3,2,1,1,0.9987,adaptive,0.1237,0.0409,1,0.0409,0,0,0,0
gx8i7ny637ec1.webp,3,3,3,3,1.0,adaptive,0.1521,0.0717,1,0.0717,0,0,0,0
gx8i7ny637ec1.webp,3,5,6,6,0.9998,adaptive,0.1429,0.0841,1,0.0841,0,0,0,0
gx8i7ny637ec1.webp,3,9,7,7,1.0,adaptive,0.1586,0.0503,1,0.0503,0,0,0,0
gx8i7ny637ec1.webp,4,3,5,5,1.0,adaptive,0.1617,0.078,1,0.078,0,0,0,0
gx8i7ny637ec1.webp,4,6,6,6,1.0,adaptive,0.1697,0.0842,1,0.0842,0,0,0,0
gx8i7ny637ec1.webp,4,8,7,7,1.0,adaptive,0.1208,0.0504,1,0.0504,0,0,0,0
gx8i7ny637ec1.webp,4,9,1,1,0.9981,adaptive,0.1383,0.0394,1,0.0394,0,0,0,0
gx8i7ny637ec1.webp,5,1,7,7,1.0,adaptive,0.1119,0.0522,1,0.0522,0,0,0,0
gx8i7ny637ec1.webp,5,3,6,6,1.0,adaptive,0.1147,0.0841,1,0.0841,0,0,0,0
gx8i7ny637ec1.webp,5,5,5,5,1.0,adaptive,0.0831,0.079,1,0.079,0,0,0,0
gx8i7ny637ec1.webp,5,6,1,1,0.9986,adaptive,0.0941,0.0396,1,0.0396,0,0,0,0
gx8i7ny637ec1.webp,6,2,9,9,1.0,adaptive,0.1705,0.0855,1,0.0855,0,0,0,0
gx8i7ny637ec1.webp,6,3,1,1,0.999,adaptive,0.1239,0.0397,1,0.0397,0,0,0,0
gx8i7ny637ec1.webp,6,6,3,3,1.0,adaptive,0.168,0.0708,1,0.0708,0,0,0,0
gx8i7ny637ec1.webp,6,8,5,5,1.0,adaptive,0.1502,0.0787,1,0.0787,0,0,0,0
gx8i7ny637ec1.webp,6,9,6,6,1.0,adaptive,0.1704,0.0829,1,0.0829,0,0,0,0
gx8i7ny637ec1.webp,7,1,1,1,0.9964,adaptive,0.1241,0.0388,1,0.0388,0,0,0,0
gx8i7ny637ec1.webp,7,2,6,6,0.9998,adaptive,0.1407,0.083,1,0.083,0,0,0,0
gx8i7ny637ec1.webp,7,5,3,3,1.0,adaptive,0.1183,0.0739,1,0.0739,0,0,0,0
gx8i7ny637ec1.webp,8,1,5,5,1.0,adaptive,0.1655,0.0794,1,0.0794,0,0,0,0
gx8i7ny637ec1.webp,8,5,1,1,0.9982,adaptive,0.084,0.0406,1,0.0406,0,0,0,0
gx8i7ny637ec1.webp,8,7,7,7,1.0,adaptive,0.1162,0.0504,1,0.0504,0,0,0,0
gx8i7ny637ec1.webp,8,9,4,4,1.0,adaptive,0.1382,0.0674,1,0.0674,0,0,0,0
gx8i7ny637ec1.webp,9,2,7,7,1.0,adaptive,0.1386,0.0527,1,0.0527,0,0,0,0
gx8i7ny637ec1.webp,9,5,8,8,1.0,adaptive,0.1429,0.0853,1,0.0853,0,0,0,0
gx8i7ny637ec1.webp,9,9,2,2,1.0,adaptive,0.1693,0.0688,1,0.0688,0,0,0,0
hak6tcvb72xc1.webp,1,5,9,9,1.0,adaptive,0.1425,0.0848,1,0.0848,0,0,0,0
hak6tcvb72xc1.webp,1,8,1,1,0.9975,adaptive,0.1033,0.0455,1,0.0455,0,0,0,0
hak6tcvb72xc1.webp,2,1,2,2,1.0,adaptive,0.1278,0.071,1,0.071,0,0,0,0
hak6tcvb72xc1.webp,2,8,5,5,1.0,adaptive,0.081,0.081,1,0.081,0,0,0,0
hak6tcvb72xc1.webp,3,1,6,6,0.9999,adaptive,0.1686,0.0835,1,0.0835,0,0,0,0
hak6tcvb72xc1.webp,3,2,8,8,1.0,adaptive,0.1567,0.0864,1,0.0864,0,0,0,0
hak6tcvb72xc1.webp,3,8,4,4,1.0,adaptive,0.1251,0.0701,1,0.0701,0,0,0,0
hak6tcvb72xc1.webp,4,2,6,6,0.9999,adaptive,0.1536,0.0832,1,0.0832,0,0,0,0
hak6tcvb72xc1.webp,4,4,4,4,1.0,adaptive,0.166,0.0695,1,0.0695,0,0,0,0
hak6tcvb72xc1.webp,4,7,1,1,0.9986,adaptive,0.1216,0.039,1,0.039,0,0,0,0
hak6tcvb72xc1.webp,4,8,9,9,1.0,adaptive,0.1235,0.081,1,0.081,0,0,0,0
hak6tcvb72xc1.webp,4,9,3,3,1.0,adaptive,0.1677,0.072,1,0.072,0,0,0,0
hak6tcvb72xc1.webp,5,1,3,3,1.0,adaptive,0.1441,0.0733,1,0.0733,0,0,0,0
hak6tcvb72xc1.webp,5,4,9,9,1.0,adaptive,0.1658,0.085,1,0.085,0,0,0,0
hak6tcvb72xc1.webp,5,5,1,1,0.9976,adaptive,0.0732,0.0409,1,0.0409,0,0,0,0
hak6tcvb72xc1.webp,5,6,5,5,1.0,adaptive,0.1088,0.0789,1,0.0789,0,0,0,0
hak6tcvb72xc1.webp,5,7,8,8,1.0,adaptive,0.1418,0.0855,1,0.0855,0,0,0,0
hak6tcvb72xc1.webp,5,8,6,6,1.0,adaptive,0.1003,0.0849,1,0.0849,0,0,0,0
hak6tcvb72xc1.webp,5,9,7,7,1.0,adaptive,0.1099,0.0511,1,0.0511,0,0,0,0
hak6tcvb72xc1.webp,6,1,1,1,0.9956,adaptive,0.1308,0.0446,1,0.0446,0,0,0,0
hak6tcvb72xc1.webp,6,2,9,9,1.0,adaptive,0.1538,0.0839,1,0.0839,0,0,0,0
hak6tcvb72xc1.webp,6,3,7,7,1.0,adaptive,0.1328,0.0506,1,0.0506,0,0,0,0
hak6tcvb72xc1.webp,6,7,5,5,1.0,adaptive,0.1207,0.0764,1,0.0764,0,0,0,0
hak6tcvb72xc1.webp,6,8,2,2,1.0,adaptive,0.1113,0.069,1,0.069,0,0,0,0
hak6tcvb72xc1.webp,6,9,4,4,1.0,adaptive,0.1631,0.0662,1,0.0662,0,0,0,0
hak6tcvb72xc1.webp,7,4,8,8,1.0,adaptive,0.1927,0.0853,1,0.0853,0,0,0,0
hak6tcvb72xc1.webp,7,5,0,0,0.992,adaptive,0.0703,0.0,0,0.0,0,0,0,0
hak6tcvb72xc1.webp,7,7,4,4,1.0,adaptive,0.1495,0.0693,1,0.0693,0,0,0,0
hak6tcvb72xc1.webp,7,9,5,5,1.0,adaptive,0.1584,0.074,1,0.074,0,0,0,0
hak6tcvb72xc1.webp,8,4,3,3,1.0,adaptive,0.1578,0.0737,1,0.0737,0,0,0,0
hak6tcvb72xc1.webp,8,9,6,6,0.9999,adaptive,0.1678,0.0832,1,0.0832,0,0,0,0
hak6tcvb72xc1.webp,9,1,4,4,1.0,adaptive,0.1564,0.0695,1,0.0695,0,0,0,0
hak6tcvb72xc1.webp,9,4,0,0,0.992,adaptive,0.0989,0.0,0,0.0,0,0,0,0
hak6tcvb72xc1.webp,9,5,5,5,1.0,adaptive,0.1248,0.0801,1,0.0801,0,0,0,0
hak6tcvb72xc1.webp,9,9,1,1,0.9977,adaptive,0.1506,0.039,1,0.039,0,0,0,0
hasyg9fc5xwc1.webp,1,1,4,4,0.9999,adaptive,0.1174,0.0586,1,0.0586,0,0,0,0
hasyg9fc5xwc1.webp,1,2,7,7,1.0,adaptive,0.0728,0.0427,1,0.0427,0,0,0,0
hasyg9fc5xwc1.webp,1,3,3,3,1.0,adaptive,0.141,0.0599,1,0.0599,0,0,0,0
hasyg9fc5xwc1.webp,1,7,8,8,1.0,adaptive,0.1283,0.0715,1,0.0715,0,0,0,0
hasyg9fc5xwc1.webp,1,8,9,9,1.0,adaptive,0.1013,0.0708,1,0.0708,0,0,0,0
hasyg9fc5xwc1.webp,2,5,9,9,0.9999,adaptive,0.0868,0.0735,1,0.0735,0,0,0,0
hasyg9fc5xwc1.webp,2,7,7,7,1.0,adaptive,0.0746,0.0448,1,0.0448,0,0,0,0
hasyg9fc5xwc1.webp,3,3,6,6,0.9996,adaptive,0.139,0.0711,1,0.0711,0,0,0,0
hasyg9fc5xwc1.webp,3,4,8,8,1.0,adaptive,0.1412,0.0724,1,0.0724,0,0,0,0
hasyg9fc5xwc1.webp,3,6,7,7,1.0,adaptive,0.1063,0.0408,1,0.0408,0,0,0,0
hasyg9fc5xwc1.webp,4,1,5,5,1.0,adaptive,0.1236,0.0628,1,0.0628,0,0,0,0
hasyg9fc5xwc1.webp,4,5,7,7,1.0,adaptive,0.0758,0.0416,1,0.0416,0,0,0,0
hasyg9fc5xwc1.webp,4,7,9,9,0.9999,adaptive,0.1141,0.0704,1,0.0704,0,0,0,0
hasyg9fc5xwc1.webp,5,3,2,2,1.0,adaptive,0.0724,0.057,1,0.057,0,0,0,0
hasyg9fc5xwc1.webp,5,4,9,9,0.9999,adaptive,0.1029,0.0728,1,0.0728,0,0,0,0
hasyg9fc5xwc1.webp,5,5,5,5,1.0,adaptive,0.0663,0.0663,1,0.0663,0,0,0,0
hasyg9fc5xwc1.webp,5,6,1,1,0.9979,adaptive,0.0658,0.036,1,0.036,0,0,0,0
hasyg9fc5xwc1.webp,5,9,7,7,1.0,adaptive,0.0706,0.0407,1,0.0407,0,0,0,0
hasyg9fc5xwc1.webp,6,3,7,7,1.0,adaptive,0.1114,0.0412,1,0.0412,0,0,0,0
hasyg9fc5xwc1.webp,6,6,8,8,1.0,adaptive,0.1363,0.0744,1,0.0744,0,0,0,0
hasyg9fc5xwc1.webp,6,8,5,5,1.0,adaptive,0.0945,0.0647,1,0.0647,0,0,0,0
hasyg9fc5xwc1.webp,7,4,1,1,0.9961,adaptive,0.1049,0.0361,1,0.0361,0,0,0,0
hasyg9fc5xwc1.webp,7,5,2,2,1.0,adaptive,0.0846,0.0554,1,0.0554,0,0,0,0
hasyg9fc5xwc1.webp,7,6,3,3,1.0,adaptive,0.1288,0.0601,1,0.0601,0,0,0,0
hasyg9fc5xwc1.webp,7,7,4,4,1.0,adaptive,0.0971,0.0544,1,0.0544,0,0,0,0
hasyg9fc5xwc1.webp,7,8,7,7,1.0,adaptive,0.0776,0.0412,1,0.0412,0,0,0,0
hasyg9fc5xwc1.webp,7,9,9,9,0.9999,adaptive,0.127,0.0704,1,0.0704,0,0,0,0
hasyg9fc5xwc1.webp,8,1,7,7,1.0,adaptive,0.0837,0.0418,1,0.0418,0,0,0,0
hasyg9fc5xwc1.webp,8,2,3,3,1.0,adaptive,0.0861,0.0627,1,0.0627,0,0,0,0
hasyg9fc5xwc1.webp,8,3,4,4,1.0,adaptive,0.1126,0.0588,1,0.0588,0,0,0,0
hasyg9fc5xwc1.webp,8,4,5,5,1.0,adaptive,0.1097,0.0654,1,0.0654,0,0,0,0
hasyg9fc5xwc1.webp,8,5,8,8,1.0,adaptive,0.0875,0.0744,1,0.0744,0,0,0,0
hasyg9fc5xwc1.webp,8,6,9,9,1.0,adaptive,0.1264,0.0708,1,0.0708,0,0,0,0
hasyg9fc5xwc1.webp,8,7,1,1,0.9988,adaptive,0.066,0.036,1,0.036,0,0,0,0
hasyg9fc5xwc1.webp,8,8,6,6,0.9999,adaptive,0.0843,0.0732,1,0.0732,0,0,0,0
hasyg9fc5xwc1.webp,8,9,2,2,1.0,adaptive,0.0898,0.0568,1,0.0568,0,0,0,0
hasyg9fc5xwc1.webp,9,1,2,2,1.0,adaptive,0.1178,0.059,1,0.059,0,0,0,0
hasyg9fc5xwc1.webp,9,2,1,1,0.9981,adaptive,0.0864,0.0312,1,0.0312,0,0,0,0
hasyg9fc5xwc1.webp,9,3,9,9,0.9999,adaptive,0.1399,0.0702,1,0.0702,0,0,0,0
hasyg9fc5xwc1.webp,9,4,7,7,1.0,adaptive,0.1132,0.043,1,0.043,0,0,0,0
hasyg9fc5xwc1.webp,9,5,4,4,1.0,adaptive,0.0864,0.0561,1,0.0561,0,0,0,0
hasyg9fc5xwc1.webp,9,6,6,6,0.9997,adaptive,0.1417,0.0708,1,0.0708,0,0,0,0
hasyg9fc5xwc1.webp,9,7,5,5,1.0,adaptive,0.1219,0.0653,1,0.0653,0,0,0,0
hasyg9fc5xwc1.webp,9,8,3,3,1.0,adaptive,0.1011,0.062,1,0.062,0,0,0,0
hasyg9fc5xwc1.webp,9,9,8,8,1.0,adaptive,0.1308,0.072,1,0.072,0,0,0,0
hek6j9bz9csc1.webp,1,3,7,7,1.0,adaptive,0.1704,0.0595,1,0.0595,0,0,0,0
hek6j9bz9csc1.webp,1,5,8,8,1.0,adaptive,0.1927,0.0941,1,0.0941,0,0,0,0
hek6j9bz9csc1.webp,1,6,9,9,1.0,adaptive,0.1922,0.086,1,0.086,0,0,0,0
hek6j9bz9csc1.webp,1,9,1,1,1.0,adaptive,0.1853,0.0575,1,0.0575,0,0,0,0
hek6j9bz9csc1.webp,2,5,3,3,1.0,adaptive,0.1678,0.0815,1,0.0815,0,0,0,0
hek6j9bz9csc1.webp,2,6,4,4,1.0,adaptive,0.1504,0.0746,1,0.0746,0,0,0,0
hek6j9bz9csc1.webp,2,7,8,8,1.0,adaptive,0.18,0.0927,1,0.0927,0,0,0,0
hek6j9bz9csc1.webp,2,9,7,7,1.0,adaptive,0.1499,0.064,1,0.064,0,0,0,0
hek6j9bz9csc1.webp,3,4,2,2,1.0,adaptive,0.1778,0.08,1,0.08,0,0,0,0
hek6j9bz9csc1.webp,3,5,7,7,1.0,adaptive,0.1635,0.0615,1,0.0615,0,0,0,0
hek6j9bz9csc1.webp,3,6,1,1,1.0,adaptive,0.1702,0.0579,1,0.0579,0,0,0,0
hek6j9bz9csc1.webp,3,7,6,6,1.0,adaptive,0.1974,0.0862,1,0.0862,0,0,0,0
hek6j9bz9csc1.webp,3,8,9,9,1.0,adaptive,0.1884,0.09,1,0.09,0,0,0,0
hek6j9bz9csc1.webp,4,2,2,2,1.0,adaptive,0.168,0.0816,1,0.0816,0,0,0,0
hek6j9bz9csc1.webp,4,5,6,6,0.9999,adaptive,0.1839,0.0882,1,0.0882,0,0,0,0
hek6j9bz9csc1.webp,4,7,4,4,1.0,adaptive,0.1753,0.0753,1,0.0753,0,0,0,0
hek6j9bz9csc1.webp,5,3,5,5,1.0,adaptive,0.1796,0.0855,1,0.0855,0,0,0,0
hek6j9bz9csc1.webp,5,8,6,6,0.9999,adaptive,0.1605,0.0909,1,0.0909,0,0,0,0
hek6j9bz9csc1.webp,6,1,7,7,1.0,adaptive,0.1811,0.0626,1,0.0626,0,0,0,0
hek6j9bz9csc1.webp,6,2,6,6,0.9999,adaptive,0.1888,0.0889,1,0.0889,0,0,0,0
hek6j9bz9csc1.webp,6,3,4,4,1.0,adaptive,0.1709,0.0722,1,0.0722,0,0,0,0
hek6j9bz9csc1.webp,6,5,5,5,1.0,adaptive,0.1728,0.0864,1,0.0864,0,0,0,0
hek6j9bz9csc1.webp,6,6,3,3,1.0,adaptive,0.1791,0.0806,1,0.0806,0,0,0,0
hek6j9bz9csc1.webp,7,1,9,9,1.0,adaptive,0.2121,0.0882,1,0.0882,0,0,0,0
hek6j9bz9csc1.webp,7,4,3,3,1.0,adaptive,0.1836,0.0806,1,0.0806,0,0,0,0
hek6j9bz9csc1.webp,7,6,5,5,1.0,adaptive,0.1951,0.0844,1,0.0844,0,0,0,0
hek6j9bz9csc1.webp,8,1,5,5,1.0,adaptive,0.1852,0.0844,1,0.0844,0,0,0,0
hek6j9bz9csc1.webp,8,2,7,7,1.0,adaptive,0.1256,0.0659,1,0.0659,0,0,0,0
hek6j9bz9csc1.webp,8,6,6,6,0.9999,adaptive,0.1886,0.0898,1,0.0898,0,0,0,0
hek6j9bz9csc1.webp,8,8,8,8,1.0,adaptive,0.1628,0.0966,1,0.0966,0,0,0,0
hek6j9bz9csc1.webp,8,9,3,3,1.0,adaptive,0.1816,0.0803,1,0.0803,0,0,0,0
hek6j9bz9csc1.webp,9,7,5,5,1.0,adaptive,0.196,0.0851,1,0.0851,0,0,0,0
hf55pqj0nqzc1.webp,1,1,8,8,1.0,adaptive,0.2112,0.0831,2,0.0831,0,0,1,0
hf55pqj0nqzc1.webp,1,2,0,0,0.992,adaptive,0.1278,0.0,0,0.0,0,0,0,0
hf55pqj0nqzc1.webp,1,3,7,7,1.0,adaptive,0.1849,0.0539,1,0.0539,0,0,0,0
hf55pqj0nqzc1.webp,1,4,6,6,0.9996,adaptive,0.162,0.0684,5,0.0684,4,0,0,0
hf55pqj0nqzc1.webp,1,5,0,0,0.992,adaptive,0.0685,0.0,2,0.0,1,1,0,0
hf55pqj0nqzc1.webp,1,6,0,0,0.992,adaptive,0.0798,0.0,2,0.0,1,1,0,0
hf55pqj0nqzc1.webp,1,7,2,2,0.9652,adaptive,0.1733,0.1074,3,0.0762,1,0,0,0
hf55pqj0nqzc1.webp,1,8,3,3,1.0,adaptive,0.1511,0.0746,3,0.0746,1,1,0,0
hf55pqj0nqzc1.webp,1,9,4,4,0.9973,adaptive,0.2103,0.0684,3,0.0568,1,0,0,0
hf55pqj0nqzc1.webp,2,1,0,0,0.992,adaptive,0.1174,0.0,6,0.0,6,0,0,0
hf55pqj0nqzc1.webp,2,2,0,0,0.992,adaptive,0.0735,0.0,1,0.0,1,0,0,0
hf55pqj0nqzc1.webp,2,3,0,0,0.992,adaptive,0.097,0.0,0,0.0,0,0,0,0
hf55pqj0nqzc1.webp,2,4,7,7,1.0,adaptive,0.1323,0.0556,2,0.0556,1,0,0,0
hf55pqj0nqzc1.webp,2,5,0,0,0.992,adaptive,0.0735,0.0,8,0.0057,7,0,0,0
hf55pqj0nqzc1.webp,2,7,0,0,0.992,adaptive,0.0966,0.0,2,0.0,1,1,0,0
hf55pqj0nqzc1.webp,2,8,5,5,1.0,adaptive,0.166,0.0849,3,0.0849,1,1,0,0
hf55pqj0nqzc1.webp,2,9,0,0,0.9709,adaptive,0.1208,0.0296,1,0.0296,0,0,0,0
hf55pqj0nqzc1.webp,3,1,5,5,1.0,adaptive,0.2038,0.0679,1,0.0679,0,0,0,0
hf55pqj0nqzc1.webp,3,2,0,0,0.992,adaptive,0.0886,0.0,0,0.0,0,0,0,0
hf55pqj0nqzc1.webp,3,3,6,6,1.0,adaptive,0.1922,0.0869,1,0.0869,0,0,0,0
hf55pqj0nqzc1.webp,3,4,0,0,0.992,adaptive,0.0947,0.0,0,0.0,0,0,0,0
hf55pqj0nqzc1.webp,3,5,0,0,0.992,adaptive,0.0873,0.0,1,0.0,1,0,0,0
hf55pqj0nqzc1.webp,3,8,0,0,0.992,adaptive,0.1456,0.0,3,0.0,2,1,0,0
hf55pqj0nqzc1.webp,4,1,6,6,1.0,adaptive,0.2408,0.08,1,0.08,0,0,0,0
hf55pqj0nqzc1.webp,4,2,8,8,0.9986,adaptive,0.1843,0.0787,4,0.0563,2,0,0,0
hf55pqj0nqzc1.webp,4,3,0,0,0.992,adaptive,0.1156,0.0,0,0.0,0,0,0,0
hf55pqj0nqzc1.webp,4,4,0,0,0.992,adaptive,0.1134,0.0,0,0.0,0,0,0,0
hf55pqj0nqzc1.webp,4,5,2,2,1.0,adaptive,0.1764,0.0782,1,0.0782,0,0,0,0
hf55pqj0nqzc1.webp,4,8,7,7,1.0,adaptive,0.1343,0.0599,2,0.0599,0,1,0,0
hf55pqj0nqzc1.webp,4,9,5,5,1.0,adaptive,0.1657,0.0786,2,0.0786,0,1,0,0
hf55pqj0nqzc1.webp,5,1,0,0,0.992,adaptive,0.1133,0.0,2,0.0,2,0,0,0
hf55pqj0nqzc1.webp,5,2,0,0,0.992,adaptive,0.0748,0.0,0,0.0,0,0,0,0
hf55pqj0nqzc1.webp,5,3,0,0,0.992,adaptive,0.0877,0.0,0,0.0,0,0,0,0
hf55pqj0nqzc1.webp,5,4,8,8,1.0,adaptive,0.1816,0.0877,1,0.0877,0,0,0,0
hf55pqj0nqzc1.webp,5,5,0,0,0.992,adaptive,0.0996,0.0,4,0.0,4,0,0,0
hf55pqj0nqzc1.webp,5,6,6,6,0.9999,adaptive,0.1784,0.0839,1,0.0839,0,0,0,0
hf55pqj0nqzc1.webp,5,7,0,0,0.992,adaptive,0.0868,0.0,1,0.0,1,0,0,0
hf55pqj0nqzc1.webp,5,8,0,0,0.992,adaptive,0.07,0.0,1,0.0,0,1,0,0
hf55pqj0nqzc1.webp,5,9,0,0,0.992,adaptive,0.0923,0.0,1,0.0,0,1,0,0
hf55pqj0nqzc1.webp,6,1,0,0,0.992,adaptive,0.119,0.0,1,0.0078,0,0,0,0
hf55pqj0nqzc1.webp,6,2,3,3,1.0,adaptive,0.173,0.0769,1,0.0769,0,0,0,0
hf55pqj0nqzc1.webp,6,3,0,0,0.992,adaptive,0.1027,0.0,0,0.0,0,0,0,0
hf55pqj0nqzc1.webp,6,4,0,0,0.992,adaptive,0.1089,0.0,0,0.0,0,0,0,0
hf55pqj0nqzc1.webp,6,5,7,7,1.0,adaptive,0.1506,0.055,1,0.055,0,0,0,0
hf55pqj0nqzc1.webp,6,6,0,0,0.992,adaptive,0.1305,0.0,4,0.008,2,0,0,0
hf55pqj0nqzc1.webp,6,7,9,9,1.0,adaptive,0.2,0.0864,3,0.0864,2,0,0,0
hf55pqj0nqzc1.webp,6,8,0,0,0.992,adaptive,0.1083,0.0,3,0.0,2,1,0,0
hf55pqj0nqzc1.webp,6,9,0,0,0.992,adaptive,0.1493,0.0,3,0.0,2,1,0,0
hf55pqj0nqzc1.webp,7,1,9,9,0.9998,adaptive,0.2072,0.0804,2,0.0804,0,1,0,0
hf55pqj0nqzc1.webp,7,4,5,5,0.9996,adaptive,0.196,0.0662,3,0.0662,2,0,0,0
hf55pqj0nqzc1.webp,7,5,4,4,0.9991,adaptive,0.175,0.0717,2,0.0635,0,0,0,1
hf55pqj0nqzc1.webp,7,6,7,7,1.0,adaptive,0.1555,0.0512,4,0.0512,3,0,0,0
hf55pqj0nqzc1.webp,7,7,8,8,1.0,adaptive,0.1827,0.084,2,0.084,0,1,0,0
hf55pqj0nqzc1.webp,7,8,0,0,0.992,adaptive,0.0726,0.0,8,0.0054,7,0,0,0
hf55pqj0nqzc1.webp,7,9,0,0,0.992,adaptive,0.0936,0.0,8,0.0,7,1,0,0
hf55pqj0nqzc1.webp,8,1,0,0,0.992,adaptive,0.1219,0.0,2,0.0,0,2,0,0
hf55pqj0nqzc1.webp,8,2,5,5,1.0,adaptive,0.1543,0.0783,2,0.0783,0,1,0,0
hf55pqj0nqzc1.webp,8,3,8,8,1.0,adaptive,0.1859,0.0814,3,0.0814,1,1,0,0
hf55pqj0nqzc1.webp,8,4,0,0,0.992,adaptive,0.1047,0.0,5,0.0,4,1,0,0
hf55pqj0nqzc1.webp,8,5,6,6,0.9999,adaptive,0.1559,0.0808,2,0.0808,0,1,0,0
hf55pqj0nqzc1.webp,8,6,0,0,0.992,adaptive,0.1022,0.0,6,0.0,5,1,0,0
hf55pqj0nqzc1.webp,8,7,0,0,0.992,adaptive,0.0948,0.0,7,0.0,6,1,0,0
hf55pqj0nqzc1.webp,8,8,0,0,0.992,adaptive,0.0824,0.0,6,0.0053,4,1,0,0
hf55pqj0nqzc1.webp,8,9,1,1,0.9687,adaptive,0.1472,0.0504,6,0.0504,4,1,0,0
hf55pqj0nqzc1.webp,9,1,2,2,0.9747,adaptive,0.196,0.1087,3,0.0751,0,1,0,0
hf55pqj0nqzc1.webp,9,2,0,0,0.992,adaptive,0.1031,0.0,4,0.0,3,1,0,0
hf55pqj0nqzc1.webp,9,3,0,0,0.992,adaptive,0.139,0.0,5,0.0,4,1,0,0
hf55pqj0nqzc1.webp,9,4,3,3,1.0,adaptive,0.225,0.074,2,0.074,0,1,0,0
hf55pqj0nqzc1.webp,9,5,8,8,1.0,adaptive,0.2343,0.081,3,0.081,1,1,0,0
hf55pqj0nqzc1.webp,9,6,1,1,0.8159,adaptive,0.2223,0.0448,6,0.0448,4,0,1,0
hf55pqj0nqzc1.webp,9,7,5,5,0.9999,adaptive,0.2007,0.063,3,0.063,1,1,0,0
hf55pqj0nqzc1.webp,9,8,0,0,0.992,adaptive,0.1368,0.0,2,0.0,1,1,0,0
hf55pqj0nqzc1.webp,9,9,0,0,0.992,adaptive,0.125,0.0,2,0.0,1,1,0,0
hgave101yvac1.webp,1,3,5,5,1.0,adaptive,0.1615,0.0766,1,0.0766,0,0,0,0
hgave101yvac1.webp,1,4,9,9,1.0,adaptive,0.1702,0.0831,1,0.0831,0,0,0,0
hgave101yvac1.webp,1,5,6,6,1.0,adaptive,0.1436,0.0855,1,0.0855,0,0,0,0
hgave101yvac1.webp,1,6,2,2,1.0,adaptive,0.1519,0.0664,1,0.0664,0,0,0,0
hgave101yvac1.webp,1,8,8,8,1.0,adaptive,0.1574,0.0846,1,0.0846,0,0,0,0
hgave101yvac1.webp,1,9,7,7,1.0,adaptive,0.1501,0.0503,1,0.0503,0,0,0,0
hgave101yvac1.webp,2,1,7,7,1.0,adaptive,0.1239,0.0509,1,0.0509,0,0,0,0
hgave101yvac1.webp,2,2,6,6,1.0,adaptive,0.1274,0.0849,1,0.0849,0,0,0,0
hgave101yvac1.webp,2,5,8,8,1.0,adaptive,0.1274,0.0838,1,0.0838,0,0,0,0
hgave101yvac1.webp,2,6,5,5,1.0,adaptive,0.1479,0.078,1,0.078,0,0,0,0
hgave101yvac1.webp,2,9,2,2,1.0,adaptive,0.1395,0.0681,1,0.0681,0,0,0,0
hgave101yvac1.webp,3,2,2,2,1.0,adaptive,0.1384,0.0687,1,0.0687,0,0,0,0
hgave101yvac1.webp,3,3,8,8,1.0,adaptive,0.1702,0.084,1,0.084,0,0,0,0
hgave101yvac1.webp,3,4,3,3,1.0,adaptive,0.1682,0.0717,1,0.0717,0,0,0,0
hgave101yvac1.webp,3,5,7,7,1.0,adaptive,0.1219,0.0504,1,0.0504,0,0,0,0
hgave101yvac1.webp,3,7,5,5,1.0,adaptive,0.1724,0.0771,1,0.0771,0,0,0,0
hgave101yvac1.webp,4,2,5,5,1.0,adaptive,0.1477,0.0787,1,0.0787,0,0,0,0
hgave101yvac1.webp,4,3,7,7,1.0,adaptive,0.133,0.0501,1,0.0501,0,0,0,0
hgave101yvac1.webp,4,6,6,6,1.0,adaptive,0.1677,0.0835,1,0.0835,0,0,0,0
hgave101yvac1.webp,4,7,8,8,1.0,adaptive,0.1729,0.0833,1,0.0833,0,0,0,0
hgave101yvac1.webp,4,8,2,2,1.0,adaptive,0.1244,0.0676,1,0.0676,0,0,0,0
hgave101yvac1.webp,4,9,3,3,1.0,adaptive,0.1553,0.0699,1,0.0699,0,0,0,0
hgave101yvac1.webp,5,1,2,2,1.0,adaptive,0.1402,0.0676,1,0.0676,0,0,0,0
hgave101yvac1.webp,5,4,7,7,1.0,adaptive,0.1201,0.0513,1,0.0513,0,0,0,0
hgave101yvac1.webp,5,5,5,5,1.0,adaptive,0.0925,0.0785,1,0.0785,0,0,0,0
hgave101yvac1.webp,5,7,1,1,0.9991,adaptive,0.1038,0.0391,1,0.0391,0,0,0,0
hgave101yvac1.webp,6,3,6,6,1.0,adaptive,0.1646,0.0822,1,0.0822,0,0,0,0
hgave101yvac1.webp,6,4,2,2,1.0,adaptive,0.1671,0.0704,1,0.0704,0,0,0,0
hgave101yvac1.webp,6,7,7,7,1.0,adaptive,0.1446,0.0497,1,0.0497,0,0,0,0
hgave101yvac1.webp,6,8,5,5,1.0,adaptive,0.1465,0.0776,1,0.0776,0,0,0,0
hgave101yvac1.webp,6,9,4,4,1.0,adaptive,0.153,0.0679,1,0.0679,0,0,0,0
hgave101yvac1.webp,7,1,6,6,0.9999,adaptive,0.1947,0.0822,1,0.0822,0,0,0,0
hgave101yvac1.webp,7,2,7,7,1.0,adaptive,0.1343,0.0513,1,0.0513,0,0,0,0
hgave101yvac1.webp,7,3,2,2,1.0,adaptive,0.1644,0.0691,1,0.0691,0,0,0,0
hgave101yvac1.webp,7,4,5,5,1.0,adaptive,0.1853,0.076,1,0.076,0,0,0,0
hgave101yvac1.webp,7,7,9,9,1.0,adaptive,0.1896,0.0822,1,0.0822,0,0,0,0
hgave101yvac1.webp,7,8,4,4,1.0,adaptive,0.1531,0.0697,1,0.0697,0,0,0,0
hgave101yvac1.webp,7,9,8,8,1.0,adaptive,0.1943,0.084,1,0.084,0,0,0,0
hgave101yvac1.webp,8,1,5,5,1.0,adaptive,0.1649,0.0787,1,0.0787,0,0,0,0
hgave101yvac1.webp,8,4,8,8,1.0,adaptive,0.1703,0.0857,1,0.0857,0,0,0,0
hgave101yvac1.webp,8,5,2,2,1.0,adaptive,0.1139,0.0702,1,0.0702,0,0,0,0
hgave101yvac1.webp,8,6,7,7,1.0,adaptive,0.1205,0.0509,1,0.0509,0,0,0,0
hgave101yvac1.webp,8,7,6,6,0.9999,adaptive,0.1658,0.0832,1,0.0832,0,0,0,0
hgave101yvac1.webp,8,8,3,3,1.0,adaptive,0.1313,0.0735,1,0.0735,0,0,0,0
hgave101yvac1.webp,8,9,1,1,0.9981,adaptive,0.1144,0.0416,1,0.0416,0,0,0,0
hgave101yvac1.webp,9,1,8,8,1.0,adaptive,0.1978,0.0838,1,0.0838,0,0,0,0
hgave101yvac1.webp,9,2,3,3,1.0,adaptive,0.1588,0.0728,1,0.0728,0,0,0,0
hgave101yvac1.webp,9,3,1,1,0.9987,adaptive,0.1377,0.0388,1,0.0388,0,0,0,0
hgave101yvac1.webp,9,4,6,6,0.9999,adaptive,0.1947,0.082,1,0.082,0,0,0,0
hgave101yvac1.webp,9,5,4,4,1.0,adaptive,0.1384,0.0656,1,0.0656,0,0,0,0
hgave101yvac1.webp,9,6,9,9,1.0,adaptive,0.1811,0.0813,1,0.0813,0,0,0,0
hgave101yvac1.webp,9,7,2,2,1.0,adaptive,0.1782,0.0675,1,0.0675,0,0,0,0
hgave101yvac1.webp,9,8,7,7,1.0,adaptive,0.1366,0.0507,1,0.0507,0,0,0,0
hgave101yvac1.webp,9,9,5,5,1.0,adaptive,0.1789,0.0789,1,0.0789,0,0,0,0
homx8g4c0hhc1.webp,1,3,8,8,1.0,adaptive,0.2018,0.0933,1,0.0933,0,0,0,0
homx8g4c0hhc1.webp,1,6,2,2,1.0,adaptive,0.1775,0.0793,1,0.0793,0,0,0,0
homx8g4c0hhc1.webp,1,7,6,6,0.9999,adaptive,0.1969,0.086,1,0.086,0,0,0,0
homx8g4c0hhc1.webp,1,9,1,1,1.0,adaptive,0.1842,0.059,1,0.059,0,0,0,0
homx8g4c0hhc1.webp,2,2,4,4,1.0,adaptive,0.1648,0.079,1,0.079,0,0,0,0
homx8g4c0hhc1.webp,2,5,8,8,1.0,adaptive,0.1506,0.0966,1,0.0966,0,0,0,0
homx8g4c0hhc1.webp,2,7,2,2,1.0,adaptive,0.1664,0.0825,1,0.0825,0,0,0,0
homx8g4c0hhc1.webp,2,9,7,7,1.0,adaptive,0.1585,0.0642,1,0.0642,0,0,0,0
homx8g4c0hhc1.webp,3,3,3,3,1.0,adaptive,0.1624,0.0795,1,0.0795,0,0,0,0
homx8g4c0hhc1.webp,3,5,9,9,0.9999,adaptive,0.1619,0.0891,1,0.0891,0,0,0,0
homx8g4c0hhc1.webp,3,6,7,7,1.0,adaptive,0.1461,0.0608,1,0.0608,0,0,0,0
homx8g4c0hhc1.webp,3,7,8,8,1.0,adaptive,0.2032,0.0924,1,0.0924,0,0,0,0
homx8g4c0hhc1.webp,3,8,5,5,1.0,adaptive,0.1816,0.0844,1,0.0844,0,0,0,0
homx8g4c0hhc1.webp,3,9,4,4,1.0,adaptive,0.1867,0.0751,1,0.0751,0,0,0,0
homx8g4c0hhc1.webp,4,2,3,3,1.0,adaptive,0.1807,0.0807,1,0.0807,0,0,0,0
homx8g4c0hhc1.webp,4,7,7,7,1.0,adaptive,0.1559,0.0624,1,0.0624,0,0,0,0
homx8g4c0hhc1.webp,5,4,7,7,1.0,adaptive,0.1619,0.0635,1,0.0635,0,0,0,0
homx8g4c0hhc1.webp,5,5,2,2,1.0,adaptive,0.1423,0.0854,1,0.0854,0,0,0,0
homx8g4c0hhc1.webp,5,7,5,5,1.0,adaptive,0.1655,0.0853,1,0.0853,0,0,0,0
homx8g4c0hhc1.webp,6,3,7,7,1.0,adaptive,0.1577,0.0613,1,0.0613,0,0,0,0
homx8g4c0hhc1.webp,6,4,8,8,1.0,adaptive,0.1909,0.094,1,0.094,0,0,0,0
homx8g4c0hhc1.webp,6,7,9,9,0.9999,adaptive,0.1996,0.0891,1,0.0891,0,0,0,0
homx8g4c0hhc1.webp,6,8,2,2,1.0,adaptive,0.1818,0.0834,1,0.0834,0,0,0,0
homx8g4c0hhc1.webp,7,2,8,8,1.0,adaptive,0.1701,0.0957,1,0.0957,0,0,0,0
homx8g4c0hhc1.webp,7,4,3,3,1.0,adaptive,0.176,0.0811,1,0.0811,0,0,0,0
homx8g4c0hhc1.webp,7,5,6,6,1.0,adaptive,0.1854,0.0907,1,0.0907,0,0,0,0
homx8g4c0hhc1.webp,7,8,7,7,1.0,adaptive,0.1599,0.0631,1,0.0631,0,0,0,0
homx8g4c0hhc1.webp,8,1,3,3,1.0,adaptive,0.1669,0.0814,1,0.0814,0,0,0,0
homx8g4c0hhc1.webp,9,1,6,6,0.9999,adaptive,0.2127,0.0898,1,0.0898,0,0,0,0
homx8g4c0hhc1.webp,9,2,5,5,1.0,adaptive,0.1814,0.0864,1,0.0864,0,0,0,0
homx8g4c0hhc1.webp,9,7,3,3,1.0,adaptive,0.1909,0.0809,1,0.0809,0,0,0,0
homx8g4c0hhc1.webp,9,9,0,0,0.992,adaptive,0.1263,0.0,0,0.0,0,0,0,0
i7g19lf62kkc1.webp,1,1,7,7,1.0,adaptive,0.1682,0.0813,1,0.0813,0,0,0,0
i7g19lf62kkc1.webp,1,2,9,9,1.0,adaptive,0.1866,0.1135,1,0.1135,0,0,0,0
i7g19lf62kkc1.webp,1,3,5,5,1.0,adaptive,0.2192,0.1129,1,0.1129,0,0,0,0
i7g19lf62kkc1.webp,1,4,0,0,0.992,adaptive,0.1154,0.0,1,0.0,0,1,0,0
i7g19lf62kkc1.webp,1,6,8,8,1.0,adaptive,0.229,0.1214,2,0.1214,0,1,0,0
i7g19lf62kkc1.webp,1,7,6,6,0.9965,adaptive,0.2301,0.106,1,0.106,0,0,0,0
i7g19lf62kkc1.webp,1,8,0,0,0.992,adaptive,0.1101,0.0,0,0.0,0,0,0,0
i7g19lf62kkc1.webp,1,9,0,0,0.992,adaptive,0.149,0.0,0,0.0,0,0,0,0
i7g19lf62kkc1.webp,2,4,0,0,0.992,adaptive,0.0914,0.0,1,0.0,0,1,0,0
i7g19lf62kkc1.webp,2,5,9,9,1.0,adaptive,0.1738,0.1123,2,0.1123,0,1,0,0
i7g19lf62kkc1.webp,2,6,7,7,0.9999,adaptive,0.1472,0.0735,2,0.0735,0,1,0,0
i7g19lf62kkc1.webp,2,7,8,8,1.0,adaptive,0.2119,0.1226,2,0.1226,0,1,0,0
i7g19lf62kkc1.webp,2,8,5,5,1.0,adaptive,0.1719,0.1072,1,0.1072,0,0,0,0
i7g19lf62kkc1.webp,2,9,0,0,0.992,adaptive,0.1047,0.0,0,0.0,0,0,0,0
i7g19lf62kkc1.webp,3,2,1,1,0.9725,adaptive,0.1384,0.0622,1,0.0622,0,0,0,0
i7g19lf62kkc1.webp,3,3,8,8,1.0,adaptive,0.2054,0.1288,1,0.1288,0,0,0,0
i7g19lf62kkc1.webp,3,7,7,7,0.9997,adaptive,0.1858,0.0693,2,0.0693,0,0,1,0
i7g19lf62kkc1.webp,4,1,5,5,1.0,adaptive,0.2152,0.1167,1,0.1167,0,0,0,0
i7g19lf62kkc1.webp,4,3,1,1,0.9921,adaptive,0.1303,0.0684,2,0.0684,1,0,0,0
i7g19lf62kkc1.webp,4,6,3,3,0.9998,adaptive,0.1804,0.1014,2,0.1014,0,0,1,0
i7g19lf62kkc1.webp,4,7,9,9,0.9995,adaptive,0.1971,0.0996,3,0.0996,0,2,0,0
i7g19lf62kkc1.webp,4,8,7,7,0.8423,adaptive,0.1389,0.0455,3,0.0455,1,1,0,0
i7g19lf62kkc1.webp,4,9,8,8,0.9998,adaptive,0.2072,0.1011,2,0.1011,0,1,0,0
i7g19lf62kkc1.webp,5,1,8,8,1.0,adaptive,0.22,0.1348,1,0.1348,0,0,0,0
i7g19lf62kkc1.webp,5,3,2,2,1.0,adaptive,0.1802,0.1065,1,0.1065,0,0,0,0
i7g19lf62kkc1.webp,5,4,9,9,0.9999,adaptive,0.1938,0.1074,3,0.1074,0,2,0,0
i7g19lf62kkc1.webp,5,5,7,7,0.9994,adaptive,0.1428,0.0546,2,0.0546,0,0,1,0
i7g19lf62kkc1.webp,5,8,0,0,0.992,adaptive,0.0829,0.0,1,0.0,0,1,0,0
i7g19lf62kkc1.webp,6,1,9,9,1.0,adaptive,0.219,0.1149,1,0.1149,0,0,0,0
i7g19lf62kkc1.webp,6,2,7,7,0.9998,adaptive,0.1678,0.0798,1,0.0798,0,0,0,0
i7g19lf62kkc1.webp,6,4,8,8,0.9945,adaptive,0.2357,0.1891,2,0.1149,0,0,0,0
i7g19lf62kkc1.webp,6,5,0,0,0.8707,adaptive,0.0914,0.0287,2,0.0287,0,1,0,0
i7g19lf62kkc1.webp,6,8,2,5,0.7166,adaptive,0.1956,0.069,5,0.0633,2,1,0,0
i7g19lf62kkc1.webp,7,1,4,4,1.0,adaptive,0.196,0.1118,1,0.1118,0,0,0,0
i7g19lf62kkc1.webp,7,2,8,8,1.0,adaptive,0.1949,0.1318,1,0.1318,0,0,0,0
i7g19lf62kkc1.webp,7,3,6,6,0.996,adaptive,0.1771,0.1103,2,0.1103,0,0,1,0
i7g19lf62kkc1.webp,7,4,7,7,0.8601,adaptive,0.1798,0.0477,4,0.0477,1,2,0,0
i7g19lf62kkc1.webp,7,5,5,5,0.9629,adaptive,0.1886,0.088,2,0.088,0,0,1,0
i7g19lf62kkc1.webp,7,6,9,9,0.6579,adaptive,0.1925,0.0909,4,0.0833,1,0,1,0
i7g19lf62kkc1.webp,7,7,2,1,0.6201,adaptive,0.1907,0.0644,4,0.0644,1,2,0,0
i7g19lf62kkc1.webp,8,1,3,3,1.0,adaptive,0.1902,0.1151,1,0.1151,0,0,0,0
i7g19lf62kkc1.webp,8,2,5,5,1.0,adaptive,0.1832,0.1159,2,0.1159,1,0,0,0
i7g19lf62kkc1.webp,8,3,7,7,0.8358,adaptive,0.1468,0.0493,3,0.0493,1,0,1,0
i7g19lf62kkc1.webp,8,5,8,8,0.993,adaptive,0.1963,0.1006,2,0.1006,0,0,1,0
i7g19lf62kkc1.webp,8,7,4,4,0.969,adaptive,0.1976,0.0812,4,0.0742,0,2,0,0
i7g19lf62kkc1.webp,9,1,1,1,0.9808,adaptive,0.1631,0.0695,1,0.0695,0,0,0,0
i7g19lf62kkc1.webp,9,2,2,2,1.0,adaptive,0.1981,0.104,2,0.104,0,1,0,0
i7g19lf62kkc1.webp,9,3,9,9,0.987,adaptive,0.2056,0.0987,3,0.0987,0,2,0,0
i7g19lf62kkc1.webp,9,4,3,3,0.9963,adaptive,0.2094,0.1673,3,0.0847,0,0,0,0
i7g19lf62kkc1.webp,9,5,4,4,0.9985,adaptive,0.1895,0.1135,3,0.0866,0,1,0,0
i7g19lf62kkc1.webp,9,6,6,5,0.9093,adaptive,0.1787,0.1087,3,0.0853,0,1,0,0
i7g19lf62kkc1.webp,9,7,5,3,0.9476,adaptive,0.1749,0.1477,2,0.0766,0,0,0,0
i7g19lf62kkc1.webp,9,8,8,5,0.5638,adaptive,0.1692,0.0844,3,0.0703,0,1,0,0
i7g19lf62kkc1.webp,9,9,7,7,0.9387,adaptive,0.1742,0.0699,4,0.0343,0,1,0,0
ia0nk2ua4ukc1.webp,1,1,5,5,1.0,adaptive,0.178,0.0793,2,0.0793,0,1,0,0
ia0nk2ua4ukc1.webp,1,2,9,9,0.9999,adaptive,0.166,0.0825,2,0.0825,0,1,0,0
ia0nk2ua4ukc1.webp,1,3,4,4,1.0,adaptive,0.1644,0.0679,2,0.0679,0,1,0,0
ia0nk2ua4ukc1.webp,1,6,7,7,1.0,adaptive,0.1472,0.0492,2,0.0492,0,1,0,0
ia0nk2ua4ukc1.webp,1,7,6,6,0.9994,adaptive,0.1914,0.0822,2,0.0822,0,1,0,0
ia0nk2ua4ukc1.webp,1,9,1,1,0.9985,adaptive,0.1377,0.0388,2,0.0388,0,1,0,0
ia0nk2ua4ukc1.webp,2,1,8,8,1.0,adaptive,0.1588,0.0864,1,0.0864,0,0,0,0
ia0nk2ua4ukc1.webp,2,2,1,1,0.9938,adaptive,0.1051,0.0468,1,0.0468,0,0,0,0
ia0nk2ua4ukc1.webp,2,3,3,3,1.0,adaptive,0.1443,0.0724,1,0.0724,0,0,0,0
ia0nk2ua4ukc1.webp,2,4,4,4,1.0,adaptive,0.1588,0.069,1,0.069,0,0,0,0
ia0nk2ua4ukc1.webp,2,5,6,6,0.9995,adaptive,0.1279,0.0833,1,0.0833,0,0,0,0
ia0nk2ua4ukc1.webp,2,6,9,9,0.9999,adaptive,0.1592,0.0871,1,0.0871,0,0,0,0
ia0nk2ua4ukc1.webp,2,7,2,2,1.0,adaptive,0.1526,0.0681,1,0.0681,0,0,0,0
ia0nk2ua4ukc1.webp,2,8,7,7,1.0,adaptive,0.0996,0.0544,1,0.0544,0,0,0,0
ia0nk2ua4ukc1.webp,2,9,5,5,1.0,adaptive,0.1511,0.0787,1,0.0787,0,0,0,0
ia0nk2ua4ukc1.webp,3,1,6,6,0.9999,adaptive,0.1533,0.0818,1,0.0818,0,0,0,0
ia0nk2ua4ukc1.webp,3,2,2,2,1.0,adaptive,0.1253,0.0669,1,0.0669,0,0,0,0
ia0nk2ua4ukc1.webp,3,3,7,7,1.0,adaptive,0.1234,0.0521,1,0.0521,0,0,0,0
ia0nk2ua4ukc1.webp,3,5,5,5,1.0,adaptive,0.1232,0.0807,1,0.0807,0,0,0,0
ia0nk2ua4ukc1.webp,3,6,1,1,0.9978,adaptive,0.1145,0.0392,1,0.0392,0,0,0,0
ia0nk2ua4ukc1.webp,3,7,9,9,0.9999,adaptive,0.1673,0.0835,1,0.0835,0,0,0,0
ia0nk2ua4ukc1.webp,4,1,1,1,0.9982,adaptive,0.1415,0.0399,1,0.0399,0,0,0,0
ia0nk2ua4ukc1.webp,4,2,7,7,1.0,adaptive,0.1361,0.0509,1,0.0509,0,0,0,0
ia0nk2ua4ukc1.webp,4,3,5,5,1.0,adaptive,0.1762,0.0789,1,0.0789,0,0,0,0
ia0nk2ua4ukc1.webp,4,4,9,9,1.0,adaptive,0.194,0.0818,1,0.0818,0,0,0,0
ia0nk2ua4ukc1.webp,4,6,6,6,1.0,adaptive,0.1949,0.0847,1,0.0847,0,0,0,0
ia0nk2ua4ukc1.webp,4,9,3,3,1.0,adaptive,0.1733,0.0731,1,0.0731,0,0,0,0
ia0nk2ua4ukc1.webp,5,1,3,3,1.0,adaptive,0.1567,0.0744,1,0.0744,0,0,0,0
ia0nk2ua4ukc1.webp,5,2,6,6,0.9999,adaptive,0.1455,0.0849,1,0.0849,0,0,0,0
ia0nk2ua4ukc1.webp,5,4,1,1,0.9981,adaptive,0.1264,0.0414,1,0.0414,0,0,0,0
ia0nk2ua4ukc1.webp,5,7,7,7,1.0,adaptive,0.1251,0.0507,1,0.0507,0,0,0,0
ia0nk2ua4ukc1.webp,5,8,5,5,1.0,adaptive,0.1247,0.0803,1,0.0803,0,0,0,0
ia0nk2ua4ukc1.webp,6,1,2,2,1.0,adaptive,0.1539,0.0684,1,0.0684,0,0,0,0
ia0nk2ua4ukc1.webp,6,2,4,4,1.0,adaptive,0.1418,0.0665,1,0.0665,0,0,0,0
ia0nk2ua4ukc1.webp,6,4,5,5,1.0,adaptive,0.1873,0.0802,1,0.0802,0,0,0,0
ia0nk2ua4ukc1.webp,6,5,7,7,1.0,adaptive,0.1081,0.0509,1,0.0509,0,0,0,0
ia0nk2ua4ukc1.webp,6,6,3,3,1.0,adaptive,0.18,0.0733,1,0.0733,0,0,0,0
ia0nk2ua4ukc1.webp,6,7,1,1,0.9978,adaptive,0.1452,0.0399,1,0.0399,0,0,0,0
ia0nk2ua4ukc1.webp,6,8,6,6,0.9999,adaptive,0.1567,0.085,1,0.085,0,0,0,0
ia0nk2ua4ukc1.webp,7,1,4,4,1.0,adaptive,0.1775,0.0666,1,0.0666,0,0,0,0
ia0nk2ua4ukc1.webp,7,2,5,5,1.0,adaptive,0.1651,0.0812,1,0.0812,0,0,0,0
ia0nk2ua4ukc1.webp,7,3,1,1,0.9989,adaptive,0.129,0.041,1,0.041,0,0,0,0
ia0nk2ua4ukc1.webp,7,4,6,6,0.9996,adaptive,0.1722,0.0811,1,0.0811,0,0,0,0
ia0nk2ua4ukc1.webp,7,5,9,9,1.0,adaptive,0.1431,0.0862,1,0.0862,0,0,0,0
ia0nk2ua4ukc1.webp,7,7,3,3,1.0,adaptive,0.1557,0.0711,1,0.0711,0,0,0,0
ia0nk2ua4ukc1.webp,7,9,7,7,1.0,adaptive,0.1366,0.0497,1,0.0497,0,0,0,0
ia0nk2ua4ukc1.webp,8,1,7,7,1.0,adaptive,0.1366,0.0511,1,0.0511,0,0,0,0
ia0nk2ua4ukc1.webp,8,2,3,3,1.0,adaptive,0.1302,0.0751,1,0.0751,0,0,0,0
ia0nk2ua4ukc1.webp,8,3,6,6,1.0,adaptive,0.1499,0.0841,1,0.0841,0,0,0,0
ia0nk2ua4ukc1.webp,8,5,1,1,0.9988,adaptive,0.0813,0.0409,1,0.0409,0,0,0,0
ia0nk2ua4ukc1.webp,8,6,5,5,1.0,adaptive,0.1617,0.0791,1,0.0791,0,0,0,0
ia0nk2ua4ukc1.webp,8,8,9,9,0.9999,adaptive,0.1276,0.0838,1,0.0838,0,0,0,0
ia0nk2ua4ukc1.webp,9,1,9,9,1.0,adaptive,0.1829,0.0829,1,0.0829,0,0,0,0
ia0nk2ua4ukc1.webp,9,2,8,8,1.0,adaptive,0.1463,0.0848,1,0.0848,0,0,0,0
ia0nk2ua4ukc1.webp,9,3,2,2,1.0,adaptive,0.1546,0.0697,1,0.0697,0,0,0,0
ia0nk2ua4ukc1.webp,9,4,7,7,1.0,adaptive,0.1493,0.0497,1,0.0497,0,0,0,0
ia0nk2ua4ukc1.webp,9,5,3,3,1.0,adaptive,0.1479,0.0751,1,0.0751,0,0,0,0
ia0nk2ua4ukc1.webp,9,6,4,4,1.0,adaptive,0.1657,0.0657,1,0.0657,0,0,0,0
ia0nk2ua4ukc1.webp,9,7,5,5,1.0,adaptive,0.1622,0.0769,1,0.0769,0,0,0,0
ia0nk2ua4ukc1.webp,9,8,1,1,0.9986,adaptive,0.0972,0.0393,1,0.0393,0,0,0,0
ia0nk2ua4ukc1.webp,9,9,6,6,1.0,adaptive,0.1695,0.0833,1,0.0833,0,0,0,0
iby5t6fxt3ac1.webp,1,1,3,0,0.992,adaptive,0.1051,0.0,47,0.0053,46,0,0,0
iby5t6fxt3ac1.webp,1,2,8,0,0.992,adaptive,0.1352,0.0,37,0.0066,34,0,1,0
iby5t6fxt3ac1.webp,1,5,4,0,0.992,adaptive,0.2058,0.0,26,0.0084,23,2,0,0
iby5t6fxt3ac1.webp,1,6,5,0,0.992,adaptive,0.1876,0.0,19,0.0,17,2,0,0
iby5t6fxt3ac1.webp,1,9,2,0,0.992,adaptive,0.0731,0.0,45,0.0,45,0,0,0
iby5t6fxt3ac1.webp,2,2,2,2,0.4504,adaptive,0.0916,0.0234,39,0.0234,37,0,0,1
iby5t6fxt3ac1.webp,2,4,8,0,0.2931,adaptive,0.1097,0.0581,32,0.0301,30,0,0,0
iby5t6fxt3ac1.webp,2,8,4,3,0.4202,adaptive,0.0771,0.0188,25,0.0188,24,0,0,0
iby5t6fxt3ac1.webp,2,9,3,7,0.8238,adaptive,0.0853,0.0217,29,0.0217,28,0,0,0
iby5t6fxt3ac1.webp,3,2,4,5,0.9934,adaptive,0.3786,0.2784,13,0.227,5,0,0,1
iby5t6fxt3ac1.webp,3,4,3,2,0.4809,adaptive,0.327,0.1735,29,0.1132,20,2,0,1
iby5t6fxt3ac1.webp,3,6,2,5,0.5685,adaptive,0.3099,0.1593,14,0.1121,9,1,0,0
iby5t6fxt3ac1.webp,3,7,8,8,0.3973,adaptive,0.2611,0.1666,28,0.055,15,0,0,1
iby5t6fxt3ac1.webp,3,8,5,4,0.6414,adaptive,0.36,0.2078,22,0.1429,14,0,0,1
iby5t6fxt3ac1.webp,3,9,7,9,0.8531,adaptive,0.2731,0.1388,30,0.0949,25,0,0,1
iby5t6fxt3ac1.webp,4,2,5,5,0.9801,adaptive,0.3161,0.1612,15,0.1271,8,2,0,1
iby5t6fxt3ac1.webp,4,3,3,5,0.5491,adaptive,0.307,0.1401,17,0.1346,14,1,0,0
iby5t6fxt3ac1.webp,4,7,2,4,0.41,adaptive,0.3863,0.2159,13,0.18,6,2,0,1
iby5t6fxt3ac1.webp,5,1,2,2,0.3155,adaptive,0.2212,0.1294,21,0.1115,15,0,0,1
iby5t6fxt3ac1.webp,5,7,3,5,0.6803,adaptive,0.3259,0.1875,10,0.1515,4,1,0,1
iby5t6fxt3ac1.webp,6,3,4,5,0.7142,adaptive,0.2433,0.1203,25,0.0902,20,1,0,0
iby5t6fxt3ac1.webp,6,5,2,0,0.4859,adaptive,0.2359,0.1296,25,0.0685,19,0,0,1
iby5t6fxt3ac1.webp,6,6,3,4,0.6632,adaptive,0.2969,0.2112,12,0.17,8,0,0,1
iby5t6fxt3ac1.webp,7,1,4,7,0.9662,adaptive,0.1054,0.0292,46,0.0292,45,0,0,0
iby5t6fxt3ac1.webp,7,2,7,2,0.7379,adaptive,0.1158,0.05,36,0.05,35,0,0,0
iby5t6fxt3ac1.webp,7,3,8,2,0.5746,adaptive,0.1085,0.035,35,0.035,34,0,0,0
iby5t6fxt3ac1.webp,7,4,6,9,0.4463,adaptive,0.1074,0.0461,35,0.0461,34,0,0,0
iby5t6fxt3ac1.webp,7,5,3,0,0.5767,adaptive,0.154,0.0789,28,0.0602,24,0,0,0
iby5t6fxt3ac1.webp,7,6,1,6,0.3567,adaptive,0.1183,0.0633,38,0.0633,37,0,0,0
iby5t6fxt3ac1.webp,7,7,5,7,0.9945,adaptive,0.094,0.0468,30,0.0401,28,0,0,0
iby5t6fxt3ac1.webp,7,8,2,5,0.5249,adaptive,0.1744,0.1149,16,0.0586,13,0,0,0
iby5t6fxt3ac1.webp,7,9,9,9,0.3674,adaptive,0.0976,0.0597,24,0.0597,23,0,0,0
iby5t6fxt3ac1.webp,8,2,3,0,0.8269,adaptive,0.2091,0.1054,13,0.1001,9,1,0,1
iby5t6fxt3ac1.webp,8,3,2,4,0.6948,adaptive,0.2062,0.1031,15,0.0651,9,1,0,1
iby5t6fxt3ac1.webp,8,5,8,0,0.606,adaptive,0.1586,0.0778,14,0.0702,11,1,0,0
iby5t6fxt3ac1.webp,8,6,7,4,0.4602,adaptive,0.1549,0.0902,16,0.0421,11,1,0,1
iby5t6fxt3ac1.webp,8,7,4,6,0.4753,adaptive,0.1434,0.0828,13,0.0656,8,1,0,1
iby5t6fxt3ac1.webp,8,8,1,5,0.7892,adaptive,0.1924,0.1127,14,0.0785,10,1,0,0
iby5t6fxt3ac1.webp,8,9,6,7,0.3166,adaptive,0.1526,0.1045,17,0.0466,13,0,0,0
iby5t6fxt3ac1.webp,9,1,6,7,0.6104,adaptive,0.0976,0.0443,7,0.0209,3,0,1,1
iby5t6fxt3ac1.webp,9,2,1,0,0.3065,adaptive,0.152,0.024,13,0.024,11,0,1,0
iby5t6fxt3ac1.webp,9,4,2,1,0.4967,adaptive,0.3495,0.1252,8,0.0811,2,1,0,1
iby5t6fxt3ac1.webp,9,6,4,4,0.8467,adaptive,0.2887,0.1272,15,0.0884,12,0,0,1
iby5t6fxt3ac1.webp,9,7,7,7,0.5845,adaptive,0.0867,0.0479,6,0.0325,4,0,0,0
iby5t6fxt3ac1.webp,9,8,3,0,0.8024,adaptive,0.1483,0.0751,15,0.0486,10,1,0,1
iby5t6fxt3ac1.webp,9,9,8,0,0.992,adaptive,0.0762,0.0,11,0.0078,9,1,0,0
ingd0p07g4wc1.webp,1,1,9,9,0.9999,adaptive,0.2112,0.0891,1,0.0891,0,0,0,0
ingd0p07g4wc1.webp,1,2,6,6,1.0,adaptive,0.175,0.0889,1,0.0889,0,0,0,0
ingd0p07g4wc1.webp,1,7,8,8,1.0,adaptive,0.2027,0.092,1,0.092,0,0,0,0
ingd0p07g4wc1.webp,2,5,5,5,1.0,adaptive,0.1713,0.0879,1,0.0879,0,0,0,0
ingd0p07g4wc1.webp,3,3,1,1,1.0,adaptive,0.1508,0.0584,1,0.0584,0,0,0,0
ingd0p07g4wc1.webp,3,4,4,4,1.0,adaptive,0.1646,0.0726,1,0.0726,0,0,0,0
ingd0p07g4wc1.webp,4,1,1,1,1.0,adaptive,0.1686,0.0577,1,0.0577,0,0,0,0
ingd0p07g4wc1.webp,4,7,2,2,1.0,adaptive,0.1818,0.0818,1,0.0818,0,0,0,0
ingd0p07g4wc1.webp,4,8,5,5,1.0,adaptive,0.1762,0.0857,1,0.0857,0,0,0,0
ingd0p07g4wc1.webp,4,9,6,6,0.9999,adaptive,0.1978,0.0867,1,0.0867,0,0,0,0
ingd0p07g4wc1.webp,5,1,2,2,1.0,adaptive,0.1811,0.0825,1,0.0825,0,0,0,0
ingd0p07g4wc1.webp,5,2,5,5,1.0,adaptive,0.1708,0.087,1,0.087,0,0,0,0
ingd0p07g4wc1.webp,5,6,6,6,0.9999,adaptive,0.175,0.0896,1,0.0896,0,0,0,0
ingd0p07g4wc1.webp,6,1,6,6,0.9999,adaptive,0.2107,0.0875,1,0.0875,0,0,0,0
ingd0p07g4wc1.webp,6,2,3,3,1.0,adaptive,0.166,0.0819,1,0.0819,0,0,0,0
ingd0p07g4wc1.webp,6,3,9,9,1.0,adaptive,0.182,0.088,1,0.088,0,0,0,0
ingd0p07g4wc1.webp,6,4,1,1,0.9999,adaptive,0.1468,0.0613,1,0.0613,0,0,0,0
ingd0p07g4wc1.webp,6,5,2,2,1.0,adaptive,0.1692,0.0819,1,0.0819,0,0,0,0
ingd0p07g4wc1.webp,6,6,5,5,1.0,adaptive,0.1851,0.086,1,0.086,0,0,0,0
ingd0p07g4wc1.webp,6,7,7,7,1.0,adaptive,0.1597,0.059,1,0.059,0,0,0,0
ingd0p07g4wc1.webp,7,2,9,9,1.0,adaptive,0.1884,0.0891,1,0.0891,0,0,0,0
ingd0p07g4wc1.webp,7,4,3,3,1.0,adaptive,0.1911,0.0784,1,0.0784,0,0,0,0
ingd0p07g4wc1.webp,7,5,1,1,0.9999,adaptive,0.1599,0.0599,1,0.0599,0,0,0,0
ingd0p07g4wc1.webp,7,6,8,8,1.0,adaptive,0.2056,0.0945,1,0.0945,0,0,0,0
ingd0p07g4wc1.webp,7,7,5,5,1.0,adaptive,0.1889,0.0851,1,0.0851,0,0,0,0
ingd0p07g4wc1.webp,7,8,6,6,1.0,adaptive,0.1741,0.0884,1,0.0884,0,0,0,0
ingd0p07g4wc1.webp,7,9,2,2,1.0,adaptive,0.2007,0.0818,1,0.0818,0,0,0,0
ingd0p07g4wc1.webp,8,1,3,3,1.0,adaptive,0.1823,0.0816,1,0.0816,0,0,0,0
ingd0p07g4wc1.webp,8,2,1,1,0.9999,adaptive,0.1217,0.0592,1,0.0592,0,0,0,0
ingd0p07g4wc1.webp,8,7,4,4,1.0,adaptive,0.175,0.0764,1,0.0764,0,0,0,0
ingd0p07g4wc1.webp,9,3,6,6,1.0,adaptive,0.1867,0.0884,1,0.0884,0,0,0,0
ingd0p07g4wc1.webp,9,7,9,9,0.9999,adaptive,0.2003,0.0889,1,0.0889,0,0,0,0
ingd0p07g4wc1.webp,9,8,1,1,1.0,adaptive,0.1452,0.0592,1,0.0592,0,0,0,0
ingd0p07g4wc1.webp,9,9,3,3,1.0,adaptive,0.2058,0.0795,1,0.0795,0,0,0,0
inpi400diuxc1.webp,1,5,3,3,1.0,adaptive,0.166,0.0801,1,0.0801,0,0,0,0
inpi400diuxc1.webp,1,6,5,5,1.0,adaptive,0.184,0.084,1,0.084,0,0,0,0
inpi400diuxc1.webp,1,7,9,9,1.0,adaptive,0.1813,0.082,1,0.082,0,0,0,0
inpi400diuxc1.webp,1,8,6,6,0.9976,adaptive,0.1714,0.0853,1,0.0853,0,0,0,0
inpi400diuxc1.webp,2,2,9,9,1.0,adaptive,0.1426,0.0852,1,0.0852,0,0,0,0
inpi400diuxc1.webp,2,5,8,8,1.0,adaptive,0.155,0.098,1,0.098,0,0,0,0
inpi400diuxc1.webp,2,6,4,4,1.0,adaptive,0.1463,0.0764,1,0.0764,0,0,0,0
inpi400diuxc1.webp,2,7,7,7,1.0,adaptive,0.1282,0.0583,1,0.0583,0,0,0,0
inpi400diuxc1.webp,2,8,5,5,1.0,adaptive,0.1426,0.0854,1,0.0854,0,0,0,0
inpi400diuxc1.webp,3,3,5,5,1.0,adaptive,0.1655,0.0822,1,0.0822,0,0,0,0
inpi400diuxc1.webp,3,5,9,9,1.0,adaptive,0.1536,0.0834,1,0.0834,0,0,0,0
inpi400diuxc1.webp,3,7,8,8,1.0,adaptive,0.176,0.0927,1,0.0927,0,0,0,0
inpi400diuxc1.webp,4,1,9,9,1.0,adaptive,0.1836,0.084,1,0.084,0,0,0,0
inpi400diuxc1.webp,4,2,7,7,1.0,adaptive,0.1275,0.0577,1,0.0577,0,0,0,0
inpi400diuxc1.webp,4,3,3,3,1.0,adaptive,0.1628,0.0798,1,0.0798,0,0,0,0
inpi400diuxc1.webp,4,4,8,8,1.0,adaptive,0.1771,0.0936,1,0.0936,0,0,0,0
inpi400diuxc1.webp,4,7,5,5,1.0,adaptive,0.1646,0.0815,1,0.0815,0,0,0,0
inpi400diuxc1.webp,4,8,4,4,1.0,adaptive,0.1454,0.0758,1,0.0758,0,0,0,0
inpi400diuxc1.webp,4,9,6,6,0.995,adaptive,0.182,0.082,1,0.082,0,0,0,0
inpi400diuxc1.webp,5,1,2,2,1.0,adaptive,0.1621,0.0767,1,0.0767,0,0,0,0
inpi400diuxc1.webp,5,2,5,5,1.0,adaptive,0.1423,0.0845,1,0.0845,0,0,0,0
inpi400diuxc1.webp,5,5,6,6,0.9995,adaptive,0.141,0.0847,1,0.0847,0,0,0,0
inpi400diuxc1.webp,5,6,9,9,1.0,adaptive,0.154,0.0848,1,0.0848,0,0,0,0
inpi400diuxc1.webp,6,5,5,5,1.0,adaptive,0.1556,0.0864,1,0.0864,0,0,0,0
inpi400diuxc1.webp,6,6,7,7,1.0,adaptive,0.1415,0.0577,1,0.0577,0,0,0,0
inpi400diuxc1.webp,6,9,9,9,1.0,adaptive,0.182,0.082,1,0.082,0,0,0,0
inpi400diuxc1.webp,7,1,6,6,0.9988,adaptive,0.1813,0.0822,1,0.0822,0,0,0,0
inpi400diuxc1.webp,7,2,4,4,1.0,adaptive,0.137,0.0805,1,0.0805,0,0,0,0
inpi400diuxc1.webp,7,3,9,9,1.0,adaptive,0.1617,0.0811,1,0.0811,0,0,0,0
inpi400diuxc1.webp,7,5,7,7,1.0,adaptive,0.128,0.0579,1,0.0579,0,0,0,0
inpi400diuxc1.webp,7,6,8,8,1.0,adaptive,0.1791,0.096,1,0.096,0,0,0,0
inpi400diuxc1.webp,7,8,3,3,1.0,adaptive,0.1493,0.0796,1,0.0796,0,0,0,0
inpi400diuxc1.webp,7,9,5,5,1.0,adaptive,0.1813,0.082,1,0.082,0,0,0,0
inpi400diuxc1.webp,8,1,5,5,1.0,adaptive,0.171,0.0848,1,0.0848,0,0,0,0
inpi400diuxc1.webp,8,4,9,9,1.0,adaptive,0.1536,0.0837,1,0.0837,0,0,0,0
inpi400diuxc1.webp,9,4,5,5,1.0,adaptive,0.18,0.0811,1,0.0811,0,0,0,0
inpi400diuxc1.webp,9,8,9,9,1.0,adaptive,0.1581,0.0853,1,0.0853,0,0,0,0
iqpyipcpfqec1.webp,1,1,3,5,0.8713,adaptive,0.0746,0.0454,4,0.0454,3,0,0,0
iqpyipcpfqec1.webp,1,2,1,0,0.992,adaptive,0.0839,0.0,2,0.0,1,0,1,0
iqpyipcpfqec1.webp,1,3,8,0,0.992,adaptive,0.1261,0.0,6,0.0096,4,0,1,0
iqpyipcpfqec1.webp,1,4,4,0,0.992,adaptive,0.1,0.0,7,0.0094,5,0,1,0
iqpyipcpfqec1.webp,1,5,2,7,0.5615,adaptive,0.104,0.078,4,0.0626,2,0,0,0
iqpyipcpfqec1.webp,1,6,7,7,0.9209,adaptive,0.1613,0.1236,7,0.0622,2,0,0,1
iqpyipcpfqec1.webp,1,7,5,7,0.8844,adaptive,0.1236,0.0751,5,0.0666,3,0,0,0
iqpyipcpfqec1.webp,1,8,6,7,0.58,adaptive,0.1269,0.0828,3,0.069,1,0,0,0
iqpyipcpfqec1.webp,1,9,9,7,0.7644,adaptive,0.1105,0.063,2,0.063,1,0,0,0
iqpyipcpfqec1.webp,2,3,9,2,0.4806,adaptive,0.2078,0.111,4,0.0683,1,0,0,0
iqpyipcpfqec1.webp,2,4,6,0,0.5464,adaptive,0.1348,0.0785,7,0.0678,5,0,0,0
iqpyipcpfqec1.webp,2,8,7,7,0.7932,adaptive,0.1612,0.0976,5,0.0702,2,0,0,0
iqpyipcpfqec1.webp,3,4,5,5,0.4798,adaptive,0.1671,0.1172,3,0.0664,0,0,0,0
iqpyipcpfqec1.webp,3,5,9,0,0.6199,adaptive,0.1502,0.1015,3,0.0694,1,0,0,0
iqpyipcpfqec1.webp,4,3,6,6,0.8665,adaptive,0.1671,0.1392,2,0.0896,0,0,0,0
iqpyipcpfqec1.webp,4,6,9,7,0.6311,adaptive,0.1648,0.1181,6,0.0909,4,0,0,0
iqpyipcpfqec1.webp,4,9,7,0,0.6253,adaptive,0.1753,0.0568,4,0.051,1,0,1,0
iqpyipcpfqec1.webp,5,4,7,0,0.8782,adaptive,0.1603,0.0726,5,0.0665,2,0,1,0
iqpyipcpfqec1.webp,5,7,6,9,0.5213,adaptive,0.1719,0.1196,6,0.0665,2,0,0,1
iqpyipcpfqec1.webp,6,1,1,1,0.7746,adaptive,0.1421,0.1,3,0.0666,1,0,0,0
iqpyipcpfqec1.webp,6,2,7,7,0.9644,adaptive,0.194,0.0778,5,0.0382,1,1,0,0
iqpyipcpfqec1.webp,6,3,3,3,0.825,adaptive,0.184,0.1562,6,0.0766,2,0,0,1
iqpyipcpfqec1.webp,6,4,8,8,0.848,adaptive,0.1524,0.1294,7,0.0677,5,0,0,0
iqpyipcpfqec1.webp,6,5,6,9,0.5058,adaptive,0.2058,0.1493,8,0.066,3,0,0,1
iqpyipcpfqec1.webp,6,6,2,7,0.9156,adaptive,0.1575,0.1047,10,0.0809,7,0,0,0
iqpyipcpfqec1.webp,6,7,9,9,0.9485,adaptive,0.2054,0.1357,9,0.0682,5,0,0,0
iqpyipcpfqec1.webp,6,8,5,0,0.4287,adaptive,0.1581,0.0941,5,0.0678,2,0,0,0
iqpyipcpfqec1.webp,6,9,4,7,0.9206,adaptive,0.2081,0.0673,6,0.0673,4,1,0,0
iqpyipcpfqec1.webp,7,6,5,7,0.647,adaptive,0.1664,0.1176,4,0.0951,1,0,0,0
iqpyipcpfqec1.webp,7,8,4,7,0.8916,adaptive,0.1689,0.114,3,0.0825,1,0,0,0
iqpyipcpfqec1.webp,8,2,3,3,0.9998,adaptive,0.1442,0.0507,4,0.0455,1,1,0,0
iqpyipcpfqec1.webp,8,4,2,2,0.9997,adaptive,0.1456,0.0522,6,0.0522,4,1,0,0
iqpyipcpfqec1.webp,8,6,6,7,0.9692,adaptive,0.1626,0.1162,3,0.0884,0,0,0,1
iqpyipcpfqec1.webp,8,7,7,7,0.6302,adaptive,0.1443,0.0932,3,0.0712,1,0,0,0
iqpyipcpfqec1.webp,8,8,9,0,0.8433,adaptive,0.1414,0.1024,2,0.0721,0,0,0,0
iqpyipcpfqec1.webp,9,5,7,7,0.9974,adaptive,0.1606,0.0253,5,0.0253,3,0,1,0
iqpyipcpfqec1.webp,9,7,8,0,0.8404,adaptive,0.1644,0.1074,4,0.0771,2,0,0,0
iw9a0c66f5yc1.webp,1,1,7,7,1.0,adaptive,0.1379,0.051,1,0.051,0,0,0,0
iw9a0c66f5yc1.webp,1,3,4,4,1.0,adaptive,0.1397,0.0682,1,0.0682,0,0,0,0
iw9a0c66f5yc1.webp,1,4,5,5,1.0,adaptive,0.1515,0.078,1,0.078,0,0,0,0
iw9a0c66f5yc1.webp,1,7,9,9,1.0,adaptive,0.1544,0.0829,1,0.0829,0,0,0,0
iw9a0c66f5yc1.webp,1,9,1,1,0.9983,adaptive,0.1263,0.0397,1,0.0397,0,0,0,0
iw9a0c66f5yc1.webp,2,3,6,6,0.9999,adaptive,0.1246,0.0823,1,0.0823,0,0,0,0
iw9a0c66f5yc1.webp,2,4,1,1,0.9988,adaptive,0.0837,0.0403,1,0.0403,0,0,0,0
iw9a0c66f5yc1.webp,2,5,9,9,1.0,adaptive,0.1012,0.0859,1,0.0859,0,0,0,0
iw9a0c66f5yc1.webp,2,6,7,7,1.0,adaptive,0.0957,0.0525,1,0.0525,0,0,0,0
iw9a0c66f5yc1.webp,2,8,4,4,1.0,adaptive,0.0989,0.0702,1,0.0702,0,0,0,0
iw9a0c66f5yc1.webp,3,2,1,1,0.9982,adaptive,0.0828,0.04,1,0.04,0,0,0,0
iw9a0c66f5yc1.webp,3,3,9,9,1.0,adaptive,0.1383,0.0829,1,0.0829,0,0,0,0
iw9a0c66f5yc1.webp,3,7,6,6,1.0,adaptive,0.1399,0.0847,1,0.0847,0,0,0,0
iw9a0c66f5yc1.webp,3,8,7,7,1.0,adaptive,0.0936,0.0511,1,0.0511,0,0,0,0
iw9a0c66f5yc1.webp,4,1,8,8,1.0,adaptive,0.1573,0.0844,1,0.0844,0,0,0,0
iw9a0c66f5yc1.webp,4,2,9,9,1.0,adaptive,0.1282,0.0846,1,0.0846,0,0,0,0
iw9a0c66f5yc1.webp,4,3,5,5,1.0,adaptive,0.1332,0.0762,1,0.0762,0,0,0,0
iw9a0c66f5yc1.webp,4,4,7,7,1.0,adaptive,0.1087,0.0497,1,0.0497,0,0,0,0
iw9a0c66f5yc1.webp,4,5,3,3,1.0,adaptive,0.1029,0.0726,1,0.0726,0,0,0,0
iw9a0c66f5yc1.webp,4,6,4,4,1.0,adaptive,0.1281,0.0693,1,0.0693,0,0,0,0
iw9a0c66f5yc1.webp,4,9,6,6,0.9999,adaptive,0.155,0.0822,1,0.0822,0,0,0,0
iw9a0c66f5yc1.webp,5,1,2,2,1.0,adaptive,0.1149,0.0701,1,0.0701,0,0,0,0
iw9a0c66f5yc1.webp,5,2,3,3,1.0,adaptive,0.0904,0.0751,1,0.0751,0,0,0,0
iw9a0c66f5yc1.webp,5,3,1,1,0.9974,adaptive,0.0703,0.0403,1,0.0403,0,0,0,0
iw9a0c66f5yc1.webp,5,4,6,6,1.0,adaptive,0.1128,0.0825,1,0.0825,0,0,0,0
iw9a0c66f5yc1.webp,5,7,4,4,1.0,adaptive,0.0986,0.0687,1,0.0687,0,0,0,0
iw9a0c66f5yc1.webp,5,8,9,9,1.0,adaptive,0.0999,0.0845,1,0.0845,0,0,0,0
iw9a0c66f5yc1.webp,5,9,7,7,1.0,adaptive,0.0981,0.0529,1,0.0529,0,0,0,0
iw9a0c66f5yc1.webp,6,3,7,7,1.0,adaptive,0.106,0.049,1,0.049,0,0,0,0
iw9a0c66f5yc1.webp,6,4,2,2,1.0,adaptive,0.1272,0.0682,1,0.0682,0,0,0,0
iw9a0c66f5yc1.webp,6,5,1,1,0.997,adaptive,0.0715,0.0412,1,0.0412,0,0,0,0
iw9a0c66f5yc1.webp,6,6,9,9,1.0,adaptive,0.1417,0.0826,1,0.0826,0,0,0,0
iw9a0c66f5yc1.webp,6,7,5,5,1.0,adaptive,0.1357,0.0784,1,0.0784,0,0,0,0
iw9a0c66f5yc1.webp,6,8,8,8,1.0,adaptive,0.1294,0.0857,1,0.0857,0,0,0,0
iw9a0c66f5yc1.webp,6,9,3,3,1.0,adaptive,0.1444,0.0717,1,0.0717,0,0,0,0
iw9a0c66f5yc1.webp,7,3,8,8,1.0,adaptive,0.1417,0.0853,1,0.0853,0,0,0,0
iw9a0c66f5yc1.webp,7,4,9,9,1.0,adaptive,0.1408,0.0838,1,0.0838,0,0,0,0
iw9a0c66f5yc1.webp,7,5,0,0,0.992,adaptive,0.0301,0.0,0,0.0,0,0,0,0
iw9a0c66f5yc1.webp,7,6,0,0,0.992,adaptive,0.0568,0.0,0,0.0,0,0,0,0
iw9a0c66f5yc1.webp,7,8,5,5,1.0,adaptive,0.1203,0.0776,1,0.0776,0,0,0,0
iw9a0c66f5yc1.webp,8,2,5,5,1.0,adaptive,0.1097,0.0806,1,0.0806,0,0,0,0
iw9a0c66f5yc1.webp,8,3,2,2,1.0,adaptive,0.1131,0.0706,1,0.0706,0,0,0,0
iw9a0c66f5yc1.webp,8,4,0,0,0.992,adaptive,0.0432,0.0,0,0.0,0,0,0,0
iw9a0c66f5yc1.webp,8,5,7,7,1.0,adaptive,0.0689,0.0533,1,0.0533,0,0,0,0
iw9a0c66f5yc1.webp,8,6,0,0,0.992,adaptive,0.0434,0.0,0,0.0,0,0,0,0
iw9a0c66f5yc1.webp,8,7,8,8,1.0,adaptive,0.1269,0.0844,1,0.0844,0,0,0,0
iw9a0c66f5yc1.webp,8,9,9,9,1.0,adaptive,0.1429,0.0846,1,0.0846,0,0,0,0
iw9a0c66f5yc1.webp,9,1,9,9,1.0,adaptive,0.1702,0.0831,1,0.0831,0,0,0,0
iw9a0c66f5yc1.webp,9,3,3,3,1.0,adaptive,0.1441,0.0726,1,0.0726,0,0,0,0
iw9a0c66f5yc1.webp,9,4,8,8,1.0,adaptive,0.1571,0.0842,1,0.0842,0,0,0,0
iw9a0c66f5yc1.webp,9,8,6,6,0.9999,adaptive,0.1431,0.085,1,0.085,0,0,0,0
j7tggeo30y8c1.webp,1,2,7,0,0.992,adaptive,0.0749,0.0,4,0.0059,2,0,1,0
j7tggeo30y8c1.webp,1,3,9,0,0.992,adaptive,0.0764,0.0,6,0.0098,3,1,0,0
j7tggeo30y8c1.webp,1,4,2,0,0.992,adaptive,0.0811,0.0,7,0.0058,4,0,1,0
j7tggeo30y8c1.webp,1,7,5,7,0.5307,adaptive,0.1161,0.0209,11,0.0143,8,1,0,0
j7tggeo30y8c1.webp,2,3,1,4,0.9178,adaptive,0.1425,0.0841,4,0.0726,1,0,0,1
j7tggeo30y8c1.webp,2,4,6,4,0.8387,adaptive,0.1314,0.0957,3,0.0805,0,0,0,1
j7tggeo30y8c1.webp,2,8,2,0,0.992,adaptive,0.1315,0.0,5,0.0,3,1,1,0
j7tggeo30y8c1.webp,3,1,2,4,0.6447,adaptive,0.155,0.0962,4,0.0806,1,0,0,1
j7tggeo30y8c1.webp,3,2,4,0,0.3715,adaptive,0.1748,0.1169,4,0.0751,1,0,0,0
j7tggeo30y8c1.webp,3,5,5,6,0.4957,adaptive,0.1536,0.1061,6,0.064,2,0,0,0
j7tggeo30y8c1.webp,4,1,9,7,0.386,adaptive,0.1379,0.0945,4,0.0858,1,0,0,1
j7tggeo30y8c1.webp,4,2,1,0,0.5525,adaptive,0.1671,0.0755,5,0.0676,3,0,0,0
j7tggeo30y8c1.webp,4,6,2,5,0.4003,adaptive,0.2067,0.1263,6,0.0873,2,0,0,0
j7tggeo30y8c1.webp,4,7,6,4,0.8511,adaptive,0.1602,0.0847,6,0.0642,2,0,0,0
j7tggeo30y8c1.webp,4,8,7,4,0.9486,adaptive,0.1866,0.1013,6,0.0676,2,0,0,0
j7tggeo30y8c1.webp,4,9,5,4,0.4114,adaptive,0.1372,0.0869,5,0.0664,2,0,0,1
j7tggeo30y8c1.webp,5,2,6,0,0.6222,adaptive,0.1928,0.053,4,0.025,0,0,1,0
j7tggeo30y8c1.webp,5,3,4,4,0.8912,adaptive,0.1468,0.1076,2,0.076,0,0,0,0
j7tggeo30y8c1.webp,5,6,5,0,0.5833,adaptive,0.2085,0.1481,4,0.0914,2,0,0,0
j7tggeo30y8c1.webp,5,7,2,0,0.6678,adaptive,0.1653,0.1135,2,0.0828,0,0,0,0
j7tggeo30y8c1.webp,5,8,9,0,0.5616,adaptive,0.177,0.0735,6,0.0735,5,0,0,0
j7tggeo30y8c1.webp,6,1,7,0,0.5537,adaptive,0.1738,0.1027,3,0.0847,1,0,0,0
j7tggeo30y8c1.webp,6,2,2,5,0.7146,adaptive,0.1707,0.1162,7,0.0629,3,0,0,0
j7tggeo30y8c1.webp,6,3,5,0,0.5222,adaptive,0.1526,0.1145,3,0.0693,0,0,0,0
j7tggeo30y8c1.webp,6,4,9,0,0.2929,adaptive,0.188,0.1504,5,0.0802,1,0,0,0
j7tggeo30y8c1.webp,6,6,6,4,0.4396,adaptive,0.1902,0.1308,7,0.0786,4,0,0,0
j7tggeo30y8c1.webp,6,8,1,4,0.3708,adaptive,0.1687,0.119,4,0.0683,0,0,0,1
j7tggeo30y8c1.webp,7,1,4,4,0.8298,adaptive,0.1341,0.1098,4,0.0815,0,0,0,1
j7tggeo30y8c1.webp,7,3,7,0,0.3151,adaptive,0.1862,0.1016,8,0.0726,3,0,0,0
j7tggeo30y8c1.webp,7,5,2,6,0.6961,adaptive,0.2121,0.071,11,0.0185,4,0,1,0
j7tggeo30y8c1.webp,7,7,1,7,0.3087,adaptive,0.1858,0.0497,6,0.0192,1,0,1,0
j7tggeo30y8c1.webp,7,8,3,6,0.3893,adaptive,0.1949,0.1486,4,0.0805,1,0,0,0
j7tggeo30y8c1.webp,7,9,6,0,0.992,adaptive,0.141,0.0,5,0.0058,1,3,0,0
j7tggeo30y8c1.webp,8,1,1,0,0.9403,adaptive,0.1223,0.0877,7,0.0717,2,0,0,1
j7tggeo30y8c1.webp,8,6,7,0,0.705,adaptive,0.1296,0.0893,4,0.0719,1,0,0,0
j7tggeo30y8c1.webp,8,7,9,0,0.8059,adaptive,0.1375,0.0823,4,0.0764,2,0,0,0
j7tggeo30y8c1.webp,8,8,5,0,0.8815,adaptive,0.1198,0.0764,5,0.0707,1,1,0,1
j7tggeo30y8c1.webp,8,9,2,0,0.7999,adaptive,0.0972,0.0393,4,0.0233,1,1,0,0
j7tggeo30y8c1.webp,9,3,2,0,0.992,adaptive,0.0777,0.0,4,0.0,2,2,0,0
j7tggeo30y8c1.webp,9,6,1,0,0.992,adaptive,0.0748,0.0,4,0.0069,1,1,0,0
j7tggeo30y8c1.webp,9,7,8,0,0.9927,adaptive,0.0791,0.0149,3,0.0149,1,1,0,0
j7tggeo30y8c1.webp,9,8,4,1,0.7906,adaptive,0.107,0.0133,2,0.0133,0,0,1,0
j7tggeo30y8c1.webp,9,9,7,0,0.992,adaptive,0.0938,0.0,1,0.0,0,0,1,0
jcz0rw5z6o8c1.webp,1,1,9,9,0.9967,adaptive,0.2237,0.127,5,0.127,2,0,0,1
jcz0rw5z6o8c1.webp,1,2,8,8,1.0,adaptive,0.1644,0.0789,1,0.0789,0,0,0,0
jcz0rw5z6o8c1.webp,1,3,2,9,0.8611,adaptive,0.2003,0.1027,6,0.0579,3,0,0,1
jcz0rw5z6o8c1.webp,1,4,7,7,0.9996,adaptive,0.2081,0.1163,6,0.0851,2,0,0,0
jcz0rw5z6o8c1.webp,1,5,5,5,0.9996,adaptive,0.2081,0.1092,6,0.0873,2,0,0,1
jcz0rw5z6o8c1.webp,1,6,6,6,0.9605,adaptive,0.1501,0.0722,3,0.0722,1,1,0,0
jcz0rw5z6o8c1.webp,1,7,1,9,0.5859,adaptive,0.2372,0.0898,3,0.0804,0,1,0,0
jcz0rw5z6o8c1.webp,1,8,3,3,1.0,adaptive,0.1581,0.0649,2,0.0649,0,1,0,0
jcz0rw5z6o8c1.webp,1,9,4,4,0.9894,adaptive,0.2259,0.0916,3,0.0916,1,1,0,0
jcz0rw5z6o8c1.webp,2,1,7,7,0.9999,adaptive,0.135,0.0493,2,0.0493,1,0,0,0
jcz0rw5z6o8c1.webp,2,2,4,4,0.9964,adaptive,0.1974,0.1079,4,0.0923,1,0,0,1
jcz0rw5z6o8c1.webp,2,3,5,5,1.0,adaptive,0.1748,0.0638,1,0.0638,0,0,0,0
jcz0rw5z6o8c1.webp,2,8,9,9,0.9999,adaptive,0.191,0.1058,2,0.1058,0,1,0,0
jcz0rw5z6o8c1.webp,3,1,3,3,0.9996,adaptive,0.2098,0.0909,1,0.0909,0,0,0,0
jcz0rw5z6o8c1.webp,3,2,6,6,0.8757,adaptive,0.228,0.0929,3,0.0466,0,0,0,1
jcz0rw5z6o8c1.webp,3,3,1,1,0.9963,adaptive,0.1914,0.0359,3,0.0359,2,0,0,0
jcz0rw5z6o8c1.webp,3,4,9,9,1.0,adaptive,0.1951,0.0695,1,0.0695,0,0,0,0
jcz0rw5z6o8c1.webp,3,5,4,4,1.0,adaptive,0.1784,0.0635,1,0.0635,0,0,0,0
jcz0rw5z6o8c1.webp,3,6,2,2,1.0,adaptive,0.1791,0.0617,1,0.0617,0,0,0,0
jcz0rw5z6o8c1.webp,3,9,7,7,1.0,adaptive,0.164,0.0454,2,0.0454,0,1,0,0
jcz0rw5z6o8c1.webp,4,2,1,7,0.5316,adaptive,0.2481,0.1095,4,0.0638,0,0,0,1
jcz0rw5z6o8c1.webp,4,3,6,6,0.9898,adaptive,0.2254,0.0682,1,0.0682,0,0,0,0
jcz0rw5z6o8c1.webp,4,4,3,3,1.0,adaptive,0.2188,0.0628,1,0.0628,0,0,0,0
jcz0rw5z6o8c1.webp,4,7,7,7,1.0,adaptive,0.168,0.0557,2,0.049,0,0,0,0
jcz0rw5z6o8c1.webp,5,1,2,2,1.0,adaptive,0.1547,0.0592,1,0.0592,0,0,0,0
jcz0rw5z6o8c1.webp,5,2,3,3,0.9998,adaptive,0.2073,0.1017,2,0.1017,1,0,0,0
jcz0rw5z6o8c1.webp,5,3,7,7,0.9969,adaptive,0.251,0.104,4,0.0866,2,0,0,0
jcz0rw5z6o8c1.webp,5,6,4,4,1.0,adaptive,0.1793,0.0642,1,0.0642,0,0,0,0
jcz0rw5z6o8c1.webp,5,7,9,9,1.0,adaptive,0.1741,0.0728,3,0.0728,2,0,0,0
jcz0rw5z6o8c1.webp,6,2,9,9,1.0,adaptive,0.2019,0.0663,2,0.0663,0,1,0,0
jcz0rw5z6o8c1.webp,6,3,8,8,1.0,adaptive,0.2526,0.0726,2,0.0726,0,1,0,0
jcz0rw5z6o8c1.webp,6,4,2,2,1.0,adaptive,0.2417,0.0575,4,0.0575,2,1,0,0
jcz0rw5z6o8c1.webp,6,5,7,4,0.6977,adaptive,0.2607,0.1183,7,0.1,4,1,0,0
jcz0rw5z6o8c1.webp,6,7,3,3,1.0,adaptive,0.1951,0.0655,2,0.0655,1,0,0,0
jcz0rw5z6o8c1.webp,7,2,5,5,1.0,adaptive,0.1533,0.0608,2,0.0608,0,1,0,0
jcz0rw5z6o8c1.webp,7,3,3,3,1.0,adaptive,0.2023,0.0597,2,0.0597,0,1,0,0
jcz0rw5z6o8c1.webp,7,4,4,4,0.978,adaptive,0.2642,0.1094,8,0.0813,3,1,0,1
jcz0rw5z6o8c1.webp,7,5,2,2,1.0,adaptive,0.1565,0.0565,2,0.0565,0,1,0,0
jcz0rw5z6o8c1.webp,7,8,7,7,0.9987,adaptive,0.1809,0.0839,1,0.0839,0,0,0,0
jcz0rw5z6o8c1.webp,7,9,9,9,1.0,adaptive,0.1718,0.0673,1,0.0673,0,0,0,0
jcz0rw5z6o8c1.webp,8,2,2,2,1.0,adaptive,0.1635,0.0597,2,0.0597,0,1,0,0
jcz0rw5z6o8c1.webp,8,3,9,2,0.6922,adaptive,0.2542,0.0873,4,0.0873,1,1,0,1
jcz0rw5z6o8c1.webp,8,6,7,7,1.0,adaptive,0.1694,0.0473,5,0.0473,3,1,0,0
jcz0rw5z6o8c1.webp,8,7,4,4,1.0,adaptive,0.1787,0.0608,1,0.0608,0,0,0,0
jcz0rw5z6o8c1.webp,9,1,8,8,1.0,adaptive,0.1666,0.0809,2,0.0733,0,0,0,0
jcz0rw5z6o8c1.webp,9,2,7,7,0.7493,adaptive,0.23,0.0346,7,0.019,3,1,1,0
jcz0rw5z6o8c1.webp,9,3,4,4,0.8985,adaptive,0.2386,0.1381,6,0.053,3,0,0,1
jfebrnpxrbkc1.webp,1,4,1,1,0.999,adaptive,0.1452,0.0731,1,0.0731,0,0,0,0
jfebrnpxrbkc1.webp,1,8,6,6,1.0,adaptive,0.1965,0.123,2,0.123,0,1,0,0
jfebrnpxrbkc1.webp,1,9,4,4,0.9999,adaptive,0.1798,0.0871,2,0.0871,0,1,0,0
jfebrnpxrbkc1.webp,2,1,6,6,1.0,adaptive,0.2094,0.1255,2,0.1255,1,0,0,0
jfebrnpxrbkc1.webp,2,6,5,5,1.0,adaptive,0.1766,0.1239,1,0.1239,0,0,0,0
jfebrnpxrbkc1.webp,2,9,1,1,0.9396,adaptive,0.1135,0.0339,4,0.0242,0,1,0,1
jfebrnpxrbkc1.webp,3,1,1,1,0.8801,adaptive,0.1513,0.0695,2,0.0695,0,1,0,0
jfebrnpxrbkc1.webp,3,5,2,2,1.0,adaptive,0.1886,0.114,1,0.114,0,0,0,0
jfebrnpxrbkc1.webp,3,7,5,5,1.0,adaptive,0.1996,0.119,2,0.119,0,1,0,0
jfebrnpxrbkc1.webp,3,9,7,0,0.992,adaptive,0.1285,0.0,6,0.0069,4,1,0,0
jfebrnpxrbkc1.webp,4,1,2,2,0.9999,adaptive,0.2052,0.1047,2,0.1047,0,1,0,0
jfebrnpxrbkc1.webp,4,2,7,7,1.0,adaptive,0.1635,0.0778,2,0.0778,0,1,0,0
jfebrnpxrbkc1.webp,4,3,6,6,0.999,adaptive,0.1297,0.0468,2,0.0281,0,0,0,0
jfebrnpxrbkc1.webp,4,4,5,5,1.0,adaptive,0.1951,0.1092,1,0.1092,0,0,0,0
jfebrnpxrbkc1.webp,4,5,4,4,0.9804,adaptive,0.102,0.0434,2,0.0206,0,0,0,1
jfebrnpxrbkc1.webp,4,6,1,1,0.944,adaptive,0.1145,0.0472,1,0.0472,0,0,0,0
jfebrnpxrbkc1.webp,4,7,8,8,1.0,adaptive,0.1985,0.1265,3,0.1265,1,1,0,0
jfebrnpxrbkc1.webp,4,8,9,9,1.0,adaptive,0.1884,0.1232,2,0.1232,0,1,0,0
jfebrnpxrbkc1.webp,4,9,3,0,0.992,adaptive,0.1241,0.0,7,0.0098,4,1,0,0
jfebrnpxrbkc1.webp,5,1,4,4,0.9817,adaptive,0.1142,0.0328,4,0.0192,1,1,0,0
jfebrnpxrbkc1.webp,5,5,3,3,1.0,adaptive,0.1674,0.1054,1,0.1054,0,0,0,0
jfebrnpxrbkc1.webp,6,1,5,5,0.9993,adaptive,0.1495,0.0474,4,0.0254,1,1,0,0
jfebrnpxrbkc1.webp,6,2,8,8,1.0,adaptive,0.2139,0.1194,1,0.1194,0,0,0,0
jfebrnpxrbkc1.webp,6,3,3,3,1.0,adaptive,0.1916,0.0996,1,0.0996,0,0,0,0
jfebrnpxrbkc1.webp,6,6,7,7,1.0,adaptive,0.1401,0.0811,1,0.0811,0,0,0,0
jfebrnpxrbkc1.webp,6,7,1,1,0.9966,adaptive,0.1176,0.0441,2,0.0227,0,0,0,1
jfebrnpxrbkc1.webp,6,8,4,4,0.9999,adaptive,0.1707,0.1049,1,0.1049,0,0,0,0
jfebrnpxrbkc1.webp,6,9,2,2,1.0,adaptive,0.2036,0.0956,1,0.0956,0,0,0,0
jfebrnpxrbkc1.webp,7,3,4,4,1.0,adaptive,0.1833,0.0994,1,0.0994,0,0,0,0
jfebrnpxrbkc1.webp,7,5,1,1,0.9839,adaptive,0.1389,0.0699,1,0.0699,0,0,0,0
jfebrnpxrbkc1.webp,7,9,8,8,1.0,adaptive,0.2185,0.1116,1,0.1116,0,0,0,0
jfebrnpxrbkc1.webp,8,4,7,7,1.0,adaptive,0.1395,0.0807,1,0.0807,0,0,0,0
jfebrnpxrbkc1.webp,8,9,9,9,1.0,adaptive,0.1995,0.1144,1,0.1144,0,0,0,0
jfebrnpxrbkc1.webp,9,1,7,7,1.0,adaptive,0.1528,0.0777,1,0.0777,0,0,0,0
jfebrnpxrbkc1.webp,9,2,2,2,1.0,adaptive,0.1714,0.1106,1,0.1106,0,0,0,0
jfebrnpxrbkc1.webp,9,6,3,3,1.0,adaptive,0.1655,0.1058,1,0.1058,0,0,0,0
jvef42pfm9bc1.webp,1,1,1,1,0.9999,adaptive,0.1853,0.0581,1,0.0581,0,0,0,0
jvef42pfm9bc1.webp,1,2,3,3,1.0,adaptive,0.1755,0.0807,1,0.0807,0,0,0,0
jvef42pfm9bc1.webp,1,3,4,4,1.0,adaptive,0.1822,0.0744,1,0.0744,0,0,0,0
jvef42pfm9bc1.webp,1,4,0,0,0.992,adaptive,0.0871,0.0,0,0.0,0,0,0,0
jvef42pfm9bc1.webp,1,5,0,0,0.992,adaptive,0.1108,0.0,0,0.0,0,0,0,0
jvef42pfm9bc1.webp,1,6,0,0,0.992,adaptive,0.1114,0.0,0,0.0,0,0,0,0
jvef42pfm9bc1.webp,1,7,0,0,0.992,adaptive,0.1221,0.0,0,0.0,0,0,0,0
jvef42pfm9bc1.webp,1,8,0,0,0.992,adaptive,0.0988,0.0,0,0.0,0,0,0,0
jvef42pfm9bc1.webp,1,9,0,0,0.992,adaptive,0.1138,0.0,0,0.0,0,0,0,0
jvef42pfm9bc1.webp,2,1,8,8,1.0,adaptive,0.1879,0.0925,1,0.0925,0,0,0,0
jvef42pfm9bc1.webp,2,2,0,0,0.992,adaptive,0.0608,0.0,0,0.0,0,0,0,0
jvef42pfm9bc1.webp,2,3,0,0,0.992,adaptive,0.095,0.0,0,0.0,0,0,0,0
jvef42pfm9bc1.webp,2,4,0,0,0.992,adaptive,0.0902,0.0,0,0.0,0,0,0,0
jvef42pfm9bc1.webp,2,5,3,3,1.0,adaptive,0.1412,0.0822,1,0.0822,0,0,0,0
jvef42pfm9bc1.webp,2,6,0,0,0.992,adaptive,0.0862,0.0,0,0.0,0,0,0,0
jvef42pfm9bc1.webp,2,7,6,6,1.0,adaptive,0.173,0.0893,1,0.0893,0,0,0,0
jvef42pfm9bc1.webp,2,8,5,5,1.0,adaptive,0.1586,0.0863,1,0.0863,0,0,0,0
jvef42pfm9bc1.webp,2,9,0,0,0.992,adaptive,0.0855,0.0,0,0.0,0,0,0,0
jvef42pfm9bc1.webp,3,1,0,0,0.992,adaptive,0.1129,0.0,0,0.0,0,0,0,0
jvef42pfm9bc1.webp,3,2,9,9,1.0,adaptive,0.1603,0.0886,1,0.0886,0,0,0,0
jvef42pfm9bc1.webp,3,3,0,0,0.992,adaptive,0.1045,0.0,0,0.0,0,0,0,0
jvef42pfm9bc1.webp,3,4,0,0,0.992,adaptive,0.0953,0.0,0,0.0,0,0,0,0
jvef42pfm9bc1.webp,3,5,2,2,1.0,adaptive,0.1536,0.0803,1,0.0803,0,0,0,0
jvef42pfm9bc1.webp,3,6,0,0,0.992,adaptive,0.1109,0.0,0,0.0,0,0,0,0
jvef42pfm9bc1.webp,3,7,0,0,0.992,adaptive,0.1147,0.0,0,0.0,0,0,0,0
jvef42pfm9bc1.webp,3,8,0,0,0.992,adaptive,0.0984,0.0,0,0.0,0,0,0,0
jvef42pfm9bc1.webp,3,9,0,0,0.992,adaptive,0.1098,0.0,0,0.0,0,0,0,0
jvef42pfm9bc1.webp,4,1,0,0,0.992,adaptive,0.1241,0.0,0,0.0,0,0,0,0
jvef42pfm9bc1.webp,4,2,0,0,0.992,adaptive,0.092,0.0,0,0.0,0,0,0,0
jvef42pfm9bc1.webp,4,3,0,0,0.992,adaptive,0.1107,0.0,0,0.0,0,0,0,0
jvef42pfm9bc1.webp,4,4,0,0,0.992,adaptive,0.1098,0.0,0,0.0,0,0,0,0
jvef42pfm9bc1.webp,4,5,5,5,1.0,adaptive,0.1732,0.0859,1,0.0859,0,0,0,0
jvef42pfm9bc1.webp,4,6,0,0,0.992,adaptive,0.11,0.0,0,0.0,0,0,0,0
jvef42pfm9bc1.webp,4,7,0,0,0.992,adaptive,0.1203,0.0,0,0.0,0,0,0,0
jvef42pfm9bc1.webp,4,8,0,0,0.992,adaptive,0.0957,0.0,0,0.0,0,0,0,0
jvef42pfm9bc1.webp,4,9,4,4,1.0,adaptive,0.1722,0.0742,1,0.0742,0,0,0,0
jvef42pfm9bc1.webp,5,1,0,0,0.992,adaptive,0.1239,0.0,0,0.0,0,0,0,0
jvef42pfm9bc1.webp,5,2,0,0,0.992,adaptive,0.084,0.0,0,0.0,0,0,0,0
jvef42pfm9bc1.webp,5,3,1,1,1.0,adaptive,0.1545,0.0599,1,0.0599,0,0,0,0
jvef42pfm9bc1.webp,5,4,7,7,1.0,adaptive,0.1441,0.0629,1,0.0629,0,0,0,0
jvef42pfm9bc1.webp,5,5,0,0,0.992,adaptive,0.101,0.0,0,0.0,0,0,0,0
jvef42pfm9bc1.webp,5,6,0,0,0.992,adaptive,0.0991,0.0,0,0.0,0,0,0,0
jvef42pfm9bc1.webp,5,7,0,0,0.992,adaptive,0.1074,0.0,0,0.0,0,0,0,0
jvef42pfm9bc1.webp,5,8,2,2,1.0,adaptive,0.1534,0.0822,1,0.0822,0,0,0,0
jvef42pfm9bc1.webp,5,9,0,0,0.992,adaptive,0.1049,0.0,0,0.0,0,0,0,0
jvef42pfm9bc1.webp,6,1,6,6,0.9999,adaptive,0.2114,0.0875,1,0.0875,0,0,0,0
jvef42pfm9bc1.webp,6,2,0,0,0.992,adaptive,0.0929,0.0,0,0.0,0,0,0,0
jvef42pfm9bc1.webp,6,3,0,0,0.992,adaptive,0.1112,0.0,0,0.0,0,0,0,0
jvef42pfm9bc1.webp,6,4,0,0,0.992,adaptive,0.1116,0.0,0,0.0,0,0,0,0
jvef42pfm9bc1.webp,6,5,0,0,0.992,adaptive,0.1106,0.0,0,0.0,0,0,0,0
jvef42pfm9bc1.webp,6,6,0,0,0.992,adaptive,0.1109,0.0,0,0.0,0,0,0,0
jvef42pfm9bc1.webp,6,7,0,0,0.992,adaptive,0.1127,0.0,0,0.0,0,0,0,0
jvef42pfm9bc1.webp,6,8,0,0,0.992,adaptive,0.0986,0.0,0,0.0,0,0,0,0
jvef42pfm9bc1.webp,6,9,1,1,1.0,adaptive,0.1648,0.0597,1,0.0597,0,0,0,0
jvef42pfm9bc1.webp,7,1,0,0,0.992,adaptive,0.1178,0.0,0,0.0,0,0,0,0
jvef42pfm9bc1.webp,7,2,0,0,0.992,adaptive,0.0898,0.0,0,0.0,0,0,0,0
jvef42pfm9bc1.webp,7,3,0,0,0.992,adaptive,0.1192,0.0,0,0.0,0,0,0,0
jvef42pfm9bc1.webp,7,4,0,0,0.992,adaptive,0.1212,0.0,0,0.0,0,0,0,0
jvef42pfm9bc1.webp,7,5,0,0,0.992,adaptive,0.0954,0.0,0,0.0,0,0,0,0
jvef42pfm9bc1.webp,7,6,0,0,0.992,adaptive,0.1114,0.0,0,0.0,0,0,0,0
jvef42pfm9bc1.webp,7,7,0,0,0.992,adaptive,0.108,0.0,0,0.0,0,0,0,0
jvef42pfm9bc1.webp,7,8,0,0,0.992,adaptive,0.0986,0.0,0,0.0,0,0,0,0
jvef42pfm9bc1.webp,7,9,0,0,0.992,adaptive,0.1094,0.0,0,0.0,0,0,0,0
jvef42pfm9bc1.webp,8,1,0,0,0.992,adaptive,0.0995,0.0,0,0.0,0,0,0,0
jvef42pfm9bc1.webp,8,2,0,0,0.992,adaptive,0.0865,0.0,0,0.0,0,0,0,0
jvef42pfm9bc1.webp,8,3,5,5,1.0,adaptive,0.1716,0.0841,1,0.0841,0,0,0,0
jvef42pfm9bc1.webp,8,4,2,2,1.0,adaptive,0.18,0.081,1,0.081,0,0,0,0
jvef42pfm9bc1.webp,8,5,0,0,0.992,adaptive,0.0865,0.0,0,0.0,0,0,0,0
jvef42pfm9bc1.webp,8,6,8,8,1.0,adaptive,0.1793,0.0941,1,0.0941,0,0,0,0
jvef42pfm9bc1.webp,8,7,3,3,1.0,adaptive,0.1547,0.0823,1,0.0823,0,0,0,0
jvef42pfm9bc1.webp,8,8,0,0,0.992,adaptive,0.0861,0.0,0,0.0,0,0,0,0
jvef42pfm9bc1.webp,8,9,0,0,0.992,adaptive,0.0972,0.0,0,0.0,0,0,0,0
jvef42pfm9bc1.webp,9,1,0,0,0.992,adaptive,0.1377,0.0,0,0.0,0,0,0,0
jvef42pfm9bc1.webp,9,2,0,0,0.992,adaptive,0.0975,0.0,0,0.0,0,0,0,0
jvef42pfm9bc1.webp,9,3,2,2,1.0,adaptive,0.1873,0.0818,1,0.0818,0,0,0,0
jvef42pfm9bc1.webp,9,4,0,0,0.992,adaptive,0.1245,0.0,0,0.0,0,0,0,0
jvef42pfm9bc1.webp,9,5,9,9,1.0,adaptive,0.2019,0.0898,1,0.0898,0,0,0,0
jvef42pfm9bc1.webp,9,6,0,0,0.992,adaptive,0.1121,0.0,0,0.0,0,0,0,0
jvef42pfm9bc1.webp,9,7,0,0,0.992,adaptive,0.1241,0.0,0,0.0,0,0,0,0
jvef42pfm9bc1.webp,9,8,7,7,1.0,adaptive,0.164,0.0642,1,0.0642,0,0,0,0
jvef42pfm9bc1.webp,9,9,0,0,0.992,adaptive,0.1272,0.0,0,0.0,0,0,0,0
jyxi42gtqntc1.webp,1,3,5,5,1.0,adaptive,0.1842,0.0849,1,0.0849,0,0,0,0
jyxi42gtqntc1.webp,1,5,1,1,0.9956,adaptive,0.1343,0.0484,1,0.0484,0,0,0,0
jyxi42gtqntc1.webp,1,8,7,7,1.0,adaptive,0.145,0.0588,1,0.0588,0,0,0,0
jyxi42gtqntc1.webp,2,2,4,4,1.0,adaptive,0.1382,0.0815,1,0.0815,0,0,0,0
jyxi42gtqntc1.webp,2,3,1,1,0.9972,adaptive,0.1196,0.0495,1,0.0495,0,0,0,0
jyxi42gtqntc1.webp,2,6,9,9,1.0,adaptive,0.1556,0.0859,1,0.0859,0,0,0,0
jyxi42gtqntc1.webp,3,2,7,7,1.0,adaptive,0.1266,0.0572,1,0.0572,0,0,0,0
jyxi42gtqntc1.webp,3,6,2,2,1.0,adaptive,0.1586,0.0755,1,0.0755,0,0,0,0
jyxi42gtqntc1.webp,3,7,1,1,0.996,adaptive,0.1319,0.0486,1,0.0486,0,0,0,0
jyxi42gtqntc1.webp,3,9,6,6,0.9947,adaptive,0.1807,0.0815,1,0.0815,0,0,0,0
jyxi42gtqntc1.webp,4,5,9,9,1.0,adaptive,0.1517,0.0825,1,0.0825,0,0,0,0
jyxi42gtqntc1.webp,4,9,5,5,1.0,adaptive,0.1804,0.0809,1,0.0809,0,0,0,0
jyxi42gtqntc1.webp,5,4,6,6,0.9969,adaptive,0.1524,0.0834,1,0.0834,0,0,0,0
jyxi42gtqntc1.webp,5,5,2,2,1.0,adaptive,0.1341,0.0781,1,0.0781,0,0,0,0
jyxi42gtqntc1.webp,5,7,8,8,1.0,adaptive,0.163,0.095,1,0.095,0,0,0,0
jyxi42gtqntc1.webp,5,8,3,3,1.0,adaptive,0.1233,0.0813,1,0.0813,0,0,0,0
jyxi42gtqntc1.webp,6,1,3,3,1.0,adaptive,0.1784,0.0789,1,0.0789,0,0,0,0
jyxi42gtqntc1.webp,6,2,2,2,1.0,adaptive,0.1336,0.0771,1,0.0771,0,0,0,0
jyxi42gtqntc1.webp,6,6,8,8,1.0,adaptive,0.1749,0.0938,1,0.0938,0,0,0,0
jyxi42gtqntc1.webp,6,8,9,9,1.0,adaptive,0.1536,0.0841,1,0.0841,0,0,0,0
jyxi42gtqntc1.webp,7,3,2,2,1.0,adaptive,0.1602,0.0764,1,0.0764,0,0,0,0
jyxi42gtqntc1.webp,7,8,1,1,0.9972,adaptive,0.1221,0.0516,1,0.0516,0,0,0,0
jyxi42gtqntc1.webp,8,3,8,8,1.0,adaptive,0.1655,0.0959,1,0.0959,0,0,0,0
jyxi42gtqntc1.webp,8,4,9,9,1.0,adaptive,0.1526,0.0834,1,0.0834,0,0,0,0
jyxi42gtqntc1.webp,8,6,1,1,0.9961,adaptive,0.1196,0.0507,1,0.0507,0,0,0,0
jyxi42gtqntc1.webp,8,7,7,7,1.0,adaptive,0.1294,0.0597,1,0.0597,0,0,0,0
jyxi42gtqntc1.webp,8,8,6,6,0.9981,adaptive,0.1437,0.0865,1,0.0865,0,0,0,0
jyxi42gtqntc1.webp,8,9,2,2,1.0,adaptive,0.1502,0.0771,1,0.0771,0,0,0,0
jyxi42gtqntc1.webp,9,2,1,1,0.9954,adaptive,0.1314,0.0455,1,0.0455,0,0,0,0
jyxi42gtqntc1.webp,9,4,2,2,1.0,adaptive,0.1784,0.0784,1,0.0784,0,0,0,0
jyxi42gtqntc1.webp,9,7,5,5,1.0,adaptive,0.1811,0.0818,1,0.0818,0,0,0,0
jyxi42gtqntc1.webp,9,8,8,8,1.0,adaptive,0.1818,0.0957,1,0.0957,0,0,0,0
jyxi42gtqntc1.webp,9,9,4,4,1.0,adaptive,0.1918,0.0784,1,0.0784,0,0,0,0
jzkzor7ycbnc1.webp,1,1,1,1,0.9993,adaptive,0.1216,0.0452,1,0.0452,0,0,0,0
jzkzor7ycbnc1.webp,1,2,5,5,1.0,adaptive,0.13,0.078,1,0.078,0,0,0,0
jzkzor7ycbnc1.webp,1,3,2,2,1.0,adaptive,0.1517,0.0746,1,0.0746,0,0,0,0
jzkzor7ycbnc1.webp,1,7,7,7,1.0,adaptive,0.1301,0.0581,1,0.0581,0,0,0,0
jzkzor7ycbnc1.webp,2,1,9,9,1.0,adaptive,0.1461,0.0918,1,0.0918,0,0,0,0
jzkzor7ycbnc1.webp,2,2,8,8,1.0,adaptive,0.1166,0.101,1,0.101,0,0,0,0
jzkzor7ycbnc1.webp,2,3,3,3,1.0,adaptive,0.1228,0.0762,1,0.0762,0,0,0,0
jzkzor7ycbnc1.webp,2,4,1,1,0.9996,adaptive,0.1081,0.0536,1,0.0536,0,0,0,0
jzkzor7ycbnc1.webp,2,5,2,2,1.0,adaptive,0.0976,0.0778,1,0.0778,0,0,0,0
jzkzor7ycbnc1.webp,2,6,7,7,1.0,adaptive,0.1214,0.0638,1,0.0638,0,0,0,0
jzkzor7ycbnc1.webp,2,7,4,4,1.0,adaptive,0.1196,0.0787,1,0.0787,0,0,0,0
jzkzor7ycbnc1.webp,2,8,5,5,1.0,adaptive,0.1093,0.0794,1,0.0794,0,0,0,0
jzkzor7ycbnc1.webp,2,9,6,6,0.9908,adaptive,0.1377,0.0923,1,0.0923,0,0,0,0
jzkzor7ycbnc1.webp,3,1,4,4,1.0,adaptive,0.1769,0.0789,1,0.0789,0,0,0,0
jzkzor7ycbnc1.webp,3,5,3,3,1.0,adaptive,0.1169,0.076,1,0.076,0,0,0,0
jzkzor7ycbnc1.webp,3,7,9,9,1.0,adaptive,0.1466,0.0904,1,0.0904,0,0,0,0
jzkzor7ycbnc1.webp,3,8,2,2,1.0,adaptive,0.1226,0.0744,1,0.0744,0,0,0,0
jzkzor7ycbnc1.webp,3,9,1,1,0.9996,adaptive,0.1312,0.053,1,0.053,0,0,0,0
jzkzor7ycbnc1.webp,4,4,6,6,0.995,adaptive,0.1693,0.0913,1,0.0913,0,0,0,0
jzkzor7ycbnc1.webp,4,9,9,9,1.0,adaptive,0.166,0.0931,1,0.0931,0,0,0,0
jzkzor7ycbnc1.webp,5,2,1,1,0.9982,adaptive,0.0714,0.0512,1,0.0512,0,0,0,0
jzkzor7ycbnc1.webp,5,3,9,9,1.0,adaptive,0.1312,0.0918,1,0.0918,0,0,0,0
jzkzor7ycbnc1.webp,5,6,3,3,1.0,adaptive,0.123,0.078,1,0.078,0,0,0,0
jzkzor7ycbnc1.webp,5,7,2,2,1.0,adaptive,0.1083,0.0782,1,0.0782,0,0,0,0
jzkzor7ycbnc1.webp,5,8,6,6,0.9997,adaptive,0.1111,0.0925,1,0.0925,0,0,0,0
jzkzor7ycbnc1.webp,5,9,4,4,1.0,adaptive,0.126,0.0812,1,0.0812,0,0,0,0
jzkzor7ycbnc1.webp,6,1,6,6,0.9989,adaptive,0.1771,0.0902,1,0.0902,0,0,0,0
jzkzor7ycbnc1.webp,6,2,4,4,1.0,adaptive,0.1312,0.0798,1,0.0798,0,0,0,0
jzkzor7ycbnc1.webp,6,3,8,8,1.0,adaptive,0.172,0.1011,1,0.1011,0,0,0,0
jzkzor7ycbnc1.webp,6,4,2,2,1.0,adaptive,0.1472,0.0762,1,0.0762,0,0,0,0
jzkzor7ycbnc1.webp,6,5,9,9,1.0,adaptive,0.1314,0.0914,1,0.0914,0,0,0,0
jzkzor7ycbnc1.webp,6,6,1,1,0.9993,adaptive,0.1245,0.051,1,0.051,0,0,0,0
jzkzor7ycbnc1.webp,6,7,3,3,1.0,adaptive,0.1332,0.0766,1,0.0766,0,0,0,0
jzkzor7ycbnc1.webp,6,8,7,7,1.0,adaptive,0.1081,0.0604,1,0.0604,0,0,0,0
jzkzor7ycbnc1.webp,6,9,5,5,1.0,adaptive,0.153,0.0762,1,0.0762,0,0,0,0
jzkzor7ycbnc1.webp,7,8,4,4,1.0,adaptive,0.1339,0.0816,1,0.0816,0,0,0,0
jzkzor7ycbnc1.webp,8,1,8,8,1.0,adaptive,0.154,0.1018,1,0.1018,0,0,0,0
jzkzor7ycbnc1.webp,8,2,9,9,1.0,adaptive,0.0966,0.0948,1,0.0948,0,0,0,0
jzkzor7ycbnc1.webp,8,7,5,5,1.0,adaptive,0.1214,0.0798,1,0.0798,0,0,0,0
jzkzor7ycbnc1.webp,8,9,2,2,1.0,adaptive,0.1278,0.0755,1,0.0755,0,0,0,0
jzkzor7ycbnc1.webp,9,5,1,1,0.9996,adaptive,0.1104,0.0473,1,0.0473,0,0,0,0
jzkzor7ycbnc1.webp,9,6,2,2,1.0,adaptive,0.174,0.0753,1,0.0753,0,0,0,0
jzkzor7ycbnc1.webp,9,8,9,9,1.0,adaptive,0.1567,0.0948,1,0.0948,0,0,0,0
jzkzor7ycbnc1.webp,9,9,7,7,1.0,adaptive,0.1459,0.059,1,0.059,0,0,0,0
k1b42ckxyibc1.webp,1,1,9,9,1.0,adaptive,0.1807,0.1078,1,0.1078,0,0,0,0
k1b42ckxyibc1.webp,1,2,1,1,0.9598,adaptive,0.1228,0.0629,1,0.0629,0,0,0,0
k1b42ckxyibc1.webp,1,3,5,5,1.0,adaptive,0.1824,0.1109,1,0.1109,0,0,0,0
k1b42ckxyibc1.webp,1,4,7,7,1.0,adaptive,0.1593,0.0771,1,0.0771,0,0,0,0
k1b42ckxyibc1.webp,2,2,6,6,0.9965,adaptive,0.1563,0.1136,1,0.1136,0,0,0,0
k1b42ckxyibc1.webp,2,4,3,3,1.0,adaptive,0.152,0.1085,1,0.1085,0,0,0,0
k1b42ckxyibc1.webp,2,5,5,5,1.0,adaptive,0.1577,0.1148,1,0.1148,0,0,0,0
k1b42ckxyibc1.webp,2,6,1,1,0.9775,adaptive,0.1067,0.0631,1,0.0631,0,0,0,0
k1b42ckxyibc1.webp,2,7,9,9,1.0,adaptive,0.1242,0.1092,1,0.1092,0,0,0,0
k1b42ckxyibc1.webp,2,8,7,7,1.0,adaptive,0.1196,0.0758,1,0.0758,0,0,0,0
k1b42ckxyibc1.webp,2,9,4,4,1.0,adaptive,0.1621,0.1043,1,0.1043,0,0,0,0
k1b42ckxyibc1.webp,3,1,7,7,1.0,adaptive,0.1602,0.0753,1,0.0753,0,0,0,0
k1b42ckxyibc1.webp,3,2,4,4,1.0,adaptive,0.1796,0.1083,1,0.1083,0,0,0,0
k1b42ckxyibc1.webp,3,3,3,3,1.0,adaptive,0.1965,0.106,1,0.106,0,0,0,0
k1b42ckxyibc1.webp,3,4,6,6,0.9985,adaptive,0.1851,0.1116,1,0.1116,0,0,0,0
k1b42ckxyibc1.webp,3,5,2,2,1.0,adaptive,0.1725,0.1022,1,0.1022,0,0,0,0
k1b42ckxyibc1.webp,3,6,9,9,1.0,adaptive,0.1671,0.1094,1,0.1094,0,0,0,0
k1b42ckxyibc1.webp,3,7,8,8,1.0,adaptive,0.2058,0.1254,1,0.1254,0,0,0,0
k1b42ckxyibc1.webp,3,8,5,5,1.0,adaptive,0.1825,0.1122,1,0.1122,0,0,0,0
k1b42ckxyibc1.webp,3,9,1,1,0.9865,adaptive,0.1521,0.0675,1,0.0675,0,0,0,0
k1b42ckxyibc1.webp,4,1,6,6,0.9894,adaptive,0.1974,0.1118,1,0.1118,0,0,0,0
k1b42ckxyibc1.webp,4,8,8,8,1.0,adaptive,0.1995,0.1289,1,0.1289,0,0,0,0
k1b42ckxyibc1.webp,4,9,9,9,1.0,adaptive,0.1829,0.11,1,0.11,0,0,0,0
k1b42ckxyibc1.webp,5,2,8,8,1.0,adaptive,0.1899,0.1325,1,0.1325,0,0,0,0
k1b42ckxyibc1.webp,6,4,8,8,1.0,adaptive,0.2098,0.1272,1,0.1272,0,0,0,0
k1b42ckxyibc1.webp,6,5,1,1,0.9841,adaptive,0.1391,0.0697,1,0.0697,0,0,0,0
k1b42ckxyibc1.webp,6,9,6,6,0.9983,adaptive,0.1976,0.1121,1,0.1121,0,0,0,0
k1b42ckxyibc1.webp,7,1,5,5,1.0,adaptive,0.1974,0.1123,1,0.1123,0,0,0,0
k1b42ckxyibc1.webp,7,2,3,3,1.0,adaptive,0.1791,0.1079,1,0.1079,0,0,0,0
k1b42ckxyibc1.webp,7,4,4,4,1.0,adaptive,0.1847,0.1027,1,0.1027,0,0,0,0
k1b42ckxyibc1.webp,7,8,9,9,1.0,adaptive,0.1533,0.1104,1,0.1104,0,0,0,0
k1b42ckxyibc1.webp,7,9,7,7,1.0,adaptive,0.1604,0.0753,1,0.0753,0,0,0,0
k1b42ckxyibc1.webp,8,3,6,6,0.9973,adaptive,0.1712,0.1133,1,0.1133,0,0,0,0
k1b42ckxyibc1.webp,8,4,1,1,0.9841,adaptive,0.1176,0.0624,1,0.0624,0,0,0,0
k1b42ckxyibc1.webp,8,9,8,8,1.0,adaptive,0.1861,0.128,1,0.128,0,0,0,0
k1b42ckxyibc1.webp,9,2,7,7,1.0,adaptive,0.1339,0.0764,1,0.0764,0,0,0,0
k1b42ckxyibc1.webp,9,6,2,2,1.0,adaptive,0.1711,0.1011,1,0.1011,0,0,0,0
k8kza6qspfvc1.webp,1,4,8,8,1.0,adaptive,0.1827,0.0838,1,0.0838,0,0,0,0
k8kza6qspfvc1.webp,1,5,7,7,1.0,adaptive,0.1126,0.0529,1,0.0529,0,0,0,0
k8kza6qspfvc1.webp,1,6,1,1,0.9973,adaptive,0.1388,0.0399,1,0.0399,0,0,0,0
k8kza6qspfvc1.webp,1,9,5,5,1.0,adaptive,0.192,0.0786,1,0.0786,0,0,0,0
k8kza6qspfvc1.webp,2,3,1,1,0.9985,adaptive,0.0764,0.0398,1,0.0398,0,0,0,0
k8kza6qspfvc1.webp,2,5,4,4,1.0,adaptive,0.0799,0.0689,1,0.0689,0,0,0,0
k8kza6qspfvc1.webp,2,7,7,7,1.0,adaptive,0.1158,0.0495,1,0.0495,0,0,0,0
k8kza6qspfvc1.webp,2,8,2,2,1.0,adaptive,0.0684,0.0684,1,0.0684,0,0,0,0
k8kza6qspfvc1.webp,2,9,6,6,0.9999,adaptive,0.1653,0.0823,1,0.0823,0,0,0,0
k8kza6qspfvc1.webp,3,1,4,4,1.0,adaptive,0.1675,0.0688,1,0.0688,0,0,0,0
k8kza6qspfvc1.webp,3,2,7,7,1.0,adaptive,0.1201,0.0504,1,0.0504,0,0,0,0
k8kza6qspfvc1.webp,3,3,3,3,1.0,adaptive,0.1555,0.0722,1,0.0722,0,0,0,0
k8kza6qspfvc1.webp,3,6,6,6,0.9999,adaptive,0.1664,0.0833,1,0.0833,0,0,0,0
k8kza6qspfvc1.webp,3,7,8,8,1.0,adaptive,0.1475,0.0849,1,0.0849,0,0,0,0
k8kza6qspfvc1.webp,3,8,9,9,1.0,adaptive,0.147,0.0828,1,0.0828,0,0,0,0
k8kza6qspfvc1.webp,3,9,1,1,0.9973,adaptive,0.127,0.0394,1,0.0394,0,0,0,0
k8kza6qspfvc1.webp,4,4,1,1,0.9981,adaptive,0.1239,0.0392,1,0.0392,0,0,0,0
k8kza6qspfvc1.webp,4,8,7,7,1.0,adaptive,0.1038,0.0511,1,0.0511,0,0,0,0
k8kza6qspfvc1.webp,5,1,7,7,1.0,adaptive,0.1113,0.0516,1,0.0516,0,0,0,0
k8kza6qspfvc1.webp,5,3,4,4,1.0,adaptive,0.114,0.0694,1,0.0694,0,0,0,0
k8kza6qspfvc1.webp,5,6,8,8,1.0,adaptive,0.1307,0.0859,1,0.0859,0,0,0,0
k8kza6qspfvc1.webp,5,8,6,6,1.0,adaptive,0.0976,0.0843,1,0.0843,0,0,0,0
k8kza6qspfvc1.webp,6,1,2,2,1.0,adaptive,0.1559,0.0691,1,0.0691,0,0,0,0
k8kza6qspfvc1.webp,6,3,9,9,1.0,adaptive,0.1784,0.0835,1,0.0835,0,0,0,0
k8kza6qspfvc1.webp,6,4,7,7,1.0,adaptive,0.1461,0.0495,1,0.0495,0,0,0,0
k8kza6qspfvc1.webp,6,5,6,6,0.9999,adaptive,0.1409,0.0821,1,0.0821,0,0,0,0
k8kza6qspfvc1.webp,6,6,4,4,1.0,adaptive,0.1631,0.0666,1,0.0666,0,0,0,0
k8kza6qspfvc1.webp,6,9,8,8,1.0,adaptive,0.1956,0.0831,1,0.0831,0,0,0,0
k8kza6qspfvc1.webp,7,3,7,7,1.0,adaptive,0.1314,0.0497,1,0.0497,0,0,0,0
k8kza6qspfvc1.webp,7,5,8,8,1.0,adaptive,0.1271,0.0837,1,0.0837,0,0,0,0
k8kza6qspfvc1.webp,7,8,5,5,1.0,adaptive,0.1117,0.0782,1,0.0782,0,0,0,0
k8kza6qspfvc1.webp,8,5,1,1,0.9982,adaptive,0.0751,0.045,1,0.045,0,0,0,0
k8kza6qspfvc1.webp,8,8,8,8,1.0,adaptive,0.1125,0.0856,1,0.0856,0,0,0,0
k8kza6qspfvc1.webp,8,9,7,7,1.0,adaptive,0.1373,0.0513,1,0.0513,0,0,0,0
k8kza6qspfvc1.webp,9,2,6,6,0.9999,adaptive,0.1714,0.0855,1,0.0855,0,0,0,0
k8kza6qspfvc1.webp,9,3,8,8,1.0,adaptive,0.1827,0.0842,1,0.0842,0,0,0,0
k8kza6qspfvc1.webp,9,6,7,7,1.0,adaptive,0.1499,0.0508,1,0.0508,0,0,0,0
k8kza6qspfvc1.webp,9,7,9,9,1.0,adaptive,0.1827,0.084,1,0.084,0,0,0,0
k8kza6qspfvc1.webp,9,9,3,3,1.0,adaptive,0.1865,0.0733,1,0.0733,0,0,0,0
kd5fm99ltmqc1.jpeg,1,1,0,0,0.992,adaptive,0.1261,0.0,0,0.0,0,0,0,0
kd5fm99ltmqc1.jpeg,1,2,0,0,0.992,adaptive,0.097,0.0,0,0.0,0,0,0,0
kd5fm99ltmqc1.jpeg,1,3,0,0,0.992,adaptive,0.1134,0.0,0,0.0,0,0,0,0
kd5fm99ltmqc1.jpeg,1,4,0,0,0.992,adaptive,0.1252,0.0,0,0.0,0,0,0,0
kd5fm99ltmqc1.jpeg,1,5,0,0,0.992,adaptive,0.0862,0.0,0,0.0,0,0,0,0
kd5fm99ltmqc1.jpeg,1,6,2,2,1.0,adaptive,0.2094,0.0842,1,0.0842,0,0,0,0
kd5fm99ltmqc1.jpeg,1,7,0,0,0.992,adaptive,0.1259,0.0,0,0.0,0,0,0,0
kd5fm99ltmqc1.jpeg,1,8,3,3,1.0,adaptive,0.1859,0.0862,1,0.0862,0,0,0,0
kd5fm99ltmqc1.jpeg,1,9,0,0,0.992,adaptive,0.1232,0.0,0,0.0,0,0,0,0
kd5fm99ltmqc1.jpeg,2,1,3,3,1.0,adaptive,0.1963,0.0825,1,0.0825,0,0,0,0
kd5fm99ltmqc1.jpeg,2,2,0,0,0.992,adaptive,0.0829,0.0,0,0.0,0,0,0,0
kd5fm99ltmqc1.jpeg,2,3,6,6,0.9999,adaptive,0.1947,0.0945,1,0.0945,0,0,0,0
kd5fm99ltmqc1.jpeg,2,4,0,0,0.992,adaptive,0.1147,0.0,0,0.0,0,0,0,0
kd5fm99ltmqc1.jpeg,2,5,0,0,0.992,adaptive,0.0735,0.0,0,0.0,0,0,0,0
kd5fm99ltmqc1.jpeg,2,6,0,0,0.992,adaptive,0.1144,0.0,0,0.0,0,0,0,0
kd5fm99ltmqc1.jpeg,2,7,2,2,1.0,adaptive,0.2001,0.0862,1,0.0862,0,0,0,0
kd5fm99ltmqc1.jpeg,2,8,0,0,0.992,adaptive,0.0875,0.0,0,0.0,0,0,0,0
kd5fm99ltmqc1.jpeg,2,9,1,1,0.995,adaptive,0.1626,0.0493,1,0.0493,0,0,0,0
kd5fm99ltmqc1.jpeg,3,1,0,0,0.992,adaptive,0.1386,0.0,0,0.0,0,0,0,0
kd5fm99ltmqc1.jpeg,3,2,5,5,1.0,adaptive,0.197,0.0868,1,0.0868,0,0,0,0
kd5fm99ltmqc1.jpeg,3,3,7,7,1.0,adaptive,0.1871,0.0601,1,0.0601,0,0,0,0
kd5fm99ltmqc1.jpeg,3,4,0,0,0.992,adaptive,0.1403,0.0,0,0.0,0,0,0,0
kd5fm99ltmqc1.jpeg,3,5,0,0,0.992,adaptive,0.0997,0.0,0,0.0,0,0,0,0
kd5fm99ltmqc1.jpeg,3,6,0,0,0.992,adaptive,0.1397,0.0,0,0.0,0,0,0,0
kd5fm99ltmqc1.jpeg,3,7,9,9,1.0,adaptive,0.2306,0.092,1,0.092,0,0,0,0
kd5fm99ltmqc1.jpeg,3,8,0,0,0.992,adaptive,0.1135,0.0,0,0.0,0,0,0,0
kd5fm99ltmqc1.jpeg,3,9,0,0,0.992,adaptive,0.1379,0.0,0,0.0,0,0,0,0
kd5fm99ltmqc1.jpeg,4,1,1,1,0.9706,adaptive,0.1891,0.0488,1,0.0488,0,0,0,0
kd5fm99ltmqc1.jpeg,4,2,8,8,1.0,adaptive,0.2096,0.097,1,0.097,0,0,0,0
kd5fm99ltmqc1.jpeg,4,3,0,0,0.992,adaptive,0.129,0.0,0,0.0,0,0,0,0
kd5fm99ltmqc1.jpeg,4,4,0,0,0.992,adaptive,0.1412,0.0,0,0.0,0,0,0,0
kd5fm99ltmqc1.jpeg,4,5,0,0,0.992,adaptive,0.1015,0.0,0,0.0,0,0,0,0
kd5fm99ltmqc1.jpeg,4,6,5,5,1.0,adaptive,0.2257,0.0853,1,0.0853,0,0,0,0
kd5fm99ltmqc1.jpeg,4,7,0,0,0.992,adaptive,0.1408,0.0,0,0.0,0,0,0,0
kd5fm99ltmqc1.jpeg,4,8,0,0,0.992,adaptive,0.1149,0.0,0,0.0,0,0,0,0
kd5fm99ltmqc1.jpeg,4,9,7,7,1.0,adaptive,0.198,0.0593,1,0.0593,0,0,0,0
kd5fm99ltmqc1.jpeg,5,1,0,0,0.992,adaptive,0.1011,0.0,0,0.0,0,0,0,0
kd5fm99ltmqc1.jpeg,5,2,0,0,0.992,adaptive,0.0705,0.0,0,0.0,0,0,0,0
kd5fm99ltmqc1.jpeg,5,3,0,0,0.992,adaptive,0.0871,0.0,0,0.0,0,0,0,0
kd5fm99ltmqc1.jpeg,5,4,0,0,0.992,adaptive,0.1013,0.0,0,0.0,0,0,0,0
kd5fm99ltmqc1.jpeg,5,5,1,1,0.9974,adaptive,0.1086,0.0494,1,0.0494,0,0,0,0
kd5fm99ltmqc1.jpeg,5,6,0,0,0.992,adaptive,0.1009,0.0,0,0.0,0,0,0,0
kd5fm99ltmqc1.jpeg,5,7,0,0,0.992,adaptive,0.1009,0.0,0,0.0,0,0,0,0
kd5fm99ltmqc1.jpeg,5,8,0,0,0.992,adaptive,0.0735,0.0,0,0.0,0,0,0,0
kd5fm99ltmqc1.jpeg,5,9,0,0,0.992,adaptive,0.0997,0.0,0,0.0,0,0,0,0
kd5fm99ltmqc1.jpeg,6,1,6,6,0.9998,adaptive,0.2337,0.0933,1,0.0933,0,0,0,0
kd5fm99ltmqc1.jpeg,6,2,0,0,0.992,adaptive,0.1119,0.0,0,0.0,0,0,0,0
kd5fm99ltmqc1.jpeg,6,3,0,0,0.992,adaptive,0.1285,0.0,0,0.0,0,0,0,0
kd5fm99ltmqc1.jpeg,6,4,3,3,1.0,adaptive,0.225,0.0835,1,0.0835,0,0,0,0
kd5fm99ltmqc1.jpeg,6,5,0,0,0.992,adaptive,0.1011,0.0,0,0.0,0,0,0,0
kd5fm99ltmqc1.jpeg,6,6,0,0,0.992,adaptive,0.1403,0.0,0,0.0,0,0,0,0
kd5fm99ltmqc1.jpeg,6,7,0,0,0.992,adaptive,0.1406,0.0,0,0.0,0,0,0,0
kd5fm99ltmqc1.jpeg,6,8,5,5,1.0,adaptive,0.1995,0.0844,1,0.0844,0,0,0,0
kd5fm99ltmqc1.jpeg,6,9,0,0,0.992,adaptive,0.1379,0.0,0,0.0,0,0,0,0
kd5fm99ltmqc1.jpeg,7,1,0,0,0.992,adaptive,0.1381,0.0,0,0.0,0,0,0,0
kd5fm99ltmqc1.jpeg,7,2,0,0,0.992,adaptive,0.1101,0.0,0,0.0,0,0,0,0
kd5fm99ltmqc1.jpeg,7,3,4,4,1.0,adaptive,0.1974,0.0708,1,0.0708,0,0,0,0
kd5fm99ltmqc1.jpeg,7,4,0,0,0.992,adaptive,0.1408,0.0,0,0.0,0,0,0,0
kd5fm99ltmqc1.jpeg,7,5,0,0,0.992,adaptive,0.1,0.0,0,0.0,0,0,0,0
kd5fm99ltmqc1.jpeg,7,6,0,0,0.992,adaptive,0.1401,0.0,0,0.0,0,0,0,0
kd5fm99ltmqc1.jpeg,7,7,6,6,0.9997,adaptive,0.2326,0.0936,1,0.0936,0,0,0,0
kd5fm99ltmqc1.jpeg,7,8,8,8,1.0,adaptive,0.2092,0.0957,1,0.0957,0,0,0,0
kd5fm99ltmqc1.jpeg,7,9,0,0,0.992,adaptive,0.1379,0.0,0,0.0,0,0,0,0
kd5fm99ltmqc1.jpeg,8,1,8,8,1.0,adaptive,0.2096,0.0961,1,0.0961,0,0,0,0
kd5fm99ltmqc1.jpeg,8,2,0,0,0.992,adaptive,0.0838,0.0,0,0.0,0,0,0,0
kd5fm99ltmqc1.jpeg,8,3,5,5,1.0,adaptive,0.1839,0.0839,1,0.0839,0,0,0,0
kd5fm99ltmqc1.jpeg,8,4,0,0,0.992,adaptive,0.1144,0.0,0,0.0,0,0,0,0
kd5fm99ltmqc1.jpeg,8,5,0,0,0.992,adaptive,0.0732,0.0,0,0.0,0,0,0,0
kd5fm99ltmqc1.jpeg,8,6,0,0,0.992,adaptive,0.1142,0.0,0,0.0,0,0,0,0
kd5fm99ltmqc1.jpeg,8,7,0,0,0.992,adaptive,0.1142,0.0,0,0.0,0,0,0,0
kd5fm99ltmqc1.jpeg,8,8,0,0,0.992,adaptive,0.087,0.0,0,0.0,0,0,0,0
kd5fm99ltmqc1.jpeg,8,9,4,4,1.0,adaptive,0.1863,0.0735,1,0.0735,0,0,0,0
kd5fm99ltmqc1.jpeg,9,1,0,0,0.992,adaptive,0.1386,0.0,0,0.0,0,0,0,0
kd5fm99ltmqc1.jpeg,9,2,2,2,1.0,adaptive,0.192,0.0828,1,0.0828,0,0,0,0
kd5fm99ltmqc1.jpeg,9,3,0,0,0.992,adaptive,0.1247,0.0,0,0.0,0,0,0,0
kd5fm99ltmqc1.jpeg,9,4,4,4,1.0,adaptive,0.2087,0.0704,1,0.0704,0,0,0,0
kd5fm99ltmqc1.jpeg,9,5,0,0,0.992,adaptive,0.0984,0.0,0,0.0,0,0,0,0
kd5fm99ltmqc1.jpeg,9,6,0,0,0.992,adaptive,0.1381,0.0,0,0.0,0,0,0,0
kd5fm99ltmqc1.jpeg,9,7,0,0,0.992,adaptive,0.1372,0.0,0,0.0,0,0,0,0
kd5fm99ltmqc1.jpeg,9,8,0,0,0.992,adaptive,0.1126,0.0,0,0.0,0,0,0,0
kd5fm99ltmqc1.jpeg,9,9,0,0,0.992,adaptive,0.139,0.0,0,0.0,0,0,0,0
khs1g8mohfzc1.webp,1,1,4,4,1.0,adaptive,0.19,0.0762,1,0.0762,0,0,0,0
khs1g8mohfzc1.webp,1,2,2,2,1.0,adaptive,0.1504,0.0771,1,0.0771,0,0,0,0
khs1g8mohfzc1.webp,1,4,0,0,0.992,adaptive,0.0996,0.0,0,0.0,0,0,0,0
khs1g8mohfzc1.webp,1,5,0,0,0.992,adaptive,0.0859,0.0,0,0.0,0,0,0,0
khs1g8mohfzc1.webp,1,6,0,0,0.992,adaptive,0.0996,0.0,0,0.0,0,0,0,0
khs1g8mohfzc1.webp,1,8,6,6,0.9974,adaptive,0.1712,0.0855,1,0.0855,0,0,0,0
khs1g8mohfzc1.webp,2,2,8,8,1.0,adaptive,0.1251,0.0964,1,0.0964,0,0,0,0
khs1g8mohfzc1.webp,2,4,7,7,1.0,adaptive,0.1018,0.0581,1,0.0581,0,0,0,0
khs1g8mohfzc1.webp,2,5,0,0,0.992,adaptive,0.0429,0.0,0,0.0,0,0,0,0
khs1g8mohfzc1.webp,2,6,9,9,1.0,adaptive,0.1287,0.0853,1,0.0853,0,0,0,0
khs1g8mohfzc1.webp,2,7,0,0,0.992,adaptive,0.0568,0.0,0,0.0,0,0,0,0
khs1g8mohfzc1.webp,2,8,0,0,0.992,adaptive,0.0413,0.0,0,0.0,0,0,0,0
khs1g8mohfzc1.webp,2,9,0,0,0.992,adaptive,0.0728,0.0,0,0.0,0,0,0,0
khs1g8mohfzc1.webp,3,5,0,0,0.992,adaptive,0.0701,0.0,0,0.0,0,0,0,0
khs1g8mohfzc1.webp,3,7,1,1,0.9943,adaptive,0.1279,0.0446,1,0.0446,0,0,0,0
khs1g8mohfzc1.webp,3,9,0,0,0.992,adaptive,0.0996,0.0,0,0.0,0,0,0,0
khs1g8mohfzc1.webp,4,2,5,5,1.0,adaptive,0.1409,0.085,1,0.085,0,0,0,0
khs1g8mohfzc1.webp,4,4,9,9,1.0,adaptive,0.1544,0.0842,1,0.0842,0,0,0,0
khs1g8mohfzc1.webp,4,5,0,0,0.992,adaptive,0.0568,0.0,0,0.0,0,0,0,0
khs1g8mohfzc1.webp,4,6,0,0,0.992,adaptive,0.0706,0.0,0,0.0,0,0,0,0
khs1g8mohfzc1.webp,4,7,0,0,0.992,adaptive,0.0711,0.0,0,0.0,0,0,0,0
khs1g8mohfzc1.webp,4,8,8,8,1.0,adaptive,0.1653,0.0961,1,0.0961,0,0,0,0
khs1g8mohfzc1.webp,4,9,7,7,1.0,adaptive,0.1439,0.0568,1,0.0568,0,0,0,0
khs1g8mohfzc1.webp,5,2,4,4,1.0,adaptive,0.1391,0.0829,1,0.0829,0,0,0,0
khs1g8mohfzc1.webp,5,4,0,0,0.992,adaptive,0.0568,0.0,0,0.0,0,0,0,0
khs1g8mohfzc1.webp,5,5,3,3,1.0,adaptive,0.14,0.0831,1,0.0831,0,0,0,0
khs1g8mohfzc1.webp,5,7,0,0,0.992,adaptive,0.0701,0.0,0,0.0,0,0,0,0
khs1g8mohfzc1.webp,5,8,0,0,0.992,adaptive,0.0572,0.0,0,0.0,0,0,0,0
khs1g8mohfzc1.webp,5,9,0,0,0.992,adaptive,0.0859,0.0,0,0.0,0,0,0,0
khs1g8mohfzc1.webp,6,4,0,0,0.992,adaptive,0.0708,0.0,0,0.0,0,0,0,0
khs1g8mohfzc1.webp,6,7,0,0,0.992,adaptive,0.0831,0.0,0,0.0,0,0,0,0
khs1g8mohfzc1.webp,7,1,2,2,1.0,adaptive,0.178,0.0786,1,0.0786,0,0,0,0
khs1g8mohfzc1.webp,7,2,1,1,0.9975,adaptive,0.1158,0.0457,1,0.0457,0,0,0,0
khs1g8mohfzc1.webp,7,3,5,5,1.0,adaptive,0.1637,0.0822,1,0.0822,0,0,0,0
khs1g8mohfzc1.webp,7,5,6,6,0.9982,adaptive,0.1547,0.0846,1,0.0846,0,0,0,0
khs1g8mohfzc1.webp,7,7,3,3,1.0,adaptive,0.164,0.0809,1,0.0809,0,0,0,0
khs1g8mohfzc1.webp,8,1,8,8,1.0,adaptive,0.1809,0.0952,1,0.0952,0,0,0,0
khs1g8mohfzc1.webp,8,3,9,9,1.0,adaptive,0.1504,0.0832,1,0.0832,0,0,0,0
khs1g8mohfzc1.webp,8,4,0,0,0.992,adaptive,0.069,0.0,0,0.0,0,0,0,0
khs1g8mohfzc1.webp,8,6,0,0,0.992,adaptive,0.0697,0.0,0,0.0,0,0,0,0
khs1g8mohfzc1.webp,8,9,0,0,0.992,adaptive,0.0859,0.0,0,0.0,0,0,0,0
khs1g8mohfzc1.webp,9,1,7,7,1.0,adaptive,0.1711,0.0575,1,0.0575,0,0,0,0
khs1g8mohfzc1.webp,9,3,4,4,1.0,adaptive,0.1744,0.0755,1,0.0755,0,0,0,0
khs1g8mohfzc1.webp,9,4,0,0,0.992,adaptive,0.0887,0.0,0,0.0,0,0,0,0
khs1g8mohfzc1.webp,9,5,9,9,1.0,adaptive,0.1696,0.0837,1,0.0837,0,0,0,0
khs1g8mohfzc1.webp,9,6,0,0,0.992,adaptive,0.0994,0.0,0,0.0,0,0,0,0
khs1g8mohfzc1.webp,9,8,0,0,0.992,adaptive,0.0857,0.0,0,0.0,0,0,0,0
kmvx0g8civdc1.webp,1,2,2,6,0.5224,adaptive,0.0977,0.0278,2,0.0278,0,1,0,0
kmvx0g8civdc1.webp,1,3,8,9,0.7199,adaptive,0.1292,0.0405,2,0.0405,0,0,1,0
kmvx0g8civdc1.webp,1,4,7,7,0.9826,adaptive,0.1132,0.0463,3,0.0359,0,1,0,0
kmvx0g8civdc1.webp,1,5,5,5,0.9941,adaptive,0.1714,0.0719,6,0.0556,3,1,0,0
kmvx0g8civdc1.webp,1,6,6,6,0.965,adaptive,0.1637,0.1346,2,0.0677,0,0,0,0
kmvx0g8civdc1.webp,2,1,1,1,0.3947,adaptive,0.1334,0.0346,3,0.0174,0,1,0,0
kmvx0g8civdc1.webp,2,4,9,9,0.9923,adaptive,0.1336,0.0581,2,0.0581,0,0,1,0
kmvx0g8civdc1.webp,2,5,2,7,0.9977,adaptive,0.1267,0.0438,2,0.0438,0,0,1,0
kmvx0g8civdc1.webp,2,6,4,4,0.9965,adaptive,0.1366,0.0642,3,0.0642,0,2,0,0
kmvx0g8civdc1.webp,2,7,5,5,1.0,adaptive,0.156,0.0787,2,0.0787,0,0,1,0
kmvx0g8civdc1.webp,2,8,8,8,0.9999,adaptive,0.1467,0.0937,2,0.0884,0,0,0,0
kmvx0g8civdc1.webp,2,9,6,6,0.9999,adaptive,0.1556,0.0868,1,0.0868,0,0,0,0
kmvx0g8civdc1.webp,3,2,6,6,0.7689,adaptive,0.1497,0.0592,3,0.0491,0,1,0,0
kmvx0g8civdc1.webp,3,4,8,8,0.9903,adaptive,0.1484,0.0604,3,0.0604,1,0,1,0
kmvx0g8civdc1.webp,3,5,3,3,0.9995,adaptive,0.1379,0.057,4,0.0516,1,0,1,0
kmvx0g8civdc1.webp,3,6,1,1,0.8274,adaptive,0.1125,0.0365,3,0.0365,0,2,0,0
kmvx0g8civdc1.webp,3,8,7,7,1.0,adaptive,0.1133,0.0518,2,0.0518,1,0,0,0
kmvx0g8civdc1.webp,4,3,4,4,0.8577,adaptive,0.168,0.063,4,0.0579,1,0,1,0
kmvx0g8civdc1.webp,4,4,5,5,1.0,adaptive,0.149,0.0622,5,0.0566,1,2,0,0
kmvx0g8civdc1.webp,4,5,7,7,1.0,adaptive,0.1221,0.0475,3,0.0475,0,2,0,0
kmvx0g8civdc1.webp,4,6,2,2,0.9999,adaptive,0.1599,0.1401,2,0.0702,0,0,0,0
kmvx0g8civdc1.webp,4,7,8,8,1.0,adaptive,0.1628,0.0842,3,0.0842,0,2,0,0
kmvx0g8civdc1.webp,5,4,4,4,0.9997,adaptive,0.1246,0.0647,2,0.0647,0,0,1,0
kmvx0g8civdc1.webp,5,5,8,8,1.0,adaptive,0.143,0.0845,2,0.0845,0,0,1,0
kmvx0g8civdc1.webp,5,6,3,3,1.0,adaptive,0.1413,0.0715,3,0.0715,0,2,0,0
kmvx0g8civdc1.webp,6,1,2,7,0.9963,adaptive,0.1675,0.0432,5,0.0432,3,1,0,0
kmvx0g8civdc1.webp,6,2,8,8,1.0,adaptive,0.1563,0.0758,4,0.0758,2,1,0,0
kmvx0g8civdc1.webp,6,4,1,1,0.9705,adaptive,0.0962,0.0385,2,0.0385,0,0,1,0
kmvx0g8civdc1.webp,6,5,6,6,0.9973,adaptive,0.1312,0.0801,2,0.0801,0,0,1,0
kmvx0g8civdc1.webp,6,6,9,9,0.9988,adaptive,0.1642,0.0878,3,0.082,0,1,0,0
kmvx0g8civdc1.webp,6,7,4,4,1.0,adaptive,0.1276,0.0691,2,0.0691,0,1,0,0
kmvx0g8civdc1.webp,6,9,7,7,1.0,adaptive,0.1132,0.0526,1,0.0526,0,0,0,0
kmvx0g8civdc1.webp,7,3,2,2,0.9999,adaptive,0.153,0.0653,2,0.0653,0,0,1,0
kmvx0g8civdc1.webp,7,4,3,3,1.0,adaptive,0.1392,0.0684,3,0.0684,0,2,0,0
kmvx0g8civdc1.webp,7,5,9,9,1.0,adaptive,0.1524,0.0819,3,0.0819,1,1,0,0
kmvx0g8civdc1.webp,7,6,8,8,1.0,adaptive,0.1842,0.0826,2,0.0826,0,1,0,0
kmvx0g8civdc1.webp,7,8,4,4,1.0,adaptive,0.1461,0.0694,1,0.0694,0,0,0,0
kmvx0g8civdc1.webp,8,1,8,8,1.0,adaptive,0.1809,0.0771,2,0.0771,0,1,0,0
kmvx0g8civdc1.webp,8,6,5,5,1.0,adaptive,0.1513,0.0794,2,0.0794,0,1,0,0
kmvx0g8civdc1.webp,8,9,9,9,0.9999,adaptive,0.13,0.0875,1,0.0875,0,0,0,0
kmvx0g8civdc1.webp,9,1,3,3,1.0,adaptive,0.1876,0.0657,1,0.0657,0,0,0,0
kmvx0g8civdc1.webp,9,6,7,7,1.0,adaptive,0.1499,0.0506,2,0.0506,0,1,0,0
kmvx0g8civdc1.webp,9,9,8,8,1.0,adaptive,0.1526,0.0882,1,0.0882,0,0,0,0
kmwduqhk71pc1.png,1,1,3,3,1.0,adaptive,0.1423,0.0601,1,0.0601,0,0,0,0
kmwduqhk71pc1.png,1,2,8,8,1.0,adaptive,0.1422,0.0724,1,0.0724,0,0,0,0
kmwduqhk71pc1.png,1,3,5,5,1.0,adaptive,0.1359,0.0662,1,0.0662,0,0,0,0
kmwduqhk71pc1.png,1,4,1,1,0.998,adaptive,0.1261,0.0361,1,0.0361,0,0,0,0
kmwduqhk71pc1.png,1,5,9,9,0.9999,adaptive,0.1438,0.0739,1,0.0739,0,0,0,0
kmwduqhk71pc1.png,1,6,2,2,1.0,adaptive,0.1236,0.0544,1,0.0544,0,0,0,0
kmwduqhk71pc1.png,1,7,6,6,0.9994,adaptive,0.155,0.0713,1,0.0713,0,0,0,0
kmwduqhk71pc1.png,1,8,7,7,1.0,adaptive,0.0986,0.0414,1,0.0414,0,0,0,0
kmwduqhk71pc1.png,1,9,4,4,0.9999,adaptive,0.1254,0.0539,1,0.0539,0,0,0,0
kmwduqhk71pc1.png,2,1,1,1,0.9973,adaptive,0.1072,0.0371,1,0.0371,0,0,0,0
kmwduqhk71pc1.png,2,2,9,9,0.9999,adaptive,0.1338,0.0746,1,0.0746,0,0,0,0
kmwduqhk71pc1.png,2,3,7,7,1.0,adaptive,0.1144,0.0445,1,0.0445,0,0,0,0
kmwduqhk71pc1.png,2,6,4,4,0.9999,adaptive,0.1151,0.0568,1,0.0568,0,0,0,0
kmwduqhk71pc1.png,2,7,2,2,1.0,adaptive,0.1305,0.0597,1,0.0597,0,0,0,0
kmwduqhk71pc1.png,3,1,4,4,1.0,adaptive,0.1292,0.0595,1,0.0595,0,0,0,0
kmwduqhk71pc1.png,3,2,2,2,1.0,adaptive,0.1142,0.0554,1,0.0554,0,0,0,0
kmwduqhk71pc1.png,3,3,6,6,0.9997,adaptive,0.1415,0.0717,1,0.0717,0,0,0,0
kmwduqhk71pc1.png,4,1,7,7,1.0,adaptive,0.1225,0.0376,1,0.0376,0,0,0,0
kmwduqhk71pc1.png,4,2,5,5,1.0,adaptive,0.137,0.066,1,0.066,0,0,0,0
kmwduqhk71pc1.png,4,3,2,2,1.0,adaptive,0.1361,0.0532,1,0.0532,0,0,0,0
kmwduqhk71pc1.png,4,4,3,3,1.0,adaptive,0.1461,0.0597,1,0.0597,0,0,0,0
kmwduqhk71pc1.png,4,5,4,4,0.9998,adaptive,0.1214,0.0545,1,0.0545,0,0,0,0
kmwduqhk71pc1.png,4,6,9,9,0.9998,adaptive,0.1388,0.0691,1,0.0691,0,0,0,0
kmwduqhk71pc1.png,4,7,1,1,0.9959,adaptive,0.1165,0.0312,1,0.0312,0,0,0,0
kmwduqhk71pc1.png,4,8,8,8,1.0,adaptive,0.1282,0.0724,1,0.0724,0,0,0,0
kmwduqhk71pc1.png,4,9,6,6,0.9998,adaptive,0.1435,0.0711,1,0.0711,0,0,0,0
kmwduqhk71pc1.png,5,1,9,9,1.0,adaptive,0.1422,0.073,1,0.073,0,0,0,0
kmwduqhk71pc1.png,5,2,1,1,0.9977,adaptive,0.0941,0.0376,1,0.0376,0,0,0,0
kmwduqhk71pc1.png,5,3,3,3,1.0,adaptive,0.1291,0.062,1,0.062,0,0,0,0
kmwduqhk71pc1.png,5,9,7,7,1.0,adaptive,0.0963,0.0432,1,0.0432,0,0,0,0
kmwduqhk71pc1.png,6,1,6,6,0.9988,adaptive,0.1401,0.0702,1,0.0702,0,0,0,0
kmwduqhk71pc1.png,6,2,4,4,0.9999,adaptive,0.1002,0.0563,1,0.0563,0,0,0,0
kmwduqhk71pc1.png,6,3,8,8,1.0,adaptive,0.1178,0.0746,1,0.0746,0,0,0,0
kmwduqhk71pc1.png,6,5,1,1,0.9977,adaptive,0.0681,0.0355,1,0.0355,0,0,0,0
kmwduqhk71pc1.png,6,9,3,3,1.0,adaptive,0.1158,0.059,1,0.059,0,0,0,0
kmwduqhk71pc1.png,7,1,5,5,1.0,adaptive,0.1486,0.065,1,0.065,0,0,0,0
kmwduqhk71pc1.png,7,2,6,6,0.9998,adaptive,0.1486,0.073,1,0.073,0,0,0,0
kmwduqhk71pc1.png,7,3,4,4,0.9999,adaptive,0.1381,0.0566,1,0.0566,0,0,0,0
kmwduqhk71pc1.png,7,4,9,9,0.9999,adaptive,0.1401,0.0686,1,0.0686,0,0,0,0
kmwduqhk71pc1.png,7,5,2,2,1.0,adaptive,0.1411,0.0588,1,0.0588,0,0,0,0
kmwduqhk71pc1.png,7,7,7,7,1.0,adaptive,0.1147,0.0417,1,0.0417,0,0,0,0
kmwduqhk71pc1.png,8,3,9,9,0.9999,adaptive,0.1165,0.0726,1,0.0726,0,0,0,0
kmwduqhk71pc1.png,8,4,5,5,1.0,adaptive,0.1083,0.0635,1,0.0635,0,0,0,0
kmwduqhk71pc1.png,9,3,1,1,0.9981,adaptive,0.102,0.0307,1,0.0307,0,0,0,0
kmwduqhk71pc1.png,9,4,4,4,0.9999,adaptive,0.1461,0.059,1,0.059,0,0,0,0
kmwduqhk71pc1.png,9,8,6,6,0.9998,adaptive,0.119,0.0708,1,0.0708,0,0,0,0
kqWVvZ_g3pemSov5Crh8jdaAvq-SqZ1aykHNI2Rq9Ws.webp,1,1,6,6,0.9998,adaptive,0.2107,0.0706,1,0.0706,0,0,0,0
kqWVvZ_g3pemSov5Crh8jdaAvq-SqZ1aykHNI2Rq9Ws.webp,1,2,1,1,0.9979,adaptive,0.1393,0.0373,1,0.0373,0,0,0,0
kqWVvZ_g3pemSov5Crh8jdaAvq-SqZ1aykHNI2Rq9Ws.webp,1,3,3,3,1.0,adaptive,0.2121,0.0597,1,0.0597,0,0,0,0
kqWVvZ_g3pemSov5Crh8jdaAvq-SqZ1aykHNI2Rq9Ws.webp,1,4,7,7,1.0,adaptive,0.155,0.0401,1,0.0401,0,0,0,0
kqWVvZ_g3pemSov5Crh8jdaAvq-SqZ1aykHNI2Rq9Ws.webp,1,5,9,9,0.9999,adaptive,0.1872,0.0724,1,0.0724,0,0,0,0
kqWVvZ_g3pemSov5Crh8jdaAvq-SqZ1aykHNI2Rq9Ws.webp,1,6,4,4,1.0,adaptive,0.1811,0.0532,1,0.0532,0,0,0,0
kqWVvZ_g3pemSov5Crh8jdaAvq-SqZ1aykHNI2Rq9Ws.webp,1,7,2,2,1.0,adaptive,0.17,0.0535,2,0.0535,0,1,0,0
kqWVvZ_g3pemSov5Crh8jdaAvq-SqZ1aykHNI2Rq9Ws.webp,1,8,5,5,1.0,adaptive,0.1814,0.0674,2,0.0674,0,1,0,0
kqWVvZ_g3pemSov5Crh8jdaAvq-SqZ1aykHNI2Rq9Ws.webp,1,9,8,8,1.0,adaptive,0.2181,0.0724,2,0.0724,0,1,0,0
kqWVvZ_g3pemSov5Crh8jdaAvq-SqZ1aykHNI2Rq9Ws.webp,2,4,2,2,1.0,adaptive,0.1038,0.0586,1,0.0586,0,0,0,0
kqWVvZ_g3pemSov5Crh8jdaAvq-SqZ1aykHNI2Rq9Ws.webp,2,7,3,3,1.0,adaptive,0.1099,0.0602,2,0.0602,0,1,0,0
kqWVvZ_g3pemSov5Crh8jdaAvq-SqZ1aykHNI2Rq9Ws.webp,2,8,6,6,0.9999,adaptive,0.1208,0.0712,2,0.0712,0,1,0,0
kqWVvZ_g3pemSov5Crh8jdaAvq-SqZ1aykHNI2Rq9Ws.webp,2,9,4,4,1.0,adaptive,0.1493,0.0554,2,0.0554,0,1,0,0
kqWVvZ_g3pemSov5Crh8jdaAvq-SqZ1aykHNI2Rq9Ws.webp,3,2,4,4,1.0,adaptive,0.1024,0.059,1,0.059,0,0,0,0
kqWVvZ_g3pemSov5Crh8jdaAvq-SqZ1aykHNI2Rq9Ws.webp,3,4,6,6,0.9996,adaptive,0.1285,0.0706,1,0.0706,0,0,0,0
kqWVvZ_g3pemSov5Crh8jdaAvq-SqZ1aykHNI2Rq9Ws.webp,3,7,7,7,1.0,adaptive,0.0978,0.0405,2,0.0405,0,1,0,0
kqWVvZ_g3pemSov5Crh8jdaAvq-SqZ1aykHNI2Rq9Ws.webp,3,8,9,9,0.9998,adaptive,0.1248,0.073,2,0.073,0,1,0,0
kqWVvZ_g3pemSov5Crh8jdaAvq-SqZ1aykHNI2Rq9Ws.webp,3,9,1,1,0.9992,adaptive,0.1341,0.037,2,0.037,0,1,0,0
kqWVvZ_g3pemSov5Crh8jdaAvq-SqZ1aykHNI2Rq9Ws.webp,4,1,3,3,1.0,adaptive,0.1501,0.0608,1,0.0608,0,0,0,0
kqWVvZ_g3pemSov5Crh8jdaAvq-SqZ1aykHNI2Rq9Ws.webp,4,2,5,5,1.0,adaptive,0.119,0.0658,1,0.0658,0,0,0,0
kqWVvZ_g3pemSov5Crh8jdaAvq-SqZ1aykHNI2Rq9Ws.webp,4,6,2,2,1.0,adaptive,0.1332,0.0564,1,0.0564,0,0,0,0
kqWVvZ_g3pemSov5Crh8jdaAvq-SqZ1aykHNI2Rq9Ws.webp,4,7,8,8,1.0,adaptive,0.1283,0.072,2,0.072,0,1,0,0
kqWVvZ_g3pemSov5Crh8jdaAvq-SqZ1aykHNI2Rq9Ws.webp,4,8,1,1,0.9975,adaptive,0.1027,0.0369,2,0.0369,0,1,0,0
kqWVvZ_g3pemSov5Crh8jdaAvq-SqZ1aykHNI2Rq9Ws.webp,4,9,7,7,1.0,adaptive,0.1535,0.0414,2,0.0414,0,1,0,0
kqWVvZ_g3pemSov5Crh8jdaAvq-SqZ1aykHNI2Rq9Ws.webp,5,1,8,8,1.0,adaptive,0.1316,0.0719,1,0.0719,0,0,0,0
kqWVvZ_g3pemSov5Crh8jdaAvq-SqZ1aykHNI2Rq9Ws.webp,5,8,3,3,1.0,adaptive,0.0611,0.0606,1,0.0606,0,0,0,0
kqWVvZ_g3pemSov5Crh8jdaAvq-SqZ1aykHNI2Rq9Ws.webp,6,1,1,1,0.9988,adaptive,0.1357,0.0365,1,0.0365,0,0,0,0
kqWVvZ_g3pemSov5Crh8jdaAvq-SqZ1aykHNI2Rq9Ws.webp,6,5,7,7,1.0,adaptive,0.0868,0.043,1,0.043,0,0,0,0
kqWVvZ_g3pemSov5Crh8jdaAvq-SqZ1aykHNI2Rq9Ws.webp,6,8,4,4,1.0,adaptive,0.121,0.0583,2,0.0583,0,1,0,0
kqWVvZ_g3pemSov5Crh8jdaAvq-SqZ1aykHNI2Rq9Ws.webp,7,1,4,4,0.9999,adaptive,0.1397,0.0539,1,0.0539,0,0,0,0
kqWVvZ_g3pemSov5Crh8jdaAvq-SqZ1aykHNI2Rq9Ws.webp,7,2,3,3,1.0,adaptive,0.102,0.0597,1,0.0597,0,0,0,0
kqWVvZ_g3pemSov5Crh8jdaAvq-SqZ1aykHNI2Rq9Ws.webp,7,3,5,5,1.0,adaptive,0.1586,0.0626,1,0.0626,0,0,0,0
kqWVvZ_g3pemSov5Crh8jdaAvq-SqZ1aykHNI2Rq9Ws.webp,7,4,1,1,0.9865,adaptive,0.0882,0.0305,1,0.0305,0,0,0,0
kqWVvZ_g3pemSov5Crh8jdaAvq-SqZ1aykHNI2Rq9Ws.webp,7,5,2,2,1.0,adaptive,0.0984,0.0538,1,0.0538,0,0,0,0
kqWVvZ_g3pemSov5Crh8jdaAvq-SqZ1aykHNI2Rq9Ws.webp,7,6,7,7,1.0,adaptive,0.121,0.0385,1,0.0385,0,0,0,0
kqWVvZ_g3pemSov5Crh8jdaAvq-SqZ1aykHNI2Rq9Ws.webp,7,7,6,6,0.9998,adaptive,0.1395,0.0699,2,0.0699,0,1,0,0
kqWVvZ_g3pemSov5Crh8jdaAvq-SqZ1aykHNI2Rq9Ws.webp,7,8,8,8,1.0,adaptive,0.1339,0.0724,2,0.0724,0,1,0,0
kqWVvZ_g3pemSov5Crh8jdaAvq-SqZ1aykHNI2Rq9Ws.webp,7,9,9,9,0.9999,adaptive,0.1784,0.0715,2,0.0715,0,1,0,0
kqWVvZ_g3pemSov5Crh8jdaAvq-SqZ1aykHNI2Rq9Ws.webp,8,3,1,1,0.9984,adaptive,0.118,0.0308,1,0.0308,0,0,0,0
kqWVvZ_g3pemSov5Crh8jdaAvq-SqZ1aykHNI2Rq9Ws.webp,8,6,5,5,1.0,adaptive,0.13,0.064,1,0.064,0,0,0,0
kqWVvZ_g3pemSov5Crh8jdaAvq-SqZ1aykHNI2Rq9Ws.webp,8,7,4,4,0.9999,adaptive,0.0968,0.0538,2,0.0538,0,1,0,0
kqWVvZ_g3pemSov5Crh8jdaAvq-SqZ1aykHNI2Rq9Ws.webp,8,8,2,2,1.0,adaptive,0.1047,0.0553,2,0.0553,0,1,0,0
kqWVvZ_g3pemSov5Crh8jdaAvq-SqZ1aykHNI2Rq9Ws.webp,8,9,3,3,1.0,adaptive,0.1481,0.0608,2,0.0608,0,1,0,0
kqWVvZ_g3pemSov5Crh8jdaAvq-SqZ1aykHNI2Rq9Ws.webp,9,7,1,1,0.9977,adaptive,0.1158,0.0307,2,0.0307,0,1,0,0
kqWVvZ_g3pemSov5Crh8jdaAvq-SqZ1aykHNI2Rq9Ws.webp,9,8,7,7,1.0,adaptive,0.1266,0.0414,2,0.0414,0,1,0,0
kqWVvZ_g3pemSov5Crh8jdaAvq-SqZ1aykHNI2Rq9Ws.webp,9,9,5,5,1.0,adaptive,0.1833,0.0646,2,0.0646,0,1,0,0
l1x982siq9dc1.jpg,1,1,3,1,0.9813,adaptive,0.1544,0.1281,2,0.1281,1,0,0,0
l1x982siq9dc1.jpg,1,2,1,2,0.9989,adaptive,0.23,0.1567,2,0.1567,1,0,0,0
l1x982siq9dc1.jpg,1,3,2,4,0.8374,adaptive,0.1775,0.0962,6,0.0479,1,1,0,1
l1x982siq9dc1.jpg,1,6,5,5,0.336,adaptive,0.2067,0.1163,4,0.0704,1,0,0,0
l1x982siq9dc1.jpg,1,7,8,3,0.2765,adaptive,0.1602,0.0283,4,0.0229,1,0,1,0
l1x982siq9dc1.jpg,1,8,9,3,0.7955,adaptive,0.1861,0.0853,3,0.0776,0,0,1,0
l1x982siq9dc1.jpg,1,9,6,9,0.9957,adaptive,0.1555,0.1105,2,0.1105,1,0,0,0
l1x982siq9dc1.jpg,2,1,4,8,0.9455,adaptive,0.2422,0.1567,4,0.1031,0,1,0,0
l1x982siq9dc1.jpg,2,2,8,7,0.8551,adaptive,0.182,0.1313,2,0.1313,0,1,0,0
l1x982siq9dc1.jpg,2,3,7,6,0.9997,adaptive,0.2723,0.1373,5,0.0687,1,1,0,1
l1x982siq9dc1.jpg,2,4,6,8,0.5843,adaptive,0.192,0.0936,3,0.0724,0,0,1,0
l1x982siq9dc1.jpg,2,5,9,5,0.9013,adaptive,0.1671,0.0638,3,0.0576,0,0,1,0
l1x982siq9dc1.jpg,2,6,3,4,0.9159,adaptive,0.2243,0.1294,5,0.0753,0,0,0,1
l1x982siq9dc1.jpg,2,7,2,3,0.763,adaptive,0.1895,0.0434,5,0.0283,2,0,1,0
l1x982siq9dc1.jpg,2,8,5,5,0.4815,adaptive,0.1988,0.0769,4,0.0416,0,0,1,0
l1x982siq9dc1.jpg,2,9,1,9,0.7297,adaptive,0.1373,0.0602,4,0.052,1,1,0,0
l1x982siq9dc1.jpg,3,1,6,5,1.0,adaptive,0.2317,0.1161,3,0.0909,0,0,1,0
l1x982siq9dc1.jpg,3,2,5,9,0.9477,adaptive,0.2189,0.1298,3,0.0941,0,1,0,0
l1x982siq9dc1.jpg,3,3,9,8,0.9134,adaptive,0.2633,0.1254,5,0.0715,1,1,0,0
l1x982siq9dc1.jpg,3,4,8,0,0.992,adaptive,0.2083,0.0,3,0.0094,0,1,1,0
l1x982siq9dc1.jpg,3,5,1,2,0.9174,adaptive,0.1888,0.0556,4,0.045,0,2,0,1
l1x982siq9dc1.jpg,3,6,2,5,0.6062,adaptive,0.2312,0.1412,7,0.0417,0,0,0,0
l1x982siq9dc1.jpg,3,7,3,4,0.9627,adaptive,0.1974,0.1103,4,0.0775,2,0,0,0
l1x982siq9dc1.jpg,3,8,7,4,0.8952,adaptive,0.216,0.0726,6,0.0265,1,1,0,0
l1x982siq9dc1.jpg,3,9,4,5,0.9086,adaptive,0.2203,0.1038,3,0.0668,0,1,0,0
l1x982siq9dc1.jpg,4,1,9,5,0.8284,adaptive,0.2475,0.0893,5,0.0722,1,2,0,0
l1x982siq9dc1.jpg,4,2,7,0,0.4419,adaptive,0.2546,0.0687,5,0.031,0,1,1,1
l1x982siq9dc1.jpg,4,3,6,2,0.8636,adaptive,0.258,0.0982,4,0.0982,2,1,0,0
l1x982siq9dc1.jpg,4,4,2,8,0.871,adaptive,0.2174,0.0973,5,0.0648,1,1,0,0
l1x982siq9dc1.jpg,4,5,8,5,0.5048,adaptive,0.1789,0.0572,4,0.0289,1,1,0,0
l1x982siq9dc1.jpg,4,6,1,0,0.7474,adaptive,0.1813,0.0401,5,0.0212,0,2,0,0
l1x982siq9dc1.jpg,4,7,4,3,0.3852,adaptive,0.1423,0.041,2,0.041,0,0,1,0
l1x982siq9dc1.jpg,4,8,3,0,0.5138,adaptive,0.211,0.0384,4,0.031,0,0,2,0
l1x982siq9dc1.jpg,4,9,5,5,0.8649,adaptive,0.2119,0.1423,3,0.1031,0,1,0,0
l1x982siq9dc1.jpg,5,1,2,2,0.6244,adaptive,0.1771,0.0592,4,0.0303,1,0,1,0
l1x982siq9dc1.jpg,5,2,4,5,0.6085,adaptive,0.2204,0.0898,4,0.0647,0,0,1,0
l1x982siq9dc1.jpg,5,3,5,2,0.505,adaptive,0.2845,0.1092,6,0.0667,1,1,0,0
l1x982siq9dc1.jpg,5,4,9,2,0.8328,adaptive,0.2026,0.1097,4,0.0459,0,1,0,1
l1x982siq9dc1.jpg,5,5,3,2,0.5561,adaptive,0.1878,0.093,3,0.048,0,1,0,0
l1x982siq9dc1.jpg,5,6,6,7,0.6031,adaptive,0.2264,0.0606,3,0.0529,0,1,0,0
l1x982siq9dc1.jpg,5,7,1,1,0.7348,adaptive,0.1626,0.0475,2,0.0475,0,0,1,0
l1x982siq9dc1.jpg,5,8,8,6,0.7946,adaptive,0.2036,0.0498,4,0.0356,0,0,2,0
l1x982siq9dc1.jpg,5,9,7,7,0.5708,adaptive,0.1382,0.0776,2,0.0776,0,1,0,0
l1x982siq9dc1.jpg,6,1,1,9,0.3275,adaptive,0.2214,0.0601,5,0.0372,1,0,1,0
l1x982siq9dc1.jpg,6,2,3,5,0.4215,adaptive,0.2322,0.0893,4,0.0457,1,0,1,0
l1x982siq9dc1.jpg,6,3,8,5,0.9779,adaptive,0.2796,0.1109,5,0.0566,1,1,0,0
l1x982siq9dc1.jpg,6,4,5,3,0.8142,adaptive,0.2168,0.1058,5,0.0495,1,1,0,0
l1x982siq9dc1.jpg,6,7,6,5,0.7474,adaptive,0.2335,0.1009,5,0.0755,2,1,0,0
l1x982siq9dc1.jpg,6,8,2,3,0.972,adaptive,0.2745,0.1219,3,0.0839,0,0,1,0
l1x982siq9dc1.jpg,6,9,9,9,0.7233,adaptive,0.245,0.1539,3,0.1165,0,1,0,0
l1x982siq9dc1.jpg,7,1,5,3,0.9883,adaptive,0.2515,0.1,4,0.0693,0,2,0,0
l1x982siq9dc1.jpg,7,4,1,1,0.9672,adaptive,0.1751,0.047,3,0.047,1,1,0,0
l1x982siq9dc1.jpg,7,6,9,9,0.7264,adaptive,0.2288,0.0911,5,0.0662,1,1,0,0
l1x982siq9dc1.jpg,7,7,7,7,0.5084,adaptive,0.2159,0.1034,6,0.0668,1,1,0,1
l1x982siq9dc1.jpg,7,9,8,8,0.7143,adaptive,0.2486,0.1729,4,0.1145,1,0,0,0
l1x982siq9dc1.jpg,8,1,7,7,1.0,adaptive,0.1825,0.1122,3,0.0676,0,0,1,0
l1x982siq9dc1.jpg,8,2,9,3,0.4412,adaptive,0.2121,0.1152,4,0.0666,0,0,1,1
l1x982siq9dc1.jpg,8,3,1,9,0.4969,adaptive,0.2332,0.0991,7,0.0728,3,1,0,1
l1x982siq9dc1.jpg,8,6,8,3,0.9992,adaptive,0.218,0.1158,4,0.0739,0,1,0,0
l1x982siq9dc1.jpg,8,7,5,5,0.5797,adaptive,0.2458,0.1436,6,0.1054,2,1,0,0
l1x982siq9dc1.jpg,9,1,8,8,0.9995,adaptive,0.2219,0.1579,4,0.119,0,1,0,0
l1x982siq9dc1.jpg,9,5,5,3,0.561,adaptive,0.2813,0.1538,7,0.0941,1,1,0,1
l1x982siq9dc1.jpg,9,7,9,3,0.7122,adaptive,0.2076,0.1352,4,0.0782,0,1,0,1
l1x982siq9dc1.jpg,9,8,1,1,0.9976,adaptive,0.1599,0.111,2,0.111,0,1,0,0
l4je9geq799c1.webp,1,1,8,8,1.0,adaptive,0.1722,0.0855,1,0.0855,0,0,0,0
l4je9geq799c1.webp,1,2,6,6,0.9998,adaptive,0.159,0.0875,1,0.0875,0,0,0,0
l4je9geq799c1.webp,1,3,5,5,1.0,adaptive,0.1726,0.0786,1,0.0786,0,0,0,0
l4je9geq799c1.webp,1,4,1,1,0.9985,adaptive,0.1292,0.0397,1,0.0397,0,0,0,0
l4je9geq799c1.webp,1,5,2,2,1.0,adaptive,0.1411,0.0697,1,0.0697,0,0,0,0
l4je9geq799c1.webp,1,6,3,3,1.0,adaptive,0.1593,0.074,1,0.074,0,0,0,0
l4je9geq799c1.webp,1,7,4,4,1.0,adaptive,0.1533,0.0677,1,0.0677,0,0,0,0
l4je9geq799c1.webp,1,8,7,7,1.0,adaptive,0.1092,0.0518,1,0.0518,0,0,0,0
l4je9geq799c1.webp,1,9,9,9,1.0,adaptive,0.1664,0.0822,1,0.0822,0,0,0,0
l4je9geq799c1.webp,2,1,3,3,1.0,adaptive,0.1431,0.0726,1,0.0726,0,0,0,0
l4je9geq799c1.webp,2,2,7,7,1.0,adaptive,0.1086,0.0514,1,0.0514,0,0,0,0
l4je9geq799c1.webp,2,3,4,4,1.0,adaptive,0.1361,0.0706,1,0.0706,0,0,0,0
l4je9geq799c1.webp,2,4,5,5,1.0,adaptive,0.1386,0.081,1,0.081,0,0,0,0
l4je9geq799c1.webp,2,6,9,9,1.0,adaptive,0.1565,0.0859,1,0.0859,0,0,0,0
l4je9geq799c1.webp,2,7,1,1,0.998,adaptive,0.1131,0.0412,1,0.0412,0,0,0,0
l4je9geq799c1.webp,2,9,2,2,1.0,adaptive,0.1332,0.0712,1,0.0712,0,0,0,0
l4je9geq799c1.webp,3,2,2,2,1.0,adaptive,0.1393,0.0692,1,0.0692,0,0,0,0
l4je9geq799c1.webp,3,5,4,4,1.0,adaptive,0.1264,0.0724,1,0.0724,0,0,0,0
l4je9geq799c1.webp,3,7,5,5,1.0,adaptive,0.1711,0.078,1,0.078,0,0,0,0
l4je9geq799c1.webp,3,8,3,3,1.0,adaptive,0.1165,0.0721,1,0.0721,0,0,0,0
l4je9geq799c1.webp,4,1,2,2,1.0,adaptive,0.1584,0.072,1,0.072,0,0,0,0
l4je9geq799c1.webp,4,3,6,6,1.0,adaptive,0.1689,0.0844,1,0.0844,0,0,0,0
l4je9geq799c1.webp,4,7,3,3,1.0,adaptive,0.186,0.0746,1,0.0746,0,0,0,0
l4je9geq799c1.webp,4,9,5,5,1.0,adaptive,0.1724,0.0811,1,0.0811,0,0,0,0
l4je9geq799c1.webp,5,6,4,4,0.9995,adaptive,0.2338,0.1108,4,0.071,1,0,0,1
l4je9geq799c1.webp,5,7,7,7,1.0,adaptive,0.1382,0.0543,1,0.0543,0,0,0,0
l4je9geq799c1.webp,6,2,4,4,1.0,adaptive,0.1246,0.0708,1,0.0708,0,0,0,0
l4je9geq799c1.webp,6,9,1,1,0.994,adaptive,0.1145,0.043,1,0.043,0,0,0,0
l4je9geq799c1.webp,7,1,4,4,1.0,adaptive,0.1657,0.0682,1,0.0682,0,0,0,0
l4je9geq799c1.webp,7,2,3,3,1.0,adaptive,0.1581,0.0746,1,0.0746,0,0,0,0
l4je9geq799c1.webp,7,3,2,2,1.0,adaptive,0.1631,0.0682,1,0.0682,0,0,0,0
l4je9geq799c1.webp,7,4,9,9,1.0,adaptive,0.1644,0.0806,1,0.0806,0,0,0,0
l4je9geq799c1.webp,7,9,7,7,1.0,adaptive,0.1464,0.0528,1,0.0528,0,0,0,0
l4je9geq799c1.webp,8,2,1,1,0.9984,adaptive,0.0886,0.0411,1,0.0411,0,0,0,0
l4je9geq799c1.webp,8,4,6,6,1.0,adaptive,0.14,0.0862,1,0.0862,0,0,0,0
l4je9geq799c1.webp,8,5,3,3,1.0,adaptive,0.1173,0.0742,1,0.0742,0,0,0,0
l4je9geq799c1.webp,8,6,8,8,1.0,adaptive,0.1366,0.0857,1,0.0857,0,0,0,0
l4je9geq799c1.webp,8,7,2,2,1.0,adaptive,0.1232,0.0672,1,0.0672,0,0,0,0
l4je9geq799c1.webp,8,8,5,5,1.0,adaptive,0.1237,0.0806,1,0.0806,0,0,0,0
l4je9geq799c1.webp,8,9,4,4,1.0,adaptive,0.1298,0.0685,1,0.0685,0,0,0,0
l4je9geq799c1.webp,9,1,6,6,0.9999,adaptive,0.1684,0.0818,1,0.0818,0,0,0,0
l4je9geq799c1.webp,9,2,5,5,1.0,adaptive,0.1416,0.0785,1,0.0785,0,0,0,0
l4je9geq799c1.webp,9,3,8,8,1.0,adaptive,0.1689,0.0842,1,0.0842,0,0,0,0
l4je9geq799c1.webp,9,4,4,4,1.0,adaptive,0.1508,0.0688,1,0.0688,0,0,0,0
l4je9geq799c1.webp,9,5,7,7,1.0,adaptive,0.1223,0.0509,1,0.0509,0,0,0,0
l4je9geq799c1.webp,9,6,2,2,1.0,adaptive,0.1524,0.0664,1,0.0664,0,0,0,0
l4je9geq799c1.webp,9,7,9,9,1.0,adaptive,0.1637,0.082,1,0.082,0,0,0,0
l4je9geq799c1.webp,9,8,1,1,0.9979,adaptive,0.1088,0.0405,1,0.0405,0,0,0,0
l4je9geq799c1.webp,9,9,3,3,1.0,adaptive,0.1577,0.0724,1,0.0724,0,0,0,0
l519z0l2ff0d1.webp,1,1,3,3,1.0,adaptive,0.1931,0.0795,1,0.0795,0,0,0,0
l519z0l2ff0d1.webp,1,2,9,9,1.0,adaptive,0.1687,0.083,1,0.083,0,0,0,0
l519z0l2ff0d1.webp,1,3,7,7,1.0,adaptive,0.1575,0.0581,1,0.0581,0,0,0,0
l519z0l2ff0d1.webp,1,4,8,8,1.0,adaptive,0.1947,0.0949,1,0.0949,0,0,0,0
l519z0l2ff0d1.webp,1,7,5,5,1.0,adaptive,0.1845,0.0851,1,0.0851,0,0,0,0
l519z0l2ff0d1.webp,1,8,2,2,1.0,adaptive,0.1633,0.0776,1,0.0776,0,0,0,0
l519z0l2ff0d1.webp,2,1,8,8,1.0,adaptive,0.182,0.0961,1,0.0961,0,0,0,0
l519z0l2ff0d1.webp,2,3,5,5,1.0,adaptive,0.1526,0.083,1,0.083,0,0,0,0
l519z0l2ff0d1.webp,2,4,9,9,1.0,adaptive,0.1533,0.0839,1,0.0839,0,0,0,0
l519z0l2ff0d1.webp,3,1,2,2,1.0,adaptive,0.1751,0.0757,1,0.0757,0,0,0,0
l519z0l2ff0d1.webp,3,2,4,4,1.0,adaptive,0.1511,0.0816,1,0.0816,0,0,0,0
l519z0l2ff0d1.webp,3,4,5,5,1.0,adaptive,0.1662,0.0831,1,0.0831,0,0,0,0
l519z0l2ff0d1.webp,3,6,3,3,1.0,adaptive,0.1613,0.0789,1,0.0789,0,0,0,0
l519z0l2ff0d1.webp,3,7,7,7,1.0,adaptive,0.141,0.0575,1,0.0575,0,0,0,0
l519z0l2ff0d1.webp,3,8,9,9,1.0,adaptive,0.1542,0.0846,1,0.0846,0,0,0,0
l519z0l2ff0d1.webp,3,9,8,8,1.0,adaptive,0.1925,0.0931,1,0.0931,0,0,0,0
l519z0l2ff0d1.webp,4,1,1,1,0.9957,adaptive,0.1497,0.0501,1,0.0501,0,0,0,0
l519z0l2ff0d1.webp,4,2,5,5,1.0,adaptive,0.1382,0.0821,1,0.0821,0,0,0,0
l519z0l2ff0d1.webp,4,3,3,3,1.0,adaptive,0.1499,0.0793,1,0.0793,0,0,0,0
l519z0l2ff0d1.webp,4,4,7,7,1.0,adaptive,0.1392,0.057,1,0.057,0,0,0,0
l519z0l2ff0d1.webp,4,7,8,8,1.0,adaptive,0.174,0.0933,1,0.0933,0,0,0,0
l519z0l2ff0d1.webp,4,8,6,6,0.994,adaptive,0.1398,0.0841,1,0.0841,0,0,0,0
l519z0l2ff0d1.webp,4,9,4,4,1.0,adaptive,0.1764,0.0777,1,0.0777,0,0,0,0
l519z0l2ff0d1.webp,5,1,6,6,0.9986,adaptive,0.1696,0.0837,1,0.0837,0,0,0,0
l519z0l2ff0d1.webp,5,4,4,4,1.0,adaptive,0.135,0.0805,1,0.0805,0,0,0,0
l519z0l2ff0d1.webp,5,5,3,3,1.0,adaptive,0.1352,0.0826,1,0.0826,0,0,0,0
l519z0l2ff0d1.webp,5,6,5,5,1.0,adaptive,0.1481,0.0819,1,0.0819,0,0,0,0
l519z0l2ff0d1.webp,5,7,1,1,0.9972,adaptive,0.1192,0.0493,1,0.0493,0,0,0,0
l519z0l2ff0d1.webp,5,8,7,7,1.0,adaptive,0.1143,0.0579,1,0.0579,0,0,0,0
l519z0l2ff0d1.webp,5,9,9,9,1.0,adaptive,0.1689,0.083,1,0.083,0,0,0,0
l519z0l2ff0d1.webp,6,1,9,9,1.0,adaptive,0.1836,0.0838,1,0.0838,0,0,0,0
l519z0l2ff0d1.webp,6,2,7,7,1.0,adaptive,0.1273,0.0581,1,0.0581,0,0,0,0
l519z0l2ff0d1.webp,6,3,4,4,1.0,adaptive,0.1588,0.0755,1,0.0755,0,0,0,0
l519z0l2ff0d1.webp,6,4,1,1,0.9896,adaptive,0.1308,0.0495,1,0.0495,0,0,0,0
l519z0l2ff0d1.webp,6,5,8,8,1.0,adaptive,0.1508,0.0954,1,0.0954,0,0,0,0
l519z0l2ff0d1.webp,6,6,6,6,0.9983,adaptive,0.1637,0.0826,1,0.0826,0,0,0,0
l519z0l2ff0d1.webp,6,7,2,2,1.0,adaptive,0.1588,0.0755,1,0.0755,0,0,0,0
l519z0l2ff0d1.webp,7,1,7,7,1.0,adaptive,0.1553,0.0559,1,0.0559,0,0,0,0
l519z0l2ff0d1.webp,7,4,2,2,1.0,adaptive,0.1564,0.0737,1,0.0737,0,0,0,0
l519z0l2ff0d1.webp,7,5,5,5,1.0,adaptive,0.1493,0.0819,1,0.0819,0,0,0,0
l519z0l2ff0d1.webp,7,7,3,3,1.0,adaptive,0.1637,0.0804,1,0.0804,0,0,0,0
l519z0l2ff0d1.webp,8,1,4,4,1.0,adaptive,0.1621,0.0764,1,0.0764,0,0,0,0
l519z0l2ff0d1.webp,8,2,3,3,1.0,adaptive,0.1393,0.0822,1,0.0822,0,0,0,0
l519z0l2ff0d1.webp,8,4,6,6,0.9972,adaptive,0.1524,0.0832,1,0.0832,0,0,0,0
l519z0l2ff0d1.webp,8,7,9,9,1.0,adaptive,0.1531,0.0832,1,0.0832,0,0,0,0
l519z0l2ff0d1.webp,9,1,5,5,1.0,adaptive,0.1965,0.0829,1,0.0829,0,0,0,0
l519z0l2ff0d1.webp,9,4,3,3,1.0,adaptive,0.1816,0.0818,1,0.0818,0,0,0,0
lajh68xmqffc1.png,1,1,3,3,1.0,adaptive,0.1105,0.0466,2,0.0466,0,1,0,0
lajh68xmqffc1.png,1,4,9,9,1.0,adaptive,0.1421,0.0673,1,0.0673,0,0,0,0
lajh68xmqffc1.png,1,6,8,8,1.0,adaptive,0.1568,0.0691,1,0.0691,0,0,0,0
lajh68xmqffc1.png,1,7,7,7,0.9999,adaptive,0.098,0.0379,1,0.0379,0,0,0,0
lajh68xmqffc1.png,1,8,1,1,0.9996,adaptive,0.0925,0.0337,1,0.0337,0,0,0,0
lajh68xmqffc1.png,1,9,5,5,1.0,adaptive,0.1276,0.0579,1,0.0579,0,0,0,0
lajh68xmqffc1.png,2,1,1,1,0.9997,adaptive,0.078,0.0344,2,0.0344,0,1,0,0
lajh68xmqffc1.png,2,3,7,7,0.9999,adaptive,0.0819,0.0511,1,0.0511,0,0,0,0
lajh68xmqffc1.png,2,4,2,2,1.0,adaptive,0.0875,0.0495,1,0.0495,0,0,0,0
lajh68xmqffc1.png,2,5,5,5,1.0,adaptive,0.0654,0.0576,1,0.0576,0,0,0,0
lajh68xmqffc1.png,2,6,3,3,1.0,adaptive,0.0898,0.0457,1,0.0457,0,0,0,0
lajh68xmqffc1.png,2,9,9,9,1.0,adaptive,0.1018,0.0708,1,0.0708,0,0,0,0
lajh68xmqffc1.png,3,2,9,9,0.9998,adaptive,0.1219,0.0565,1,0.0565,0,0,0,0
lajh68xmqffc1.png,3,3,5,5,0.9999,adaptive,0.1014,0.0468,1,0.0468,0,0,0,0
lajh68xmqffc1.png,3,4,7,7,1.0,adaptive,0.1067,0.039,1,0.039,0,0,0,0
lajh68xmqffc1.png,3,6,1,1,0.9996,adaptive,0.1265,0.0515,1,0.0515,0,0,0,0
lajh68xmqffc1.png,4,1,7,7,0.9998,adaptive,0.1163,0.0515,1,0.0515,0,0,0,0
lajh68xmqffc1.png,4,2,1,1,0.9997,adaptive,0.0954,0.0525,1,0.0525,0,0,0,0
lajh68xmqffc1.png,4,3,4,4,1.0,adaptive,0.0902,0.0495,1,0.0495,0,0,0,0
lajh68xmqffc1.png,4,4,5,5,1.0,adaptive,0.1127,0.0573,1,0.0573,0,0,0,0
lajh68xmqffc1.png,4,5,8,8,1.0,adaptive,0.0864,0.0615,1,0.0615,0,0,0,0
lajh68xmqffc1.png,4,6,9,9,0.9998,adaptive,0.1056,0.0544,1,0.0544,0,0,0,0
lajh68xmqffc1.png,4,9,3,3,1.0,adaptive,0.0996,0.0452,1,0.0452,0,0,0,0
lajh68xmqffc1.png,5,1,9,9,0.9999,adaptive,0.1346,0.0697,1,0.0697,0,0,0,0
lajh68xmqffc1.png,5,4,3,3,1.0,adaptive,0.1167,0.0586,1,0.0586,0,0,0,0
lajh68xmqffc1.png,5,5,7,7,1.0,adaptive,0.073,0.0402,1,0.0402,0,0,0,0
lajh68xmqffc1.png,5,8,5,5,1.0,adaptive,0.1022,0.0581,1,0.0581,0,0,0,0
lajh68xmqffc1.png,5,9,1,1,0.9993,adaptive,0.0923,0.0498,1,0.0498,0,0,0,0
lajh68xmqffc1.png,6,1,5,5,0.9996,adaptive,0.1136,0.0474,2,0.0474,0,1,0,0
lajh68xmqffc1.png,6,3,3,3,1.0,adaptive,0.1005,0.0559,2,0.0559,0,1,0,0
lajh68xmqffc1.png,6,4,1,1,0.9998,adaptive,0.0855,0.0348,2,0.0348,0,1,0,0
lajh68xmqffc1.png,6,5,2,2,1.0,adaptive,0.0963,0.052,2,0.052,0,1,0,0
lajh68xmqffc1.png,6,7,9,9,0.9997,adaptive,0.1227,0.0532,2,0.0532,0,1,0,0
lajh68xmqffc1.png,6,9,7,7,0.9999,adaptive,0.1207,0.0508,2,0.0508,0,1,0,0
lajh68xmqffc1.png,7,1,4,4,0.9997,adaptive,0.1263,0.0597,2,0.0597,0,1,0,0
lajh68xmqffc1.png,7,2,5,5,1.0,adaptive,0.0896,0.059,2,0.059,0,1,0,0
lajh68xmqffc1.png,7,5,3,3,0.9999,adaptive,0.0821,0.0572,2,0.0572,0,1,0,0
lajh68xmqffc1.png,7,6,7,7,0.9999,adaptive,0.0833,0.0392,2,0.0392,0,1,0,0
lajh68xmqffc1.png,7,7,1,1,0.9995,adaptive,0.0775,0.0341,2,0.0341,0,1,0,0
lajh68xmqffc1.png,7,8,9,9,0.9993,adaptive,0.1002,0.0565,2,0.0565,0,1,0,0
lajh68xmqffc1.png,8,2,7,7,0.9982,adaptive,0.0813,0.0466,2,0.0466,0,1,0,0
lajh68xmqffc1.png,8,3,1,1,0.998,adaptive,0.1092,0.0525,2,0.0525,0,1,0,0
lajh68xmqffc1.png,8,4,4,4,1.0,adaptive,0.0884,0.0495,2,0.0495,0,1,0,0
lajh68xmqffc1.png,8,5,9,9,0.9997,adaptive,0.1054,0.0693,2,0.0693,0,1,0,0
lajh68xmqffc1.png,8,6,5,5,0.9999,adaptive,0.114,0.0466,2,0.0466,0,1,0,0
lajh68xmqffc1.png,8,9,6,6,0.9998,adaptive,0.1095,0.0547,2,0.0547,0,1,0,0
lajh68xmqffc1.png,9,2,3,3,1.0,adaptive,0.0936,0.0468,2,0.0468,0,1,0,0
lajh68xmqffc1.png,9,3,9,9,0.9998,adaptive,0.1357,0.0564,2,0.0564,0,1,0,0
lajh68xmqffc1.png,9,5,1,1,0.9943,adaptive,0.1079,0.0509,2,0.0509,0,1,0,0
lajh68xmqffc1.png,9,6,2,2,0.9999,adaptive,0.1448,0.0604,2,0.0604,0,1,0,0
lajh68xmqffc1.png,9,7,5,5,1.0,adaptive,0.1227,0.0564,2,0.0564,0,1,0,0
lajh68xmqffc1.png,9,8,7,7,0.9992,adaptive,0.121,0.0486,2,0.0486,0,1,0,0
lajh68xmqffc1.png,9,9,4,4,1.0,adaptive,0.1163,0.0492,2,0.0492,0,1,0,0
lb05uhl6tnbc1.webp,1,1,3,3,1.0,adaptive,0.1798,0.074,1,0.074,0,0,0,0
lb05uhl6tnbc1.webp,1,2,2,2,1.0,adaptive,0.135,0.0699,1,0.0699,0,0,0,0
lb05uhl6tnbc1.webp,1,3,4,4,1.0,adaptive,0.1508,0.0711,1,0.0711,0,0,0,0
lb05uhl6tnbc1.webp,1,4,0,0,0.992,adaptive,0.0998,0.0,0,0.0,0,0,0,0
lb05uhl6tnbc1.webp,1,5,9,9,0.9999,adaptive,0.1687,0.0846,2,0.0846,0,1,0,0
lb05uhl6tnbc1.webp,1,6,0,0,0.992,adaptive,0.0829,0.0,1,0.0,0,1,0,0
lb05uhl6tnbc1.webp,1,7,1,1,0.9878,adaptive,0.1397,0.0405,2,0.0405,0,1,0,0
lb05uhl6tnbc1.webp,1,8,6,6,0.9985,adaptive,0.1427,0.0841,2,0.0841,0,1,0,0
lb05uhl6tnbc1.webp,1,9,0,0,0.6282,adaptive,0.137,0.0907,2,0.0728,0,0,0,1
lb05uhl6tnbc1.webp,2,1,8,8,1.0,adaptive,0.1646,0.0882,1,0.0882,0,0,0,0
lb05uhl6tnbc1.webp,2,2,6,6,1.0,adaptive,0.135,0.0877,1,0.0877,0,0,0,0
lb05uhl6tnbc1.webp,2,3,0,0,0.992,adaptive,0.054,0.0,0,0.0,0,0,0,0
lb05uhl6tnbc1.webp,2,4,0,0,0.992,adaptive,0.0787,0.0,0,0.0,0,0,0,0
lb05uhl6tnbc1.webp,2,5,0,0,0.992,adaptive,0.0698,0.0,0,0.0,0,0,0,0
lb05uhl6tnbc1.webp,2,6,2,2,1.0,adaptive,0.14,0.0694,1,0.0694,0,0,0,0
lb05uhl6tnbc1.webp,2,7,4,4,0.9999,adaptive,0.1592,0.0712,2,0.0658,0,0,0,0
lb05uhl6tnbc1.webp,2,8,0,0,0.992,adaptive,0.0608,0.0,1,0.0,0,1,0,0
lb05uhl6tnbc1.webp,2,9,9,9,1.0,adaptive,0.1628,0.0839,2,0.0839,0,1,0,0
lb05uhl6tnbc1.webp,3,1,0,0,0.992,adaptive,0.0947,0.0,0,0.0,0,0,0,0
lb05uhl6tnbc1.webp,3,2,0,0,0.992,adaptive,0.0629,0.0,0,0.0,0,0,0,0
lb05uhl6tnbc1.webp,3,3,9,9,1.0,adaptive,0.1444,0.084,1,0.084,0,0,0,0
lb05uhl6tnbc1.webp,3,4,7,7,1.0,adaptive,0.1439,0.0519,1,0.0519,0,0,0,0
lb05uhl6tnbc1.webp,3,5,6,6,1.0,adaptive,0.1626,0.0848,1,0.0848,0,0,0,0
lb05uhl6tnbc1.webp,3,6,4,4,1.0,adaptive,0.1334,0.0675,1,0.0675,0,0,0,0
lb05uhl6tnbc1.webp,3,7,0,0,0.992,adaptive,0.0924,0.0,0,0.0,0,0,0,0
lb05uhl6tnbc1.webp,3,8,0,0,0.992,adaptive,0.0615,0.0,1,0.0,0,1,0,0
lb05uhl6tnbc1.webp,3,9,0,0,0.992,adaptive,0.0871,0.0,1,0.0,0,1,0,0
lb05uhl6tnbc1.webp,4,1,0,0,0.992,adaptive,0.0858,0.0,0,0.0,0,0,0,0
lb05uhl6tnbc1.webp,4,2,0,0,0.992,adaptive,0.064,0.0,0,0.0,0,0,0,0
lb05uhl6tnbc1.webp,4,3,0,0,0.992,adaptive,0.0757,0.0,0,0.0,0,0,0,0
lb05uhl6tnbc1.webp,4,4,8,8,1.0,adaptive,0.1885,0.086,1,0.086,0,0,0,0
lb05uhl6tnbc1.webp,4,5,0,0,0.992,adaptive,0.0934,0.0,0,0.0,0,0,0,0
lb05uhl6tnbc1.webp,4,6,0,0,0.992,adaptive,0.0947,0.0,0,0.0,0,0,0,0
lb05uhl6tnbc1.webp,4,7,0,0,0.992,adaptive,0.1132,0.0,0,0.0,0,0,0,0
lb05uhl6tnbc1.webp,4,8,0,0,0.992,adaptive,0.0721,0.0,0,0.0,0,0,0,0
lb05uhl6tnbc1.webp,4,9,0,0,0.992,adaptive,0.1105,0.0,1,0.0,0,1,0,0
lb05uhl6tnbc1.webp,5,1,0,0,0.992,adaptive,0.0572,0.0,0,0.0,0,0,0,0
lb05uhl6tnbc1.webp,5,2,8,8,1.0,adaptive,0.1194,0.0882,1,0.0882,0,0,0,0
lb05uhl6tnbc1.webp,5,3,1,1,0.9981,adaptive,0.088,0.0398,1,0.0398,0,0,0,0
lb05uhl6tnbc1.webp,5,4,0,0,0.992,adaptive,0.0855,0.0,0,0.0,0,0,0,0
lb05uhl6tnbc1.webp,5,5,4,4,1.0,adaptive,0.1426,0.0719,1,0.0719,0,0,0,0
lb05uhl6tnbc1.webp,5,6,9,9,1.0,adaptive,0.1759,0.0841,1,0.0841,0,0,0,0
lb05uhl6tnbc1.webp,5,7,0,0,0.992,adaptive,0.076,0.0,0,0.0,0,0,0,0
lb05uhl6tnbc1.webp,5,8,0,0,0.992,adaptive,0.0521,0.0,0,0.0,0,0,0,0
lb05uhl6tnbc1.webp,5,9,0,0,0.992,adaptive,0.0929,0.0,0,0.0,0,0,0,0
lb05uhl6tnbc1.webp,6,1,0,0,0.992,adaptive,0.0829,0.0,0,0.0,0,0,0,0
lb05uhl6tnbc1.webp,6,2,0,0,0.992,adaptive,0.0663,0.0,0,0.0,0,0,0,0
lb05uhl6tnbc1.webp,6,3,0,0,0.992,adaptive,0.078,0.0,0,0.0,0,0,0,0
lb05uhl6tnbc1.webp,6,4,0,0,0.992,adaptive,0.1114,0.0,0,0.0,0,0,0,0
lb05uhl6tnbc1.webp,6,5,5,5,1.0,adaptive,0.1671,0.0805,1,0.0805,0,0,0,0
lb05uhl6tnbc1.webp,6,6,6,6,0.9999,adaptive,0.178,0.0829,1,0.0829,0,0,0,0
lb05uhl6tnbc1.webp,6,7,0,0,0.992,adaptive,0.0878,0.0,0,0.0,0,0,0,0
lb05uhl6tnbc1.webp,6,8,9,9,0.9999,adaptive,0.1477,0.0846,1,0.0846,0,0,0,0
lb05uhl6tnbc1.webp,6,9,0,0,0.992,adaptive,0.0965,0.0,0,0.0,0,0,0,0
lb05uhl6tnbc1.webp,7,1,0,0,0.992,adaptive,0.0973,0.0,0,0.0,0,0,0,0
lb05uhl6tnbc1.webp,7,2,5,5,1.0,adaptive,0.1379,0.0798,1,0.0798,0,0,0,0
lb05uhl6tnbc1.webp,7,3,8,8,1.0,adaptive,0.1646,0.0858,1,0.0858,0,0,0,0
lb05uhl6tnbc1.webp,7,4,4,4,1.0,adaptive,0.1677,0.0679,1,0.0679,0,0,0,0
lb05uhl6tnbc1.webp,7,5,0,0,0.992,adaptive,0.073,0.0,0,0.0,0,0,0,0
lb05uhl6tnbc1.webp,7,6,0,0,0.992,adaptive,0.1074,0.0,0,0.0,0,0,0,0
lb05uhl6tnbc1.webp,7,7,9,9,1.0,adaptive,0.1811,0.0833,1,0.0833,0,0,0,0
lb05uhl6tnbc1.webp,7,8,1,1,0.9978,adaptive,0.1067,0.0398,1,0.0398,0,0,0,0
lb05uhl6tnbc1.webp,7,9,0,0,0.992,adaptive,0.1089,0.0,0,0.0,0,0,0,0
lb05uhl6tnbc1.webp,8,1,0,0,0.992,adaptive,0.0715,0.0,0,0.0,0,0,0,0
lb05uhl6tnbc1.webp,8,2,0,0,0.992,adaptive,0.05,0.0,0,0.0,0,0,0,0
lb05uhl6tnbc1.webp,8,3,2,2,1.0,adaptive,0.0959,0.0683,1,0.0683,0,0,0,0
lb05uhl6tnbc1.webp,8,4,0,0,0.992,adaptive,0.0801,0.0,0,0.0,0,0,0,0
lb05uhl6tnbc1.webp,8,5,1,1,0.9981,adaptive,0.0989,0.0409,1,0.0409,0,0,0,0
lb05uhl6tnbc1.webp,8,6,0,0,0.992,adaptive,0.0764,0.0,0,0.0,0,0,0,0
lb05uhl6tnbc1.webp,8,7,6,6,1.0,adaptive,0.1603,0.0853,1,0.0853,0,0,0,0
lb05uhl6tnbc1.webp,8,8,8,8,1.0,adaptive,0.1309,0.0859,1,0.0859,0,0,0,0
lb05uhl6tnbc1.webp,8,9,0,0,0.992,adaptive,0.0841,0.0,0,0.0,0,0,0,0
lb05uhl6tnbc1.webp,9,1,9,9,0.9999,adaptive,0.1871,0.0869,1,0.0869,0,0,0,0
lb05uhl6tnbc1.webp,9,2,0,0,0.992,adaptive,0.0654,0.0,0,0.0,0,0,0,0
lb05uhl6tnbc1.webp,9,3,7,7,1.0,adaptive,0.1497,0.0526,1,0.0526,0,0,0,0
lb05uhl6tnbc1.webp,9,4,6,6,0.9999,adaptive,0.1838,0.0833,1,0.0833,0,0,0,0
lb05uhl6tnbc1.webp,9,5,8,8,1.0,adaptive,0.1716,0.0862,1,0.0862,0,0,0,0
lb05uhl6tnbc1.webp,9,6,0,0,0.992,adaptive,0.0985,0.0,0,0.0,0,0,0,0
lb05uhl6tnbc1.webp,9,7,2,2,1.0,adaptive,0.1568,0.0704,1,0.0704,0,0,0,0
lb05uhl6tnbc1.webp,9,8,5,5,1.0,adaptive,0.1678,0.0776,1,0.0776,0,0,0,0
lb05uhl6tnbc1.webp,9,9,4,4,1.0,adaptive,0.1909,0.0675,1,0.0675,0,0,0,0
lhtoahbgxedc1.jpg,1,1,0,0,0.992,adaptive,0.1397,0.0,0,0.0,0,0,0,0
lhtoahbgxedc1.jpg,1,2,0,0,0.992,adaptive,0.1128,0.0,0,0.0,0,0,0,0
lhtoahbgxedc1.jpg,1,3,0,0,0.992,adaptive,0.1374,0.0,0,0.0,0,0,0,0
lhtoahbgxedc1.jpg,1,4,5,5,1.0,adaptive,0.2223,0.0858,1,0.0858,0,0,0,0
lhtoahbgxedc1.jpg,1,5,0,0,0.992,adaptive,0.0993,0.0,0,0.0,0,0,0,0
lhtoahbgxedc1.jpg,1,6,4,4,1.0,adaptive,0.2061,0.0686,1,0.0686,0,0,0,0
lhtoahbgxedc1.jpg,1,7,0,0,0.992,adaptive,0.1377,0.0,0,0.0,0,0,0,0
lhtoahbgxedc1.jpg,1,8,0,0,0.992,adaptive,0.1131,0.0,0,0.0,0,0,0,0
lhtoahbgxedc1.jpg,1,9,3,3,1.0,adaptive,0.2179,0.0831,1,0.0831,0,0,0,0
lhtoahbgxedc1.jpg,2,1,0,0,0.992,adaptive,0.1115,0.0,0,0.0,0,0,0,0
lhtoahbgxedc1.jpg,2,2,2,2,1.0,adaptive,0.1717,0.0843,1,0.0843,0,0,0,0
lhtoahbgxedc1.jpg,2,3,0,0,0.992,adaptive,0.114,0.0,0,0.0,0,0,0,0
lhtoahbgxedc1.jpg,2,4,0,0,0.992,adaptive,0.1147,0.0,0,0.0,0,0,0,0
lhtoahbgxedc1.jpg,2,5,0,0,0.992,adaptive,0.0739,0.0,0,0.0,0,0,0,0
lhtoahbgxedc1.jpg,2,6,0,0,0.992,adaptive,0.1151,0.0,0,0.0,0,0,0,0
lhtoahbgxedc1.jpg,2,7,0,0,0.992,adaptive,0.1142,0.0,0,0.0,0,0,0,0
lhtoahbgxedc1.jpg,2,8,7,7,1.0,adaptive,0.146,0.0581,1,0.0581,0,0,0,0
lhtoahbgxedc1.jpg,2,9,0,0,0.992,adaptive,0.1137,0.0,0,0.0,0,0,0,0
lhtoahbgxedc1.jpg,3,1,5,5,1.0,adaptive,0.2208,0.0824,1,0.0824,0,0,0,0
lhtoahbgxedc1.jpg,3,2,0,0,0.992,adaptive,0.1144,0.0,0,0.0,0,0,0,0
lhtoahbgxedc1.jpg,3,3,9,9,1.0,adaptive,0.2297,0.0913,1,0.0913,0,0,0,0
lhtoahbgxedc1.jpg,3,4,0,0,0.992,adaptive,0.1406,0.0,0,0.0,0,0,0,0
lhtoahbgxedc1.jpg,3,5,0,0,0.992,adaptive,0.1006,0.0,0,0.0,0,0,0,0
lhtoahbgxedc1.jpg,3,6,0,0,0.992,adaptive,0.1403,0.0,0,0.0,0,0,0,0
lhtoahbgxedc1.jpg,3,7,0,0,0.992,adaptive,0.1388,0.0,0,0.0,0,0,0,0
lhtoahbgxedc1.jpg,3,8,0,0,0.992,adaptive,0.1142,0.0,0,0.0,0,0,0,0
lhtoahbgxedc1.jpg,3,9,0,0,0.992,adaptive,0.1381,0.0,0,0.0,0,0,0,0
lhtoahbgxedc1.jpg,4,1,0,0,0.992,adaptive,0.1395,0.0,0,0.0,0,0,0,0
lhtoahbgxedc1.jpg,4,2,5,5,1.0,adaptive,0.1997,0.0855,1,0.0855,0,0,0,0
lhtoahbgxedc1.jpg,4,3,0,0,0.992,adaptive,0.1395,0.0,0,0.0,0,0,0,0
lhtoahbgxedc1.jpg,4,4,4,4,1.0,adaptive,0.2092,0.0691,1,0.0691,0,0,0,0
lhtoahbgxedc1.jpg,4,5,0,0,0.992,adaptive,0.1011,0.0,0,0.0,0,0,0,0
lhtoahbgxedc1.jpg,4,6,2,2,1.0,adaptive,0.2248,0.0842,1,0.0842,0,0,0,0
lhtoahbgxedc1.jpg,4,7,0,0,0.992,adaptive,0.1403,0.0,0,0.0,0,0,0,0
lhtoahbgxedc1.jpg,4,8,0,0,0.992,adaptive,0.1149,0.0,0,0.0,0,0,0,0
lhtoahbgxedc1.jpg,4,9,6,6,0.9997,adaptive,0.2294,0.0916,1,0.0916,0,0,0,0
lhtoahbgxedc1.jpg,5,1,0,0,0.992,adaptive,0.1119,0.0,0,0.0,0,0,0,0
lhtoahbgxedc1.jpg,5,2,0,0,0.992,adaptive,0.0861,0.0,0,0.0,0,0,0,0
lhtoahbgxedc1.jpg,5,3,3,3,1.0,adaptive,0.1961,0.0846,1,0.0846,0,0,0,0
lhtoahbgxedc1.jpg,5,4,0,0,0.992,adaptive,0.1122,0.0,0,0.0,0,0,0,0
lhtoahbgxedc1.jpg,5,5,0,0,0.992,adaptive,0.0707,0.0,0,0.0,0,0,0,0
lhtoahbgxedc1.jpg,5,6,0,0,0.992,adaptive,0.1024,0.0,0,0.0,0,0,0,0
lhtoahbgxedc1.jpg,5,7,2,2,1.0,adaptive,0.1857,0.0853,1,0.0853,0,0,0,0
lhtoahbgxedc1.jpg,5,8,0,0,0.992,adaptive,0.0735,0.0,0,0.0,0,0,0,0
lhtoahbgxedc1.jpg,5,9,0,0,0.992,adaptive,0.1004,0.0,0,0.0,0,0,0,0
lhtoahbgxedc1.jpg,6,1,6,6,0.9998,adaptive,0.2424,0.0918,1,0.0918,0,0,0,0
lhtoahbgxedc1.jpg,6,2,0,0,0.992,adaptive,0.1269,0.0,0,0.0,0,0,0,0
lhtoahbgxedc1.jpg,6,3,0,0,0.992,adaptive,0.1495,0.0,0,0.0,0,0,0,0
lhtoahbgxedc1.jpg,6,4,3,3,1.0,adaptive,0.2252,0.0833,1,0.0833,0,0,0,0
lhtoahbgxedc1.jpg,6,5,0,0,0.992,adaptive,0.1011,0.0,0,0.0,0,0,0,0
lhtoahbgxedc1.jpg,6,6,0,0,0.992,adaptive,0.141,0.0,0,0.0,0,0,0,0
lhtoahbgxedc1.jpg,6,7,0,0,0.992,adaptive,0.1408,0.0,0,0.0,0,0,0,0
lhtoahbgxedc1.jpg,6,8,1,1,0.9953,adaptive,0.1644,0.0495,1,0.0495,0,0,0,0
lhtoahbgxedc1.jpg,6,9,0,0,0.992,adaptive,0.1379,0.0,0,0.0,0,0,0,0
lhtoahbgxedc1.jpg,7,1,1,1,0.9954,adaptive,0.1856,0.0483,1,0.0483,0,0,0,0
lhtoahbgxedc1.jpg,7,2,0,0,0.992,adaptive,0.1135,0.0,0,0.0,0,0,0,0
lhtoahbgxedc1.jpg,7,3,0,0,0.992,adaptive,0.1323,0.0,0,0.0,0,0,0,0
lhtoahbgxedc1.jpg,7,4,0,0,0.992,adaptive,0.1276,0.0,0,0.0,0,0,0,0
lhtoahbgxedc1.jpg,7,5,0,0,0.992,adaptive,0.0864,0.0,0,0.0,0,0,0,0
lhtoahbgxedc1.jpg,7,6,0,0,0.992,adaptive,0.1283,0.0,0,0.0,0,0,0,0
lhtoahbgxedc1.jpg,7,7,3,3,1.0,adaptive,0.2114,0.084,1,0.084,0,0,0,0
lhtoahbgxedc1.jpg,7,8,0,0,0.992,adaptive,0.1006,0.0,0,0.0,0,0,0,0
lhtoahbgxedc1.jpg,7,9,8,8,1.0,adaptive,0.2326,0.0947,1,0.0947,0,0,0,0
lhtoahbgxedc1.jpg,8,1,0,0,0.992,adaptive,0.1131,0.0,0,0.0,0,0,0,0
lhtoahbgxedc1.jpg,8,2,8,8,1.0,adaptive,0.1823,0.0983,1,0.0983,0,0,0,0
lhtoahbgxedc1.jpg,8,3,0,0,0.992,adaptive,0.1015,0.0,0,0.0,0,0,0,0
lhtoahbgxedc1.jpg,8,4,0,0,0.992,adaptive,0.102,0.0,0,0.0,0,0,0,0
lhtoahbgxedc1.jpg,8,5,0,0,0.992,adaptive,0.0592,0.0,0,0.0,0,0,0,0
lhtoahbgxedc1.jpg,8,6,0,0,0.992,adaptive,0.102,0.0,0,0.0,0,0,0,0
lhtoahbgxedc1.jpg,8,7,0,0,0.992,adaptive,0.1099,0.0,0,0.0,0,0,0,0
lhtoahbgxedc1.jpg,8,8,5,5,1.0,adaptive,0.171,0.0838,1,0.0838,0,0,0,0
lhtoahbgxedc1.jpg,8,9,7,7,1.0,adaptive,0.1719,0.0581,1,0.0581,0,0,0,0
lhtoahbgxedc1.jpg,9,1,0,0,0.992,adaptive,0.1399,0.0,0,0.0,0,0,0,0
lhtoahbgxedc1.jpg,9,2,0,0,0.992,adaptive,0.114,0.0,0,0.0,0,0,0,0
lhtoahbgxedc1.jpg,9,3,0,0,0.992,adaptive,0.1401,0.0,0,0.0,0,0,0,0
lhtoahbgxedc1.jpg,9,4,9,9,1.0,adaptive,0.2326,0.0922,1,0.0922,0,0,0,0
lhtoahbgxedc1.jpg,9,5,0,0,0.992,adaptive,0.1004,0.0,0,0.0,0,0,0,0
lhtoahbgxedc1.jpg,9,6,6,6,1.0,adaptive,0.2319,0.0931,1,0.0931,0,0,0,0
lhtoahbgxedc1.jpg,9,7,0,0,0.992,adaptive,0.1383,0.0,0,0.0,0,0,0,0
lhtoahbgxedc1.jpg,9,8,0,0,0.992,adaptive,0.1144,0.0,0,0.0,0,0,0,0
lhtoahbgxedc1.jpg,9,9,0,0,0.992,adaptive,0.1401,0.0,0,0.0,0,0,0,0
lv93ppak54uc1.webp,1,1,5,5,1.0,adaptive,0.2012,0.0757,1,0.0757,0,0,0,0
lv93ppak54uc1.webp,1,2,2,2,1.0,adaptive,0.1703,0.085,1,0.085,0,0,0,0
lv93ppak54uc1.webp,1,3,8,8,1.0,adaptive,0.1945,0.1002,1,0.1002,0,0,0,0
lv93ppak54uc1.webp,1,4,7,7,1.0,adaptive,0.1628,0.0644,1,0.0644,0,0,0,0
lv93ppak54uc1.webp,1,5,4,4,0.9997,adaptive,0.1477,0.0746,1,0.0746,0,0,0,0
lv93ppak54uc1.webp,1,6,3,3,1.0,adaptive,0.1749,0.0751,1,0.0751,0,0,0,0
lv93ppak54uc1.webp,1,7,9,9,1.0,adaptive,0.19,0.0936,1,0.0936,0,0,0,0
lv93ppak54uc1.webp,1,8,1,1,1.0,adaptive,0.1545,0.0604,1,0.0604,0,0,0,0
lv93ppak54uc1.webp,1,9,6,6,0.9961,adaptive,0.2212,0.0947,1,0.0947,0,0,0,0
lv93ppak54uc1.webp,2,4,1,1,1.0,adaptive,0.1156,0.059,1,0.059,0,0,0,0
lv93ppak54uc1.webp,2,8,4,4,0.9996,adaptive,0.1182,0.0753,1,0.0753,0,0,0,0
lv93ppak54uc1.webp,2,9,2,2,1.0,adaptive,0.1705,0.0846,1,0.0846,0,0,0,0
lv93ppak54uc1.webp,3,4,2,2,0.9999,adaptive,0.18,0.084,2,0.084,0,1,0,0
lv93ppak54uc1.webp,3,5,6,6,0.9931,adaptive,0.1619,0.0968,2,0.0968,0,1,0,0
lv93ppak54uc1.webp,3,8,3,3,1.0,adaptive,0.1486,0.0773,2,0.0773,0,1,0,0
lv93ppak54uc1.webp,3,9,8,8,1.0,adaptive,0.2058,0.1022,2,0.1022,0,1,0,0
lv93ppak54uc1.webp,4,1,6,6,0.9894,adaptive,0.1813,0.0873,2,0.0873,0,1,0,0
lv93ppak54uc1.webp,4,2,3,3,1.0,adaptive,0.1253,0.0667,2,0.0667,0,1,0,0
lv93ppak54uc1.webp,4,3,5,5,0.9995,adaptive,0.1379,0.0695,2,0.0695,0,1,0,0
lv93ppak54uc1.webp,4,4,4,4,0.9923,adaptive,0.1439,0.0688,2,0.0688,0,1,0,0
lv93ppak54uc1.webp,4,5,7,7,0.9997,adaptive,0.1074,0.0547,2,0.0547,0,1,0,0
lv93ppak54uc1.webp,4,6,2,2,0.9999,adaptive,0.1519,0.0753,2,0.0753,0,1,0,0
lv93ppak54uc1.webp,4,7,1,1,0.9993,adaptive,0.1272,0.0537,2,0.0537,0,1,0,0
lv93ppak54uc1.webp,4,8,8,8,0.9996,adaptive,0.1463,0.0945,2,0.0945,0,1,0,0
lv93ppak54uc1.webp,4,9,9,9,0.9975,adaptive,0.1653,0.0864,2,0.0864,0,1,0,0
lv93ppak54uc1.webp,5,1,9,2,0.6476,adaptive,0.1888,0.0771,2,0.0771,0,1,0,0
lv93ppak54uc1.webp,5,4,3,3,0.9533,adaptive,0.1483,0.0574,3,0.0574,1,1,0,0
lv93ppak54uc1.webp,5,5,8,8,0.9844,adaptive,0.1474,0.0831,2,0.0831,0,1,0,0
lv93ppak54uc1.webp,5,6,6,6,0.9906,adaptive,0.1626,0.0769,2,0.0769,0,1,0,0
lv93ppak54uc1.webp,5,7,2,2,0.8621,adaptive,0.159,0.0608,3,0.0608,1,1,0,0
lv93ppak54uc1.webp,5,8,5,5,0.7772,adaptive,0.132,0.0608,2,0.0608,0,1,0,0
lv93ppak54uc1.webp,5,9,4,4,0.9969,adaptive,0.1592,0.0674,2,0.0674,0,1,0,0
lv93ppak54uc1.webp,6,1,2,2,0.72,adaptive,0.1996,0.0564,3,0.0564,1,1,0,0
lv93ppak54uc1.webp,6,2,8,8,0.9884,adaptive,0.1716,0.0755,3,0.0755,1,1,0,0
lv93ppak54uc1.webp,6,3,4,4,0.9966,adaptive,0.1822,0.0584,2,0.0584,0,1,0,0
lv93ppak54uc1.webp,6,5,1,1,0.9966,adaptive,0.1468,0.0439,2,0.0439,0,1,0,0
lv93ppak54uc1.webp,6,7,3,3,0.6185,adaptive,0.1827,0.0497,2,0.0497,0,1,0,0
lv93ppak54uc1.webp,6,8,6,6,0.9014,adaptive,0.1759,0.0726,2,0.0726,0,1,0,0
lv93ppak54uc1.webp,6,9,7,1,0.9583,adaptive,0.1758,0.0321,3,0.0321,1,1,0,0
lv93ppak54uc1.webp,7,3,9,5,0.8148,adaptive,0.196,0.088,4,0.0581,0,1,0,0
lv93ppak54uc1.webp,7,4,6,5,0.8056,adaptive,0.1472,0.0673,2,0.0673,0,1,0,0
lv93ppak54uc1.webp,7,5,3,3,0.6853,adaptive,0.1151,0.055,3,0.0466,0,1,0,0
lv93ppak54uc1.webp,7,6,7,1,0.9388,adaptive,0.1285,0.0283,3,0.0283,1,1,0,0
lv93ppak54uc1.webp,7,7,8,5,0.6543,adaptive,0.1686,0.0666,3,0.0666,1,1,0,0
lv93ppak54uc1.webp,7,8,2,2,0.9731,adaptive,0.1312,0.0613,3,0.052,0,1,0,0
lv93ppak54uc1.webp,7,9,5,5,0.6303,adaptive,0.1533,0.0599,3,0.051,0,1,0,0
lv93ppak54uc1.webp,8,6,1,1,0.8417,adaptive,0.1309,0.0441,3,0.0346,0,1,0,0
lv93ppak54uc1.webp,8,7,4,2,0.5851,adaptive,0.1576,0.0667,3,0.0491,0,1,0,0
lv93ppak54uc1.webp,8,8,9,5,0.5073,adaptive,0.1465,0.0762,3,0.0491,0,1,0,0
lv93ppak54uc1.webp,8,9,3,5,0.6301,adaptive,0.1443,0.0543,3,0.0409,0,1,0,0
lv93ppak54uc1.webp,9,2,5,5,0.6514,adaptive,0.2013,0.0857,3,0.0536,0,1,0,0
lv93ppak54uc1.webp,9,6,4,6,0.5233,adaptive,0.2854,0.1497,4,0.1089,1,1,0,0
lv93ppak54uc1.webp,9,7,6,5,0.6786,adaptive,0.1622,0.0405,2,0.0405,0,1,0,0
lv93ppak54uc1.webp,9,8,7,1,0.6958,adaptive,0.1079,0.0192,2,0.0192,0,1,0,0
lv93ppak54uc1.webp,9,9,1,5,0.8913,adaptive,0.192,0.0784,3,0.0501,0,1,0,0
lym0drgmnskc1.webp,1,1,7,0,0.992,adaptive,0.0733,0.0,41,0.0,41,0,0,0
lym0drgmnskc1.webp,1,2,3,0,0.6753,adaptive,0.1176,0.0262,46,0.0102,43,0,0,0
lym0drgmnskc1.webp,1,3,5,0,0.992,adaptive,0.0706,0.0,37,0.006,36,0,0,0
lym0drgmnskc1.webp,1,5,9,0,0.992,adaptive,0.0875,0.0,42,0.0,42,0,0,0
lym0drgmnskc1.webp,1,6,2,0,0.992,adaptive,0.0655,0.0,37,0.0,37,0,0,0
lym0drgmnskc1.webp,1,9,1,0,0.992,adaptive,0.059,0.0,38,0.0,38,0,0,0
lym0drgmnskc1.webp,2,1,1,0,0.3561,adaptive,0.1049,0.0283,32,0.0181,30,0,0,0
lym0drgmnskc1.webp,2,3,9,1,0.4349,adaptive,0.1606,0.0692,25,0.0692,22,0,0,1
lym0drgmnskc1.webp,2,5,3,9,0.4665,adaptive,0.2259,0.1522,15,0.0904,13,0,0,0
lym0drgmnskc1.webp,2,6,8,7,0.63,adaptive,0.128,0.0133,28,0.0133,27,0,0,0
lym0drgmnskc1.webp,2,7,5,0,0.581,adaptive,0.1416,0.0599,29,0.0409,26,0,0,1
lym0drgmnskc1.webp,2,8,2,0,0.992,adaptive,0.1171,0.0,30,0.006,27,0,0,0
lym0drgmnskc1.webp,2,9,7,8,0.4477,adaptive,0.1375,0.0459,25,0.0301,23,0,0,0
lym0drgmnskc1.webp,3,2,8,5,0.9403,adaptive,0.3261,0.2137,15,0.1033,5,0,0,1
lym0drgmnskc1.webp,3,3,2,5,0.934,adaptive,0.4052,0.2671,10,0.2094,4,0,0,1
lym0drgmnskc1.webp,3,4,1,5,0.6611,adaptive,0.2421,0.1089,22,0.053,15,0,0,1
lym0drgmnskc1.webp,3,5,5,5,0.907,adaptive,0.4288,0.22,9,0.22,6,1,0,1
lym0drgmnskc1.webp,3,6,7,3,0.4496,adaptive,0.3872,0.2731,7,0.229,1,0,0,1
lym0drgmnskc1.webp,3,7,9,5,0.249,adaptive,0.3301,0.209,20,0.1455,16,0,0,1
lym0drgmnskc1.webp,3,8,3,4,0.9985,adaptive,0.3471,0.2318,17,0.1425,10,0,0,1
lym0drgmnskc1.webp,4,1,3,5,0.9848,adaptive,0.333,0.1461,18,0.0737,11,1,1,1
lym0drgmnskc1.webp,4,2,7,3,0.5552,adaptive,0.3695,0.2155,11,0.1167,1,2,0,1
lym0drgmnskc1.webp,4,3,6,9,0.279,adaptive,0.4366,0.2519,10,0.1325,5,1,0,1
lym0drgmnskc1.webp,4,4,2,5,0.7999,adaptive,0.3814,0.2513,7,0.1998,2,1,0,0
lym0drgmnskc1.webp,4,5,8,3,0.2956,adaptive,0.391,0.1958,18,0.0945,9,2,0,1
lym0drgmnskc1.webp,4,6,1,7,0.3592,adaptive,0.3689,0.2225,8,0.182,2,1,0,1
lym0drgmnskc1.webp,4,7,4,9,0.6861,adaptive,0.3582,0.2043,14,0.0916,6,2,0,1
lym0drgmnskc1.webp,4,8,5,7,0.5361,adaptive,0.3449,0.218,12,0.1255,3,2,0,1
lym0drgmnskc1.webp,4,9,9,3,0.8374,adaptive,0.3272,0.1909,23,0.1205,15,0,0,1
lym0drgmnskc1.webp,5,1,2,5,0.9875,adaptive,0.3415,0.2112,18,0.1063,13,0,0,0
lym0drgmnskc1.webp,5,2,5,5,0.5368,adaptive,0.3689,0.2803,12,0.1752,5,0,0,1
lym0drgmnskc1.webp,5,3,4,6,0.3594,adaptive,0.3851,0.1904,23,0.1101,16,1,0,1
lym0drgmnskc1.webp,5,4,9,2,0.4308,adaptive,0.3611,0.2266,10,0.1248,5,0,0,1
lym0drgmnskc1.webp,5,5,7,8,0.4235,adaptive,0.4146,0.2247,17,0.1453,10,1,0,1
lym0drgmnskc1.webp,5,6,6,4,0.9445,adaptive,0.3736,0.2458,7,0.1323,2,0,0,1
lym0drgmnskc1.webp,5,7,3,6,0.3671,adaptive,0.2761,0.1298,16,0.0832,8,2,0,0
lym0drgmnskc1.webp,5,8,1,4,0.4655,adaptive,0.329,0.2541,13,0.1428,7,0,0,1
lym0drgmnskc1.webp,5,9,8,5,0.4737,adaptive,0.2544,0.1642,23,0.0991,17,0,0,1
lym0drgmnskc1.webp,6,1,8,0,0.4865,adaptive,0.1958,0.1083,26,0.0557,21,0,0,1
lym0drgmnskc1.webp,6,2,9,7,0.8419,adaptive,0.2429,0.1483,23,0.1395,20,0,0,1
lym0drgmnskc1.webp,6,3,1,2,0.3395,adaptive,0.3014,0.1974,17,0.1974,15,0,0,1
lym0drgmnskc1.webp,6,4,5,5,0.3208,adaptive,0.2996,0.2214,11,0.1871,6,0,0,1
lym0drgmnskc1.webp,6,5,4,3,0.6696,adaptive,0.2953,0.1721,14,0.1721,11,1,0,1
lym0drgmnskc1.webp,6,6,3,5,0.7484,adaptive,0.3143,0.2076,10,0.1891,6,0,0,1
lym0drgmnskc1.webp,6,8,7,0,0.5179,adaptive,0.2171,0.1058,24,0.0362,15,1,0,1
lym0drgmnskc1.webp,7,1,5,1,0.9402,adaptive,0.0991,0.014,33,0.014,32,0,0,0
lym0drgmnskc1.webp,7,2,2,5,0.4487,adaptive,0.2316,0.1488,22,0.1416,20,0,0,0
lym0drgmnskc1.webp,7,3,8,0,0.992,adaptive,0.0953,0.0,34,0.0,34,0,0,0
lym0drgmnskc1.webp,7,4,7,2,0.3865,adaptive,0.1894,0.1299,26,0.1141,23,0,0,0
lym0drgmnskc1.webp,7,5,6,0,0.992,adaptive,0.1653,0.0,34,0.0084,31,0,0,0
lym0drgmnskc1.webp,7,6,4,6,0.8843,adaptive,0.2223,0.1633,20,0.1401,18,0,0,0
lym0drgmnskc1.webp,7,7,1,0,0.992,adaptive,0.0965,0.0,38,0.0056,37,0,0,0
lym0drgmnskc1.webp,7,8,9,5,0.7604,adaptive,0.2992,0.192,17,0.0948,11,0,0,1
lym0drgmnskc1.webp,7,9,3,1,0.5153,adaptive,0.0715,0.0123,20,0.0123,19,0,0,0
lym0drgmnskc1.webp,8,1,9,5,0.398,adaptive,0.2922,0.1411,20,0.1072,16,1,0,0
lym0drgmnskc1.webp,8,3,7,5,0.5036,adaptive,0.2334,0.1183,10,0.076,4,1,0,0
lym0drgmnskc1.webp,8,4,3,8,0.317,adaptive,0.2397,0.1043,5,0.1043,3,1,0,0
lym0drgmnskc1.webp,8,5,1,0,0.56,adaptive,0.1933,0.096,9,0.096,7,1,0,0
lym0drgmnskc1.webp,8,6,5,6,0.2797,adaptive,0.2227,0.1018,9,0.0606,6,1,0,0
lym0drgmnskc1.webp,9,2,1,7,0.3766,adaptive,0.1461,0.0834,8,0.0834,7,0,0,0
lym0drgmnskc1.webp,9,3,3,4,0.7095,adaptive,0.1909,0.1016,6,0.0791,3,0,0,0
lym0drgmnskc1.webp,9,4,8,4,0.9383,adaptive,0.2865,0.141,6,0.141,5,0,0,0
lym0drgmnskc1.webp,9,5,2,4,0.9066,adaptive,0.2725,0.1395,2,0.1395,1,0,0,0
lym0drgmnskc1.webp,9,6,9,4,0.7011,adaptive,0.2938,0.1323,6,0.1323,5,0,0,0
lym0drgmnskc1.webp,9,7,7,4,0.6112,adaptive,0.1448,0.0976,4,0.092,2,0,0,0
lym0drgmnskc1.webp,9,9,5,7,0.5756,adaptive,0.1528,0.0806,5,0.072,3,0,0,0
m385bch1ntcc1.webp,1,1,7,7,1.0,adaptive,0.2032,0.0626,1,0.0626,0,0,0,0
m385bch1ntcc1.webp,1,2,4,4,1.0,adaptive,0.175,0.0744,1,0.0744,0,0,0,0
m385bch1ntcc1.webp,1,3,5,5,1.0,adaptive,0.207,0.0826,1,0.0826,0,0,0,0
m385bch1ntcc1.webp,1,4,8,8,1.0,adaptive,0.2172,0.0922,1,0.0922,0,0,0,0
m385bch1ntcc1.webp,1,5,9,9,0.9999,adaptive,0.2019,0.09,1,0.09,0,0,0,0
m385bch1ntcc1.webp,1,6,2,2,1.0,adaptive,0.2065,0.0815,1,0.0815,0,0,0,0
m385bch1ntcc1.webp,1,7,3,3,1.0,adaptive,0.2045,0.0802,1,0.0802,0,0,0,0
m385bch1ntcc1.webp,1,8,1,1,0.9999,adaptive,0.1601,0.0595,1,0.0595,0,0,0,0
m385bch1ntcc1.webp,1,9,6,6,0.9999,adaptive,0.227,0.0869,1,0.0869,0,0,0,0
m385bch1ntcc1.webp,2,3,2,2,1.0,adaptive,0.1551,0.0814,1,0.0814,0,0,0,0
m385bch1ntcc1.webp,2,4,7,7,1.0,adaptive,0.1366,0.0629,1,0.0629,0,0,0,0
m385bch1ntcc1.webp,2,6,4,4,1.0,adaptive,0.1728,0.0733,1,0.0733,0,0,0,0
m385bch1ntcc1.webp,3,6,1,1,1.0,adaptive,0.1555,0.0579,1,0.0579,0,0,0,0
m385bch1ntcc1.webp,3,7,4,4,1.0,adaptive,0.1738,0.0748,1,0.0748,0,0,0,0
m385bch1ntcc1.webp,4,3,6,6,0.9999,adaptive,0.1742,0.0887,1,0.0887,0,0,0,0
m385bch1ntcc1.webp,4,4,9,9,0.9999,adaptive,0.174,0.0887,1,0.0887,0,0,0,0
m385bch1ntcc1.webp,4,5,4,4,1.0,adaptive,0.1606,0.0751,1,0.0751,0,0,0,0
m385bch1ntcc1.webp,4,6,5,5,1.0,adaptive,0.182,0.0829,1,0.0829,0,0,0,0
m385bch1ntcc1.webp,5,3,4,4,1.0,adaptive,0.1603,0.0744,1,0.0744,0,0,0,0
m385bch1ntcc1.webp,5,4,2,2,1.0,adaptive,0.1678,0.0821,1,0.0821,0,0,0,0
m385bch1ntcc1.webp,5,6,6,6,0.9999,adaptive,0.1882,0.0886,1,0.0886,0,0,0,0
m385bch1ntcc1.webp,5,9,1,1,0.9999,adaptive,0.173,0.0602,1,0.0602,0,0,0,0
m385bch1ntcc1.webp,6,6,8,8,1.0,adaptive,0.1922,0.0933,1,0.0933,0,0,0,0
m385bch1ntcc1.webp,7,3,8,8,1.0,adaptive,0.192,0.0936,1,0.0936,0,0,0,0
m385bch1ntcc1.webp,7,5,2,2,1.0,adaptive,0.1787,0.0828,1,0.0828,0,0,0,0
m385bch1ntcc1.webp,7,6,7,7,1.0,adaptive,0.1735,0.0628,1,0.0628,0,0,0,0
m385bch1ntcc1.webp,7,8,3,3,1.0,adaptive,0.1685,0.0819,1,0.0819,0,0,0,0
m385bch1ntcc1.webp,7,9,4,4,1.0,adaptive,0.2007,0.0744,1,0.0744,0,0,0,0
m385bch1ntcc1.webp,8,2,3,3,1.0,adaptive,0.1683,0.0822,1,0.0822,0,0,0,0
m385bch1ntcc1.webp,8,3,1,1,1.0,adaptive,0.1441,0.059,1,0.059,0,0,0,0
m385bch1ntcc1.webp,8,4,4,4,1.0,adaptive,0.1601,0.0733,1,0.0733,0,0,0,0
m385bch1ntcc1.webp,8,6,9,9,1.0,adaptive,0.1872,0.0886,1,0.0886,0,0,0,0
m385bch1ntcc1.webp,9,1,4,4,1.0,adaptive,0.2,0.0722,1,0.0722,0,0,0,0
m385bch1ntcc1.webp,9,2,2,2,1.0,adaptive,0.1667,0.0805,1,0.0805,0,0,0,0
m385bch1ntcc1.webp,9,3,7,7,1.0,adaptive,0.1711,0.0608,1,0.0608,0,0,0,0
m385bch1ntcc1.webp,9,4,6,6,0.9999,adaptive,0.1869,0.0887,1,0.0887,0,0,0,0
m385bch1ntcc1.webp,9,6,3,3,1.0,adaptive,0.1902,0.0793,1,0.0793,0,0,0,0
m385bch1ntcc1.webp,9,8,5,5,1.0,adaptive,0.1705,0.0848,1,0.0848,0,0,0,0
m385bch1ntcc1.webp,9,9,9,9,0.9999,adaptive,0.2156,0.0884,1,0.0884,0,0,0,0
mhreends0uvc1.webp,1,1,8,8,1.0,adaptive,0.1423,0.0711,1,0.0711,0,0,0,0
mhreends0uvc1.webp,1,3,1,1,0.9995,adaptive,0.0744,0.0301,1,0.0301,0,0,0,0
mhreends0uvc1.webp,1,6,5,5,1.0,adaptive,0.123,0.0646,1,0.0646,0,0,0,0
mhreends0uvc1.webp,1,7,6,6,0.9998,adaptive,0.1272,0.0715,1,0.0715,0,0,0,0
mhreends0uvc1.webp,1,8,2,2,1.0,adaptive,0.0866,0.0568,1,0.0568,0,0,0,0
mhreends0uvc1.webp,1,9,9,9,0.9999,adaptive,0.143,0.0711,1,0.0711,0,0,0,0
mhreends0uvc1.webp,2,1,3,3,1.0,adaptive,0.1056,0.0608,1,0.0608,0,0,0,0
mhreends0uvc1.webp,2,3,9,9,0.9999,adaptive,0.0907,0.0739,1,0.0739,0,0,0,0
mhreends0uvc1.webp,2,5,2,2,1.0,adaptive,0.0725,0.0583,1,0.0583,0,0,0,0
mhreends0uvc1.webp,2,7,1,1,0.9973,adaptive,0.0785,0.036,1,0.036,0,0,0,0
mhreends0uvc1.webp,2,8,5,5,1.0,adaptive,0.1102,0.0668,1,0.0668,0,0,0,0
mhreends0uvc1.webp,2,9,8,8,1.0,adaptive,0.1038,0.0728,1,0.0728,0,0,0,0
mhreends0uvc1.webp,3,1,2,2,1.0,adaptive,0.1268,0.0561,1,0.0561,0,0,0,0
mhreends0uvc1.webp,3,2,5,5,1.0,adaptive,0.0943,0.0647,1,0.0647,0,0,0,0
mhreends0uvc1.webp,3,3,6,6,0.9998,adaptive,0.1129,0.0708,1,0.0708,0,0,0,0
mhreends0uvc1.webp,3,4,8,8,1.0,adaptive,0.1432,0.0735,1,0.0735,0,0,0,0
mhreends0uvc1.webp,3,5,9,9,0.9999,adaptive,0.1183,0.0737,1,0.0737,0,0,0,0
mhreends0uvc1.webp,3,6,1,1,0.9987,adaptive,0.1063,0.0368,1,0.0368,0,0,0,0
mhreends0uvc1.webp,3,7,3,3,1.0,adaptive,0.1328,0.0635,1,0.0635,0,0,0,0
mhreends0uvc1.webp,3,8,7,7,1.0,adaptive,0.0979,0.0418,1,0.0418,0,0,0,0
mhreends0uvc1.webp,3,9,4,4,0.9999,adaptive,0.1392,0.055,1,0.055,0,0,0,0
mhreends0uvc1.webp,4,1,0,0,0.992,adaptive,0.072,0.0,0,0.0,0,0,0,0
mhreends0uvc1.webp,4,2,3,3,1.0,adaptive,0.118,0.0622,1,0.0622,0,0,0,0
mhreends0uvc1.webp,4,3,2,2,1.0,adaptive,0.1132,0.0561,1,0.0561,0,0,0,0
mhreends0uvc1.webp,4,4,4,4,1.0,adaptive,0.1163,0.0575,1,0.0575,0,0,0,0
mhreends0uvc1.webp,4,5,7,7,1.0,adaptive,0.0721,0.0416,1,0.0416,0,0,0,0
mhreends0uvc1.webp,4,6,0,0,0.992,adaptive,0.0588,0.0,0,0.0,0,0,0,0
mhreends0uvc1.webp,4,7,0,0,0.992,adaptive,0.057,0.0,0,0.0,0,0,0,0
mhreends0uvc1.webp,4,8,0,0,0.992,adaptive,0.0427,0.0,0,0.0,0,0,0,0
mhreends0uvc1.webp,4,9,6,6,0.9997,adaptive,0.1461,0.0735,1,0.0735,0,0,0,0
mhreends0uvc1.webp,5,1,5,5,1.0,adaptive,0.1095,0.0647,1,0.0647,0,0,0,0
mhreends0uvc1.webp,5,2,0,0,0.992,adaptive,0.0287,0.0,0,0.0,0,0,0,0
mhreends0uvc1.webp,5,3,8,8,1.0,adaptive,0.102,0.0726,1,0.0726,0,0,0,0
mhreends0uvc1.webp,5,4,1,1,0.9976,adaptive,0.0676,0.0373,1,0.0373,0,0,0,0
mhreends0uvc1.webp,5,5,0,0,0.992,adaptive,0.0009,0.0,0,0.0,0,0,0,0
mhreends0uvc1.webp,5,6,2,2,1.0,adaptive,0.0891,0.0586,1,0.0586,0,0,0,0
mhreends0uvc1.webp,5,7,4,4,1.0,adaptive,0.0859,0.055,1,0.055,0,0,0,0
mhreends0uvc1.webp,5,8,0,0,0.992,adaptive,0.0138,0.0,0,0.0,0,0,0,0
mhreends0uvc1.webp,5,9,7,7,1.0,adaptive,0.0859,0.0412,1,0.0412,0,0,0,0
mhreends0uvc1.webp,6,1,7,7,1.0,adaptive,0.1138,0.0419,1,0.0419,0,0,0,0
mhreends0uvc1.webp,6,4,0,0,0.992,adaptive,0.0588,0.0,0,0.0,0,0,0,0
mhreends0uvc1.webp,6,5,3,3,1.0,adaptive,0.0927,0.0626,1,0.0626,0,0,0,0
mhreends0uvc1.webp,6,6,8,8,1.0,adaptive,0.1328,0.0744,1,0.0744,0,0,0,0
mhreends0uvc1.webp,6,7,9,9,0.9999,adaptive,0.1283,0.0708,1,0.0708,0,0,0,0
mhreends0uvc1.webp,6,8,0,0,0.992,adaptive,0.0421,0.0,0,0.0,0,0,0,0
mhreends0uvc1.webp,6,9,2,2,1.0,adaptive,0.1294,0.057,1,0.057,0,0,0,0
mhreends0uvc1.webp,7,2,2,2,1.0,adaptive,0.1257,0.0565,1,0.0565,0,0,0,0
mhreends0uvc1.webp,7,5,0,0,0.992,adaptive,0.0448,0.0,0,0.0,0,0,0,0
mhreends0uvc1.webp,7,6,3,3,1.0,adaptive,0.1317,0.0628,1,0.0628,0,0,0,0
mhreends0uvc1.webp,7,7,0,0,0.992,adaptive,0.0691,0.0,0,0.0,0,0,0,0
mhreends0uvc1.webp,7,8,6,6,0.9997,adaptive,0.13,0.0739,1,0.0739,0,0,0,0
mhreends0uvc1.webp,7,9,0,0,0.992,adaptive,0.084,0.0,0,0.0,0,0,0,0
mhreends0uvc1.webp,8,5,8,8,1.0,adaptive,0.1049,0.0758,1,0.0758,0,0,0,0
mhreends0uvc1.webp,8,6,7,7,1.0,adaptive,0.0726,0.0423,1,0.0423,0,0,0,0
mhreends0uvc1.webp,8,7,0,0,0.992,adaptive,0.0305,0.0,0,0.0,0,0,0,0
mhreends0uvc1.webp,8,8,4,4,0.9999,adaptive,0.0712,0.0565,1,0.0565,0,0,0,0
mhreends0uvc1.webp,8,9,0,0,0.992,adaptive,0.0452,0.0,0,0.0,0,0,0,0
mhreends0uvc1.webp,9,1,0,0,0.992,adaptive,0.0855,0.0,0,0.0,0,0,0,0
mhreends0uvc1.webp,9,2,8,8,1.0,adaptive,0.1171,0.0724,1,0.0724,0,0,0,0
mhreends0uvc1.webp,9,3,3,3,1.0,adaptive,0.145,0.0606,1,0.0606,0,0,0,0
mhreends0uvc1.webp,9,4,2,2,1.0,adaptive,0.1294,0.057,1,0.057,0,0,0,0
mhreends0uvc1.webp,9,5,5,5,1.0,adaptive,0.1101,0.0651,1,0.0651,0,0,0,0
mhreends0uvc1.webp,9,6,0,0,0.992,adaptive,0.0724,0.0,0,0.0,0,0,0,0
mhreends0uvc1.webp,9,7,7,7,1.0,adaptive,0.1149,0.0405,1,0.0405,0,0,0,0
mhreends0uvc1.webp,9,8,9,9,1.0,adaptive,0.1305,0.0728,1,0.0728,0,0,0,0
mhreends0uvc1.webp,9,9,0,0,0.992,adaptive,0.086,0.0,0,0.0,0,0,0,0
mizumbutz7pc1.webp,1,2,8,8,1.0,adaptive,0.2929,0.1811,3,0.1036,0,0,0,1
mizumbutz7pc1.webp,1,3,4,4,0.9997,adaptive,0.225,0.1472,3,0.1165,0,1,0,0
mizumbutz7pc1.webp,1,5,6,6,1.0,adaptive,0.2135,0.1642,2,0.1192,0,0,0,0
mizumbutz7pc1.webp,1,6,7,7,1.0,adaptive,0.1559,0.1234,1,0.1234,0,0,0,0
mizumbutz7pc1.webp,1,7,9,9,1.0,adaptive,0.2188,0.1606,3,0.1192,0,1,0,0
mizumbutz7pc1.webp,1,9,3,3,0.9996,adaptive,0.198,0.1635,1,0.1635,0,0,0,0
mizumbutz7pc1.webp,2,1,6,6,1.0,adaptive,0.1793,0.1635,2,0.1174,0,0,0,0
mizumbutz7pc1.webp,2,2,9,9,1.0,adaptive,0.2275,0.177,2,0.1297,0,0,0,0
mizumbutz7pc1.webp,2,4,3,3,0.9982,adaptive,0.2379,0.185,2,0.185,0,1,0,0
mizumbutz7pc1.webp,2,8,7,7,1.0,adaptive,0.14,0.14,1,0.14,0,0,0,0
mizumbutz7pc1.webp,3,2,3,3,0.9994,adaptive,0.185,0.1818,1,0.1818,0,0,0,0
mizumbutz7pc1.webp,3,3,7,7,1.0,adaptive,0.1354,0.1354,1,0.1354,0,0,0,0
mizumbutz7pc1.webp,3,8,6,6,1.0,adaptive,0.197,0.1497,3,0.1097,0,1,0,0
mizumbutz7pc1.webp,4,1,3,3,0.9994,adaptive,0.2537,0.1865,1,0.1865,0,0,0,0
mizumbutz7pc1.webp,4,2,7,7,1.0,adaptive,0.1533,0.1511,1,0.1511,0,0,0,0
mizumbutz7pc1.webp,4,4,9,9,0.9999,adaptive,0.227,0.1769,3,0.1312,0,1,0,0
mizumbutz7pc1.webp,4,5,8,8,1.0,adaptive,0.2047,0.1459,4,0.0819,0,1,0,1
mizumbutz7pc1.webp,4,6,6,6,1.0,adaptive,0.2154,0.1542,4,0.1129,1,1,0,0
mizumbutz7pc1.webp,4,8,4,4,0.9999,adaptive,0.1332,0.1223,2,0.0945,0,0,0,0
mizumbutz7pc1.webp,5,1,8,8,1.0,adaptive,0.2139,0.1538,3,0.0873,0,0,0,1
mizumbutz7pc1.webp,5,3,5,5,1.0,adaptive,0.1728,0.1673,1,0.1673,0,0,0,0
mizumbutz7pc1.webp,5,5,7,7,0.9998,adaptive,0.1258,0.0955,1,0.0955,0,0,0,0
mizumbutz7pc1.webp,5,7,6,6,1.0,adaptive,0.2583,0.1581,4,0.114,0,2,0,0
mizumbutz7pc1.webp,5,8,3,3,0.9967,adaptive,0.2057,0.1575,6,0.1499,3,0,0,1
mizumbutz7pc1.webp,5,9,9,9,0.9991,adaptive,0.209,0.1497,3,0.0975,0,0,0,0
mizumbutz7pc1.webp,6,1,4,4,1.0,adaptive,0.1869,0.1412,2,0.1096,0,0,0,0
mizumbutz7pc1.webp,6,2,6,6,1.0,adaptive,0.1922,0.1755,2,0.1321,0,0,0,0
mizumbutz7pc1.webp,6,3,9,9,0.9997,adaptive,0.2065,0.1539,2,0.1116,0,0,0,0
mizumbutz7pc1.webp,6,5,3,3,0.9974,adaptive,0.2126,0.1416,2,0.1416,0,1,0,0
mizumbutz7pc1.webp,6,7,8,8,0.9709,adaptive,0.2773,0.2161,5,0.0809,1,0,0,1
mizumbutz7pc1.webp,6,9,7,7,0.874,adaptive,0.1546,0.0697,3,0.0573,0,1,0,0
mizumbutz7pc1.webp,7,1,7,7,1.0,adaptive,0.1664,0.1283,1,0.1283,0,0,0,0
mizumbutz7pc1.webp,7,2,5,5,1.0,adaptive,0.1918,0.1845,1,0.1845,0,0,0,0
mizumbutz7pc1.webp,7,3,6,6,1.0,adaptive,0.2098,0.1686,3,0.1243,0,1,0,0
mizumbutz7pc1.webp,7,4,8,8,1.0,adaptive,0.2279,0.1308,5,0.0686,0,2,0,1
mizumbutz7pc1.webp,7,5,4,4,0.9891,adaptive,0.2137,0.1441,7,0.0719,1,1,0,1
mizumbutz7pc1.webp,7,6,3,3,0.9956,adaptive,0.1925,0.1477,4,0.141,1,0,0,1
mizumbutz7pc1.webp,7,7,2,2,0.9991,adaptive,0.2332,0.1372,4,0.11,0,1,0,0
mizumbutz7pc1.webp,7,8,9,9,0.6814,adaptive,0.1798,0.1289,3,0.0785,0,0,0,0
mizumbutz7pc1.webp,7,9,1,0,0.3777,adaptive,0.1136,0.0691,2,0.0457,0,0,0,0
mizumbutz7pc1.webp,8,1,9,9,0.9999,adaptive,0.2096,0.1886,2,0.142,0,0,0,0
mizumbutz7pc1.webp,8,2,4,4,1.0,adaptive,0.1563,0.1421,2,0.1097,0,0,0,0
mizumbutz7pc1.webp,8,3,8,8,0.9999,adaptive,0.2144,0.1316,6,0.0706,1,2,0,0
mizumbutz7pc1.webp,8,4,7,7,0.8267,adaptive,0.1811,0.0941,2,0.0941,0,1,0,0
mizumbutz7pc1.webp,8,7,3,5,0.8751,adaptive,0.23,0.1289,4,0.0979,1,1,0,0
mizumbutz7pc1.webp,8,8,5,5,0.9972,adaptive,0.228,0.1364,4,0.1072,0,1,0,0
mizumbutz7pc1.webp,8,9,6,5,0.849,adaptive,0.1897,0.1147,4,0.0504,1,0,0,0
mizumbutz7pc1.webp,9,3,3,3,0.9989,adaptive,0.2038,0.1435,2,0.1435,0,1,0,0
mizumbutz7pc1.webp,9,4,6,6,0.9955,adaptive,0.2232,0.1867,3,0.0835,0,0,0,0
mizumbutz7pc1.webp,9,7,7,6,0.3459,adaptive,0.1252,0.0461,2,0.0461,0,0,1,0
mizumbutz7pc1.webp,9,8,8,6,0.4233,adaptive,0.1536,0.069,3,0.038,0,1,0,0
mizumbutz7pc1.webp,9,9,4,4,0.4051,adaptive,0.266,0.1475,5,0.0746,2,0,0,0
mkrgdqizttdc1.webp,1,1,6,6,0.9999,adaptive,0.1662,0.0802,1,0.0802,0,0,0,0
mkrgdqizttdc1.webp,1,2,7,7,1.0,adaptive,0.1085,0.0509,1,0.0509,0,0,0,0
mkrgdqizttdc1.webp,1,3,2,2,1.0,adaptive,0.1397,0.0673,1,0.0673,0,0,0,0
mkrgdqizttdc1.webp,1,4,5,5,1.0,adaptive,0.1644,0.0784,1,0.0784,0,0,0,0
mkrgdqizttdc1.webp,1,5,3,3,1.0,adaptive,0.1183,0.0735,1,0.0735,0,0,0,0
mkrgdqizttdc1.webp,1,6,1,1,0.9985,adaptive,0.1245,0.0392,1,0.0392,0,0,0,0
mkrgdqizttdc1.webp,1,7,9,9,0.9999,adaptive,0.1557,0.0835,1,0.0835,0,0,0,0
mkrgdqizttdc1.webp,2,1,5,5,1.0,adaptive,0.1474,0.0805,1,0.0805,0,0,0,0
mkrgdqizttdc1.webp,2,2,4,4,1.0,adaptive,0.0957,0.0698,1,0.0698,0,0,0,0
mkrgdqizttdc1.webp,2,4,8,8,1.0,adaptive,0.1721,0.0873,1,0.0873,0,0,0,0
mkrgdqizttdc1.webp,2,7,6,6,1.0,adaptive,0.1056,0.0825,1,0.0825,0,0,0,0
mkrgdqizttdc1.webp,2,9,3,3,1.0,adaptive,0.1612,0.0753,1,0.0753,0,0,0,0
mkrgdqizttdc1.webp,3,1,8,8,1.0,adaptive,0.1544,0.0835,1,0.0835,0,0,0,0
mkrgdqizttdc1.webp,3,2,3,3,1.0,adaptive,0.1126,0.0717,1,0.0717,0,0,0,0
mkrgdqizttdc1.webp,3,4,6,6,0.9999,adaptive,0.1388,0.0806,1,0.0806,0,0,0,0
mkrgdqizttdc1.webp,3,5,4,4,1.0,adaptive,0.1228,0.0676,1,0.0676,0,0,0,0
mkrgdqizttdc1.webp,3,7,2,2,1.0,adaptive,0.1622,0.0675,1,0.0675,0,0,0,0
mkrgdqizttdc1.webp,3,8,5,5,1.0,adaptive,0.1497,0.0803,1,0.0803,0,0,0,0
mkrgdqizttdc1.webp,4,2,5,5,1.0,adaptive,0.1483,0.0789,1,0.0789,0,0,0,0
mkrgdqizttdc1.webp,4,3,7,7,1.0,adaptive,0.1341,0.0508,1,0.0508,0,0,0,0
mkrgdqizttdc1.webp,4,4,4,4,1.0,adaptive,0.1664,0.0688,1,0.0688,0,0,0,0
mkrgdqizttdc1.webp,4,5,9,9,1.0,adaptive,0.1429,0.0859,1,0.0859,0,0,0,0
mkrgdqizttdc1.webp,4,6,6,6,1.0,adaptive,0.1415,0.0826,1,0.0826,0,0,0,0
mkrgdqizttdc1.webp,4,9,2,2,1.0,adaptive,0.1695,0.0715,1,0.0715,0,0,0,0
mkrgdqizttdc1.webp,5,2,9,9,0.9999,adaptive,0.118,0.0882,1,0.0882,0,0,0,0
mkrgdqizttdc1.webp,5,3,6,6,1.0,adaptive,0.1151,0.0855,1,0.0855,0,0,0,0
mkrgdqizttdc1.webp,5,4,2,2,1.0,adaptive,0.1262,0.0687,1,0.0687,0,0,0,0
mkrgdqizttdc1.webp,5,9,5,5,1.0,adaptive,0.1382,0.0803,1,0.0803,0,0,0,0
mkrgdqizttdc1.webp,6,1,2,2,1.0,adaptive,0.1566,0.0699,1,0.0699,0,0,0,0
mkrgdqizttdc1.webp,6,2,8,8,1.0,adaptive,0.1558,0.0855,1,0.0855,0,0,0,0
mkrgdqizttdc1.webp,6,3,4,4,1.0,adaptive,0.1617,0.0657,1,0.0657,0,0,0,0
mkrgdqizttdc1.webp,6,4,7,7,1.0,adaptive,0.1615,0.0519,1,0.0519,0,0,0,0
mkrgdqizttdc1.webp,6,8,9,9,1.0,adaptive,0.163,0.0837,1,0.0837,0,0,0,0
mkrgdqizttdc1.webp,6,9,6,6,0.9999,adaptive,0.1653,0.0784,1,0.0784,0,0,0,0
mkrgdqizttdc1.webp,7,1,9,9,1.0,adaptive,0.1584,0.0826,1,0.0826,0,0,0,0
mkrgdqizttdc1.webp,7,3,8,8,1.0,adaptive,0.1669,0.0862,1,0.0862,0,0,0,0
mkrgdqizttdc1.webp,7,4,3,3,1.0,adaptive,0.1555,0.0724,1,0.0724,0,0,0,0
mkrgdqizttdc1.webp,7,6,4,4,1.0,adaptive,0.1624,0.0688,1,0.0688,0,0,0,0
mkrgdqizttdc1.webp,7,7,5,5,1.0,adaptive,0.1724,0.078,1,0.078,0,0,0,0
mkrgdqizttdc1.webp,7,8,6,6,0.9998,adaptive,0.1135,0.0837,1,0.0837,0,0,0,0
mkrgdqizttdc1.webp,8,1,7,7,1.0,adaptive,0.1092,0.0527,1,0.0527,0,0,0,0
mkrgdqizttdc1.webp,8,2,6,6,1.0,adaptive,0.0843,0.0843,1,0.0843,0,0,0,0
mkrgdqizttdc1.webp,8,3,3,3,1.0,adaptive,0.1581,0.0746,1,0.0746,0,0,0,0
mkrgdqizttdc1.webp,8,8,2,2,1.0,adaptive,0.1244,0.0735,1,0.0735,0,0,0,0
mkrgdqizttdc1.webp,9,1,4,4,1.0,adaptive,0.1546,0.0682,1,0.0682,0,0,0,0
mkrgdqizttdc1.webp,9,3,5,5,1.0,adaptive,0.1769,0.0782,1,0.0782,0,0,0,0
mkrgdqizttdc1.webp,9,5,6,6,1.0,adaptive,0.1298,0.085,1,0.085,0,0,0,0
mmabi8yfe8yc1.webp,1,1,5,0,0.9857,adaptive,0.1299,0.0252,21,0.0116,17,1,0,0
mmabi8yfe8yc1.webp,1,7,4,0,0.5564,adaptive,0.1557,0.0339,29,0.0221,23,3,0,1
mmabi8yfe8yc1.webp,1,8,2,7,0.33,adaptive,0.1178,0.0459,29,0.0393,27,0,0,1
mmabi8yfe8yc1.webp,1,9,7,0,0.992,adaptive,0.1109,0.0,33,0.0065,30,1,0,0
mmabi8yfe8yc1.webp,2,2,4,0,0.9044,adaptive,0.1653,0.0172,20,0.0119,16,1,1,0
mmabi8yfe8yc1.webp,2,4,6,0,0.645,adaptive,0.1852,0.0269,15,0.0194,11,1,1,0
mmabi8yfe8yc1.webp,2,6,7,0,0.55,adaptive,0.18,0.1054,16,0.0626,12,0,0,0
mmabi8yfe8yc1.webp,2,7,9,7,0.8475,adaptive,0.1884,0.047,19,0.0262,14,1,1,1
mmabi8yfe8yc1.webp,2,8,1,0,0.547,adaptive,0.1979,0.1235,13,0.0799,9,0,0,0
mmabi8yfe8yc1.webp,2,9,5,0,0.6109,adaptive,0.1508,0.0393,16,0.0228,12,0,1,1
mmabi8yfe8yc1.webp,3,1,1,0,0.6061,adaptive,0.1622,0.0849,14,0.0633,9,1,0,1
mmabi8yfe8yc1.webp,3,2,9,2,0.4279,adaptive,0.2668,0.0828,21,0.0208,12,1,1,1
mmabi8yfe8yc1.webp,3,3,7,0,0.3093,adaptive,0.29,0.168,15,0.1506,12,0,0,0
mmabi8yfe8yc1.webp,3,4,2,2,0.5864,adaptive,0.2707,0.1579,13,0.1156,9,0,0,0
mmabi8yfe8yc1.webp,3,5,5,7,0.8308,adaptive,0.2797,0.0638,18,0.0353,11,1,1,1
mmabi8yfe8yc1.webp,3,6,4,8,0.66,adaptive,0.3099,0.1974,11,0.1894,9,0,0,0
mmabi8yfe8yc1.webp,3,7,6,9,0.2396,adaptive,0.274,0.0871,17,0.0815,13,0,2,0
mmabi8yfe8yc1.webp,3,8,8,4,0.9697,adaptive,0.218,0.1409,17,0.0739,10,0,0,1
mmabi8yfe8yc1.webp,3,9,3,0,0.895,adaptive,0.1488,0.0461,21,0.0356,16,2,0,1
mmabi8yfe8yc1.webp,4,1,7,4,0.7224,adaptive,0.1415,0.0826,19,0.0742,17,0,0,0
mmabi8yfe8yc1.webp,4,3,4,0,0.7709,adaptive,0.2415,0.1481,20,0.0918,13,0,0,0
mmabi8yfe8yc1.webp,4,6,2,8,0.2966,adaptive,0.2912,0.1791,22,0.1323,17,0,0,1
mmabi8yfe8yc1.webp,4,7,5,4,0.6381,adaptive,0.2515,0.1288,13,0.1109,10,0,0,1
mmabi8yfe8yc1.webp,4,8,9,4,0.5363,adaptive,0.2164,0.1314,10,0.0877,5,0,0,0
mmabi8yfe8yc1.webp,4,9,8,0,0.82,adaptive,0.1403,0.0294,24,0.0118,20,1,0,0
mmabi8yfe8yc1.webp,5,2,8,4,0.3612,adaptive,0.2472,0.1127,26,0.0466,16,1,0,1
mmabi8yfe8yc1.webp,5,3,5,0,0.702,adaptive,0.2327,0.0882,12,0.0608,8,0,1,0
mmabi8yfe8yc1.webp,5,4,4,4,0.7766,adaptive,0.249,0.1248,14,0.0726,9,1,0,0
mmabi8yfe8yc1.webp,5,5,7,4,0.3731,adaptive,0.2785,0.1591,12,0.0868,7,0,0,0
mmabi8yfe8yc1.webp,5,6,9,8,0.3786,adaptive,0.2867,0.0479,22,0.0341,17,1,1,0
mmabi8yfe8yc1.webp,5,7,1,7,0.3985,adaptive,0.3227,0.1601,14,0.1511,12,0,0,0
mmabi8yfe8yc1.webp,5,9,2,0,0.7472,adaptive,0.1628,0.0785,16,0.0271,13,0,0,1
mmabi8yfe8yc1.webp,6,2,1,0,0.6746,adaptive,0.2044,0.0384,14,0.0206,8,1,1,1
mmabi8yfe8yc1.webp,6,4,5,0,0.6738,adaptive,0.1782,0.0822,10,0.0822,7,0,1,1
mmabi8yfe8yc1.webp,6,7,7,0,0.6396,adaptive,0.2076,0.0648,18,0.0192,11,0,1,1
mmabi8yfe8yc1.webp,6,9,4,7,0.4303,adaptive,0.172,0.0176,14,0.0176,10,1,1,1
mmabi8yfe8yc1.webp,7,2,2,0,0.737,adaptive,0.1445,0.0292,24,0.0136,19,2,0,0
mmabi8yfe8yc1.webp,7,4,3,0,0.9721,adaptive,0.1439,0.0236,23,0.0114,18,1,1,0
mmabi8yfe8yc1.webp,7,5,4,4,0.5174,adaptive,0.1468,0.0957,11,0.0812,8,0,0,0
mmabi8yfe8yc1.webp,7,6,5,0,0.5702,adaptive,0.1564,0.0996,13,0.0996,12,0,0,0
mmabi8yfe8yc1.webp,7,7,8,0,0.6565,adaptive,0.174,0.0662,19,0.055,13,2,0,1
mmabi8yfe8yc1.webp,7,8,7,0,0.8131,adaptive,0.1832,0.0106,17,0.0106,14,0,2,0
mmabi8yfe8yc1.webp,7,9,1,0,0.8897,adaptive,0.1751,0.0691,15,0.0245,9,1,0,1
mmabi8yfe8yc1.webp,8,1,8,0,0.9797,adaptive,0.1531,0.05,22,0.0147,17,1,0,0
mmabi8yfe8yc1.webp,8,2,5,0,0.578,adaptive,0.1758,0.0785,19,0.0707,17,0,0,1
mmabi8yfe8yc1.webp,8,3,1,0,0.9262,adaptive,0.1653,0.0721,14,0.0721,12,1,0,0
mmabi8yfe8yc1.webp,8,4,7,0,0.8568,adaptive,0.1549,0.0825,19,0.0204,13,1,0,1
mmabi8yfe8yc1.webp,8,5,2,0,0.6902,adaptive,0.1573,0.0735,17,0.0328,11,2,0,0
mmabi8yfe8yc1.webp,8,6,6,0,0.5646,adaptive,0.1673,0.1049,11,0.088,8,0,0,0
mmabi8yfe8yc1.webp,8,7,3,0,0.6256,adaptive,0.1857,0.1095,11,0.0984,9,0,0,0
mmabi8yfe8yc1.webp,8,8,4,4,0.3956,adaptive,0.194,0.1033,8,0.1033,7,0,0,0
mmabi8yfe8yc1.webp,8,9,9,0,0.3796,adaptive,0.1829,0.0977,8,0.0977,7,0,0,0
mmabi8yfe8yc1.webp,9,1,4,0,0.9551,adaptive,0.1622,0.0172,17,0.0109,11,4,0,0
mmabi8yfe8yc1.webp,9,2,7,0,0.992,adaptive,0.1517,0.0,20,0.0095,14,2,1,0
mmabi8yfe8yc1.webp,9,3,3,4,0.9198,adaptive,0.1493,0.0577,15,0.0414,11,2,0,0
mmabi8yfe8yc1.webp,9,7,2,0,0.8595,adaptive,0.1564,0.0272,19,0.0194,14,0,2,1
mmabi8yfe8yc1.webp,9,8,5,0,0.6439,adaptive,0.1678,0.0755,12,0.0294,6,0,1,1
mmabi8yfe8yc1.webp,9,9,6,0,0.6583,adaptive,0.162,0.0733,11,0.0388,6,0,1,1
mr43a112atwc1.webp,1,2,9,9,1.0,adaptive,0.1567,0.0839,1,0.0839,0,0,0,0
mr43a112atwc1.webp,1,3,6,6,1.0,adaptive,0.1684,0.0824,1,0.0824,0,0,0,0
mr43a112atwc1.webp,1,6,2,2,1.0,adaptive,0.1811,0.0686,1,0.0686,0,0,0,0
mr43a112atwc1.webp,2,5,7,7,1.0,adaptive,0.1097,0.0519,1,0.0519,0,0,0,0
mr43a112atwc1.webp,2,9,6,6,0.9999,adaptive,0.1694,0.0834,1,0.0834,0,0,0,0
mr43a112atwc1.webp,3,3,3,3,1.0,adaptive,0.1259,0.0715,1,0.0715,0,0,0,0
mr43a112atwc1.webp,3,6,6,6,0.9999,adaptive,0.1778,0.082,1,0.082,0,0,0,0
mr43a112atwc1.webp,3,9,4,4,1.0,adaptive,0.168,0.0695,1,0.0695,0,0,0,0
mr43a112atwc1.webp,4,1,5,5,1.0,adaptive,0.1896,0.0769,1,0.0769,0,0,0,0
mr43a112atwc1.webp,4,2,3,3,1.0,adaptive,0.1576,0.0726,1,0.0726,0,0,0,0
mr43a112atwc1.webp,4,4,8,8,1.0,adaptive,0.196,0.0847,1,0.0847,0,0,0,0
mr43a112atwc1.webp,4,6,4,4,1.0,adaptive,0.1809,0.0695,1,0.0695,0,0,0,0
mr43a112atwc1.webp,5,4,5,5,1.0,adaptive,0.1642,0.0801,1,0.0801,0,0,0,0
mr43a112atwc1.webp,5,5,2,2,1.0,adaptive,0.124,0.0677,1,0.0677,0,0,0,0
mr43a112atwc1.webp,5,6,7,7,1.0,adaptive,0.1357,0.0513,1,0.0513,0,0,0,0
mr43a112atwc1.webp,5,9,1,1,0.9963,adaptive,0.1278,0.0418,1,0.0418,0,0,0,0
mr43a112atwc1.webp,6,2,2,2,1.0,adaptive,0.1551,0.0703,1,0.0703,0,0,0,0
mr43a112atwc1.webp,6,5,6,6,0.9999,adaptive,0.168,0.0834,1,0.0834,0,0,0,0
mr43a112atwc1.webp,6,6,3,3,1.0,adaptive,0.1849,0.0726,1,0.0726,0,0,0,0
mr43a112atwc1.webp,6,7,5,5,1.0,adaptive,0.1697,0.0777,1,0.0777,0,0,0,0
mr43a112atwc1.webp,7,4,7,7,1.0,adaptive,0.1477,0.0497,1,0.0497,0,0,0,0
mr43a112atwc1.webp,7,6,8,8,1.0,adaptive,0.1836,0.0855,1,0.0855,0,0,0,0
mr43a112atwc1.webp,8,1,1,1,0.9974,adaptive,0.1122,0.0396,1,0.0396,0,0,0,0
mr43a112atwc1.webp,8,4,2,2,1.0,adaptive,0.1533,0.0681,1,0.0681,0,0,0,0
mr43a112atwc1.webp,8,7,7,7,1.0,adaptive,0.1185,0.0507,1,0.0507,0,0,0,0
mr43a112atwc1.webp,9,3,4,4,1.0,adaptive,0.1526,0.0684,1,0.0684,0,0,0,0
mr43a112atwc1.webp,9,4,6,6,1.0,adaptive,0.1827,0.0838,1,0.0838,0,0,0,0
mr43a112atwc1.webp,9,6,1,1,0.9989,adaptive,0.139,0.0399,1,0.0399,0,0,0,0
mr43a112atwc1.webp,9,7,9,9,1.0,adaptive,0.1671,0.0842,1,0.0842,0,0,0,0
mr43a112atwc1.webp,9,9,8,8,1.0,adaptive,0.1858,0.0853,1,0.0853,0,0,0,0
mr778zk2sbbc1.webp,1,1,1,1,0.9982,adaptive,0.1793,0.0539,3,0.0343,0,0,1,0
mr778zk2sbbc1.webp,1,2,3,3,1.0,adaptive,0.2436,0.1725,2,0.1725,0,1,0,0
mr778zk2sbbc1.webp,1,9,5,5,1.0,adaptive,0.301,0.1735,2,0.1735,0,1,0,0
mr778zk2sbbc1.webp,2,5,3,3,1.0,adaptive,0.1926,0.1752,1,0.1752,0,0,0,0
mr778zk2sbbc1.webp,2,7,9,9,1.0,adaptive,0.2094,0.1807,2,0.1418,0,0,0,0
mr778zk2sbbc1.webp,2,8,8,8,1.0,adaptive,0.2002,0.1862,3,0.1196,0,0,0,1
mr778zk2sbbc1.webp,2,9,1,1,1.0,adaptive,0.1431,0.0568,4,0.0242,0,1,0,1
mr778zk2sbbc1.webp,3,4,1,1,1.0,adaptive,0.2098,0.0956,1,0.0956,0,0,0,0
mr778zk2sbbc1.webp,3,6,5,5,1.0,adaptive,0.2577,0.1731,1,0.1731,0,0,0,0
mr778zk2sbbc1.webp,3,9,2,2,1.0,adaptive,0.1998,0.0916,3,0.0595,0,1,0,0
mr778zk2sbbc1.webp,4,1,7,7,1.0,adaptive,0.1938,0.1194,2,0.1194,1,0,0,0
mr778zk2sbbc1.webp,4,2,6,6,1.0,adaptive,0.1391,0.1201,2,0.0898,0,0,0,0
mr778zk2sbbc1.webp,4,3,5,5,1.0,adaptive,0.2056,0.1731,1,0.1731,0,0,0,0
mr778zk2sbbc1.webp,4,4,3,3,0.9996,adaptive,0.1651,0.1025,4,0.0537,1,0,0,1
mr778zk2sbbc1.webp,4,5,8,8,1.0,adaptive,0.2114,0.1841,3,0.1185,0,0,0,1
mr778zk2sbbc1.webp,4,6,1,1,0.9982,adaptive,0.0924,0.0524,2,0.0327,0,0,0,0
mr778zk2sbbc1.webp,4,7,2,2,1.0,adaptive,0.137,0.0929,3,0.0452,0,0,0,1
mr778zk2sbbc1.webp,4,8,9,9,0.9999,adaptive,0.1246,0.1205,2,0.0907,0,0,0,0
mr778zk2sbbc1.webp,4,9,4,4,1.0,adaptive,0.1967,0.1417,3,0.1125,0,1,0,0
mr778zk2sbbc1.webp,5,1,3,3,0.9997,adaptive,0.2327,0.1744,2,0.1744,1,0,0,0
mr778zk2sbbc1.webp,5,2,8,8,1.0,adaptive,0.1869,0.1878,3,0.1205,0,0,0,1
mr778zk2sbbc1.webp,5,3,4,4,1.0,adaptive,0.1038,0.0859,4,0.0545,1,0,0,0
mr778zk2sbbc1.webp,5,4,9,9,0.9999,adaptive,0.1834,0.1205,2,0.0911,0,0,0,0
mr778zk2sbbc1.webp,5,5,2,2,1.0,adaptive,0.1809,0.1618,1,0.1618,0,0,0,0
mr778zk2sbbc1.webp,5,6,6,6,1.0,adaptive,0.1508,0.1199,2,0.0905,0,0,0,0
mr778zk2sbbc1.webp,5,7,1,1,1.0,adaptive,0.1436,0.0961,1,0.0961,0,0,0,0
mr778zk2sbbc1.webp,5,8,5,5,1.0,adaptive,0.1286,0.1143,2,0.0576,0,0,0,0
mr778zk2sbbc1.webp,5,9,7,7,1.0,adaptive,0.1205,0.073,6,0.0475,3,0,0,1
mr778zk2sbbc1.webp,6,1,9,9,0.9999,adaptive,0.2871,0.1778,3,0.1399,0,1,0,0
mr778zk2sbbc1.webp,6,2,2,2,1.0,adaptive,0.2361,0.1603,2,0.1603,0,1,0,0
mr778zk2sbbc1.webp,6,3,1,1,0.9999,adaptive,0.1299,0.053,4,0.0314,1,1,0,0
mr778zk2sbbc1.webp,6,4,4,4,1.0,adaptive,0.2629,0.1383,3,0.1089,0,1,0,0
mr778zk2sbbc1.webp,6,5,5,5,1.0,adaptive,0.1913,0.1153,4,0.0586,1,1,0,0
mr778zk2sbbc1.webp,6,6,7,7,1.0,adaptive,0.1689,0.0684,3,0.0392,0,1,0,0
mr778zk2sbbc1.webp,6,7,8,8,1.0,adaptive,0.2279,0.1236,4,0.0704,0,1,0,1
mr778zk2sbbc1.webp,6,8,6,6,0.9995,adaptive,0.197,0.1208,3,0.0896,0,1,0,0
mr778zk2sbbc1.webp,6,9,3,3,0.9999,adaptive,0.2845,0.1715,2,0.1715,0,1,0,0
mr778zk2sbbc1.webp,7,3,7,7,0.9999,adaptive,0.1377,0.1152,1,0.1152,0,0,0,0
mr778zk2sbbc1.webp,7,4,2,2,1.0,adaptive,0.2221,0.1542,1,0.1542,0,0,0,0
mr778zk2sbbc1.webp,8,7,5,5,0.9998,adaptive,0.2445,0.1628,2,0.1628,1,0,0,0
mr778zk2sbbc1.webp,9,2,1,1,0.9999,adaptive,0.1748,0.0932,2,0.0932,0,1,0,0
mr778zk2sbbc1.webp,9,4,5,5,0.9988,adaptive,0.2455,0.1067,2,0.1067,0,1,0,0
mr778zk2sbbc1.webp,9,6,9,9,0.9995,adaptive,0.2571,0.1689,3,0.1303,0,1,0,0
mr778zk2sbbc1.webp,9,9,6,6,0.9993,adaptive,0.3018,0.1673,3,0.1288,0,1,0,0
n2022oo817rc1.webp,1,2,1,1,0.9999,adaptive,0.1445,0.0586,1,0.0586,0,0,0,0
n2022oo817rc1.webp,1,4,4,4,1.0,adaptive,0.1847,0.0744,1,0.0744,0,0,0,0
n2022oo817rc1.webp,1,7,7,7,1.0,adaptive,0.1702,0.0597,1,0.0597,0,0,0,0
n2022oo817rc1.webp,2,5,1,1,0.9999,adaptive,0.1451,0.0599,1,0.0599,0,0,0,0
n2022oo817rc1.webp,2,6,5,5,1.0,adaptive,0.1823,0.085,1,0.085,0,0,0,0
n2022oo817rc1.webp,2,7,8,8,1.0,adaptive,0.1809,0.0941,1,0.0941,0,0,0,0
n2022oo817rc1.webp,2,8,3,3,1.0,adaptive,0.1543,0.0813,1,0.0813,0,0,0,0
n2022oo817rc1.webp,2,9,4,4,1.0,adaptive,0.1762,0.076,1,0.076,0,0,0,0
n2022oo817rc1.webp,3,3,4,4,1.0,adaptive,0.1865,0.0737,1,0.0737,0,0,0,0
n2022oo817rc1.webp,3,6,6,6,1.0,adaptive,0.2003,0.0887,1,0.0887,0,0,0,0
n2022oo817rc1.webp,3,7,2,2,1.0,adaptive,0.1907,0.0793,1,0.0793,0,0,0,0
n2022oo817rc1.webp,3,8,1,1,0.9999,adaptive,0.1597,0.0602,1,0.0602,0,0,0,0
n2022oo817rc1.webp,3,9,9,9,0.9999,adaptive,0.1998,0.0889,1,0.0889,0,0,0,0
n2022oo817rc1.webp,4,1,4,4,1.0,adaptive,0.1709,0.0726,1,0.0726,0,0,0,0
n2022oo817rc1.webp,4,6,2,2,1.0,adaptive,0.19,0.0811,1,0.0811,0,0,0,0
n2022oo817rc1.webp,4,7,9,9,0.9999,adaptive,0.1858,0.088,1,0.088,0,0,0,0
n2022oo817rc1.webp,5,1,3,3,1.0,adaptive,0.1784,0.0798,1,0.0798,0,0,0,0
n2022oo817rc1.webp,5,3,1,1,1.0,adaptive,0.1556,0.059,1,0.059,0,0,0,0
n2022oo817rc1.webp,5,4,5,5,1.0,adaptive,0.1827,0.0848,1,0.0848,0,0,0,0
n2022oo817rc1.webp,6,8,8,8,1.0,adaptive,0.1814,0.0952,1,0.0952,0,0,0,0
n2022oo817rc1.webp,7,1,1,1,1.0,adaptive,0.17,0.0597,1,0.0597,0,0,0,0
n2022oo817rc1.webp,7,2,4,4,1.0,adaptive,0.1563,0.0715,1,0.0715,0,0,0,0
n2022oo817rc1.webp,7,5,5,5,1.0,adaptive,0.1816,0.0855,1,0.0855,0,0,0,0
n2022oo817rc1.webp,7,7,3,3,1.0,adaptive,0.1862,0.0793,1,0.0793,0,0,0,0
n2022oo817rc1.webp,7,9,8,8,1.0,adaptive,0.2154,0.0922,1,0.0922,0,0,0,0
n2022oo817rc1.webp,8,2,2,2,1.0,adaptive,0.1559,0.082,1,0.082,0,0,0,0
n2022oo817rc1.webp,8,6,8,8,1.0,adaptive,0.194,0.0938,1,0.0938,0,0,0,0
n2022oo817rc1.webp,8,9,7,7,1.0,adaptive,0.1599,0.0608,1,0.0608,0,0,0,0
n2022oo817rc1.webp,9,1,8,8,1.0,adaptive,0.2083,0.094,1,0.094,0,0,0,0
n2022oo817rc1.webp,9,3,9,9,0.9999,adaptive,0.1987,0.088,1,0.088,0,0,0,0
n4dsj8b32sic1.webp,1,2,2,2,1.0,adaptive,0.1411,0.0687,1,0.0687,0,0,0,0
n4dsj8b32sic1.webp,1,3,8,8,1.0,adaptive,0.1831,0.086,1,0.086,0,0,0,0
n4dsj8b32sic1.webp,1,4,7,7,0.9999,adaptive,0.1606,0.0501,1,0.0501,0,0,0,0
n4dsj8b32sic1.webp,1,5,5,5,1.0,adaptive,0.1515,0.0796,1,0.0796,0,0,0,0
n4dsj8b32sic1.webp,1,6,6,6,1.0,adaptive,0.1811,0.0829,1,0.0829,0,0,0,0
n4dsj8b32sic1.webp,2,1,1,1,0.9976,adaptive,0.128,0.0412,1,0.0412,0,0,0,0
n4dsj8b32sic1.webp,2,4,9,9,0.9999,adaptive,0.1701,0.0844,1,0.0844,0,0,0,0
n4dsj8b32sic1.webp,2,5,2,2,1.0,adaptive,0.1132,0.0693,1,0.0693,0,0,0,0
n4dsj8b32sic1.webp,2,6,4,4,1.0,adaptive,0.1404,0.069,1,0.069,0,0,0,0
n4dsj8b32sic1.webp,2,7,5,5,1.0,adaptive,0.1633,0.0787,1,0.0787,0,0,0,0
n4dsj8b32sic1.webp,2,8,8,8,1.0,adaptive,0.1437,0.0863,1,0.0863,0,0,0,0
n4dsj8b32sic1.webp,2,9,6,6,0.9999,adaptive,0.1728,0.0862,1,0.0862,0,0,0,0
n4dsj8b32sic1.webp,3,2,6,6,0.9999,adaptive,0.1298,0.0857,1,0.0857,0,0,0,0
n4dsj8b32sic1.webp,3,4,8,8,1.0,adaptive,0.1686,0.0838,1,0.0838,0,0,0,0
n4dsj8b32sic1.webp,3,5,3,3,1.0,adaptive,0.1144,0.0703,1,0.0703,0,0,0,0
n4dsj8b32sic1.webp,3,6,1,1,0.9975,adaptive,0.1107,0.0394,1,0.0394,0,0,0,0
n4dsj8b32sic1.webp,3,8,7,7,1.0,adaptive,0.1176,0.0516,1,0.0516,0,0,0,0
n4dsj8b32sic1.webp,4,3,4,4,1.0,adaptive,0.1689,0.0708,1,0.0708,0,0,0,0
n4dsj8b32sic1.webp,4,4,5,5,1.0,adaptive,0.1896,0.0777,1,0.0777,0,0,0,0
n4dsj8b32sic1.webp,4,5,7,7,1.0,adaptive,0.1228,0.0504,1,0.0504,0,0,0,0
n4dsj8b32sic1.webp,4,6,2,2,1.0,adaptive,0.1666,0.0675,1,0.0675,0,0,0,0
n4dsj8b32sic1.webp,4,7,8,8,1.0,adaptive,0.1943,0.0847,1,0.0847,0,0,0,0
n4dsj8b32sic1.webp,5,4,4,4,1.0,adaptive,0.1538,0.0701,1,0.0701,0,0,0,0
n4dsj8b32sic1.webp,5,5,8,8,1.0,adaptive,0.1306,0.0872,1,0.0872,0,0,0,0
n4dsj8b32sic1.webp,5,6,3,3,1.0,adaptive,0.1029,0.073,1,0.073,0,0,0,0
n4dsj8b32sic1.webp,6,1,2,2,1.0,adaptive,0.1796,0.0675,1,0.0675,0,0,0,0
n4dsj8b32sic1.webp,6,2,8,8,1.0,adaptive,0.1563,0.0853,1,0.0853,0,0,0,0
n4dsj8b32sic1.webp,6,4,1,1,0.9953,adaptive,0.1539,0.0446,1,0.0446,0,0,0,0
n4dsj8b32sic1.webp,6,5,6,6,0.9997,adaptive,0.1542,0.0859,1,0.0859,0,0,0,0
n4dsj8b32sic1.webp,6,6,9,9,1.0,adaptive,0.1802,0.0826,1,0.0826,0,0,0,0
n4dsj8b32sic1.webp,6,7,4,4,1.0,adaptive,0.1709,0.0688,1,0.0688,0,0,0,0
n4dsj8b32sic1.webp,6,9,7,7,1.0,adaptive,0.1617,0.0503,1,0.0503,0,0,0,0
n4dsj8b32sic1.webp,7,3,2,2,1.0,adaptive,0.1521,0.0702,1,0.0702,0,0,0,0
n4dsj8b32sic1.webp,7,4,3,3,1.0,adaptive,0.1444,0.0724,1,0.0724,0,0,0,0
n4dsj8b32sic1.webp,7,5,9,9,1.0,adaptive,0.1438,0.0859,1,0.0859,0,0,0,0
n4dsj8b32sic1.webp,7,6,8,8,1.0,adaptive,0.1729,0.0824,1,0.0824,0,0,0,0
n4dsj8b32sic1.webp,7,8,4,4,1.0,adaptive,0.1506,0.0685,1,0.0685,0,0,0,0
n4dsj8b32sic1.webp,8,1,8,8,1.0,adaptive,0.1576,0.0844,1,0.0844,0,0,0,0
n4dsj8b32sic1.webp,8,6,5,5,1.0,adaptive,0.1517,0.0819,1,0.0819,0,0,0,0
n4dsj8b32sic1.webp,8,9,9,9,1.0,adaptive,0.1721,0.0862,1,0.0862,0,0,0,0
n4dsj8b32sic1.webp,9,1,3,3,1.0,adaptive,0.1718,0.0724,1,0.0724,0,0,0,0
n4dsj8b32sic1.webp,9,6,7,7,1.0,adaptive,0.1493,0.0499,1,0.0499,0,0,0,0
n4dsj8b32sic1.webp,9,9,8,8,1.0,adaptive,0.184,0.0838,1,0.0838,0,0,0,0
nbwlt1y6a4sc1.webp,1,3,8,4,0.3528,adaptive,0.219,0.1201,8,0.1138,6,0,0,0
nbwlt1y6a4sc1.webp,1,6,2,7,0.6145,adaptive,0.2504,0.0851,14,0.0668,10,0,1,0
nbwlt1y6a4sc1.webp,1,9,4,4,0.7919,adaptive,0.2437,0.1256,3,0.0896,1,0,0,0
nbwlt1y6a4sc1.webp,2,1,2,6,0.3515,adaptive,0.1744,0.0988,22,0.0672,19,0,0,0
nbwlt1y6a4sc1.webp,2,3,9,5,0.7244,adaptive,0.2399,0.1339,15,0.0617,12,0,0,1
nbwlt1y6a4sc1.webp,2,9,8,8,0.9998,adaptive,0.2759,0.1194,4,0.1194,2,1,0,0
nbwlt1y6a4sc1.webp,3,2,7,4,0.9712,adaptive,0.1952,0.1171,19,0.0762,17,0,0,0
nbwlt1y6a4sc1.webp,3,4,8,2,0.7737,adaptive,0.3016,0.2009,9,0.1078,7,0,0,0
nbwlt1y6a4sc1.webp,3,7,2,2,0.9915,adaptive,0.2996,0.2032,8,0.0953,4,0,0,0
nbwlt1y6a4sc1.webp,4,1,5,5,0.9962,adaptive,0.2272,0.1464,13,0.0715,9,0,0,0
nbwlt1y6a4sc1.webp,4,2,8,8,0.5775,adaptive,0.2854,0.1793,11,0.1061,8,0,0,0
nbwlt1y6a4sc1.webp,4,3,1,1,0.9442,adaptive,0.166,0.0481,17,0.0481,15,0,1,0
nbwlt1y6a4sc1.webp,4,4,4,2,0.6717,adaptive,0.217,0.1457,13,0.0757,11,0,0,0
nbwlt1y6a4sc1.webp,4,5,3,3,0.9914,adaptive,0.2467,0.0995,10,0.0893,7,0,1,0
nbwlt1y6a4sc1.webp,4,6,9,9,0.4055,adaptive,0.2283,0.1234,9,0.117,6,1,0,0
nbwlt1y6a4sc1.webp,4,7,7,1,0.9789,adaptive,0.1593,0.0285,16,0.0285,14,1,0,0
nbwlt1y6a4sc1.webp,4,8,2,2,0.5169,adaptive,0.2261,0.0712,12,0.0649,9,1,0,0
nbwlt1y6a4sc1.webp,4,9,6,6,1.0,adaptive,0.2477,0.1234,6,0.1234,4,0,1,0
nbwlt1y6a4sc1.webp,5,1,9,0,0.4809,adaptive,0.18,0.0927,13,0.0776,11,0,0,0
nbwlt1y6a4sc1.webp,5,2,6,6,0.9911,adaptive,0.2052,0.1368,10,0.1368,9,0,0,0
nbwlt1y6a4sc1.webp,5,3,3,3,0.9056,adaptive,0.2499,0.13,8,0.0857,4,0,1,0
nbwlt1y6a4sc1.webp,5,4,2,2,0.9917,adaptive,0.235,0.1,12,0.0834,8,1,0,0
nbwlt1y6a4sc1.webp,5,5,8,8,0.9826,adaptive,0.2323,0.1134,8,0.1134,6,1,0,0
nbwlt1y6a4sc1.webp,5,6,7,7,0.7727,adaptive,0.2311,0.1031,24,0.0561,22,0,0,0
nbwlt1y6a4sc1.webp,5,7,4,4,0.9995,adaptive,0.2454,0.1009,10,0.1009,8,1,0,0
nbwlt1y6a4sc1.webp,5,8,5,5,0.3926,adaptive,0.2048,0.0884,13,0.0884,11,1,0,0
nbwlt1y6a4sc1.webp,5,9,1,2,0.6016,adaptive,0.1671,0.1038,9,0.0663,6,0,0,1
nbwlt1y6a4sc1.webp,6,1,4,2,0.5159,adaptive,0.2208,0.1731,11,0.096,9,0,0,0
nbwlt1y6a4sc1.webp,6,2,2,5,0.5185,adaptive,0.2006,0.0785,14,0.0516,9,1,0,0
nbwlt1y6a4sc1.webp,6,3,7,1,0.9467,adaptive,0.1684,0.0207,20,0.0207,18,1,0,0
nbwlt1y6a4sc1.webp,6,4,5,5,0.9217,adaptive,0.2604,0.094,13,0.094,11,1,0,0
nbwlt1y6a4sc1.webp,6,5,6,6,0.7025,adaptive,0.2725,0.1131,10,0.1076,7,1,0,0
nbwlt1y6a4sc1.webp,6,6,1,1,0.9945,adaptive,0.1804,0.0316,14,0.0316,12,1,0,0
nbwlt1y6a4sc1.webp,6,8,8,8,0.999,adaptive,0.2621,0.1321,7,0.1321,5,1,0,0
nbwlt1y6a4sc1.webp,7,1,7,0,0.7849,adaptive,0.2094,0.0102,14,0.0102,11,1,1,0
nbwlt1y6a4sc1.webp,7,3,2,2,0.9997,adaptive,0.2615,0.1085,16,0.0878,12,1,0,0
nbwlt1y6a4sc1.webp,7,4,6,6,0.5515,adaptive,0.2125,0.0835,11,0.0835,9,0,1,0
nbwlt1y6a4sc1.webp,7,6,4,4,0.9775,adaptive,0.245,0.1702,10,0.1063,8,0,0,0
nbwlt1y6a4sc1.webp,7,7,8,8,0.9228,adaptive,0.2464,0.1735,5,0.1684,3,0,0,0
nbwlt1y6a4sc1.webp,7,8,1,1,0.9244,adaptive,0.1918,0.0814,7,0.0814,5,0,1,0
nbwlt1y6a4sc1.webp,8,1,8,8,0.7563,adaptive,0.2589,0.1013,9,0.1013,7,1,0,0
nbwlt1y6a4sc1.webp,8,7,6,6,0.9977,adaptive,0.2517,0.1477,5,0.1477,3,0,1,0
nbwlt1y6a4sc1.webp,8,9,2,2,1.0,adaptive,0.2447,0.1346,6,0.1346,4,1,0,0
nbwlt1y6a4sc1.webp,9,1,1,1,0.7782,adaptive,0.1829,0.1152,5,0.0666,3,0,0,0
nbwlt1y6a4sc1.webp,9,3,6,9,0.9113,adaptive,0.2364,0.1486,6,0.1486,5,0,0,0
nbwlt1y6a4sc1.webp,9,5,2,0,0.2568,adaptive,0.2877,0.052,10,0.0317,5,0,2,0
nbwlt1y6a4sc1.webp,9,6,8,5,0.9499,adaptive,0.2744,0.0762,14,0.0693,11,1,0,0
nbwlt1y6a4sc1.webp,9,9,7,6,0.5998,adaptive,0.1833,0.1263,7,0.1263,6,0,0,0
nghospmsyaac1.webp,1,1,6,6,0.9999,adaptive,0.1827,0.0826,1,0.0826,0,0,0,0
nghospmsyaac1.webp,1,2,8,8,1.0,adaptive,0.1725,0.0866,1,0.0866,0,0,0,0
nghospmsyaac1.webp,1,3,5,5,1.0,adaptive,0.1653,0.0789,1,0.0789,0,0,0,0
nghospmsyaac1.webp,1,4,9,9,1.0,adaptive,0.1822,0.0824,1,0.0824,0,0,0,0
nghospmsyaac1.webp,1,5,4,4,1.0,adaptive,0.142,0.0692,1,0.0692,0,0,0,0
nghospmsyaac1.webp,1,6,7,7,1.0,adaptive,0.1513,0.0517,1,0.0517,0,0,0,0
nghospmsyaac1.webp,1,7,1,1,0.9991,adaptive,0.1116,0.0392,1,0.0392,0,0,0,0
nghospmsyaac1.webp,1,8,3,3,1.0,adaptive,0.1597,0.0737,1,0.0737,0,0,0,0
nghospmsyaac1.webp,1,9,2,2,1.0,adaptive,0.1804,0.0675,1,0.0675,0,0,0,0
nghospmsyaac1.webp,2,3,4,4,1.0,adaptive,0.123,0.0699,1,0.0699,0,0,0,0
nghospmsyaac1.webp,2,4,2,2,1.0,adaptive,0.1382,0.0681,1,0.0681,0,0,0,0
nghospmsyaac1.webp,2,5,1,1,0.9978,adaptive,0.0409,0.0409,1,0.0409,0,0,0,0
nghospmsyaac1.webp,2,6,6,6,0.9999,adaptive,0.1542,0.0853,1,0.0853,0,0,0,0
nghospmsyaac1.webp,2,7,5,5,1.0,adaptive,0.1581,0.0805,1,0.0805,0,0,0,0
nghospmsyaac1.webp,2,8,9,9,0.9999,adaptive,0.1331,0.0856,1,0.0856,0,0,0,0
nghospmsyaac1.webp,2,9,8,8,1.0,adaptive,0.1676,0.0846,1,0.0846,0,0,0,0
nghospmsyaac1.webp,3,4,8,8,1.0,adaptive,0.1809,0.084,1,0.084,0,0,0,0
nghospmsyaac1.webp,3,5,5,5,1.0,adaptive,0.1517,0.0821,1,0.0821,0,0,0,0
nghospmsyaac1.webp,3,6,3,3,1.0,adaptive,0.1673,0.0731,1,0.0731,0,0,0,0
nghospmsyaac1.webp,3,7,7,7,1.0,adaptive,0.1553,0.0508,1,0.0508,0,0,0,0
nghospmsyaac1.webp,3,8,6,6,0.9999,adaptive,0.1673,0.0855,1,0.0855,0,0,0,0
nghospmsyaac1.webp,3,9,4,4,1.0,adaptive,0.176,0.0653,1,0.0653,0,0,0,0
nghospmsyaac1.webp,4,1,8,8,1.0,adaptive,0.1622,0.0831,1,0.0831,0,0,0,0
nghospmsyaac1.webp,4,2,5,5,1.0,adaptive,0.149,0.0796,1,0.0796,0,0,0,0
nghospmsyaac1.webp,4,5,7,7,1.0,adaptive,0.1079,0.0504,1,0.0504,0,0,0,0
nghospmsyaac1.webp,4,6,2,2,1.0,adaptive,0.1524,0.0677,1,0.0677,0,0,0,0
nghospmsyaac1.webp,4,7,3,3,1.0,adaptive,0.162,0.0731,1,0.0731,0,0,0,0
nghospmsyaac1.webp,4,8,4,4,1.0,adaptive,0.1325,0.0672,1,0.0672,0,0,0,0
nghospmsyaac1.webp,4,9,9,9,1.0,adaptive,0.172,0.0835,1,0.0835,0,0,0,0
nghospmsyaac1.webp,5,4,5,5,1.0,adaptive,0.1382,0.0803,1,0.0803,0,0,0,0
nghospmsyaac1.webp,5,6,4,4,1.0,adaptive,0.1282,0.071,1,0.071,0,0,0,0
nghospmsyaac1.webp,5,7,8,8,1.0,adaptive,0.1447,0.0873,1,0.0873,0,0,0,0
nghospmsyaac1.webp,5,8,7,7,1.0,adaptive,0.0822,0.0526,1,0.0526,0,0,0,0
nghospmsyaac1.webp,5,9,1,1,0.9983,adaptive,0.0848,0.04,1,0.04,0,0,0,0
nghospmsyaac1.webp,6,1,4,4,1.0,adaptive,0.1464,0.0668,1,0.0668,0,0,0,0
nghospmsyaac1.webp,6,5,8,8,1.0,adaptive,0.1429,0.0848,1,0.0848,0,0,0,0
nghospmsyaac1.webp,6,6,9,9,1.0,adaptive,0.1715,0.0849,1,0.0849,0,0,0,0
nghospmsyaac1.webp,6,7,2,2,1.0,adaptive,0.1526,0.0671,1,0.0671,0,0,0,0
nghospmsyaac1.webp,6,8,5,5,1.0,adaptive,0.1368,0.0785,1,0.0785,0,0,0,0
nghospmsyaac1.webp,6,9,6,6,0.9999,adaptive,0.1709,0.0838,1,0.0838,0,0,0,0
nghospmsyaac1.webp,7,1,5,5,1.0,adaptive,0.1504,0.0771,1,0.0771,0,0,0,0
nghospmsyaac1.webp,7,3,8,8,1.0,adaptive,0.1377,0.0858,1,0.0858,0,0,0,0
nghospmsyaac1.webp,7,5,9,9,0.9999,adaptive,0.1373,0.0853,1,0.0853,0,0,0,0
nghospmsyaac1.webp,7,6,1,1,0.9991,adaptive,0.0869,0.0385,1,0.0385,0,0,0,0
nghospmsyaac1.webp,7,8,2,2,1.0,adaptive,0.128,0.0701,1,0.0701,0,0,0,0
nghospmsyaac1.webp,8,4,7,7,1.0,adaptive,0.1232,0.0518,1,0.0518,0,0,0,0
nghospmsyaac1.webp,8,6,8,8,1.0,adaptive,0.1558,0.085,1,0.085,0,0,0,0
nghospmsyaac1.webp,8,7,9,9,1.0,adaptive,0.1551,0.0846,1,0.0846,0,0,0,0
nghospmsyaac1.webp,8,8,1,1,0.9978,adaptive,0.0402,0.0402,1,0.0402,0,0,0,0
nghospmsyaac1.webp,8,9,5,5,1.0,adaptive,0.1517,0.081,1,0.081,0,0,0,0
nghospmsyaac1.webp,9,1,1,1,0.9975,adaptive,0.1268,0.0401,1,0.0401,0,0,0,0
nghospmsyaac1.webp,9,2,9,9,0.9999,adaptive,0.1676,0.0853,1,0.0853,0,0,0,0
nghospmsyaac1.webp,9,6,5,5,1.0,adaptive,0.1628,0.0777,1,0.0777,0,0,0,0
nghospmsyaac1.webp,9,8,8,8,1.0,adaptive,0.1404,0.0862,1,0.0862,0,0,0,0
o4vdw3x08woc1.webp,1,1,3,3,1.0,adaptive,0.1461,0.0606,1,0.0606,0,0,0,0
o4vdw3x08woc1.webp,1,2,1,1,0.9997,adaptive,0.1217,0.05,1,0.05,0,0,0,0
o4vdw3x08woc1.webp,1,6,8,8,1.0,adaptive,0.1702,0.0838,1,0.0838,0,0,0,0
o4vdw3x08woc1.webp,1,8,7,7,1.0,adaptive,0.1327,0.0484,1,0.0484,0,0,0,0
o4vdw3x08woc1.webp,2,3,7,7,1.0,adaptive,0.0954,0.0509,1,0.0509,0,0,0,0
o4vdw3x08woc1.webp,2,6,1,1,0.9996,adaptive,0.1147,0.0565,1,0.0565,0,0,0,0
o4vdw3x08woc1.webp,2,8,3,3,1.0,adaptive,0.1084,0.0636,1,0.0636,0,0,0,0
o4vdw3x08woc1.webp,3,2,6,6,0.993,adaptive,0.1644,0.0782,1,0.0782,0,0,0,0
o4vdw3x08woc1.webp,3,4,7,7,1.0,adaptive,0.1459,0.0474,1,0.0474,0,0,0,0
o4vdw3x08woc1.webp,3,5,2,2,0.9999,adaptive,0.1445,0.0615,1,0.0615,0,0,0,0
o4vdw3x08woc1.webp,3,6,3,3,1.0,adaptive,0.1617,0.0644,1,0.0644,0,0,0,0
o4vdw3x08woc1.webp,3,7,5,5,1.0,adaptive,0.145,0.0617,1,0.0617,0,0,0,0
o4vdw3x08woc1.webp,3,9,1,1,0.9993,adaptive,0.1635,0.0555,1,0.0555,0,0,0,0
o4vdw3x08woc1.webp,4,1,1,1,0.9993,adaptive,0.133,0.0483,1,0.0483,0,0,0,0
o4vdw3x08woc1.webp,4,5,3,3,0.9999,adaptive,0.1314,0.0622,1,0.0622,0,0,0,0
o4vdw3x08woc1.webp,4,6,2,2,0.9999,adaptive,0.1457,0.0599,1,0.0599,0,0,0,0
o4vdw3x08woc1.webp,4,7,6,6,0.9941,adaptive,0.1495,0.0753,1,0.0753,0,0,0,0
o4vdw3x08woc1.webp,4,8,9,9,1.0,adaptive,0.1599,0.0767,1,0.0767,0,0,0,0
o4vdw3x08woc1.webp,4,9,7,7,1.0,adaptive,0.143,0.047,1,0.047,0,0,0,0
o4vdw3x08woc1.webp,5,3,3,3,1.0,adaptive,0.1092,0.0633,1,0.0633,0,0,0,0
o4vdw3x08woc1.webp,5,4,6,6,0.9962,adaptive,0.1366,0.0762,1,0.0762,0,0,0,0
o4vdw3x08woc1.webp,5,7,1,1,0.9997,adaptive,0.1079,0.0509,1,0.0509,0,0,0,0
o4vdw3x08woc1.webp,6,1,6,6,0.9947,adaptive,0.1472,0.0742,1,0.0742,0,0,0,0
o4vdw3x08woc1.webp,6,5,1,1,0.9996,adaptive,0.1185,0.0511,1,0.0511,0,0,0,0
o4vdw3x08woc1.webp,6,9,3,3,0.9999,adaptive,0.1553,0.061,1,0.061,0,0,0,0
o4vdw3x08woc1.webp,7,1,7,7,1.0,adaptive,0.1174,0.0468,1,0.0468,0,0,0,0
o4vdw3x08woc1.webp,7,2,5,5,1.0,adaptive,0.1242,0.0667,1,0.0667,0,0,0,0
o4vdw3x08woc1.webp,7,3,6,6,0.9996,adaptive,0.1348,0.0769,1,0.0769,0,0,0,0
o4vdw3x08woc1.webp,7,4,2,2,1.0,adaptive,0.1321,0.0608,1,0.0608,0,0,0,0
o4vdw3x08woc1.webp,7,7,3,3,1.0,adaptive,0.1236,0.0646,1,0.0646,0,0,0,0
o4vdw3x08woc1.webp,7,8,1,1,0.9994,adaptive,0.1203,0.0504,1,0.0504,0,0,0,0
o4vdw3x08woc1.webp,8,1,2,2,0.9999,adaptive,0.1316,0.0617,1,0.0617,0,0,0,0
o4vdw3x08woc1.webp,8,2,3,3,1.0,adaptive,0.1217,0.064,1,0.064,0,0,0,0
o4vdw3x08woc1.webp,8,3,4,4,1.0,adaptive,0.1208,0.0635,1,0.0635,0,0,0,0
o4vdw3x08woc1.webp,8,4,1,1,0.9986,adaptive,0.1237,0.0531,1,0.0531,0,0,0,0
o4vdw3x08woc1.webp,8,6,6,6,0.9987,adaptive,0.1483,0.0773,1,0.0773,0,0,0,0
o4vdw3x08woc1.webp,9,1,8,8,1.0,adaptive,0.1677,0.0829,1,0.0829,0,0,0,0
o4vdw3x08woc1.webp,9,2,9,9,1.0,adaptive,0.1472,0.0758,1,0.0758,0,0,0,0
o4vdw3x08woc1.webp,9,3,1,1,0.9989,adaptive,0.1265,0.0548,1,0.0548,0,0,0,0
o4vdw3x08woc1.webp,9,4,3,3,0.9999,adaptive,0.1495,0.0599,1,0.0599,0,0,0,0
o4vdw3x08woc1.webp,9,6,5,5,1.0,adaptive,0.1499,0.0595,1,0.0595,0,0,0,0
o4vdw3x08woc1.webp,9,8,6,6,0.9983,adaptive,0.1612,0.0771,1,0.0771,0,0,0,0
o5imv2zobpuc1.webp,1,1,1,1,0.9992,adaptive,0.153,0.0392,1,0.0392,0,0,0,0
o5imv2zobpuc1.webp,1,2,8,8,1.0,adaptive,0.1698,0.0839,1,0.0839,0,0,0,0
o5imv2zobpuc1.webp,1,3,5,5,1.0,adaptive,0.1764,0.0771,1,0.0771,0,0,0,0
o5imv2zobpuc1.webp,1,4,3,3,1.0,adaptive,0.1577,0.0715,1,0.0715,0,0,0,0
o5imv2zobpuc1.webp,1,5,0,0,0.992,adaptive,0.0846,0.0,0,0.0,0,0,0,0
o5imv2zobpuc1.webp,1,6,7,7,1.0,adaptive,0.1644,0.051,1,0.051,0,0,0,0
o5imv2zobpuc1.webp,1,7,4,4,1.0,adaptive,0.1677,0.0691,1,0.0691,0,0,0,0
o5imv2zobpuc1.webp,1,8,0,0,0.992,adaptive,0.0963,0.0,0,0.0,0,0,0,0
o5imv2zobpuc1.webp,1,9,0,0,0.992,adaptive,0.0864,0.0,0,0.0,0,0,0,0
o5imv2zobpuc1.webp,2,1,9,9,1.0,adaptive,0.1685,0.083,1,0.083,0,0,0,0
o5imv2zobpuc1.webp,2,2,6,6,0.9999,adaptive,0.1414,0.0843,1,0.0843,0,0,0,0
o5imv2zobpuc1.webp,2,3,2,2,1.0,adaptive,0.1339,0.0694,1,0.0694,0,0,0,0
o5imv2zobpuc1.webp,2,4,0,0,0.992,adaptive,0.0841,0.0,0,0.0,0,0,0,0
o5imv2zobpuc1.webp,2,5,0,0,0.992,adaptive,0.0569,0.0,0,0.0,0,0,0,0
o5imv2zobpuc1.webp,2,6,4,4,1.0,adaptive,0.1517,0.0669,1,0.0669,0,0,0,0
o5imv2zobpuc1.webp,2,7,0,0,0.992,adaptive,0.0703,0.0,0,0.0,0,0,0,0
o5imv2zobpuc1.webp,2,8,0,0,0.992,adaptive,0.0572,0.0,0,0.0,0,0,0,0
o5imv2zobpuc1.webp,2,9,8,8,1.0,adaptive,0.1425,0.0848,1,0.0848,0,0,0,0
o5imv2zobpuc1.webp,3,1,3,3,1.0,adaptive,0.1441,0.0715,1,0.0715,0,0,0,0
o5imv2zobpuc1.webp,3,2,7,7,1.0,adaptive,0.1214,0.0509,1,0.0509,0,0,0,0
o5imv2zobpuc1.webp,3,3,4,4,1.0,adaptive,0.1374,0.0675,1,0.0675,0,0,0,0
o5imv2zobpuc1.webp,3,4,0,0,0.992,adaptive,0.0913,0.0,0,0.0,0,0,0,0
o5imv2zobpuc1.webp,3,5,0,0,0.992,adaptive,0.0552,0.0,0,0.0,0,0,0,0
o5imv2zobpuc1.webp,3,6,0,0,0.992,adaptive,0.0962,0.0,0,0.0,0,0,0,0
o5imv2zobpuc1.webp,3,7,0,0,0.992,adaptive,0.0824,0.0,0,0.0,0,0,0,0
o5imv2zobpuc1.webp,3,8,6,6,0.9999,adaptive,0.1551,0.0853,1,0.0853,0,0,0,0
o5imv2zobpuc1.webp,3,9,0,0,0.992,adaptive,0.0838,0.0,0,0.0,0,0,0,0
o5imv2zobpuc1.webp,4,1,8,8,1.0,adaptive,0.1833,0.0842,1,0.0842,0,0,0,0
o5imv2zobpuc1.webp,4,2,2,2,1.0,adaptive,0.1278,0.0692,1,0.0692,0,0,0,0
o5imv2zobpuc1.webp,4,3,7,7,1.0,adaptive,0.1314,0.0495,1,0.0495,0,0,0,0
o5imv2zobpuc1.webp,4,4,9,9,1.0,adaptive,0.1945,0.0855,1,0.0855,0,0,0,0
o5imv2zobpuc1.webp,4,5,4,4,1.0,adaptive,0.1264,0.0697,1,0.0697,0,0,0,0
o5imv2zobpuc1.webp,4,6,5,5,1.0,adaptive,0.1671,0.0769,1,0.0769,0,0,0,0
o5imv2zobpuc1.webp,4,7,6,6,0.9999,adaptive,0.1515,0.0822,1,0.0822,0,0,0,0
o5imv2zobpuc1.webp,4,8,1,1,0.9976,adaptive,0.107,0.0396,1,0.0396,0,0,0,0
o5imv2zobpuc1.webp,4,9,3,3,1.0,adaptive,0.1428,0.0702,1,0.0702,0,0,0,0
o5imv2zobpuc1.webp,5,1,5,5,1.0,adaptive,0.1348,0.0769,1,0.0769,0,0,0,0
o5imv2zobpuc1.webp,5,2,3,3,1.0,adaptive,0.0723,0.0723,1,0.0723,0,0,0,0
o5imv2zobpuc1.webp,5,3,1,1,0.9986,adaptive,0.109,0.0403,1,0.0403,0,0,0,0
o5imv2zobpuc1.webp,5,4,2,2,1.0,adaptive,0.1531,0.0694,1,0.0694,0,0,0,0
o5imv2zobpuc1.webp,5,5,7,7,1.0,adaptive,0.1077,0.0519,1,0.0519,0,0,0,0
o5imv2zobpuc1.webp,5,6,6,6,0.9997,adaptive,0.1671,0.0834,1,0.0834,0,0,0,0
o5imv2zobpuc1.webp,5,7,9,9,1.0,adaptive,0.1253,0.0841,1,0.0841,0,0,0,0
o5imv2zobpuc1.webp,5,8,8,8,1.0,adaptive,0.1125,0.0856,1,0.0856,0,0,0,0
o5imv2zobpuc1.webp,5,9,4,4,1.0,adaptive,0.1284,0.071,1,0.071,0,0,0,0
o5imv2zobpuc1.webp,6,1,6,6,0.9998,adaptive,0.1671,0.0813,1,0.0813,0,0,0,0
o5imv2zobpuc1.webp,6,2,4,4,1.0,adaptive,0.1386,0.0694,1,0.0694,0,0,0,0
o5imv2zobpuc1.webp,6,3,9,9,1.0,adaptive,0.1651,0.0818,1,0.0818,0,0,0,0
o5imv2zobpuc1.webp,6,4,1,1,0.9959,adaptive,0.1379,0.0392,1,0.0392,0,0,0,0
o5imv2zobpuc1.webp,6,5,3,3,1.0,adaptive,0.104,0.073,1,0.073,0,0,0,0
o5imv2zobpuc1.webp,6,6,8,8,1.0,adaptive,0.1963,0.0849,1,0.0849,0,0,0,0
o5imv2zobpuc1.webp,6,7,2,2,1.0,adaptive,0.145,0.0682,1,0.0682,0,0,0,0
o5imv2zobpuc1.webp,6,8,5,5,1.0,adaptive,0.1436,0.0805,1,0.0805,0,0,0,0
o5imv2zobpuc1.webp,6,9,7,7,1.0,adaptive,0.1415,0.0474,1,0.0474,0,0,0,0
o5imv2zobpuc1.webp,7,1,2,2,1.0,adaptive,0.1608,0.0675,1,0.0675,0,0,0,0
o5imv2zobpuc1.webp,7,2,1,1,0.9981,adaptive,0.0991,0.0403,1,0.0403,0,0,0,0
o5imv2zobpuc1.webp,7,3,8,8,1.0,adaptive,0.1682,0.0849,1,0.0849,0,0,0,0
o5imv2zobpuc1.webp,7,4,6,6,1.0,adaptive,0.1802,0.0833,1,0.0833,0,0,0,0
o5imv2zobpuc1.webp,7,5,9,9,1.0,adaptive,0.1526,0.0844,1,0.0844,0,0,0,0
o5imv2zobpuc1.webp,7,6,0,0,0.992,adaptive,0.0965,0.0,0,0.0,0,0,0,0
o5imv2zobpuc1.webp,7,7,7,7,1.0,adaptive,0.123,0.0512,1,0.0512,0,0,0,0
o5imv2zobpuc1.webp,7,8,0,0,0.992,adaptive,0.0606,0.0,0,0.0,0,0,0,0
o5imv2zobpuc1.webp,7,9,0,0,0.992,adaptive,0.0953,0.0,0,0.0,0,0,0,0
o5imv2zobpuc1.webp,8,1,4,4,1.0,adaptive,0.1366,0.0667,1,0.0667,0,0,0,0
o5imv2zobpuc1.webp,8,2,9,9,0.9999,adaptive,0.1315,0.0847,1,0.0847,0,0,0,0
o5imv2zobpuc1.webp,8,3,6,6,0.9998,adaptive,0.1531,0.0825,1,0.0825,0,0,0,0
o5imv2zobpuc1.webp,8,4,0,0,0.992,adaptive,0.0844,0.0,0,0.0,0,0,0,0
o5imv2zobpuc1.webp,8,5,0,0,0.992,adaptive,0.0572,0.0,0,0.0,0,0,0,0
o5imv2zobpuc1.webp,8,6,0,0,0.992,adaptive,0.083,0.0,0,0.0,0,0,0,0
o5imv2zobpuc1.webp,8,7,0,0,0.992,adaptive,0.0701,0.0,0,0.0,0,0,0,0
o5imv2zobpuc1.webp,8,8,0,0,0.992,adaptive,0.0583,0.0,0,0.0,0,0,0,0
o5imv2zobpuc1.webp,8,9,0,0,0.992,adaptive,0.0726,0.0,0,0.0,0,0,0,0
o5imv2zobpuc1.webp,9,1,7,7,1.0,adaptive,0.1368,0.0503,1,0.0503,0,0,0,0
o5imv2zobpuc1.webp,9,2,5,5,1.0,adaptive,0.1504,0.0791,1,0.0791,0,0,0,0
o5imv2zobpuc1.webp,9,3,3,3,1.0,adaptive,0.1472,0.0686,1,0.0686,0,0,0,0
o5imv2zobpuc1.webp,9,4,0,0,0.992,adaptive,0.1132,0.0,0,0.0,0,0,0,0
o5imv2zobpuc1.webp,9,5,0,0,0.992,adaptive,0.0857,0.0,0,0.0,0,0,0,0
o5imv2zobpuc1.webp,9,6,0,0,0.992,adaptive,0.1,0.0,0,0.0,0,0,0,0
o5imv2zobpuc1.webp,9,7,0,0,0.992,adaptive,0.0991,0.0,0,0.0,0,0,0,0
o5imv2zobpuc1.webp,9,8,0,0,0.992,adaptive,0.0862,0.0,0,0.0,0,0,0,0
o5imv2zobpuc1.webp,9,9,6,6,0.9999,adaptive,0.1983,0.0844,1,0.0844,0,0,0,0
okpr4h3f85jc1.webp,1,1,0,0,0.992,adaptive,0.1134,0.0,0,0.0,0,0,0,0
okpr4h3f85jc1.webp,1,2,0,0,0.992,adaptive,0.0859,0.0,0,0.0,0,0,0,0
okpr4h3f85jc1.webp,1,3,0,0,0.992,adaptive,0.1114,0.0,0,0.0,0,0,0,0
okpr4h3f85jc1.webp,1,4,0,0,0.992,adaptive,0.0985,0.0,0,0.0,0,0,0,0
okpr4h3f85jc1.webp,1,5,0,0,0.992,adaptive,0.1108,0.0,0,0.0,0,0,0,0
okpr4h3f85jc1.webp,1,6,0,0,0.992,adaptive,0.1103,0.0,0,0.0,0,0,0,0
okpr4h3f85jc1.webp,1,7,0,0,0.992,adaptive,0.1114,0.0,0,0.0,0,0,0,0
okpr4h3f85jc1.webp,1,8,1,1,0.9999,adaptive,0.1443,0.0586,1,0.0586,0,0,0,0
okpr4h3f85jc1.webp,1,9,4,4,1.0,adaptive,0.2016,0.0748,1,0.0748,0,0,0,0
okpr4h3f85jc1.webp,2,1,8,8,1.0,adaptive,0.1929,0.0941,1,0.0941,0,0,0,0
okpr4h3f85jc1.webp,2,2,6,6,0.9997,adaptive,0.1497,0.0904,1,0.0904,0,0,0,0
okpr4h3f85jc1.webp,2,3,3,3,1.0,adaptive,0.1664,0.0805,1,0.0805,0,0,0,0
okpr4h3f85jc1.webp,2,4,0,0,0.992,adaptive,0.0735,0.0,0,0.0,0,0,0,0
okpr4h3f85jc1.webp,2,5,0,0,0.992,adaptive,0.0856,0.0,0,0.0,0,0,0,0
okpr4h3f85jc1.webp,2,6,0,0,0.992,adaptive,0.0864,0.0,0,0.0,0,0,0,0
okpr4h3f85jc1.webp,2,7,7,7,1.0,adaptive,0.1502,0.0642,1,0.0642,0,0,0,0
okpr4h3f85jc1.webp,2,8,0,0,0.992,adaptive,0.0597,0.0,0,0.0,0,0,0,0
okpr4h3f85jc1.webp,2,9,0,0,0.992,adaptive,0.1006,0.0,0,0.0,0,0,0,0
okpr4h3f85jc1.webp,3,1,0,0,0.992,adaptive,0.1259,0.0,0,0.0,0,0,0,0
okpr4h3f85jc1.webp,3,2,0,0,0.992,adaptive,0.0993,0.0,0,0.0,0,0,0,0
okpr4h3f85jc1.webp,3,3,0,0,0.992,adaptive,0.1116,0.0,0,0.0,0,0,0,0
okpr4h3f85jc1.webp,3,4,0,0,0.992,adaptive,0.1002,0.0,0,0.0,0,0,0,0
okpr4h3f85jc1.webp,3,5,0,0,0.992,adaptive,0.0984,0.0,0,0.0,0,0,0,0
okpr4h3f85jc1.webp,3,6,0,0,0.992,adaptive,0.1121,0.0,0,0.0,0,0,0,0
okpr4h3f85jc1.webp,3,7,3,3,1.0,adaptive,0.1905,0.0804,1,0.0804,0,0,0,0
okpr4h3f85jc1.webp,3,8,0,0,0.992,adaptive,0.0868,0.0,0,0.0,0,0,0,0
okpr4h3f85jc1.webp,3,9,0,0,0.992,adaptive,0.1261,0.0,0,0.0,0,0,0,0
okpr4h3f85jc1.webp,4,1,2,2,1.0,adaptive,0.2038,0.0791,1,0.0791,0,0,0,0
okpr4h3f85jc1.webp,4,2,0,0,0.992,adaptive,0.0873,0.0,0,0.0,0,0,0,0
okpr4h3f85jc1.webp,4,3,8,8,1.0,adaptive,0.2034,0.0936,1,0.0936,0,0,0,0
okpr4h3f85jc1.webp,4,4,0,0,0.992,adaptive,0.0989,0.0,0,0.0,0,0,0,0
okpr4h3f85jc1.webp,4,5,0,0,0.992,adaptive,0.0993,0.0,0,0.0,0,0,0,0
okpr4h3f85jc1.webp,4,6,9,9,1.0,adaptive,0.1974,0.0873,1,0.0873,0,0,0,0
okpr4h3f85jc1.webp,4,7,0,0,0.992,adaptive,0.1121,0.0,0,0.0,0,0,0,0
okpr4h3f85jc1.webp,4,8,5,5,1.0,adaptive,0.1707,0.0841,1,0.0841,0,0,0,0
okpr4h3f85jc1.webp,4,9,3,3,1.0,adaptive,0.1987,0.08,1,0.08,0,0,0,0
okpr4h3f85jc1.webp,5,1,5,5,1.0,adaptive,0.1963,0.0832,1,0.0832,0,0,0,0
okpr4h3f85jc1.webp,5,2,0,0,0.992,adaptive,0.0737,0.0,0,0.0,0,0,0,0
okpr4h3f85jc1.webp,5,3,0,0,0.992,adaptive,0.0988,0.0,0,0.0,0,0,0,0
okpr4h3f85jc1.webp,5,4,0,0,0.992,adaptive,0.0868,0.0,0,0.0,0,0,0,0
okpr4h3f85jc1.webp,5,5,6,6,1.0,adaptive,0.1733,0.0898,1,0.0898,0,0,0,0
okpr4h3f85jc1.webp,5,6,0,0,0.992,adaptive,0.0991,0.0,0,0.0,0,0,0,0
okpr4h3f85jc1.webp,5,7,0,0,0.992,adaptive,0.0988,0.0,0,0.0,0,0,0,0
okpr4h3f85jc1.webp,5,8,0,0,0.992,adaptive,0.0849,0.0,0,0.0,0,0,0,0
okpr4h3f85jc1.webp,5,9,0,0,0.992,adaptive,0.0997,0.0,0,0.0,0,0,0,0
okpr4h3f85jc1.webp,6,1,0,0,0.992,adaptive,0.1252,0.0,0,0.0,0,0,0,0
okpr4h3f85jc1.webp,6,2,4,4,1.0,adaptive,0.1766,0.0778,1,0.0778,0,0,0,0
okpr4h3f85jc1.webp,6,3,0,0,0.992,adaptive,0.1123,0.0,0,0.0,0,0,0,0
okpr4h3f85jc1.webp,6,4,0,0,0.992,adaptive,0.0987,0.0,0,0.0,0,0,0,0
okpr4h3f85jc1.webp,6,5,8,8,1.0,adaptive,0.1909,0.0934,1,0.0934,0,0,0,0
okpr4h3f85jc1.webp,6,6,0,0,0.992,adaptive,0.1123,0.0,0,0.0,0,0,0,0
okpr4h3f85jc1.webp,6,7,0,0,0.992,adaptive,0.1127,0.0,0,0.0,0,0,0,0
okpr4h3f85jc1.webp,6,8,2,2,1.0,adaptive,0.1673,0.0814,1,0.0814,0,0,0,0
okpr4h3f85jc1.webp,6,9,0,0,0.992,adaptive,0.1121,0.0,0,0.0,0,0,0,0
okpr4h3f85jc1.webp,7,1,0,0,0.992,adaptive,0.1256,0.0,0,0.0,0,0,0,0
okpr4h3f85jc1.webp,7,2,5,5,1.0,adaptive,0.1719,0.0855,1,0.0855,0,0,0,0
okpr4h3f85jc1.webp,7,3,0,0,0.992,adaptive,0.1112,0.0,0,0.0,0,0,0,0
okpr4h3f85jc1.webp,7,4,0,0,0.992,adaptive,0.0989,0.0,0,0.0,0,0,0,0
okpr4h3f85jc1.webp,7,5,4,4,1.0,adaptive,0.1599,0.076,1,0.076,0,0,0,0
okpr4h3f85jc1.webp,7,6,0,0,0.992,adaptive,0.1105,0.0,0,0.0,0,0,0,0
okpr4h3f85jc1.webp,7,7,0,0,0.992,adaptive,0.1103,0.0,0,0.0,0,0,0,0
okpr4h3f85jc1.webp,7,8,6,6,0.9999,adaptive,0.1744,0.0896,1,0.0896,0,0,0,0
okpr4h3f85jc1.webp,7,9,1,1,0.9999,adaptive,0.1562,0.0577,1,0.0577,0,0,0,0
okpr4h3f85jc1.webp,8,1,0,0,0.992,adaptive,0.1137,0.0,0,0.0,0,0,0,0
okpr4h3f85jc1.webp,8,2,1,1,1.0,adaptive,0.1331,0.0599,1,0.0599,0,0,0,0
okpr4h3f85jc1.webp,8,3,0,0,0.992,adaptive,0.0988,0.0,0,0.0,0,0,0,0
okpr4h3f85jc1.webp,8,4,0,0,0.992,adaptive,0.0866,0.0,0,0.0,0,0,0,0
okpr4h3f85jc1.webp,8,5,0,0,0.992,adaptive,0.0861,0.0,0,0.0,0,0,0,0
okpr4h3f85jc1.webp,8,6,5,5,1.0,adaptive,0.164,0.0859,1,0.0859,0,0,0,0
okpr4h3f85jc1.webp,8,7,0,0,0.992,adaptive,0.0986,0.0,0,0.0,0,0,0,0
okpr4h3f85jc1.webp,8,8,0,0,0.992,adaptive,0.0863,0.0,0,0.0,0,0,0,0
okpr4h3f85jc1.webp,8,9,0,0,0.992,adaptive,0.0995,0.0,0,0.0,0,0,0,0
okpr4h3f85jc1.webp,9,1,0,0,0.992,adaptive,0.1408,0.0,0,0.0,0,0,0,0
okpr4h3f85jc1.webp,9,2,0,0,0.992,adaptive,0.1128,0.0,0,0.0,0,0,0,0
okpr4h3f85jc1.webp,9,3,0,0,0.992,adaptive,0.1239,0.0,0,0.0,0,0,0,0
okpr4h3f85jc1.webp,9,4,0,0,0.992,adaptive,0.1125,0.0,0,0.0,0,0,0,0
okpr4h3f85jc1.webp,9,5,0,0,0.992,adaptive,0.1122,0.0,0,0.0,0,0,0,0
okpr4h3f85jc1.webp,9,6,0,0,0.992,adaptive,0.1143,0.0,0,0.0,0,0,0,0
okpr4h3f85jc1.webp,9,7,0,0,0.992,adaptive,0.1241,0.0,0,0.0,0,0,0,0
okpr4h3f85jc1.webp,9,8,3,3,1.0,adaptive,0.175,0.0805,1,0.0805,0,0,0,0
okpr4h3f85jc1.webp,9,9,0,0,0.992,adaptive,0.1272,0.0,0,0.0,0,0,0,0
omh35eblksvc1.webp,1,1,8,8,1.0,adaptive,0.1947,0.0813,1,0.0813,0,0,0,0
omh35eblksvc1.webp,1,2,5,5,1.0,adaptive,0.1576,0.0789,1,0.0789,0,0,0,0
omh35eblksvc1.webp,1,3,1,1,0.9979,adaptive,0.1383,0.0392,1,0.0392,0,0,0,0
omh35eblksvc1.webp,1,4,0,0,0.992,adaptive,0.0994,0.0,0,0.0,0,0,0,0
omh35eblksvc1.webp,1,5,4,4,1.0,adaptive,0.1409,0.0683,1,0.0683,0,0,0,0
omh35eblksvc1.webp,1,6,0,0,0.992,adaptive,0.0991,0.0,0,0.0,0,0,0,0
omh35eblksvc1.webp,1,7,0,0,0.992,adaptive,0.1022,0.0,0,0.0,0,0,0,0
omh35eblksvc1.webp,1,8,7,7,1.0,adaptive,0.1357,0.05,1,0.05,0,0,0,0
omh35eblksvc1.webp,1,9,0,0,0.992,adaptive,0.1005,0.0,0,0.0,0,0,0,0
omh35eblksvc1.webp,2,1,4,4,1.0,adaptive,0.1395,0.0672,1,0.0672,0,0,0,0
omh35eblksvc1.webp,2,2,2,2,1.0,adaptive,0.0702,0.0702,1,0.0702,0,0,0,0
omh35eblksvc1.webp,2,3,0,0,0.992,adaptive,0.0683,0.0,0,0.0,0,0,0,0
omh35eblksvc1.webp,2,4,0,0,0.992,adaptive,0.0403,0.0,0,0.0,0,0,0,0
omh35eblksvc1.webp,2,5,0,0,0.992,adaptive,0.0005,0.0,0,0.0,0,0,0,0
omh35eblksvc1.webp,2,6,6,6,0.9999,adaptive,0.1137,0.0837,1,0.0837,0,0,0,0
omh35eblksvc1.webp,2,7,9,9,1.0,adaptive,0.1246,0.0848,1,0.0848,0,0,0,0
omh35eblksvc1.webp,2,8,8,8,1.0,adaptive,0.0989,0.0849,1,0.0849,0,0,0,0
omh35eblksvc1.webp,2,9,1,1,0.9977,adaptive,0.0839,0.0391,1,0.0391,0,0,0,0
omh35eblksvc1.webp,3,1,9,9,1.0,adaptive,0.1798,0.0811,1,0.0811,0,0,0,0
omh35eblksvc1.webp,3,2,0,0,0.992,adaptive,0.0701,0.0,0,0.0,0,0,0,0
omh35eblksvc1.webp,3,3,0,0,0.992,adaptive,0.1038,0.0,0,0.0,0,0,0,0
omh35eblksvc1.webp,3,4,0,0,0.992,adaptive,0.0962,0.0,0,0.0,0,0,0,0
omh35eblksvc1.webp,3,5,0,0,0.992,adaptive,0.071,0.0,0,0.0,0,0,0,0
omh35eblksvc1.webp,3,6,1,1,0.991,adaptive,0.139,0.0439,1,0.0439,0,0,0,0
omh35eblksvc1.webp,3,7,4,4,1.0,adaptive,0.1635,0.0693,1,0.0693,0,0,0,0
omh35eblksvc1.webp,3,8,0,0,0.992,adaptive,0.0834,0.0,0,0.0,0,0,0,0
omh35eblksvc1.webp,3,9,0,0,0.992,adaptive,0.0971,0.0,0,0.0,0,0,0,0
omh35eblksvc1.webp,4,1,3,3,1.0,adaptive,0.1573,0.0713,1,0.0713,0,0,0,0
omh35eblksvc1.webp,4,2,4,4,1.0,adaptive,0.1255,0.0699,1,0.0699,0,0,0,0
omh35eblksvc1.webp,4,3,2,2,1.0,adaptive,0.1241,0.0664,1,0.0664,0,0,0,0
omh35eblksvc1.webp,4,4,9,9,1.0,adaptive,0.168,0.0835,1,0.0835,0,0,0,0
omh35eblksvc1.webp,4,5,0,0,0.992,adaptive,0.057,0.0,0,0.0,0,0,0,0
omh35eblksvc1.webp,4,6,0,0,0.992,adaptive,0.0751,0.0,0,0.0,0,0,0,0
omh35eblksvc1.webp,4,7,0,0,0.992,adaptive,0.0831,0.0,0,0.0,0,0,0,0
omh35eblksvc1.webp,4,8,0,0,0.992,adaptive,0.0699,0.0,0,0.0,0,0,0,0
omh35eblksvc1.webp,4,9,7,7,1.0,adaptive,0.1361,0.0503,1,0.0503,0,0,0,0
omh35eblksvc1.webp,5,1,0,0,0.992,adaptive,0.0579,0.0,0,0.0,0,0,0,0
omh35eblksvc1.webp,5,2,6,6,1.0,adaptive,0.1015,0.0861,1,0.0861,0,0,0,0
omh35eblksvc1.webp,5,3,8,8,1.0,adaptive,0.1569,0.085,1,0.085,0,0,0,0
omh35eblksvc1.webp,5,4,4,4,1.0,adaptive,0.1266,0.0697,1,0.0697,0,0,0,0
omh35eblksvc1.webp,5,5,2,2,1.0,adaptive,0.0714,0.0714,1,0.0714,0,0,0,0
omh35eblksvc1.webp,5,6,7,7,1.0,adaptive,0.107,0.052,1,0.052,0,0,0,0
omh35eblksvc1.webp,5,7,0,0,0.992,adaptive,0.0568,0.0,0,0.0,0,0,0,0
omh35eblksvc1.webp,5,8,0,0,0.992,adaptive,0.0427,0.0,0,0.0,0,0,0,0
omh35eblksvc1.webp,5,9,0,0,0.992,adaptive,0.0534,0.0,0,0.0,0,0,0,0
omh35eblksvc1.webp,6,1,1,1,0.9992,adaptive,0.1185,0.0394,1,0.0394,0,0,0,0
omh35eblksvc1.webp,6,2,0,0,0.992,adaptive,0.0427,0.0,0,0.0,0,0,0,0
omh35eblksvc1.webp,6,3,0,0,0.992,adaptive,0.0958,0.0,0,0.0,0,0,0,0
omh35eblksvc1.webp,6,4,0,0,0.992,adaptive,0.0835,0.0,0,0.0,0,0,0,0
omh35eblksvc1.webp,6,5,8,8,1.0,adaptive,0.1391,0.083,1,0.083,0,0,0,0
omh35eblksvc1.webp,6,6,3,3,1.0,adaptive,0.1446,0.0735,1,0.0735,0,0,0,0
omh35eblksvc1.webp,6,7,0,0,0.992,adaptive,0.0826,0.0,0,0.0,0,0,0,0
omh35eblksvc1.webp,6,8,2,2,1.0,adaptive,0.1006,0.0708,1,0.0708,0,0,0,0
omh35eblksvc1.webp,6,9,4,4,1.0,adaptive,0.1544,0.0686,1,0.0686,0,0,0,0
omh35eblksvc1.webp,7,1,6,6,0.9999,adaptive,0.1675,0.0824,1,0.0824,0,0,0,0
omh35eblksvc1.webp,7,2,0,0,0.992,adaptive,0.0554,0.0,0,0.0,0,0,0,0
omh35eblksvc1.webp,7,3,0,0,0.992,adaptive,0.0967,0.0,0,0.0,0,0,0,0
omh35eblksvc1.webp,7,4,0,0,0.992,adaptive,0.0831,0.0,0,0.0,0,0,0,0
omh35eblksvc1.webp,7,5,0,0,0.992,adaptive,0.069,0.0,0,0.0,0,0,0,0
omh35eblksvc1.webp,7,6,0,0,0.992,adaptive,0.0782,0.0,0,0.0,0,0,0,0
omh35eblksvc1.webp,7,7,0,0,0.992,adaptive,0.0826,0.0,0,0.0,0,0,0,0
omh35eblksvc1.webp,7,8,4,4,1.0,adaptive,0.1393,0.0694,1,0.0694,0,0,0,0
omh35eblksvc1.webp,7,9,0,0,0.992,adaptive,0.0847,0.0,0,0.0,0,0,0,0
omh35eblksvc1.webp,8,1,7,7,1.0,adaptive,0.1226,0.0511,1,0.0511,0,0,0,0
omh35eblksvc1.webp,8,2,3,3,1.0,adaptive,0.1015,0.0735,1,0.0735,0,0,0,0
omh35eblksvc1.webp,8,3,4,4,1.0,adaptive,0.1416,0.0699,1,0.0699,0,0,0,0
omh35eblksvc1.webp,8,4,5,5,1.0,adaptive,0.1481,0.0791,1,0.0791,0,0,0,0
omh35eblksvc1.webp,8,5,0,0,0.992,adaptive,0.0321,0.0,0,0.0,0,0,0,0
omh35eblksvc1.webp,8,6,0,0,0.992,adaptive,0.0683,0.0,0,0.0,0,0,0,0
omh35eblksvc1.webp,8,7,6,6,0.9999,adaptive,0.1558,0.0855,1,0.0855,0,0,0,0
omh35eblksvc1.webp,8,8,0,0,0.992,adaptive,0.0574,0.0,0,0.0,0,0,0,0
omh35eblksvc1.webp,8,9,0,0,0.992,adaptive,0.071,0.0,0,0.0,0,0,0,0
omh35eblksvc1.webp,9,1,2,2,1.0,adaptive,0.1539,0.0673,1,0.0673,0,0,0,0
omh35eblksvc1.webp,9,2,1,1,0.9969,adaptive,0.097,0.0393,1,0.0393,0,0,0,0
omh35eblksvc1.webp,9,3,0,0,0.992,adaptive,0.0985,0.0,0,0.0,0,0,0,0
omh35eblksvc1.webp,9,4,7,7,1.0,adaptive,0.1357,0.0501,1,0.0501,0,0,0,0
omh35eblksvc1.webp,9,5,0,0,0.992,adaptive,0.0638,0.0,0,0.0,0,0,0,0
omh35eblksvc1.webp,9,6,0,0,0.992,adaptive,0.0994,0.0,0,0.0,0,0,0,0
omh35eblksvc1.webp,9,7,0,0,0.992,adaptive,0.0989,0.0,0,0.0,0,0,0,0
omh35eblksvc1.webp,9,8,5,5,1.0,adaptive,0.1649,0.0794,1,0.0794,0,0,0,0
omh35eblksvc1.webp,9,9,0,0,0.992,adaptive,0.0994,0.0,0,0.0,0,0,0,0
on794seipinc1.webp,1,2,9,9,1.0,adaptive,0.1692,0.0828,1,0.0828,0,0,0,0
on794seipinc1.webp,1,4,4,4,0.9999,adaptive,0.1965,0.0702,1,0.0702,0,0,0,0
on794seipinc1.webp,1,5,6,6,0.9966,adaptive,0.1529,0.0805,1,0.0805,0,0,0,0
on794seipinc1.webp,1,8,3,3,1.0,adaptive,0.1235,0.0787,1,0.0787,0,0,0,0
on794seipinc1.webp,1,9,2,2,1.0,adaptive,0.1733,0.0733,1,0.0733,0,0,0,0
on794seipinc1.webp,2,2,4,4,1.0,adaptive,0.0767,0.0762,1,0.0762,0,0,0,0
on794seipinc1.webp,2,3,2,2,1.0,adaptive,0.0825,0.0762,1,0.0762,0,0,0,0
on794seipinc1.webp,2,5,9,9,1.0,adaptive,0.0826,0.0826,1,0.0826,0,0,0,0
on794seipinc1.webp,2,6,3,3,1.0,adaptive,0.0771,0.0771,1,0.0771,0,0,0,0
on794seipinc1.webp,2,8,1,1,0.9926,adaptive,0.0468,0.0468,1,0.0468,0,0,0,0
on794seipinc1.webp,2,9,6,6,0.9922,adaptive,0.1429,0.0832,1,0.0832,0,0,0,0
on794seipinc1.webp,3,1,6,6,0.9982,adaptive,0.1617,0.0829,1,0.0829,0,0,0,0
on794seipinc1.webp,3,2,3,3,1.0,adaptive,0.1336,0.0794,1,0.0794,0,0,0,0
on794seipinc1.webp,3,5,2,2,1.0,adaptive,0.1187,0.0753,1,0.0753,0,0,0,0
on794seipinc1.webp,3,6,7,7,0.9999,adaptive,0.1158,0.0559,1,0.0559,0,0,0,0
on794seipinc1.webp,3,7,4,4,0.9999,adaptive,0.1611,0.0744,1,0.0744,0,0,0,0
on794seipinc1.webp,3,8,5,5,1.0,adaptive,0.1079,0.078,1,0.078,0,0,0,0
on794seipinc1.webp,3,9,9,9,1.0,adaptive,0.1673,0.0809,1,0.0809,0,0,0,0
on794seipinc1.webp,4,2,8,8,1.0,adaptive,0.1811,0.0959,1,0.0959,0,0,0,0
on794seipinc1.webp,4,4,3,3,1.0,adaptive,0.1867,0.0782,1,0.0782,0,0,0,0
on794seipinc1.webp,4,6,9,9,1.0,adaptive,0.1653,0.0824,1,0.0824,0,0,0,0
on794seipinc1.webp,4,7,2,2,1.0,adaptive,0.1675,0.0715,1,0.0715,0,0,0,0
on794seipinc1.webp,4,8,6,6,0.9949,adaptive,0.1536,0.0814,1,0.0814,0,0,0,0
on794seipinc1.webp,4,9,7,7,0.9999,adaptive,0.1637,0.0526,1,0.0526,0,0,0,0
on794seipinc1.webp,5,2,2,2,1.0,adaptive,0.1329,0.0767,1,0.0767,0,0,0,0
on794seipinc1.webp,5,3,9,9,1.0,adaptive,0.1289,0.0814,1,0.0814,0,0,0,0
on794seipinc1.webp,5,5,7,7,0.9998,adaptive,0.1081,0.0533,1,0.0533,0,0,0,0
on794seipinc1.webp,5,6,6,6,0.9898,adaptive,0.1386,0.0819,1,0.0819,0,0,0,0
on794seipinc1.webp,5,7,3,3,1.0,adaptive,0.1373,0.0798,1,0.0798,0,0,0,0
on794seipinc1.webp,5,8,8,8,1.0,adaptive,0.1393,0.0948,1,0.0948,0,0,0,0
on794seipinc1.webp,6,1,3,3,1.0,adaptive,0.1651,0.0786,1,0.0786,0,0,0,0
on794seipinc1.webp,6,2,7,7,0.9999,adaptive,0.1183,0.0565,1,0.0565,0,0,0,0
on794seipinc1.webp,6,3,6,6,0.9945,adaptive,0.1421,0.0809,1,0.0809,0,0,0,0
on794seipinc1.webp,6,4,2,2,1.0,adaptive,0.1718,0.0715,1,0.0715,0,0,0,0
on794seipinc1.webp,6,5,8,8,1.0,adaptive,0.1653,0.0943,1,0.0943,0,0,0,0
on794seipinc1.webp,6,7,5,5,1.0,adaptive,0.1666,0.076,1,0.076,0,0,0,0
on794seipinc1.webp,6,8,9,9,1.0,adaptive,0.1538,0.081,1,0.081,0,0,0,0
on794seipinc1.webp,7,1,2,2,1.0,adaptive,0.1851,0.0728,1,0.0728,0,0,0,0
on794seipinc1.webp,7,2,5,5,1.0,adaptive,0.18,0.0816,1,0.0816,0,0,0,0
on794seipinc1.webp,7,3,7,7,0.9999,adaptive,0.141,0.0555,1,0.0555,0,0,0,0
on794seipinc1.webp,7,4,9,9,1.0,adaptive,0.1914,0.0802,1,0.0802,0,0,0,0
on794seipinc1.webp,7,5,1,1,0.9897,adaptive,0.1298,0.0466,1,0.0466,0,0,0,0
on794seipinc1.webp,7,6,8,8,1.0,adaptive,0.1599,0.0931,1,0.0931,0,0,0,0
on794seipinc1.webp,7,7,6,6,0.9973,adaptive,0.1615,0.08,1,0.08,0,0,0,0
on794seipinc1.webp,7,8,4,4,1.0,adaptive,0.1325,0.0753,1,0.0753,0,0,0,0
on794seipinc1.webp,7,9,3,3,0.9999,adaptive,0.17,0.0793,1,0.0793,0,0,0,0
on794seipinc1.webp,8,1,9,9,1.0,adaptive,0.1816,0.0834,2,0.0834,0,1,0,0
on794seipinc1.webp,8,2,6,6,0.9872,adaptive,0.1552,0.0824,1,0.0824,0,0,0,0
on794seipinc1.webp,8,3,3,3,0.9998,adaptive,0.147,0.0805,1,0.0805,0,0,0,0
on794seipinc1.webp,8,4,7,7,0.9993,adaptive,0.1536,0.0574,1,0.0574,0,0,0,0
on794seipinc1.webp,8,7,1,1,0.9517,adaptive,0.1133,0.045,1,0.045,0,0,0,0
on794seipinc1.webp,8,8,2,2,1.0,adaptive,0.1311,0.0705,1,0.0705,0,0,0,0
on794seipinc1.webp,8,9,8,8,1.0,adaptive,0.1893,0.092,1,0.092,0,0,0,0
on794seipinc1.webp,9,1,8,8,1.0,adaptive,0.207,0.092,2,0.092,0,0,1,0
on794seipinc1.webp,9,2,1,1,0.9954,adaptive,0.1427,0.0461,2,0.0461,0,1,0,0
on794seipinc1.webp,9,3,4,4,1.0,adaptive,0.1695,0.0746,2,0.0746,0,1,0,0
on794seipinc1.webp,9,4,6,6,0.9709,adaptive,0.2049,0.0784,2,0.0784,0,1,0,0
on794seipinc1.webp,9,5,3,3,0.999,adaptive,0.1619,0.0787,2,0.0787,0,1,0,0
on794seipinc1.webp,9,6,2,2,1.0,adaptive,0.1579,0.0737,2,0.0737,0,1,0,0
on794seipinc1.webp,9,7,9,9,0.9999,adaptive,0.1827,0.0777,2,0.0777,0,1,0,0
on794seipinc1.webp,9,8,7,7,0.9993,adaptive,0.1284,0.05,2,0.05,0,1,0,0
on794seipinc1.webp,9,9,5,5,1.0,adaptive,0.1851,0.0708,2,0.0708,0,1,0,0
ono1og7awlqc1.webp,1,1,0,0,0.992,adaptive,0.1853,0.0,1,0.0,0,1,0,0
ono1og7awlqc1.webp,1,2,0,0,0.992,adaptive,0.1809,0.0,1,0.0,0,1,0,0
ono1og7awlqc1.webp,1,3,0,0,0.9443,adaptive,0.1849,0.0726,1,0.0726,0,0,0,0
ono1og7awlqc1.webp,1,4,4,4,0.9977,adaptive,0.2575,0.1341,3,0.1205,0,1,0,0
ono1og7awlqc1.webp,1,6,3,3,0.9833,adaptive,0.3662,0.26,2,0.1735,0,0,0,0
ono1og7awlqc1.webp,1,7,0,0,0.992,adaptive,0.1459,0.0,1,0.0,0,0,1,0
ono1og7awlqc1.webp,1,8,0,0,0.992,adaptive,0.133,0.0,1,0.0,0,0,1,0
ono1og7awlqc1.webp,1,9,0,0,0.8458,adaptive,0.1746,0.0715,1,0.0715,0,0,0,0
ono1og7awlqc1.webp,2,1,0,0,0.992,adaptive,0.1531,0.0,1,0.0,0,1,0,0
ono1og7awlqc1.webp,2,2,0,0,0.992,adaptive,0.0443,0.0,0,0.0,0,0,0,0
ono1og7awlqc1.webp,2,3,0,0,0.992,adaptive,0.1257,0.0,1,0.0,0,0,1,0
ono1og7awlqc1.webp,2,4,2,2,0.9989,adaptive,0.1976,0.1784,1,0.1784,0,0,0,0
ono1og7awlqc1.webp,2,6,7,7,0.9996,adaptive,0.2739,0.1425,2,0.1425,0,1,0,0
ono1og7awlqc1.webp,2,7,0,0,0.992,adaptive,0.0728,0.0,1,0.0,0,1,0,0
ono1og7awlqc1.webp,2,8,0,0,0.992,adaptive,0.0383,0.0,0,0.0,0,0,0,0
ono1og7awlqc1.webp,2,9,0,0,0.992,adaptive,0.1744,0.0,1,0.0,0,1,0,0
ono1og7awlqc1.webp,3,1,0,0,0.992,adaptive,0.2018,0.0,3,0.0056,2,0,0,0
ono1og7awlqc1.webp,3,2,0,0,0.992,adaptive,0.1384,0.0,1,0.0,1,0,0,0
ono1og7awlqc1.webp,3,3,9,9,0.9953,adaptive,0.2769,0.1526,3,0.1268,0,1,0,0
ono1og7awlqc1.webp,3,4,8,8,0.999,adaptive,0.2357,0.1611,3,0.1247,0,0,0,0
ono1og7awlqc1.webp,3,6,1,1,1.0,adaptive,0.264,0.1078,2,0.1078,0,1,0,0
ono1og7awlqc1.webp,3,7,2,2,0.9992,adaptive,0.2787,0.1711,2,0.1711,0,1,0,0
ono1og7awlqc1.webp,3,8,0,0,0.992,adaptive,0.1737,0.0,1,0.0,0,0,1,0
ono1og7awlqc1.webp,3,9,0,0,0.946,adaptive,0.1869,0.0628,1,0.0628,0,0,0,0
ono1og7awlqc1.webp,4,1,6,6,0.9998,adaptive,0.3428,0.1595,3,0.131,1,0,0,0
ono1og7awlqc1.webp,4,2,2,2,0.9996,adaptive,0.2791,0.1782,1,0.1782,0,0,0,0
ono1og7awlqc1.webp,4,3,7,7,1.0,adaptive,0.2571,0.127,2,0.127,0,1,0,0
ono1og7awlqc1.webp,4,4,5,5,1.0,adaptive,0.2482,0.1735,1,0.1735,0,0,0,0
ono1og7awlqc1.webp,4,5,8,8,0.9991,adaptive,0.3042,0.1777,5,0.1379,2,0,0,0
ono1og7awlqc1.webp,4,6,9,9,0.9999,adaptive,0.286,0.1671,3,0.1279,0,1,0,0
ono1og7awlqc1.webp,4,7,1,1,0.9999,adaptive,0.1372,0.1129,1,0.1129,0,0,0,0
ono1og7awlqc1.webp,4,8,3,3,0.9952,adaptive,0.1872,0.1787,1,0.1787,0,0,0,0
ono1og7awlqc1.webp,4,9,4,4,0.999,adaptive,0.2272,0.1359,3,0.1219,0,1,0,0
ono1og7awlqc1.webp,5,3,3,3,0.9999,adaptive,0.2684,0.1805,2,0.1805,0,1,0,0
ono1og7awlqc1.webp,5,4,7,7,0.9985,adaptive,0.2515,0.1483,2,0.1483,1,0,0,0
ono1og7awlqc1.webp,5,5,1,1,1.0,adaptive,0.1391,0.11,1,0.11,0,0,0,0
ono1og7awlqc1.webp,5,6,4,4,0.9944,adaptive,0.2815,0.1447,3,0.1309,0,1,0,0
ono1og7awlqc1.webp,6,1,1,1,0.9997,adaptive,0.2716,0.1067,2,0.1067,0,1,0,0
ono1og7awlqc1.webp,6,2,5,5,1.0,adaptive,0.2949,0.1836,2,0.1836,0,1,0,0
ono1og7awlqc1.webp,6,3,4,4,0.9985,adaptive,0.2834,0.1325,3,0.1185,0,0,1,0
ono1og7awlqc1.webp,6,4,3,3,0.9997,adaptive,0.2673,0.1729,2,0.1729,0,1,0,0
ono1og7awlqc1.webp,6,5,2,2,0.998,adaptive,0.3356,0.1836,2,0.1836,0,1,0,0
ono1og7awlqc1.webp,6,6,6,6,0.9998,adaptive,0.3255,0.2312,3,0.1232,0,0,0,0
ono1og7awlqc1.webp,6,7,9,9,0.9999,adaptive,0.2793,0.166,3,0.127,0,1,0,0
ono1og7awlqc1.webp,6,8,7,7,0.9998,adaptive,0.2569,0.1332,2,0.1332,0,1,0,0
ono1og7awlqc1.webp,6,9,8,8,0.9907,adaptive,0.3339,0.2274,4,0.1196,0,0,0,0
ono1og7awlqc1.webp,7,1,0,0,0.992,adaptive,0.1733,0.0,1,0.0,0,1,0,0
ono1og7awlqc1.webp,7,2,0,0,0.992,adaptive,0.0841,0.0,1,0.0,0,1,0,0
ono1og7awlqc1.webp,7,3,8,8,0.9968,adaptive,0.2629,0.155,4,0.1163,1,0,0,0
ono1og7awlqc1.webp,7,4,1,1,1.0,adaptive,0.1401,0.1034,2,0.1034,1,0,0,0
ono1og7awlqc1.webp,7,6,2,2,0.9982,adaptive,0.2589,0.1655,2,0.1655,0,1,0,0
ono1og7awlqc1.webp,7,7,7,7,0.9984,adaptive,0.202,0.1207,1,0.1207,0,0,0,0
ono1og7awlqc1.webp,7,8,0,0,0.992,adaptive,0.0787,0.0,1,0.0,0,1,0,0
ono1og7awlqc1.webp,7,9,0,0,0.992,adaptive,0.1281,0.0,1,0.0,0,0,1,0
ono1og7awlqc1.webp,8,1,0,0,0.992,adaptive,0.1506,0.0,1,0.0,0,1,0,0
ono1og7awlqc1.webp,8,2,0,0,0.992,adaptive,0.0482,0.0,0,0.0,0,0,0,0
ono1og7awlqc1.webp,8,3,0,0,0.992,adaptive,0.1567,0.0,1,0.0,0,0,1,0
ono1og7awlqc1.webp,8,4,9,9,0.9872,adaptive,0.2151,0.1474,6,0.1156,3,0,0,0
ono1og7awlqc1.webp,8,6,5,5,0.9952,adaptive,0.2886,0.1578,6,0.1578,4,1,0,0
ono1og7awlqc1.webp,8,7,0,0,0.992,adaptive,0.1219,0.0,1,0.0,0,1,0,0
ono1og7awlqc1.webp,8,8,0,0,0.992,adaptive,0.0461,0.0,0,0.0,0,0,0,0
ono1og7awlqc1.webp,8,9,0,0,0.992,adaptive,0.1133,0.0,1,0.0,0,0,1,0
ono1og7awlqc1.webp,9,1,0,0,0.992,adaptive,0.1787,0.0,1,0.0,0,1,0,0
ono1og7awlqc1.webp,9,2,0,0,0.992,adaptive,0.1701,0.0,1,0.0,0,1,0,0
ono1og7awlqc1.webp,9,3,0,0,0.992,adaptive,0.2156,0.0,1,0.0,0,1,0,0
ono1og7awlqc1.webp,9,4,6,6,0.9999,adaptive,0.3096,0.1481,3,0.119,0,1,0,0
ono1og7awlqc1.webp,9,6,8,8,0.9984,adaptive,0.3333,0.1521,4,0.1094,0,0,1,1
ono1og7awlqc1.webp,9,7,0,0,0.992,adaptive,0.1669,0.0,1,0.0,0,1,0,0
ono1og7awlqc1.webp,9,8,0,0,0.992,adaptive,0.1703,0.0,1,0.0,0,1,0,0
ono1og7awlqc1.webp,9,9,0,0,0.992,adaptive,0.1713,0.0,1,0.0,0,1,0,0
oprfamn8pzoc1.webp,1,1,1,1,0.9999,adaptive,0.1127,0.1127,1,0.1127,0,0,0,0
oprfamn8pzoc1.webp,1,2,7,7,0.9999,adaptive,0.1533,0.1533,1,0.1533,0,0,0,0
oprfamn8pzoc1.webp,1,3,6,6,1.0,adaptive,0.1867,0.1847,2,0.1388,0,0,0,0
oprfamn8pzoc1.webp,1,7,8,8,1.0,adaptive,0.2277,0.2036,4,0.1288,0,1,0,1
oprfamn8pzoc1.webp,1,8,9,9,1.0,adaptive,0.1671,0.1671,2,0.1239,0,0,0,0
oprfamn8pzoc1.webp,1,9,5,5,1.0,adaptive,0.2671,0.1221,1,0.1221,0,0,0,0
oprfamn8pzoc1.webp,2,1,4,4,1.0,adaptive,0.1723,0.1431,2,0.111,0,0,0,0
oprfamn8pzoc1.webp,2,2,5,5,1.0,adaptive,0.2463,0.1882,1,0.1882,0,0,0,0
oprfamn8pzoc1.webp,2,3,9,9,0.9999,adaptive,0.1986,0.1676,3,0.1248,0,1,0,0
oprfamn8pzoc1.webp,2,4,1,1,1.0,adaptive,0.1682,0.0997,2,0.0997,0,1,0,0
oprfamn8pzoc1.webp,2,5,7,7,1.0,adaptive,0.1286,0.1175,1,0.1175,0,0,0,0
oprfamn8pzoc1.webp,2,6,8,8,1.0,adaptive,0.1997,0.1972,3,0.1212,0,0,0,1
oprfamn8pzoc1.webp,2,7,2,2,1.0,adaptive,0.2071,0.1662,2,0.1662,0,1,0,0
oprfamn8pzoc1.webp,2,8,3,3,0.9996,adaptive,0.1791,0.1703,1,0.1703,0,0,0,0
oprfamn8pzoc1.webp,2,9,6,6,1.0,adaptive,0.1626,0.1576,2,0.116,0,0,0,0
oprfamn8pzoc1.webp,3,1,8,8,1.0,adaptive,0.2348,0.1907,3,0.1143,0,0,0,1
oprfamn8pzoc1.webp,3,4,5,5,1.0,adaptive,0.2248,0.1236,2,0.1236,0,1,0,0
oprfamn8pzoc1.webp,3,5,9,9,0.9996,adaptive,0.2555,0.1707,3,0.1251,0,1,0,0
oprfamn8pzoc1.webp,3,6,6,6,1.0,adaptive,0.2105,0.1499,4,0.1096,1,1,0,0
oprfamn8pzoc1.webp,3,7,7,7,0.9999,adaptive,0.2107,0.1016,2,0.1016,0,0,1,0
oprfamn8pzoc1.webp,3,8,4,4,1.0,adaptive,0.1836,0.1318,3,0.1038,0,1,0,0
oprfamn8pzoc1.webp,3,9,1,1,0.9989,adaptive,0.127,0.0835,2,0.0835,0,1,0,0
oprfamn8pzoc1.webp,4,1,5,5,1.0,adaptive,0.2185,0.135,1,0.135,0,0,0,0
oprfamn8pzoc1.webp,4,4,6,6,1.0,adaptive,0.2266,0.1711,3,0.1263,0,1,0,0
oprfamn8pzoc1.webp,4,7,4,4,0.9999,adaptive,0.2065,0.119,4,0.0911,0,2,0,0
oprfamn8pzoc1.webp,4,8,7,7,0.9936,adaptive,0.1434,0.1027,1,0.1027,0,0,0,0
oprfamn8pzoc1.webp,4,9,9,9,0.9968,adaptive,0.1878,0.1468,2,0.1038,0,0,0,0
oprfamn8pzoc1.webp,5,1,3,3,0.9996,adaptive,0.2268,0.1965,1,0.1965,0,0,0,0
oprfamn8pzoc1.webp,5,2,6,6,1.0,adaptive,0.1713,0.1669,2,0.1228,0,0,0,0
oprfamn8pzoc1.webp,5,4,9,9,0.9986,adaptive,0.2273,0.1488,4,0.1056,1,1,0,0
oprfamn8pzoc1.webp,5,6,7,7,0.9982,adaptive,0.1321,0.0986,3,0.0891,1,0,0,0
oprfamn8pzoc1.webp,5,7,5,5,1.0,adaptive,0.2044,0.1065,3,0.1065,0,2,0,0
oprfamn8pzoc1.webp,5,8,2,2,0.9992,adaptive,0.1981,0.1203,2,0.1203,1,0,0,0
oprfamn8pzoc1.webp,5,9,8,8,0.9844,adaptive,0.1963,0.154,4,0.0816,0,0,0,1
oprfamn8pzoc1.webp,6,1,7,7,1.0,adaptive,0.1822,0.1192,1,0.1192,0,0,0,0
oprfamn8pzoc1.webp,6,2,9,9,0.9999,adaptive,0.2157,0.1606,2,0.1147,0,0,0,0
oprfamn8pzoc1.webp,6,7,6,6,0.9988,adaptive,0.2437,0.1256,4,0.0855,1,0,1,0
oprfamn8pzoc1.webp,6,8,1,0,0.9571,adaptive,0.126,0.0638,2,0.0638,0,1,0,0
oprfamn8pzoc1.webp,6,9,3,5,0.9058,adaptive,0.2136,0.1319,3,0.1087,0,1,0,0
oprfamn8pzoc1.webp,7,1,9,9,1.0,adaptive,0.2172,0.1858,2,0.1395,0,0,0,0
oprfamn8pzoc1.webp,7,2,4,4,1.0,adaptive,0.1441,0.1364,2,0.1047,0,0,0,0
oprfamn8pzoc1.webp,7,4,7,7,0.9347,adaptive,0.1787,0.106,2,0.106,0,1,0,0
oprfamn8pzoc1.webp,7,7,1,0,0.7286,adaptive,0.1673,0.0813,3,0.0604,0,1,0,0
oprfamn8pzoc1.webp,7,9,2,5,0.6442,adaptive,0.1985,0.1481,3,0.1007,1,0,0,0
oprfamn8pzoc1.webp,8,1,6,6,1.0,adaptive,0.1967,0.1633,2,0.1201,0,0,0,0
oprfamn8pzoc1.webp,8,2,1,1,0.9998,adaptive,0.1185,0.0939,2,0.0939,1,0,0,0
oprfamn8pzoc1.webp,8,3,5,5,1.0,adaptive,0.1879,0.114,3,0.0642,0,1,0,0
oprfamn8pzoc1.webp,8,4,4,4,0.9653,adaptive,0.2248,0.1307,4,0.0991,1,1,0,0
oprfamn8pzoc1.webp,8,5,2,2,0.9898,adaptive,0.1494,0.1171,2,0.1058,0,0,0,0
oprfamn8pzoc1.webp,8,6,9,9,0.6898,adaptive,0.1594,0.1174,3,0.0839,0,0,0,0
oprfamn8pzoc1.webp,8,7,3,5,0.9734,adaptive,0.2359,0.1339,3,0.1117,0,1,0,0
oprfamn8pzoc1.webp,8,8,8,6,0.766,adaptive,0.1453,0.1001,2,0.0647,0,0,0,0
oprfamn8pzoc1.webp,8,9,7,2,0.4288,adaptive,0.1113,0.0751,3,0.0457,1,0,0,0
oprfamn8pzoc1.webp,9,1,2,2,1.0,adaptive,0.2508,0.18,1,0.18,0,0,0,0
oprfamn8pzoc1.webp,9,3,7,7,0.9988,adaptive,0.1495,0.0893,2,0.0893,0,1,0,0
oprfamn8pzoc1.webp,9,6,1,0,0.9288,adaptive,0.1174,0.0515,2,0.0515,0,1,0,0
oprfamn8pzoc1.webp,9,7,9,5,0.6608,adaptive,0.1711,0.0822,3,0.0706,0,0,1,0
oprfamn8pzoc1.webp,9,9,4,2,0.9564,adaptive,0.235,0.0898,5,0.051,0,1,1,0
p17qcinoe6pc1.webp,1,1,4,4,1.0,adaptive,0.2257,0.072,2,0.072,0,1,0,0
p17qcinoe6pc1.webp,1,4,9,9,1.0,adaptive,0.2339,0.0835,2,0.0835,0,1,0,0
p17qcinoe6pc1.webp,1,5,7,7,1.0,adaptive,0.1988,0.0602,2,0.0602,0,1,0,0
p17qcinoe6pc1.webp,1,6,1,1,1.0,adaptive,0.1798,0.0568,2,0.0568,0,1,0,0
p17qcinoe6pc1.webp,1,7,2,2,1.0,adaptive,0.2007,0.076,1,0.076,0,0,0,0
p17qcinoe6pc1.webp,1,9,3,3,1.0,adaptive,0.2301,0.0782,2,0.0782,0,1,0,0
p17qcinoe6pc1.webp,2,1,7,7,1.0,adaptive,0.1744,0.0617,1,0.0617,0,0,0,0
p17qcinoe6pc1.webp,2,3,1,1,1.0,adaptive,0.1712,0.0581,1,0.0581,0,0,0,0
p17qcinoe6pc1.webp,2,4,3,3,1.0,adaptive,0.1823,0.0791,1,0.0791,0,0,0,0
p17qcinoe6pc1.webp,2,6,8,8,1.0,adaptive,0.1728,0.0907,1,0.0907,0,0,0,0
p17qcinoe6pc1.webp,2,7,5,5,1.0,adaptive,0.1848,0.0844,1,0.0844,0,0,0,0
p17qcinoe6pc1.webp,2,9,4,4,1.0,adaptive,0.2024,0.0751,2,0.0751,0,1,0,0
p17qcinoe6pc1.webp,3,2,3,3,1.0,adaptive,0.1662,0.0785,1,0.0785,0,0,0,0
p17qcinoe6pc1.webp,3,4,4,4,1.0,adaptive,0.1818,0.0733,1,0.0733,0,0,0,0
p17qcinoe6pc1.webp,3,7,7,7,1.0,adaptive,0.1711,0.0588,1,0.0588,0,0,0,0
p17qcinoe6pc1.webp,3,9,1,1,0.9999,adaptive,0.2052,0.0561,2,0.0561,0,1,0,0
p17qcinoe6pc1.webp,4,1,3,3,1.0,adaptive,0.1971,0.078,1,0.078,0,0,0,0
p17qcinoe6pc1.webp,4,4,8,8,1.0,adaptive,0.1749,0.0893,1,0.0893,0,0,0,0
p17qcinoe6pc1.webp,4,7,1,1,0.9999,adaptive,0.1682,0.0559,1,0.0559,0,0,0,0
p17qcinoe6pc1.webp,4,8,5,5,1.0,adaptive,0.1685,0.0825,1,0.0825,0,0,0,0
p17qcinoe6pc1.webp,4,9,9,9,0.9999,adaptive,0.2234,0.0849,2,0.0849,0,1,0,0
p17qcinoe6pc1.webp,5,1,2,2,1.0,adaptive,0.2004,0.0789,1,0.0789,0,0,0,0
p17qcinoe6pc1.webp,5,2,1,1,0.9999,adaptive,0.1439,0.0569,1,0.0569,0,0,0,0
p17qcinoe6pc1.webp,5,3,4,4,1.0,adaptive,0.1866,0.0749,1,0.0749,0,0,0,0
p17qcinoe6pc1.webp,5,4,5,5,1.0,adaptive,0.1913,0.081,1,0.081,0,0,0,0
p17qcinoe6pc1.webp,5,5,9,9,0.9999,adaptive,0.191,0.0877,1,0.0877,0,0,0,0
p17qcinoe6pc1.webp,5,6,6,6,1.0,adaptive,0.1748,0.0857,1,0.0857,0,0,0,0
p17qcinoe6pc1.webp,5,7,8,8,1.0,adaptive,0.204,0.0909,1,0.0909,0,0,0,0
p17qcinoe6pc1.webp,5,8,3,3,1.0,adaptive,0.1657,0.0785,1,0.0785,0,0,0,0
p17qcinoe6pc1.webp,5,9,7,7,1.0,adaptive,0.2001,0.062,2,0.062,0,1,0,0
p17qcinoe6pc1.webp,6,4,7,7,1.0,adaptive,0.1628,0.0615,1,0.0615,0,0,0,0
p17qcinoe6pc1.webp,6,5,1,1,0.9999,adaptive,0.1615,0.0595,1,0.0595,0,0,0,0
p17qcinoe6pc1.webp,6,6,3,3,1.0,adaptive,0.1735,0.0786,1,0.0786,0,0,0,0
p17qcinoe6pc1.webp,6,7,6,6,1.0,adaptive,0.1847,0.0855,1,0.0855,0,0,0,0
p17qcinoe6pc1.webp,6,8,4,4,1.0,adaptive,0.1443,0.071,1,0.071,0,0,0,0
p17qcinoe6pc1.webp,6,9,2,2,1.0,adaptive,0.2049,0.0775,2,0.0775,0,1,0,0
p17qcinoe6pc1.webp,7,1,1,1,0.9999,adaptive,0.1947,0.0577,1,0.0577,0,0,0,0
p17qcinoe6pc1.webp,7,3,8,8,1.0,adaptive,0.2201,0.0913,1,0.0913,0,0,0,0
p17qcinoe6pc1.webp,7,4,2,2,1.0,adaptive,0.1876,0.0764,1,0.0764,0,0,0,0
p17qcinoe6pc1.webp,7,5,3,3,1.0,adaptive,0.2076,0.0778,1,0.0778,0,0,0,0
p17qcinoe6pc1.webp,7,8,7,7,1.0,adaptive,0.1608,0.0597,1,0.0597,0,0,0,0
p17qcinoe6pc1.webp,7,9,6,6,1.0,adaptive,0.2355,0.0849,2,0.0849,0,1,0,0
p17qcinoe6pc1.webp,8,1,9,9,0.9999,adaptive,0.209,0.0853,2,0.0853,0,1,0,0
p17qcinoe6pc1.webp,8,4,6,6,1.0,adaptive,0.1854,0.0859,1,0.0859,0,0,0,0
p17qcinoe6pc1.webp,8,5,8,8,1.0,adaptive,0.1908,0.0914,1,0.0914,0,0,0,0
p17qcinoe6pc1.webp,8,7,3,3,1.0,adaptive,0.1798,0.0794,1,0.0794,0,0,0,0
p17qcinoe6pc1.webp,8,8,1,1,0.9999,adaptive,0.1318,0.0572,1,0.0572,0,0,0,0
p17qcinoe6pc1.webp,8,9,5,5,1.0,adaptive,0.2105,0.0834,2,0.0834,0,1,0,0
p17qcinoe6pc1.webp,9,1,6,6,0.9999,adaptive,0.2355,0.084,2,0.084,0,1,0,0
p17qcinoe6pc1.webp,9,3,3,3,1.0,adaptive,0.1994,0.0755,1,0.0755,0,0,0,0
p17qcinoe6pc1.webp,9,4,1,1,1.0,adaptive,0.18,0.0564,1,0.0564,0,0,0,0
p17qcinoe6pc1.webp,9,8,2,2,1.0,adaptive,0.1775,0.0771,1,0.0771,0,0,0,0
p17qcinoe6pc1.webp,9,9,8,8,1.0,adaptive,0.2417,0.0893,3,0.0893,1,1,0,0
p3m51txlozxc1.webp,1,1,4,4,1.0,adaptive,0.1796,0.0662,1,0.0662,0,0,0,0
p3m51txlozxc1.webp,1,2,8,8,1.0,adaptive,0.1581,0.0819,1,0.0819,0,0,0,0
p3m51txlozxc1.webp,1,3,9,9,1.0,adaptive,0.1775,0.08,1,0.08,0,0,0,0
p3m51txlozxc1.webp,1,4,5,5,1.0,adaptive,0.1755,0.0757,1,0.0757,0,0,0,0
p3m51txlozxc1.webp,1,5,3,3,1.0,adaptive,0.1443,0.0715,1,0.0715,0,0,0,0
p3m51txlozxc1.webp,1,6,1,1,0.9989,adaptive,0.1406,0.0388,1,0.0388,0,0,0,0
p3m51txlozxc1.webp,1,7,6,6,1.0,adaptive,0.1804,0.082,1,0.082,0,0,0,0
p3m51txlozxc1.webp,1,8,7,7,1.0,adaptive,0.1214,0.0507,1,0.0507,0,0,0,0
p3m51txlozxc1.webp,1,9,2,2,1.0,adaptive,0.1546,0.0664,1,0.0664,0,0,0,0
p3m51txlozxc1.webp,2,1,7,7,1.0,adaptive,0.1081,0.0484,1,0.0484,0,0,0,0
p3m51txlozxc1.webp,2,2,5,5,1.0,adaptive,0.1375,0.0799,1,0.0799,0,0,0,0
p3m51txlozxc1.webp,2,3,2,2,1.0,adaptive,0.1411,0.071,1,0.071,0,0,0,0
p3m51txlozxc1.webp,2,4,6,6,0.9997,adaptive,0.1542,0.0832,1,0.0832,0,0,0,0
p3m51txlozxc1.webp,2,5,4,4,1.0,adaptive,0.127,0.0702,1,0.0702,0,0,0,0
p3m51txlozxc1.webp,2,6,9,9,0.9999,adaptive,0.1685,0.0837,1,0.0837,0,0,0,0
p3m51txlozxc1.webp,2,7,8,8,1.0,adaptive,0.1418,0.085,1,0.085,0,0,0,0
p3m51txlozxc1.webp,2,8,3,3,1.0,adaptive,0.1148,0.0716,1,0.0716,0,0,0,0
p3m51txlozxc1.webp,2,9,1,1,0.9985,adaptive,0.0975,0.0398,1,0.0398,0,0,0,0
p3m51txlozxc1.webp,3,1,3,3,1.0,adaptive,0.1709,0.0715,1,0.0715,0,0,0,0
p3m51txlozxc1.webp,3,2,1,1,0.9983,adaptive,0.1101,0.0405,1,0.0405,0,0,0,0
p3m51txlozxc1.webp,3,3,6,6,0.9998,adaptive,0.1648,0.0831,1,0.0831,0,0,0,0
p3m51txlozxc1.webp,3,4,8,8,1.0,adaptive,0.1695,0.0822,1,0.0822,0,0,0,0
p3m51txlozxc1.webp,3,5,2,2,1.0,adaptive,0.1506,0.0694,1,0.0694,0,0,0,0
p3m51txlozxc1.webp,3,6,7,7,1.0,adaptive,0.11,0.049,1,0.049,0,0,0,0
p3m51txlozxc1.webp,3,8,4,4,1.0,adaptive,0.1307,0.066,1,0.066,0,0,0,0
p3m51txlozxc1.webp,4,1,6,6,1.0,adaptive,0.1956,0.0824,1,0.0824,0,0,0,0
p3m51txlozxc1.webp,4,2,9,9,1.0,adaptive,0.1567,0.0816,1,0.0816,0,0,0,0
p3m51txlozxc1.webp,4,3,1,1,0.9986,adaptive,0.1247,0.0399,1,0.0399,0,0,0,0
p3m51txlozxc1.webp,4,5,5,5,1.0,adaptive,0.1531,0.0769,1,0.0769,0,0,0,0
p3m51txlozxc1.webp,4,6,3,3,1.0,adaptive,0.178,0.0713,1,0.0713,0,0,0,0
p3m51txlozxc1.webp,4,8,8,8,1.0,adaptive,0.1522,0.083,1,0.083,0,0,0,0
p3m51txlozxc1.webp,4,9,4,4,1.0,adaptive,0.1669,0.0688,1,0.0688,0,0,0,0
p3m51txlozxc1.webp,5,1,5,5,1.0,adaptive,0.1651,0.0794,1,0.0794,0,0,0,0
p3m51txlozxc1.webp,5,2,4,4,1.0,adaptive,0.1281,0.0712,1,0.0712,0,0,0,0
p3m51txlozxc1.webp,5,3,7,7,1.0,adaptive,0.0654,0.0504,1,0.0504,0,0,0,0
p3m51txlozxc1.webp,5,5,1,1,0.9984,adaptive,0.0822,0.0399,1,0.0399,0,0,0,0
p3m51txlozxc1.webp,5,6,8,8,1.0,adaptive,0.1572,0.0848,1,0.0848,0,0,0,0
p3m51txlozxc1.webp,5,7,3,3,1.0,adaptive,0.13,0.0724,1,0.0724,0,0,0,0
p3m51txlozxc1.webp,5,9,6,6,1.0,adaptive,0.1425,0.0846,1,0.0846,0,0,0,0
p3m51txlozxc1.webp,6,1,2,2,1.0,adaptive,0.1784,0.0646,1,0.0646,0,0,0,0
p3m51txlozxc1.webp,6,2,3,3,1.0,adaptive,0.1572,0.0721,1,0.0721,0,0,0,0
p3m51txlozxc1.webp,6,3,8,8,1.0,adaptive,0.1809,0.084,1,0.084,0,0,0,0
p3m51txlozxc1.webp,6,4,4,4,1.0,adaptive,0.166,0.0673,1,0.0673,0,0,0,0
p3m51txlozxc1.webp,6,6,6,6,1.0,adaptive,0.1956,0.0835,1,0.0835,0,0,0,0
p3m51txlozxc1.webp,6,7,1,1,0.9982,adaptive,0.1361,0.0394,1,0.0394,0,0,0,0
p3m51txlozxc1.webp,6,8,5,5,1.0,adaptive,0.1357,0.0782,1,0.0782,0,0,0,0
p3m51txlozxc1.webp,7,1,1,1,0.9989,adaptive,0.1381,0.0388,1,0.0388,0,0,0,0
p3m51txlozxc1.webp,7,2,6,6,0.9996,adaptive,0.1531,0.0828,1,0.0828,0,0,0,0
p3m51txlozxc1.webp,7,3,5,5,1.0,adaptive,0.1624,0.0789,1,0.0789,0,0,0,0
p3m51txlozxc1.webp,7,4,3,3,1.0,adaptive,0.1559,0.0722,1,0.0722,0,0,0,0
p3m51txlozxc1.webp,7,6,4,4,1.0,adaptive,0.1631,0.0655,1,0.0655,0,0,0,0
p3m51txlozxc1.webp,7,9,8,8,1.0,adaptive,0.1807,0.0822,1,0.0822,0,0,0,0
p3m51txlozxc1.webp,8,1,9,9,1.0,adaptive,0.159,0.0841,1,0.0841,0,0,0,0
p3m51txlozxc1.webp,8,3,4,4,1.0,adaptive,0.1382,0.069,1,0.069,0,0,0,0
p3m51txlozxc1.webp,8,4,1,1,0.9976,adaptive,0.0975,0.0398,1,0.0398,0,0,0,0
p3m51txlozxc1.webp,8,5,8,8,1.0,adaptive,0.1414,0.0856,1,0.0856,0,0,0,0
p3m51txlozxc1.webp,8,8,6,6,1.0,adaptive,0.1109,0.0861,1,0.0861,0,0,0,0
p3m51txlozxc1.webp,8,9,3,3,1.0,adaptive,0.1581,0.0728,1,0.0728,0,0,0,0
p3m51txlozxc1.webp,9,1,8,8,1.0,adaptive,0.1831,0.0829,1,0.0829,0,0,0,0
p3m51txlozxc1.webp,9,3,3,3,1.0,adaptive,0.1548,0.0704,1,0.0704,0,0,0,0
p3m51txlozxc1.webp,9,5,6,6,1.0,adaptive,0.1551,0.0844,1,0.0844,0,0,0,0
p3m51txlozxc1.webp,9,7,4,4,1.0,adaptive,0.1488,0.0691,1,0.0691,0,0,0,0
p3m51txlozxc1.webp,9,8,1,1,0.9984,adaptive,0.095,0.0393,1,0.0393,0,0,0,0
p823z221i6pc1.webp,1,1,4,4,1.0,adaptive,0.2036,0.0757,1,0.0757,0,0,0,0
p823z221i6pc1.webp,1,4,9,9,0.9999,adaptive,0.1994,0.088,1,0.088,0,0,0,0
p823z221i6pc1.webp,1,5,7,7,1.0,adaptive,0.1628,0.0638,1,0.0638,0,0,0,0
p823z221i6pc1.webp,1,6,1,1,0.9999,adaptive,0.1566,0.0581,1,0.0581,0,0,0,0
p823z221i6pc1.webp,1,7,2,2,1.0,adaptive,0.2009,0.0795,1,0.0795,0,0,0,0
p823z221i6pc1.webp,1,9,3,3,1.0,adaptive,0.1956,0.0813,1,0.0813,0,0,0,0
p823z221i6pc1.webp,2,1,7,7,1.0,adaptive,0.175,0.0613,1,0.0613,0,0,0,0
p823z221i6pc1.webp,2,3,1,1,0.9999,adaptive,0.1479,0.0615,1,0.0615,0,0,0,0
p823z221i6pc1.webp,2,4,3,3,1.0,adaptive,0.1692,0.0816,1,0.0816,0,0,0,0
p823z221i6pc1.webp,2,6,8,8,1.0,adaptive,0.1671,0.0943,1,0.0943,0,0,0,0
p823z221i6pc1.webp,2,7,5,5,1.0,adaptive,0.1877,0.0848,1,0.0848,0,0,0,0
p823z221i6pc1.webp,2,9,4,4,1.0,adaptive,0.1732,0.0749,1,0.0749,0,0,0,0
p823z221i6pc1.webp,3,4,4,4,1.0,adaptive,0.1867,0.0766,1,0.0766,0,0,0,0
p823z221i6pc1.webp,3,7,7,7,1.0,adaptive,0.1628,0.0626,1,0.0626,0,0,0,0
p823z221i6pc1.webp,3,9,1,1,1.0,adaptive,0.17,0.0595,1,0.0595,0,0,0,0
p823z221i6pc1.webp,4,1,3,3,1.0,adaptive,0.1965,0.0809,1,0.0809,0,0,0,0
p823z221i6pc1.webp,4,4,8,8,1.0,adaptive,0.1925,0.0933,1,0.0933,0,0,0,0
p823z221i6pc1.webp,4,7,1,1,1.0,adaptive,0.1829,0.059,1,0.059,0,0,0,0
p823z221i6pc1.webp,4,8,5,5,1.0,adaptive,0.1827,0.0844,1,0.0844,0,0,0,0
p823z221i6pc1.webp,4,9,9,9,1.0,adaptive,0.1989,0.088,1,0.088,0,0,0,0
p823z221i6pc1.webp,5,1,2,2,1.0,adaptive,0.1931,0.0807,1,0.0807,0,0,0,0
p823z221i6pc1.webp,5,2,1,1,0.9999,adaptive,0.1217,0.0615,1,0.0615,0,0,0,0
p823z221i6pc1.webp,5,3,4,4,1.0,adaptive,0.1628,0.0769,1,0.0769,0,0,0,0
p823z221i6pc1.webp,5,4,5,5,1.0,adaptive,0.1857,0.0866,1,0.0866,0,0,0,0
p823z221i6pc1.webp,5,5,9,9,1.0,adaptive,0.1738,0.0902,1,0.0902,0,0,0,0
p823z221i6pc1.webp,5,6,6,6,0.9999,adaptive,0.1744,0.0893,1,0.0893,0,0,0,0
p823z221i6pc1.webp,5,7,8,8,1.0,adaptive,0.2038,0.0932,1,0.0932,0,0,0,0
p823z221i6pc1.webp,5,8,3,3,1.0,adaptive,0.169,0.0829,1,0.0829,0,0,0,0
p823z221i6pc1.webp,5,9,7,7,1.0,adaptive,0.1633,0.0649,1,0.0649,0,0,0,0
p823z221i6pc1.webp,6,4,7,7,1.0,adaptive,0.1671,0.0604,1,0.0604,0,0,0,0
p823z221i6pc1.webp,6,5,1,1,1.0,adaptive,0.1452,0.0592,1,0.0592,0,0,0,0
p823z221i6pc1.webp,6,6,3,3,1.0,adaptive,0.1655,0.0798,1,0.0798,0,0,0,0
p823z221i6pc1.webp,6,7,6,6,0.9999,adaptive,0.1849,0.0871,1,0.0871,0,0,0,0
p823z221i6pc1.webp,6,8,4,4,1.0,adaptive,0.1621,0.0751,1,0.0751,0,0,0,0
p823z221i6pc1.webp,6,9,2,2,1.0,adaptive,0.1793,0.0809,1,0.0809,0,0,0,0
p823z221i6pc1.webp,7,1,1,1,1.0,adaptive,0.1847,0.0584,1,0.0584,0,0,0,0
p823z221i6pc1.webp,7,3,8,8,1.0,adaptive,0.2025,0.0933,1,0.0933,0,0,0,0
p823z221i6pc1.webp,7,4,2,2,1.0,adaptive,0.1858,0.0795,1,0.0795,0,0,0,0
p823z221i6pc1.webp,7,5,3,3,1.0,adaptive,0.1814,0.0821,1,0.0821,0,0,0,0
p823z221i6pc1.webp,7,8,7,7,1.0,adaptive,0.1637,0.0629,1,0.0629,0,0,0,0
p823z221i6pc1.webp,7,9,6,6,0.9999,adaptive,0.1994,0.0889,1,0.0889,0,0,0,0
p823z221i6pc1.webp,8,1,9,9,0.9999,adaptive,0.2013,0.09,1,0.09,0,0,0,0
p823z221i6pc1.webp,8,4,6,6,1.0,adaptive,0.1902,0.0907,1,0.0907,0,0,0,0
p823z221i6pc1.webp,8,5,8,8,1.0,adaptive,0.1834,0.0973,1,0.0973,0,0,0,0
p823z221i6pc1.webp,8,7,3,3,1.0,adaptive,0.1934,0.0814,1,0.0814,0,0,0,0
p823z221i6pc1.webp,8,8,1,1,1.0,adaptive,0.1481,0.0608,1,0.0608,0,0,0,0
p823z221i6pc1.webp,8,9,5,5,1.0,adaptive,0.1848,0.0862,1,0.0862,0,0,0,0
p823z221i6pc1.webp,9,1,6,6,1.0,adaptive,0.2159,0.088,1,0.088,0,0,0,0
p823z221i6pc1.webp,9,3,3,3,1.0,adaptive,0.1907,0.0798,1,0.0798,0,0,0,0
p823z221i6pc1.webp,9,4,1,1,1.0,adaptive,0.1691,0.0577,1,0.0577,0,0,0,0
p823z221i6pc1.webp,9,8,2,2,1.0,adaptive,0.1827,0.0837,1,0.0837,0,0,0,0
p823z221i6pc1.webp,9,9,8,8,1.0,adaptive,0.2076,0.0936,1,0.0936,0,0,0,0
pu5y3fu09gtc1.webp,1,1,2,2,1.0,adaptive,0.1548,0.0682,1,0.0682,0,0,0,0
pu5y3fu09gtc1.webp,1,3,3,3,1.0,adaptive,0.1811,0.0706,1,0.0706,0,0,0,0
pu5y3fu09gtc1.webp,1,5,7,7,1.0,adaptive,0.111,0.0516,1,0.0516,0,0,0,0
pu5y3fu09gtc1.webp,1,6,1,1,0.9892,adaptive,0.1321,0.0463,1,0.0463,0,0,0,0
pu5y3fu09gtc1.webp,2,3,6,6,0.9973,adaptive,0.1569,0.0737,1,0.0737,0,0,0,0
pu5y3fu09gtc1.webp,2,4,3,3,1.0,adaptive,0.1402,0.0708,1,0.0708,0,0,0,0
pu5y3fu09gtc1.webp,2,7,7,7,1.0,adaptive,0.1104,0.0504,1,0.0504,0,0,0,0
pu5y3fu09gtc1.webp,2,9,1,1,0.9905,adaptive,0.1122,0.0468,1,0.0468,0,0,0,0
pu5y3fu09gtc1.webp,3,1,8,8,1.0,adaptive,0.1811,0.0831,1,0.0831,0,0,0,0
pu5y3fu09gtc1.webp,3,4,9,9,1.0,adaptive,0.1542,0.0726,1,0.0726,0,0,0,0
pu5y3fu09gtc1.webp,3,5,4,4,1.0,adaptive,0.1495,0.0721,1,0.0721,0,0,0,0
pu5y3fu09gtc1.webp,3,6,6,6,0.9955,adaptive,0.1677,0.0733,1,0.0733,0,0,0,0
pu5y3fu09gtc1.webp,3,7,3,3,1.0,adaptive,0.178,0.0695,1,0.0695,0,0,0,0
pu5y3fu09gtc1.webp,3,8,5,5,1.0,adaptive,0.1619,0.0769,1,0.0769,0,0,0,0
pu5y3fu09gtc1.webp,3,9,2,2,1.0,adaptive,0.1651,0.0664,1,0.0664,0,0,0,0
pu5y3fu09gtc1.webp,4,4,2,2,1.0,adaptive,0.1526,0.0684,1,0.0684,0,0,0,0
pu5y3fu09gtc1.webp,4,6,7,7,1.0,adaptive,0.1386,0.0535,1,0.0535,0,0,0,0
pu5y3fu09gtc1.webp,5,2,2,2,1.0,adaptive,0.1143,0.0707,1,0.0707,0,0,0,0
pu5y3fu09gtc1.webp,5,3,8,8,1.0,adaptive,0.1452,0.0832,1,0.0832,0,0,0,0
pu5y3fu09gtc1.webp,5,5,6,6,0.9962,adaptive,0.1079,0.0751,1,0.0751,0,0,0,0
pu5y3fu09gtc1.webp,5,6,9,9,1.0,adaptive,0.1436,0.0764,1,0.0764,0,0,0,0
pu5y3fu09gtc1.webp,5,7,4,4,1.0,adaptive,0.1536,0.0706,1,0.0706,0,0,0,0
pu5y3fu09gtc1.webp,5,8,7,7,1.0,adaptive,0.1081,0.0546,1,0.0546,0,0,0,0
pu5y3fu09gtc1.webp,6,4,4,4,1.0,adaptive,0.1537,0.0699,1,0.0699,0,0,0,0
pu5y3fu09gtc1.webp,6,6,8,8,1.0,adaptive,0.1686,0.0829,1,0.0829,0,0,0,0
pu5y3fu09gtc1.webp,6,8,2,2,1.0,adaptive,0.1323,0.0683,1,0.0683,0,0,0,0
pu5y3fu09gtc1.webp,7,1,6,6,0.9987,adaptive,0.1622,0.0717,1,0.0717,0,0,0,0
pu5y3fu09gtc1.webp,7,2,3,3,1.0,adaptive,0.1463,0.0719,1,0.0719,0,0,0,0
pu5y3fu09gtc1.webp,7,9,4,4,1.0,adaptive,0.1564,0.0688,1,0.0688,0,0,0,0
pu5y3fu09gtc1.webp,8,1,9,9,1.0,adaptive,0.1461,0.0742,1,0.0742,0,0,0,0
pu5y3fu09gtc1.webp,8,6,3,3,1.0,adaptive,0.1416,0.071,1,0.071,0,0,0,0
pu5y3fu09gtc1.webp,8,7,6,6,0.9973,adaptive,0.1592,0.0746,1,0.0746,0,0,0,0
pu5y3fu09gtc1.webp,9,4,6,6,0.997,adaptive,0.1571,0.0713,1,0.0713,0,0,0,0
pu5y3fu09gtc1.webp,9,5,9,9,1.0,adaptive,0.1348,0.076,1,0.076,0,0,0,0
pu5y3fu09gtc1.webp,9,6,4,4,1.0,adaptive,0.1637,0.0682,1,0.0682,0,0,0,0
pu5y3fu09gtc1.webp,9,7,2,2,1.0,adaptive,0.1675,0.0684,1,0.0684,0,0,0,0
pye7693oovac1.webp,1,1,4,5,0.4564,adaptive,0.399,0.2074,6,0.1265,1,1,0,0
pye7693oovac1.webp,1,3,9,1,0.352,adaptive,0.2147,0.0855,3,0.0666,0,1,0,0
pye7693oovac1.webp,1,4,6,5,0.5968,adaptive,0.3526,0.1682,7,0.0902,2,1,0,0
pye7693oovac1.webp,1,6,0,5,0.7845,adaptive,0.3428,0.1726,4,0.0927,0,1,0,0
pye7693oovac1.webp,1,7,0,1,0.8752,adaptive,0.1613,0.0646,2,0.0646,0,1,0,0
pye7693oovac1.webp,2,2,0,9,0.9709,adaptive,0.2312,0.157,2,0.157,0,0,0,1
pye7693oovac1.webp,2,3,2,5,0.9897,adaptive,0.3247,0.1332,5,0.059,1,0,1,0
pye7693oovac1.webp,2,4,7,5,0.9826,adaptive,0.3412,0.1205,5,0.0479,0,0,2,0
pye7693oovac1.webp,2,5,4,2,0.244,adaptive,0.258,0.0406,5,0.0232,1,0,2,0
pye7693oovac1.webp,2,6,3,6,0.5857,adaptive,0.273,0.0387,4,0.0314,0,0,2,0
pye7693oovac1.webp,2,7,0,0,0.992,adaptive,0.1576,0.0,2,0.0,0,0,2,0
pye7693oovac1.webp,2,8,0,0,0.992,adaptive,0.171,0.0,2,0.0,0,2,0,0
pye7693oovac1.webp,2,9,0,0,0.992,adaptive,0.2133,0.0,3,0.0,1,2,0,0
pye7693oovac1.webp,3,3,0,2,0.9169,adaptive,0.2631,0.1109,3,0.0608,0,0,1,0
pye7693oovac1.webp,3,4,2,5,0.9008,adaptive,0.2949,0.1448,4,0.0655,0,0,1,0
pye7693oovac1.webp,3,7,0,0,0.992,adaptive,0.1706,0.0,2,0.0,0,0,2,0
pye7693oovac1.webp,3,8,4,6,0.3231,adaptive,0.2671,0.0457,4,0.0398,0,2,0,0
pye7693oovac1.webp,4,3,7,5,0.9971,adaptive,0.2963,0.2045,3,0.1361,0,0,0,1
pye7693oovac1.webp,4,4,3,5,0.9996,adaptive,0.3413,0.235,5,0.145,1,0,0,1
pye7693oovac1.webp,4,5,2,2,0.6155,adaptive,0.3055,0.1422,5,0.0746,2,0,1,0
pye7693oovac1.webp,4,6,4,9,0.4101,adaptive,0.3139,0.1105,8,0.0593,4,1,0,0
pye7693oovac1.webp,4,8,5,5,0.9674,adaptive,0.3596,0.0846,4,0.073,0,2,0,0
pye7693oovac1.webp,5,1,9,5,0.8627,adaptive,0.3333,0.2325,6,0.1456,2,0,0,1
pye7693oovac1.webp,5,2,1,5,0.9391,adaptive,0.3214,0.2144,5,0.152,2,0,0,1
pye7693oovac1.webp,5,3,3,5,0.9899,adaptive,0.3073,0.1972,4,0.1088,0,0,0,1
pye7693oovac1.webp,5,4,5,5,1.0,adaptive,0.3338,0.2212,4,0.1273,0,0,0,1
pye7693oovac1.webp,5,6,6,6,0.8513,adaptive,0.3098,0.0717,5,0.0552,1,2,0,0
pye7693oovac1.webp,5,7,4,4,0.5589,adaptive,0.3024,0.0676,6,0.05,2,1,1,0
pye7693oovac1.webp,6,1,2,5,0.9924,adaptive,0.3549,0.2375,4,0.135,1,0,0,1
pye7693oovac1.webp,6,2,5,5,1.0,adaptive,0.3383,0.1707,4,0.0988,1,1,0,0
pye7693oovac1.webp,6,3,4,4,0.55,adaptive,0.2996,0.1544,4,0.0711,0,1,0,0
pye7693oovac1.webp,6,4,0,5,0.5409,adaptive,0.2168,0.0804,2,0.0804,0,1,0,0
pye7693oovac1.webp,6,7,6,6,0.9994,adaptive,0.3304,0.1014,4,0.0731,0,1,1,0
pye7693oovac1.webp,6,8,3,3,0.9787,adaptive,0.3505,0.1185,3,0.1185,0,2,0,0
pye7693oovac1.webp,6,9,0,0,0.992,adaptive,0.1557,0.0,2,0.0,0,1,1,0
pye7693oovac1.webp,7,2,4,4,0.9002,adaptive,0.3385,0.1972,4,0.0936,0,1,0,0
pye7693oovac1.webp,7,3,5,5,1.0,adaptive,0.3246,0.1954,3,0.1194,0,1,0,0
pye7693oovac1.webp,7,4,9,9,0.5274,adaptive,0.3339,0.1996,4,0.0878,0,1,0,0
pye7693oovac1.webp,7,6,2,2,0.9808,adaptive,0.3386,0.1005,4,0.1005,1,2,0,0
pye7693oovac1.webp,7,8,1,1,0.9998,adaptive,0.3261,0.0979,3,0.0979,0,2,0,0
pye7693oovac1.webp,8,1,7,7,0.9995,adaptive,0.3078,0.1836,2,0.0959,0,0,0,0
pye7693oovac1.webp,8,2,2,2,0.9974,adaptive,0.331,0.2133,2,0.1237,0,0,0,0
pye7693oovac1.webp,8,3,6,6,0.9992,adaptive,0.2967,0.1945,3,0.0966,0,0,0,0
pye7693oovac1.webp,8,6,5,5,1.0,adaptive,0.3709,0.133,2,0.133,0,1,0,0
pye7693oovac1.webp,8,7,3,3,0.9999,adaptive,0.3948,0.1386,2,0.1386,0,0,1,0
pye7693oovac1.webp,8,8,9,9,0.9729,adaptive,0.3455,0.11,4,0.0847,1,1,0,0
pye7693oovac1.webp,8,9,4,4,1.0,adaptive,0.3057,0.1667,3,0.0805,0,0,0,0
pye7693oovac1.webp,9,2,9,9,0.9978,adaptive,0.339,0.1934,3,0.0841,0,0,0,0
pye7693oovac1.webp,9,4,4,4,0.9896,adaptive,0.3264,0.1882,3,0.0913,0,0,0,0
pye7693oovac1.webp,9,6,7,7,1.0,adaptive,0.3593,0.1036,2,0.1036,0,1,0,0
pye7693oovac1.webp,9,7,2,2,0.9993,adaptive,0.3843,0.1958,2,0.1332,0,0,0,0
pye7693oovac1.webp,9,9,5,5,1.0,adaptive,0.3021,0.2016,2,0.1183,0,0,0,0
q1i54cb8xffc1.webp,1,1,4,4,1.0,adaptive,0.1833,0.0693,1,0.0693,0,0,0,0
q1i54cb8xffc1.webp,1,2,6,6,0.9998,adaptive,0.1658,0.0823,1,0.0823,0,0,0,0
q1i54cb8xffc1.webp,1,7,7,7,1.0,adaptive,0.1497,0.0512,1,0.0512,0,0,0,0
q1i54cb8xffc1.webp,1,8,9,9,1.0,adaptive,0.1714,0.0859,1,0.0859,0,0,0,0
q1i54cb8xffc1.webp,1,9,1,1,0.9912,adaptive,0.1584,0.0441,1,0.0441,0,0,0,0
q1i54cb8xffc1.webp,2,2,9,9,1.0,adaptive,0.1416,0.0861,1,0.0861,0,0,0,0
q1i54cb8xffc1.webp,2,4,1,1,0.9989,adaptive,0.1239,0.0396,1,0.0396,0,0,0,0
q1i54cb8xffc1.webp,2,7,2,2,1.0,adaptive,0.1242,0.0683,1,0.0683,0,0,0,0
q1i54cb8xffc1.webp,2,8,3,3,1.0,adaptive,0.1028,0.073,1,0.073,0,0,0,0
q1i54cb8xffc1.webp,2,9,4,4,1.0,adaptive,0.1542,0.0683,1,0.0683,0,0,0,0
q1i54cb8xffc1.webp,3,3,3,3,1.0,adaptive,0.1374,0.072,1,0.072,0,0,0,0
q1i54cb8xffc1.webp,3,4,4,4,1.0,adaptive,0.1644,0.0668,1,0.0668,0,0,0,0
q1i54cb8xffc1.webp,3,5,7,7,1.0,adaptive,0.119,0.0495,1,0.0495,0,0,0,0
q1i54cb8xffc1.webp,3,6,9,9,1.0,adaptive,0.1824,0.0853,1,0.0853,0,0,0,0
q1i54cb8xffc1.webp,3,7,6,6,0.9999,adaptive,0.162,0.0842,1,0.0842,0,0,0,0
q1i54cb8xffc1.webp,3,8,5,5,1.0,adaptive,0.1499,0.0798,1,0.0798,0,0,0,0
q1i54cb8xffc1.webp,3,9,8,8,1.0,adaptive,0.1829,0.0842,1,0.0842,0,0,0,0
q1i54cb8xffc1.webp,4,3,2,2,1.0,adaptive,0.1439,0.0728,1,0.0728,0,0,0,0
q1i54cb8xffc1.webp,4,6,4,4,1.0,adaptive,0.1773,0.0657,1,0.0657,0,0,0,0
q1i54cb8xffc1.webp,4,8,1,1,0.9994,adaptive,0.1246,0.0407,1,0.0407,0,0,0,0
q1i54cb8xffc1.webp,5,1,6,6,0.9999,adaptive,0.1705,0.085,1,0.085,0,0,0,0
q1i54cb8xffc1.webp,5,4,5,5,1.0,adaptive,0.1642,0.0807,1,0.0807,0,0,0,0
q1i54cb8xffc1.webp,5,7,8,8,1.0,adaptive,0.1526,0.0855,1,0.0855,0,0,0,0
q1i54cb8xffc1.webp,5,8,4,4,1.0,adaptive,0.1256,0.0691,1,0.0691,0,0,0,0
q1i54cb8xffc1.webp,5,9,2,2,1.0,adaptive,0.1488,0.0717,1,0.0717,0,0,0,0
q1i54cb8xffc1.webp,6,3,4,4,1.0,adaptive,0.1412,0.0668,1,0.0668,0,0,0,0
q1i54cb8xffc1.webp,6,6,8,8,1.0,adaptive,0.1853,0.0862,1,0.0862,0,0,0,0
q1i54cb8xffc1.webp,6,8,7,7,1.0,adaptive,0.1223,0.0516,1,0.0516,0,0,0,0
q1i54cb8xffc1.webp,7,2,4,4,1.0,adaptive,0.1416,0.0699,1,0.0699,0,0,0,0
q1i54cb8xffc1.webp,7,3,6,6,1.0,adaptive,0.1272,0.0838,1,0.0838,0,0,0,0
q1i54cb8xffc1.webp,7,5,5,5,1.0,adaptive,0.1538,0.0778,1,0.0778,0,0,0,0
q1i54cb8xffc1.webp,7,6,1,1,0.9988,adaptive,0.1377,0.0401,1,0.0401,0,0,0,0
q1i54cb8xffc1.webp,7,7,9,9,1.0,adaptive,0.1666,0.084,1,0.084,0,0,0,0
q1i54cb8xffc1.webp,7,8,8,8,1.0,adaptive,0.154,0.0848,1,0.0848,0,0,0,0
q1i54cb8xffc1.webp,7,9,3,3,1.0,adaptive,0.1771,0.0728,1,0.0728,0,0,0,0
q1i54cb8xffc1.webp,8,7,4,4,1.0,adaptive,0.1379,0.0685,1,0.0685,0,0,0,0
q1i54cb8xffc1.webp,8,8,2,2,1.0,adaptive,0.1292,0.0719,1,0.0719,0,0,0,0
q1i54cb8xffc1.webp,8,9,5,5,1.0,adaptive,0.1646,0.0789,1,0.0789,0,0,0,0
q1i54cb8xffc1.webp,9,1,5,5,1.0,adaptive,0.1798,0.0791,1,0.0791,0,0,0,0
q1i54cb8xffc1.webp,9,5,4,4,1.0,adaptive,0.142,0.0715,1,0.0715,0,0,0,0
q1i54cb8xffc1.webp,9,7,1,1,0.998,adaptive,0.1234,0.0394,1,0.0394,0,0,0,0
q1i54cb8xffc1.webp,9,8,6,6,1.0,adaptive,0.1551,0.0846,1,0.0846,0,0,0,0
q1i54cb8xffc1.webp,9,9,7,7,1.0,adaptive,0.1508,0.0503,1,0.0503,0,0,0,0
q26yh6na4hxc1.webp,1,1,8,8,1.0,adaptive,0.2074,0.0936,1,0.0936,0,0,0,0
q26yh6na4hxc1.webp,1,2,4,4,1.0,adaptive,0.1669,0.081,1,0.081,0,0,0,0
q26yh6na4hxc1.webp,1,3,6,6,0.999,adaptive,0.1836,0.084,1,0.084,0,0,0,0
q26yh6na4hxc1.webp,1,4,9,9,1.0,adaptive,0.1824,0.0831,1,0.0831,0,0,0,0
q26yh6na4hxc1.webp,1,5,7,7,1.0,adaptive,0.1465,0.0606,1,0.0606,0,0,0,0
q26yh6na4hxc1.webp,1,8,3,3,1.0,adaptive,0.1671,0.0812,1,0.0812,0,0,0,0
q26yh6na4hxc1.webp,1,9,5,5,1.0,adaptive,0.1989,0.0855,1,0.0855,0,0,0,0
q26yh6na4hxc1.webp,2,2,3,3,1.0,adaptive,0.1407,0.084,1,0.084,0,0,0,0
q26yh6na4hxc1.webp,2,3,5,5,1.0,adaptive,0.1538,0.0832,1,0.0832,0,0,0,0
q26yh6na4hxc1.webp,2,5,8,8,1.0,adaptive,0.154,0.0971,1,0.0971,0,0,0,0
q26yh6na4hxc1.webp,2,6,6,6,0.9972,adaptive,0.1533,0.0844,1,0.0844,0,0,0,0
q26yh6na4hxc1.webp,2,7,9,9,1.0,adaptive,0.1515,0.0819,1,0.0819,0,0,0,0
q26yh6na4hxc1.webp,2,8,4,4,1.0,adaptive,0.1348,0.0771,1,0.0771,0,0,0,0
q26yh6na4hxc1.webp,2,9,7,7,1.0,adaptive,0.1305,0.0577,1,0.0577,0,0,0,0
q26yh6na4hxc1.webp,3,2,7,7,1.0,adaptive,0.1275,0.0579,1,0.0579,0,0,0,0
q26yh6na4hxc1.webp,3,3,9,9,1.0,adaptive,0.166,0.0829,1,0.0829,0,0,0,0
q26yh6na4hxc1.webp,3,4,5,5,1.0,adaptive,0.1662,0.0842,1,0.0842,0,0,0,0
q26yh6na4hxc1.webp,3,5,3,3,1.0,adaptive,0.1522,0.0821,1,0.0821,0,0,0,0
q26yh6na4hxc1.webp,3,6,4,4,1.0,adaptive,0.1599,0.0775,1,0.0775,0,0,0,0
q26yh6na4hxc1.webp,3,7,6,6,0.9991,adaptive,0.1675,0.084,1,0.084,0,0,0,0
q26yh6na4hxc1.webp,4,1,3,3,1.0,adaptive,0.1793,0.08,1,0.08,0,0,0,0
q26yh6na4hxc1.webp,4,3,4,4,1.0,adaptive,0.1537,0.0742,1,0.0742,0,0,0,0
q26yh6na4hxc1.webp,4,5,5,5,1.0,adaptive,0.1416,0.0846,1,0.0846,0,0,0,0
q26yh6na4hxc1.webp,4,6,8,8,1.0,adaptive,0.1706,0.0949,1,0.0949,0,0,0,0
q26yh6na4hxc1.webp,4,7,7,7,1.0,adaptive,0.1388,0.0573,1,0.0573,0,0,0,0
q26yh6na4hxc1.webp,4,8,6,6,0.9965,adaptive,0.1513,0.0841,1,0.0841,0,0,0,0
q26yh6na4hxc1.webp,4,9,9,9,1.0,adaptive,0.1697,0.0826,1,0.0826,0,0,0,0
q26yh6na4hxc1.webp,5,1,9,9,1.0,adaptive,0.1707,0.0848,1,0.0848,0,0,0,0
q26yh6na4hxc1.webp,5,2,5,5,1.0,adaptive,0.1421,0.0859,1,0.0859,0,0,0,0
q26yh6na4hxc1.webp,5,4,7,7,1.0,adaptive,0.1273,0.0586,1,0.0586,0,0,0,0
q26yh6na4hxc1.webp,5,5,6,6,0.9985,adaptive,0.1426,0.0861,1,0.0861,0,0,0,0
q26yh6na4hxc1.webp,5,7,3,3,1.0,adaptive,0.1513,0.0812,1,0.0812,0,0,0,0
q26yh6na4hxc1.webp,5,9,4,4,1.0,adaptive,0.1685,0.0825,1,0.0825,0,0,0,0
q26yh6na4hxc1.webp,6,1,7,7,1.0,adaptive,0.1573,0.0575,1,0.0575,0,0,0,0
q26yh6na4hxc1.webp,6,2,6,6,0.997,adaptive,0.1533,0.0841,1,0.0841,0,0,0,0
q26yh6na4hxc1.webp,6,4,4,4,1.0,adaptive,0.1493,0.0786,1,0.0786,0,0,0,0
q26yh6na4hxc1.webp,6,5,9,9,1.0,adaptive,0.1515,0.0837,1,0.0837,0,0,0,0
q26yh6na4hxc1.webp,6,6,3,3,1.0,adaptive,0.1624,0.0802,1,0.0802,0,0,0,0
q26yh6na4hxc1.webp,6,8,5,5,1.0,adaptive,0.1556,0.0857,1,0.0857,0,0,0,0
q26yh6na4hxc1.webp,7,1,4,4,1.0,adaptive,0.1744,0.0755,1,0.0755,0,0,0,0
q26yh6na4hxc1.webp,7,2,9,9,1.0,adaptive,0.1402,0.0832,1,0.0832,0,0,0,0
q26yh6na4hxc1.webp,7,3,3,3,1.0,adaptive,0.1617,0.08,1,0.08,0,0,0,0
q26yh6na4hxc1.webp,7,4,6,6,0.9982,adaptive,0.153,0.0826,1,0.0826,0,0,0,0
q26yh6na4hxc1.webp,7,5,1,1,0.9908,adaptive,0.1178,0.0495,1,0.0495,0,0,0,0
q26yh6na4hxc1.webp,7,6,5,5,1.0,adaptive,0.1524,0.0818,1,0.0818,0,0,0,0
q26yh6na4hxc1.webp,7,7,8,8,1.0,adaptive,0.1744,0.0929,1,0.0929,0,0,0,0
q26yh6na4hxc1.webp,7,8,7,7,1.0,adaptive,0.1271,0.0574,1,0.0574,0,0,0,0
q26yh6na4hxc1.webp,7,9,2,2,1.0,adaptive,0.1459,0.0726,1,0.0726,0,0,0,0
q26yh6na4hxc1.webp,8,1,5,5,1.0,adaptive,0.1716,0.0857,1,0.0857,0,0,0,0
q26yh6na4hxc1.webp,8,2,8,8,1.0,adaptive,0.1547,0.0987,1,0.0987,0,0,0,0
q26yh6na4hxc1.webp,8,3,7,7,1.0,adaptive,0.1284,0.059,1,0.059,0,0,0,0
q26yh6na4hxc1.webp,8,4,3,3,1.0,adaptive,0.1497,0.081,1,0.081,0,0,0,0
q26yh6na4hxc1.webp,8,5,2,2,1.0,adaptive,0.0771,0.0771,1,0.0771,0,0,0,0
q26yh6na4hxc1.webp,8,6,9,9,1.0,adaptive,0.1533,0.0844,1,0.0844,0,0,0,0
q26yh6na4hxc1.webp,8,7,4,4,1.0,adaptive,0.1468,0.0782,1,0.0782,0,0,0,0
q26yh6na4hxc1.webp,8,8,1,1,0.9976,adaptive,0.0918,0.0512,1,0.0512,0,0,0,0
q26yh6na4hxc1.webp,8,9,6,6,0.997,adaptive,0.156,0.0832,1,0.0832,0,0,0,0
q26yh6na4hxc1.webp,9,1,6,6,0.9961,adaptive,0.1974,0.0838,1,0.0838,0,0,0,0
q26yh6na4hxc1.webp,9,4,8,8,1.0,adaptive,0.1931,0.0936,1,0.0936,0,0,0,0
q26yh6na4hxc1.webp,9,5,4,4,1.0,adaptive,0.1626,0.0767,1,0.0767,0,0,0,0
q26yh6na4hxc1.webp,9,6,7,7,1.0,adaptive,0.1568,0.057,1,0.057,0,0,0,0
q26yh6na4hxc1.webp,9,7,5,5,1.0,adaptive,0.1813,0.0822,1,0.0822,0,0,0,0
q26yh6na4hxc1.webp,9,8,9,9,1.0,adaptive,0.1637,0.0853,1,0.0853,0,0,0,0
q26yh6na4hxc1.webp,9,9,3,3,1.0,adaptive,0.1947,0.0811,1,0.0811,0,0,0,0
q7jjvqjblwmc1.webp,1,2,7,7,0.9999,adaptive,0.1551,0.1533,1,0.1533,0,0,0,0
q7jjvqjblwmc1.webp,1,3,8,8,1.0,adaptive,0.2281,0.2034,3,0.1254,0,0,0,1
q7jjvqjblwmc1.webp,1,5,2,2,1.0,adaptive,0.216,0.1793,1,0.1793,0,0,0,0
q7jjvqjblwmc1.webp,1,6,9,9,1.0,adaptive,0.1909,0.1611,2,0.1192,0,0,0,0
q7jjvqjblwmc1.webp,1,7,0,0,0.992,adaptive,0.0695,0.0,1,0.0,0,1,0,0
q7jjvqjblwmc1.webp,2,4,4,4,1.0,adaptive,0.197,0.1483,3,0.1192,0,1,0,0
q7jjvqjblwmc1.webp,2,5,0,0,0.992,adaptive,0.0,0.0,0,0.0,0,0,0,0
q7jjvqjblwmc1.webp,2,7,9,9,0.9998,adaptive,0.2257,0.1728,3,0.1287,0,1,0,0
q7jjvqjblwmc1.webp,4,1,1,1,0.9999,adaptive,0.119,0.119,1,0.119,0,0,0,0
q7jjvqjblwmc1.webp,4,2,5,5,1.0,adaptive,0.2668,0.1875,1,0.1875,0,0,0,0
q7jjvqjblwmc1.webp,4,3,2,2,1.0,adaptive,0.2203,0.1715,2,0.1715,0,1,0,0
q7jjvqjblwmc1.webp,4,4,8,8,1.0,adaptive,0.221,0.1816,4,0.1087,0,1,0,1
q7jjvqjblwmc1.webp,4,5,7,7,1.0,adaptive,0.1384,0.1038,1,0.1038,0,0,0,0
q7jjvqjblwmc1.webp,4,6,6,6,1.0,adaptive,0.1829,0.1684,2,0.1241,0,0,0,0
q7jjvqjblwmc1.webp,4,7,4,4,0.9997,adaptive,0.18,0.1265,4,0.098,1,1,0,0
q7jjvqjblwmc1.webp,5,1,9,9,0.9999,adaptive,0.182,0.1802,2,0.1339,0,0,0,0
q7jjvqjblwmc1.webp,5,4,3,3,0.9969,adaptive,0.239,0.1723,2,0.1723,0,1,0,0
q7jjvqjblwmc1.webp,5,6,2,2,0.9997,adaptive,0.1687,0.1357,2,0.1357,1,0,0,0
q7jjvqjblwmc1.webp,5,8,7,7,0.8988,adaptive,0.135,0.0829,2,0.0829,1,0,0,0
q7jjvqjblwmc1.webp,5,9,8,8,0.9454,adaptive,0.2227,0.159,5,0.0868,1,0,0,1
q7jjvqjblwmc1.webp,6,1,8,8,1.0,adaptive,0.2029,0.1969,3,0.1187,0,0,0,1
q7jjvqjblwmc1.webp,6,2,3,3,0.9998,adaptive,0.2096,0.1723,1,0.1723,0,0,0,0
q7jjvqjblwmc1.webp,6,3,7,7,0.9991,adaptive,0.1738,0.1107,2,0.1051,0,0,0,0
q7jjvqjblwmc1.webp,6,4,9,9,0.9992,adaptive,0.2553,0.1406,3,0.0987,0,0,1,0
q7jjvqjblwmc1.webp,6,8,2,2,0.9364,adaptive,0.1976,0.1232,3,0.1122,0,1,0,0
q7jjvqjblwmc1.webp,7,1,6,6,1.0,adaptive,0.2054,0.188,2,0.1419,0,0,0,0
q7jjvqjblwmc1.webp,7,7,3,5,0.8981,adaptive,0.2036,0.1312,2,0.1312,0,1,0,0
q7jjvqjblwmc1.webp,8,1,4,4,1.0,adaptive,0.1866,0.1529,2,0.1212,0,0,0,0
q7jjvqjblwmc1.webp,8,4,5,5,0.9998,adaptive,0.2659,0.1859,3,0.1859,0,1,0,1
q7jjvqjblwmc1.webp,8,6,0,0,0.992,adaptive,0.0111,0.0,0,0.0,0,0,0,0
q7jjvqjblwmc1.webp,9,1,7,7,1.0,adaptive,0.1838,0.1114,1,0.1114,0,0,0,0
q7jjvqjblwmc1.webp,9,5,8,5,0.7435,adaptive,0.2198,0.1481,4,0.0866,0,1,0,1
q7jjvqjblwmc1.webp,9,7,0,0,0.992,adaptive,0.0633,0.0,1,0.0,0,0,1,0
qheuj7xxy3pc1.webp,1,1,4,4,1.0,adaptive,0.2406,0.0748,4,0.0748,1,2,0,0
qheuj7xxy3pc1.webp,1,4,9,9,1.0,adaptive,0.2245,0.0864,2,0.0864,0,1,0,0
qheuj7xxy3pc1.webp,1,5,7,7,1.0,adaptive,0.1997,0.0613,2,0.0613,0,1,0,0
qheuj7xxy3pc1.webp,1,6,1,1,0.9999,adaptive,0.192,0.0548,2,0.0548,0,1,0,0
qheuj7xxy3pc1.webp,1,7,2,2,1.0,adaptive,0.215,0.0775,2,0.0775,0,1,0,0
qheuj7xxy3pc1.webp,1,9,3,3,1.0,adaptive,0.2433,0.0784,4,0.0784,1,2,0,0
qheuj7xxy3pc1.webp,2,1,7,7,1.0,adaptive,0.1875,0.0606,2,0.0606,0,1,0,0
qheuj7xxy3pc1.webp,2,3,1,1,0.9999,adaptive,0.1581,0.0577,1,0.0577,0,0,0,0
qheuj7xxy3pc1.webp,2,4,3,3,1.0,adaptive,0.178,0.078,1,0.078,0,0,0,0
qheuj7xxy3pc1.webp,2,6,8,8,1.0,adaptive,0.1773,0.0902,1,0.0902,0,0,0,0
qheuj7xxy3pc1.webp,2,7,5,5,1.0,adaptive,0.1904,0.081,1,0.081,0,0,0,0
qheuj7xxy3pc1.webp,2,9,4,4,1.0,adaptive,0.1961,0.0728,2,0.0728,0,1,0,0
qheuj7xxy3pc1.webp,3,2,3,3,1.0,adaptive,0.1802,0.0791,1,0.0791,0,0,0,0
qheuj7xxy3pc1.webp,3,4,4,4,1.0,adaptive,0.194,0.0744,1,0.0744,0,0,0,0
qheuj7xxy3pc1.webp,3,7,7,7,1.0,adaptive,0.1711,0.0615,1,0.0615,0,0,0,0
qheuj7xxy3pc1.webp,3,9,1,1,0.9999,adaptive,0.1824,0.0584,1,0.0584,0,0,0,0
qheuj7xxy3pc1.webp,4,1,3,3,1.0,adaptive,0.2174,0.0789,2,0.0789,0,1,0,0
qheuj7xxy3pc1.webp,4,4,8,8,1.0,adaptive,0.1976,0.0896,1,0.0896,0,0,0,0
qheuj7xxy3pc1.webp,4,7,1,1,1.0,adaptive,0.18,0.0568,1,0.0568,0,0,0,0
qheuj7xxy3pc1.webp,4,8,5,5,1.0,adaptive,0.1753,0.0823,1,0.0823,0,0,0,0
qheuj7xxy3pc1.webp,4,9,9,9,1.0,adaptive,0.219,0.0842,1,0.0842,0,0,0,0
qheuj7xxy3pc1.webp,5,1,2,2,1.0,adaptive,0.22,0.081,2,0.081,0,1,0,0
qheuj7xxy3pc1.webp,5,2,1,1,1.0,adaptive,0.1577,0.0588,1,0.0588,0,0,0,0
qheuj7xxy3pc1.webp,5,3,4,4,1.0,adaptive,0.1863,0.0735,1,0.0735,0,0,0,0
qheuj7xxy3pc1.webp,5,4,5,5,1.0,adaptive,0.1943,0.0814,1,0.0814,0,0,0,0
qheuj7xxy3pc1.webp,5,5,9,9,1.0,adaptive,0.2034,0.0882,1,0.0882,0,0,0,0
qheuj7xxy3pc1.webp,5,6,6,6,0.9999,adaptive,0.187,0.0877,1,0.0877,0,0,0,0
qheuj7xxy3pc1.webp,5,7,8,8,1.0,adaptive,0.2166,0.092,1,0.092,0,0,0,0
qheuj7xxy3pc1.webp,5,8,3,3,1.0,adaptive,0.1664,0.079,1,0.079,0,0,0,0
qheuj7xxy3pc1.webp,5,9,7,7,1.0,adaptive,0.1841,0.0602,1,0.0602,0,0,0,0
qheuj7xxy3pc1.webp,6,4,7,7,1.0,adaptive,0.1697,0.0595,1,0.0595,0,0,0,0
qheuj7xxy3pc1.webp,6,5,1,1,0.9999,adaptive,0.1583,0.0602,1,0.0602,0,0,0,0
qheuj7xxy3pc1.webp,6,6,3,3,1.0,adaptive,0.1742,0.0775,1,0.0775,0,0,0,0
qheuj7xxy3pc1.webp,6,7,6,6,0.9999,adaptive,0.194,0.0853,1,0.0853,0,0,0,0
qheuj7xxy3pc1.webp,6,8,4,4,1.0,adaptive,0.1651,0.0744,1,0.0744,0,0,0,0
qheuj7xxy3pc1.webp,6,9,2,2,1.0,adaptive,0.2018,0.0775,1,0.0775,0,0,0,0
qheuj7xxy3pc1.webp,7,1,1,1,1.0,adaptive,0.196,0.0573,2,0.0573,0,1,0,0
qheuj7xxy3pc1.webp,7,3,8,8,1.0,adaptive,0.202,0.0904,1,0.0904,0,0,0,0
qheuj7xxy3pc1.webp,7,4,2,2,1.0,adaptive,0.1753,0.0777,1,0.0777,0,0,0,0
qheuj7xxy3pc1.webp,7,5,3,3,1.0,adaptive,0.2001,0.0782,1,0.0782,0,0,0,0
qheuj7xxy3pc1.webp,7,8,7,7,1.0,adaptive,0.1601,0.0599,1,0.0599,0,0,0,0
qheuj7xxy3pc1.webp,7,9,6,6,0.9999,adaptive,0.2217,0.0853,1,0.0853,0,0,0,0
qheuj7xxy3pc1.webp,8,1,9,9,1.0,adaptive,0.2017,0.0873,2,0.0873,0,1,0,0
qheuj7xxy3pc1.webp,8,4,6,6,0.9999,adaptive,0.1848,0.0866,1,0.0866,0,0,0,0
qheuj7xxy3pc1.webp,8,5,8,8,1.0,adaptive,0.1802,0.0941,1,0.0941,0,0,0,0
qheuj7xxy3pc1.webp,8,7,3,3,1.0,adaptive,0.18,0.0798,1,0.0798,0,0,0,0
qheuj7xxy3pc1.webp,8,8,1,1,1.0,adaptive,0.1304,0.0576,1,0.0576,0,0,0,0
qheuj7xxy3pc1.webp,8,9,5,5,1.0,adaptive,0.1829,0.083,1,0.083,0,0,0,0
qheuj7xxy3pc1.webp,9,1,6,6,1.0,adaptive,0.2386,0.0858,2,0.0858,0,1,0,0
qheuj7xxy3pc1.webp,9,3,3,3,1.0,adaptive,0.2014,0.0773,1,0.0773,0,0,0,0
qheuj7xxy3pc1.webp,9,4,1,1,0.9999,adaptive,0.1807,0.0573,1,0.0573,0,0,0,0
qheuj7xxy3pc1.webp,9,8,2,2,1.0,adaptive,0.1931,0.0782,2,0.0782,0,1,0,0
qheuj7xxy3pc1.webp,9,9,8,8,1.0,adaptive,0.2424,0.09,2,0.09,0,1,0,0
qpju4bv9nvuc1.webp,1,1,3,3,1.0,adaptive,0.2201,0.0791,1,0.0791,0,0,0,0
qpju4bv9nvuc1.webp,1,2,9,9,1.0,adaptive,0.1956,0.0889,1,0.0889,0,0,0,0
qpju4bv9nvuc1.webp,1,3,8,8,1.0,adaptive,0.2052,0.092,1,0.092,0,0,0,0
qpju4bv9nvuc1.webp,1,4,2,2,1.0,adaptive,0.2052,0.0791,1,0.0791,0,0,0,0
qpju4bv9nvuc1.webp,1,6,7,7,1.0,adaptive,0.1762,0.063,1,0.063,0,0,0,0
qpju4bv9nvuc1.webp,1,7,5,5,1.0,adaptive,0.2217,0.084,1,0.084,0,0,0,0
qpju4bv9nvuc1.webp,2,1,4,4,1.0,adaptive,0.1759,0.0751,1,0.0751,0,0,0,0
qpju4bv9nvuc1.webp,2,2,5,5,1.0,adaptive,0.1584,0.0847,1,0.0847,0,0,0,0
qpju4bv9nvuc1.webp,2,4,9,9,1.0,adaptive,0.1755,0.0884,1,0.0884,0,0,0,0
qpju4bv9nvuc1.webp,2,6,8,8,1.0,adaptive,0.1669,0.0932,1,0.0932,0,0,0,0
qpju4bv9nvuc1.webp,2,8,3,3,1.0,adaptive,0.1559,0.0826,1,0.0826,0,0,0,0
qpju4bv9nvuc1.webp,3,2,1,1,0.9999,adaptive,0.1567,0.0568,1,0.0568,0,0,0,0
qpju4bv9nvuc1.webp,3,3,2,2,1.0,adaptive,0.1775,0.0789,1,0.0789,0,0,0,0
qpju4bv9nvuc1.webp,3,4,3,3,1.0,adaptive,0.1916,0.0791,1,0.0791,0,0,0,0
qpju4bv9nvuc1.webp,3,5,5,5,1.0,adaptive,0.1825,0.0841,1,0.0841,0,0,0,0
qpju4bv9nvuc1.webp,3,6,4,4,1.0,adaptive,0.1749,0.0746,1,0.0746,0,0,0,0
qpju4bv9nvuc1.webp,3,7,8,8,1.0,adaptive,0.2154,0.092,1,0.092,0,0,0,0
qpju4bv9nvuc1.webp,3,8,9,9,1.0,adaptive,0.1884,0.0893,1,0.0893,0,0,0,0
qpju4bv9nvuc1.webp,4,1,9,9,1.0,adaptive,0.207,0.0871,1,0.0871,0,0,0,0
qpju4bv9nvuc1.webp,4,2,4,4,1.0,adaptive,0.1746,0.0749,1,0.0749,0,0,0,0
qpju4bv9nvuc1.webp,4,3,1,1,1.0,adaptive,0.1669,0.0584,1,0.0584,0,0,0,0
qpju4bv9nvuc1.webp,4,4,5,5,1.0,adaptive,0.1956,0.084,1,0.084,0,0,0,0
qpju4bv9nvuc1.webp,4,5,8,8,1.0,adaptive,0.2031,0.0925,1,0.0925,0,0,0,0
qpju4bv9nvuc1.webp,4,6,3,3,1.0,adaptive,0.1686,0.0791,1,0.0791,0,0,0,0
qpju4bv9nvuc1.webp,4,7,7,7,1.0,adaptive,0.1718,0.0604,1,0.0604,0,0,0,0
qpju4bv9nvuc1.webp,5,2,2,2,1.0,adaptive,0.1641,0.0803,1,0.0803,0,0,0,0
qpju4bv9nvuc1.webp,5,5,4,4,1.0,adaptive,0.1584,0.0744,1,0.0744,0,0,0,0
qpju4bv9nvuc1.webp,5,6,6,6,0.9999,adaptive,0.1624,0.0893,1,0.0893,0,0,0,0
qpju4bv9nvuc1.webp,6,2,8,8,1.0,adaptive,0.1789,0.0923,1,0.0923,0,0,0,0
qpju4bv9nvuc1.webp,6,5,9,9,1.0,adaptive,0.1748,0.0882,1,0.0882,0,0,0,0
qpju4bv9nvuc1.webp,6,6,2,2,1.0,adaptive,0.1662,0.0804,1,0.0804,0,0,0,0
qpju4bv9nvuc1.webp,7,1,8,8,1.0,adaptive,0.1918,0.0942,1,0.0942,0,0,0,0
qpju4bv9nvuc1.webp,7,2,7,7,1.0,adaptive,0.1352,0.0602,1,0.0602,0,0,0,0
qpju4bv9nvuc1.webp,7,3,4,4,1.0,adaptive,0.1829,0.0737,1,0.0737,0,0,0,0
qpju4bv9nvuc1.webp,7,4,6,6,0.9998,adaptive,0.1996,0.0884,1,0.0884,0,0,0,0
qpju4bv9nvuc1.webp,7,5,3,3,1.0,adaptive,0.1777,0.0801,1,0.0801,0,0,0,0
qpju4bv9nvuc1.webp,7,6,1,1,1.0,adaptive,0.1582,0.0579,1,0.0579,0,0,0,0
qpju4bv9nvuc1.webp,7,8,5,5,1.0,adaptive,0.1841,0.0848,1,0.0848,0,0,0,0
qpju4bv9nvuc1.webp,8,2,6,6,1.0,adaptive,0.1536,0.0895,1,0.0895,0,0,0,0
qpju4bv9nvuc1.webp,8,3,9,9,0.9999,adaptive,0.1866,0.0877,1,0.0877,0,0,0,0
qpju4bv9nvuc1.webp,8,4,4,4,1.0,adaptive,0.1739,0.0746,1,0.0746,0,0,0,0
qpju4bv9nvuc1.webp,8,6,5,5,1.0,adaptive,0.1558,0.0821,1,0.0821,0,0,0,0
qpju4bv9nvuc1.webp,9,2,3,3,1.0,adaptive,0.166,0.0796,1,0.0796,0,0,0,0
qpju4bv9nvuc1.webp,9,3,5,5,1.0,adaptive,0.1951,0.0835,1,0.0835,0,0,0,0
qpju4bv9nvuc1.webp,9,4,8,8,1.0,adaptive,0.2049,0.0936,1,0.0936,0,0,0,0
qpju4bv9nvuc1.webp,9,6,9,9,0.9999,adaptive,0.1876,0.0893,1,0.0893,0,0,0,0
qpju4bv9nvuc1.webp,9,7,6,6,0.9999,adaptive,0.1945,0.0891,1,0.0891,0,0,0,0
r68ocjf8tgnc1.webp,1,1,7,7,1.0,adaptive,0.1876,0.0597,1,0.0597,0,0,0,0
r68ocjf8tgnc1.webp,1,2,1,1,0.9999,adaptive,0.1463,0.0606,1,0.0606,0,0,0,0
r68ocjf8tgnc1.webp,1,3,8,8,1.0,adaptive,0.2027,0.0916,1,0.0916,0,0,0,0
r68ocjf8tgnc1.webp,1,5,6,6,0.9998,adaptive,0.1884,0.0896,1,0.0896,0,0,0,0
r68ocjf8tgnc1.webp,1,6,3,3,1.0,adaptive,0.1916,0.0793,1,0.0793,0,0,0,0
r68ocjf8tgnc1.webp,1,7,0,0,0.992,adaptive,0.1265,0.0,0,0.0,0,0,0,0
r68ocjf8tgnc1.webp,2,1,6,6,0.9999,adaptive,0.2026,0.0891,1,0.0891,0,0,0,0
r68ocjf8tgnc1.webp,2,2,3,3,1.0,adaptive,0.1405,0.0806,1,0.0806,0,0,0,0
r68ocjf8tgnc1.webp,2,3,5,5,1.0,adaptive,0.1732,0.0855,1,0.0855,0,0,0,0
r68ocjf8tgnc1.webp,2,5,9,9,0.9999,adaptive,0.1635,0.0895,1,0.0895,0,0,0,0
r68ocjf8tgnc1.webp,2,6,4,4,1.0,adaptive,0.1504,0.0773,1,0.0773,0,0,0,0
r68ocjf8tgnc1.webp,3,1,9,9,1.0,adaptive,0.1998,0.0869,1,0.0869,0,0,0,0
r68ocjf8tgnc1.webp,3,2,2,2,1.0,adaptive,0.1626,0.0803,1,0.0803,0,0,0,0
r68ocjf8tgnc1.webp,3,3,4,4,1.0,adaptive,0.1853,0.0769,1,0.0769,0,0,0,0
r68ocjf8tgnc1.webp,3,5,8,8,1.0,adaptive,0.192,0.0948,1,0.0948,0,0,0,0
r68ocjf8tgnc1.webp,3,6,1,1,0.9999,adaptive,0.1582,0.0579,1,0.0579,0,0,0,0
r68ocjf8tgnc1.webp,4,1,2,2,1.0,adaptive,0.192,0.0786,1,0.0786,0,0,0,0
r68ocjf8tgnc1.webp,4,2,5,5,1.0,adaptive,0.1594,0.0864,1,0.0864,0,0,0,0
r68ocjf8tgnc1.webp,4,3,7,7,1.0,adaptive,0.1608,0.0615,1,0.0615,0,0,0,0
r68ocjf8tgnc1.webp,4,4,3,3,1.0,adaptive,0.1907,0.0793,1,0.0793,0,0,0,0
r68ocjf8tgnc1.webp,4,5,4,4,1.0,adaptive,0.1744,0.0751,1,0.0751,0,0,0,0
r68ocjf8tgnc1.webp,4,6,6,6,0.9998,adaptive,0.1849,0.0864,1,0.0864,0,0,0,0
r68ocjf8tgnc1.webp,4,7,8,8,1.0,adaptive,0.2005,0.0922,1,0.0922,0,0,0,0
r68ocjf8tgnc1.webp,4,8,1,1,1.0,adaptive,0.1583,0.0602,1,0.0602,0,0,0,0
r68ocjf8tgnc1.webp,4,9,9,9,1.0,adaptive,0.1987,0.088,1,0.088,0,0,0,0
r68ocjf8tgnc1.webp,5,2,0,0,0.992,adaptive,0.0785,0.0,0,0.0,0,0,0,0
r68ocjf8tgnc1.webp,5,4,8,8,1.0,adaptive,0.1805,0.0945,1,0.0945,0,0,0,0
r68ocjf8tgnc1.webp,5,5,7,7,1.0,adaptive,0.1465,0.0613,1,0.0613,0,0,0,0
r68ocjf8tgnc1.webp,5,6,9,9,1.0,adaptive,0.1737,0.0889,1,0.0889,0,0,0,0
r68ocjf8tgnc1.webp,5,8,2,2,1.0,adaptive,0.1667,0.0815,1,0.0815,0,0,0,0
r68ocjf8tgnc1.webp,6,1,8,8,1.0,adaptive,0.2188,0.0931,1,0.0931,0,0,0,0
r68ocjf8tgnc1.webp,6,4,1,1,1.0,adaptive,0.1568,0.0581,1,0.0581,0,0,0,0
r68ocjf8tgnc1.webp,6,5,2,2,1.0,adaptive,0.1685,0.0823,1,0.0823,0,0,0,0
r68ocjf8tgnc1.webp,6,6,5,5,1.0,adaptive,0.1706,0.0838,1,0.0838,0,0,0,0
r68ocjf8tgnc1.webp,6,7,7,7,1.0,adaptive,0.1477,0.0615,1,0.0615,0,0,0,0
r68ocjf8tgnc1.webp,6,8,0,0,0.992,adaptive,0.0871,0.0,0,0.0,0,0,0,0
r68ocjf8tgnc1.webp,6,9,0,0,0.992,adaptive,0.0985,0.0,0,0.0,0,0,0,0
r68ocjf8tgnc1.webp,7,1,0,0,0.992,adaptive,0.1261,0.0,0,0.0,0,0,0,0
r68ocjf8tgnc1.webp,7,4,4,4,1.0,adaptive,0.1858,0.0751,1,0.0751,0,0,0,0
r68ocjf8tgnc1.webp,7,6,8,8,1.0,adaptive,0.1938,0.0936,1,0.0936,0,0,0,0
r68ocjf8tgnc1.webp,7,8,5,5,1.0,adaptive,0.1841,0.0862,1,0.0862,0,0,0,0
r68ocjf8tgnc1.webp,8,2,8,8,1.0,adaptive,0.1566,0.0966,1,0.0966,0,0,0,0
r68ocjf8tgnc1.webp,8,3,2,2,1.0,adaptive,0.1676,0.0803,1,0.0803,0,0,0,0
r68ocjf8tgnc1.webp,8,4,9,9,0.9999,adaptive,0.1762,0.0889,1,0.0889,0,0,0,0
r68ocjf8tgnc1.webp,8,6,7,7,1.0,adaptive,0.1359,0.0629,1,0.0629,0,0,0,0
r68ocjf8tgnc1.webp,8,7,4,4,1.0,adaptive,0.1612,0.0753,1,0.0753,0,0,0,0
r68ocjf8tgnc1.webp,8,8,3,3,1.0,adaptive,0.1687,0.0833,1,0.0833,0,0,0,0
r68ocjf8tgnc1.webp,8,9,6,6,0.9999,adaptive,0.1886,0.09,1,0.09,0,0,0,0
r68ocjf8tgnc1.webp,9,3,0,0,0.992,adaptive,0.1259,0.0,0,0.0,0,0,0,0
r68ocjf8tgnc1.webp,9,4,6,6,0.9999,adaptive,0.2132,0.0873,1,0.0873,0,0,0,0
r68ocjf8tgnc1.webp,9,6,2,2,1.0,adaptive,0.1918,0.0798,1,0.0798,0,0,0,0
r68ocjf8tgnc1.webp,9,7,0,0,0.992,adaptive,0.1383,0.0,0,0.0,0,0,0,0
rah1n5c90xuc1.webp,1,1,2,2,0.9162,adaptive,0.1606,0.037,1,0.037,0,0,0,0
rah1n5c90xuc1.webp,1,2,1,1,0.9802,adaptive,0.1576,0.0568,1,0.0568,0,0,0,0
rah1n5c90xuc1.webp,1,3,3,3,0.998,adaptive,0.1513,0.0363,1,0.0363,0,0,0,0
rah1n5c90xuc1.webp,1,4,4,4,0.9925,adaptive,0.1738,0.0468,3,0.0468,2,0,0,0
rah1n5c90xuc1.webp,1,5,5,5,0.9999,adaptive,0.1929,0.1024,1,0.1024,0,0,0,0
rah1n5c90xuc1.webp,1,6,8,8,0.9894,adaptive,0.182,0.0608,1,0.0608,0,0,0,0
rah1n5c90xuc1.webp,1,7,7,7,0.8921,adaptive,0.1689,0.0479,3,0.0361,1,0,0,0
rah1n5c90xuc1.webp,1,8,6,6,0.9924,adaptive,0.1952,0.111,1,0.111,0,0,0,0
rah1n5c90xuc1.webp,1,9,9,9,0.9998,adaptive,0.2277,0.1145,1,0.1145,0,0,0,0
rah1n5c90xuc1.webp,2,1,5,5,1.0,adaptive,0.2225,0.1054,1,0.1054,0,0,0,0
rah1n5c90xuc1.webp,2,2,9,9,0.995,adaptive,0.1563,0.0696,1,0.0696,0,0,0,0
rah1n5c90xuc1.webp,2,3,8,8,1.0,adaptive,0.2481,0.1196,1,0.1196,0,0,0,0
rah1n5c90xuc1.webp,2,4,1,1,0.9336,adaptive,0.1827,0.0586,1,0.0586,0,0,0,0
rah1n5c90xuc1.webp,2,5,6,6,0.955,adaptive,0.1203,0.0496,1,0.0496,0,0,0,0
rah1n5c90xuc1.webp,2,6,7,7,0.6536,adaptive,0.2114,0.0461,3,0.0461,2,0,0,0
rah1n5c90xuc1.webp,2,7,2,2,0.9989,adaptive,0.1413,0.0391,1,0.0391,0,0,0,0
rah1n5c90xuc1.webp,2,8,4,4,0.9948,adaptive,0.1318,0.0514,1,0.0514,0,0,0,0
rah1n5c90xuc1.webp,2,9,3,3,0.9998,adaptive,0.2019,0.1006,1,0.1006,0,0,0,0
rah1n5c90xuc1.webp,3,1,4,4,0.9925,adaptive,0.1967,0.0405,5,0.0405,3,1,0,0
rah1n5c90xuc1.webp,3,4,2,2,0.9987,adaptive,0.2978,0.1005,2,0.1005,0,1,0,0
rah1n5c90xuc1.webp,3,5,3,3,0.4756,adaptive,0.1764,0.036,3,0.036,1,1,0,0
rah1n5c90xuc1.webp,3,6,9,9,0.999,adaptive,0.2787,0.1147,2,0.1147,0,1,0,0
rah1n5c90xuc1.webp,3,7,1,1,0.832,adaptive,0.1593,0.0535,2,0.0535,0,1,0,0
rah1n5c90xuc1.webp,3,8,5,5,0.9988,adaptive,0.1468,0.0416,2,0.0416,0,1,0,0
rah1n5c90xuc1.webp,3,9,8,8,1.0,adaptive,0.2673,0.1118,1,0.1118,0,0,0,0
rah1n5c90xuc1.webp,4,1,6,6,0.9996,adaptive,0.1559,0.0512,2,0.0512,1,0,0,0
rah1n5c90xuc1.webp,4,2,3,3,0.9988,adaptive,0.1343,0.0464,4,0.0464,3,0,0,0
rah1n5c90xuc1.webp,4,3,1,1,0.9633,adaptive,0.1943,0.0566,2,0.0566,1,0,0,0
rah1n5c90xuc1.webp,4,4,5,5,0.9999,adaptive,0.241,0.1047,1,0.1047,0,0,0,0
rah1n5c90xuc1.webp,4,5,2,2,0.9986,adaptive,0.1915,0.1067,1,0.1067,0,0,0,0
rah1n5c90xuc1.webp,4,6,4,4,1.0,adaptive,0.2139,0.0976,1,0.0976,0,0,0,0
rah1n5c90xuc1.webp,4,7,8,8,1.0,adaptive,0.239,0.1247,2,0.1247,0,1,0,0
rah1n5c90xuc1.webp,4,8,9,9,0.9998,adaptive,0.2126,0.1158,1,0.1158,0,0,0,0
rah1n5c90xuc1.webp,4,9,7,7,0.9375,adaptive,0.1793,0.0501,3,0.0501,1,0,0,1
rah1n5c90xuc1.webp,5,1,7,7,0.7849,adaptive,0.1522,0.0572,3,0.0511,1,0,0,0
rah1n5c90xuc1.webp,5,2,4,4,0.8992,adaptive,0.1669,0.0746,3,0.064,1,0,0,0
rah1n5c90xuc1.webp,5,3,2,2,0.9959,adaptive,0.1714,0.0375,1,0.0375,0,0,0,0
rah1n5c90xuc1.webp,5,4,8,8,0.9465,adaptive,0.1624,0.0552,1,0.0552,0,0,0,0
rah1n5c90xuc1.webp,5,5,9,9,0.9997,adaptive,0.2144,0.1302,1,0.1302,0,0,0,0
rah1n5c90xuc1.webp,5,6,1,7,0.9764,adaptive,0.1393,0.0393,2,0.0253,0,0,0,1
rah1n5c90xuc1.webp,5,7,6,5,0.646,adaptive,0.1357,0.0509,4,0.0328,0,1,0,1
rah1n5c90xuc1.webp,5,8,3,3,0.9983,adaptive,0.107,0.0434,2,0.0434,0,1,0,0
rah1n5c90xuc1.webp,5,9,5,5,1.0,adaptive,0.1506,0.0464,1,0.0464,0,0,0,0
rah1n5c90xuc1.webp,6,1,9,9,0.8174,adaptive,0.2279,0.0517,2,0.0517,0,1,0,0
rah1n5c90xuc1.webp,6,2,8,8,0.9999,adaptive,0.2551,0.1237,2,0.1237,0,1,0,0
rah1n5c90xuc1.webp,6,3,5,5,0.9999,adaptive,0.2718,0.1114,2,0.1114,0,1,0,0
rah1n5c90xuc1.webp,6,4,6,6,0.998,adaptive,0.2462,0.1276,2,0.1276,0,1,0,0
rah1n5c90xuc1.webp,6,5,7,7,0.9987,adaptive,0.1891,0.0816,4,0.0753,2,0,0,0
rah1n5c90xuc1.webp,6,6,3,3,0.9999,adaptive,0.2357,0.1183,1,0.1183,0,0,0,0
rah1n5c90xuc1.webp,6,7,4,4,1.0,adaptive,0.2464,0.0973,2,0.0973,0,1,0,0
rah1n5c90xuc1.webp,6,8,1,7,0.9565,adaptive,0.1832,0.0341,2,0.0341,0,1,0,0
rah1n5c90xuc1.webp,6,9,2,2,0.8396,adaptive,0.1945,0.0321,3,0.0321,2,0,0,0
rah1n5c90xuc1.webp,7,1,1,1,0.9084,adaptive,0.1466,0.0552,1,0.0552,0,0,0,0
rah1n5c90xuc1.webp,7,2,2,2,0.9968,adaptive,0.1199,0.0441,1,0.0441,0,0,0,0
rah1n5c90xuc1.webp,7,3,4,4,1.0,adaptive,0.2266,0.1007,1,0.1007,0,0,0,0
rah1n5c90xuc1.webp,7,4,3,3,0.9997,adaptive,0.2214,0.1167,1,0.1167,0,0,0,0
rah1n5c90xuc1.webp,7,5,8,8,0.9997,adaptive,0.1441,0.0617,2,0.0617,1,0,0,0
rah1n5c90xuc1.webp,7,6,5,5,1.0,adaptive,0.2188,0.1297,2,0.1214,0,0,0,0
rah1n5c90xuc1.webp,7,7,9,9,0.9993,adaptive,0.2143,0.0497,2,0.0497,0,1,0,0
rah1n5c90xuc1.webp,7,8,7,7,0.9822,adaptive,0.1506,0.0448,4,0.0244,0,1,0,1
rah1n5c90xuc1.webp,7,9,6,6,0.8897,adaptive,0.1838,0.0446,3,0.0307,0,1,0,1
rah1n5c90xuc1.webp,8,1,3,3,0.9993,adaptive,0.1897,0.1033,1,0.1033,0,0,0,0
rah1n5c90xuc1.webp,8,4,9,9,0.998,adaptive,0.2187,0.1375,3,0.1318,1,0,0,0
rah1n5c90xuc1.webp,8,5,1,7,0.6395,adaptive,0.1256,0.0411,3,0.0411,2,0,0,0
rah1n5c90xuc1.webp,8,6,2,2,1.0,adaptive,0.1986,0.1097,2,0.1097,0,1,0,0
rah1n5c90xuc1.webp,8,7,5,5,1.0,adaptive,0.2865,0.1126,2,0.1126,0,1,0,0
rah1n5c90xuc1.webp,8,8,8,8,0.991,adaptive,0.1513,0.0535,2,0.0535,0,1,0,0
rah1n5c90xuc1.webp,8,9,4,4,1.0,adaptive,0.2033,0.0798,2,0.0798,0,1,0,0
rah1n5c90xuc1.webp,9,1,8,8,1.0,adaptive,0.1983,0.1288,1,0.1288,0,0,0,0
rah1n5c90xuc1.webp,9,2,5,5,1.0,adaptive,0.1943,0.1246,1,0.1246,0,0,0,0
rah1n5c90xuc1.webp,9,3,9,9,0.9882,adaptive,0.1508,0.0495,1,0.0495,0,0,0,0
rah1n5c90xuc1.webp,9,4,7,7,0.928,adaptive,0.1606,0.0537,2,0.0537,0,1,0,0
rah1n5c90xuc1.webp,9,5,4,4,1.0,adaptive,0.192,0.0995,1,0.0995,0,0,0,0
rah1n5c90xuc1.webp,9,6,6,6,0.9823,adaptive,0.147,0.053,3,0.053,1,1,0,0
rah1n5c90xuc1.webp,9,7,3,3,0.9952,adaptive,0.2194,0.0461,2,0.0461,0,1,0,0
rah1n5c90xuc1.webp,9,8,2,2,1.0,adaptive,0.2026,0.0997,2,0.0997,0,1,0,0
rah1n5c90xuc1.webp,9,9,1,7,0.6402,adaptive,0.1673,0.0296,3,0.016,0,1,0,1
rdr92qysuxhc1.webp,1,4,6,6,0.9998,adaptive,0.182,0.1096,1,0.1096,0,0,0,0
rdr92qysuxhc1.webp,1,6,1,1,0.9936,adaptive,0.1252,0.0613,1,0.0613,0,0,0,0
rdr92qysuxhc1.webp,1,8,3,3,1.0,adaptive,0.1513,0.1072,1,0.1072,0,0,0,0
rdr92qysuxhc1.webp,1,9,5,5,1.0,adaptive,0.1651,0.1089,1,0.1089,0,0,0,0
rdr92qysuxhc1.webp,2,6,5,5,1.0,adaptive,0.1823,0.1119,1,0.1119,0,0,0,0
rdr92qysuxhc1.webp,2,8,6,6,0.9997,adaptive,0.1591,0.1146,1,0.1146,0,0,0,0
rdr92qysuxhc1.webp,3,2,6,6,0.9996,adaptive,0.1515,0.1104,1,0.1104,0,0,0,0
rdr92qysuxhc1.webp,3,3,5,5,1.0,adaptive,0.1608,0.1069,1,0.1069,0,0,0,0
rdr92qysuxhc1.webp,3,5,7,7,1.0,adaptive,0.1253,0.083,1,0.083,0,0,0,0
rdr92qysuxhc1.webp,3,7,2,2,1.0,adaptive,0.1526,0.106,1,0.106,0,0,0,0
rdr92qysuxhc1.webp,4,1,9,9,1.0,adaptive,0.1918,0.1054,1,0.1054,0,0,0,0
rdr92qysuxhc1.webp,4,4,1,1,0.9977,adaptive,0.149,0.0628,1,0.0628,0,0,0,0
rdr92qysuxhc1.webp,4,5,5,5,1.0,adaptive,0.1802,0.109,1,0.109,0,0,0,0
rdr92qysuxhc1.webp,4,6,8,8,1.0,adaptive,0.2083,0.1241,1,0.1241,0,0,0,0
rdr92qysuxhc1.webp,4,7,6,6,0.9995,adaptive,0.1831,0.1103,1,0.1103,0,0,0,0
rdr92qysuxhc1.webp,4,8,7,7,1.0,adaptive,0.1386,0.0807,1,0.0807,0,0,0,0
rdr92qysuxhc1.webp,4,9,2,2,1.0,adaptive,0.1746,0.1031,1,0.1031,0,0,0,0
rdr92qysuxhc1.webp,5,1,8,8,1.0,adaptive,0.182,0.1239,1,0.1239,0,0,0,0
rdr92qysuxhc1.webp,5,2,1,1,0.9979,adaptive,0.1256,0.0693,1,0.0693,0,0,0,0
rdr92qysuxhc1.webp,5,3,6,6,0.9997,adaptive,0.1791,0.1101,1,0.1101,0,0,0,0
rdr92qysuxhc1.webp,5,4,2,2,1.0,adaptive,0.1787,0.1072,1,0.1072,0,0,0,0
rdr92qysuxhc1.webp,5,5,3,3,1.0,adaptive,0.1644,0.1079,1,0.1079,0,0,0,0
rdr92qysuxhc1.webp,5,6,7,7,1.0,adaptive,0.1522,0.083,1,0.083,0,0,0,0
rdr92qysuxhc1.webp,5,7,4,4,1.0,adaptive,0.1601,0.1029,1,0.1029,0,0,0,0
rdr92qysuxhc1.webp,5,8,5,5,1.0,adaptive,0.1538,0.1107,1,0.1107,0,0,0,0
rdr92qysuxhc1.webp,5,9,9,9,1.0,adaptive,0.1664,0.1104,1,0.1104,0,0,0,0
rdr92qysuxhc1.webp,6,1,2,2,1.0,adaptive,0.172,0.1016,1,0.1016,0,0,0,0
rdr92qysuxhc1.webp,6,2,5,5,1.0,adaptive,0.1678,0.1113,1,0.1113,0,0,0,0
rdr92qysuxhc1.webp,6,3,7,7,1.0,adaptive,0.1475,0.0789,1,0.0789,0,0,0,0
rdr92qysuxhc1.webp,6,4,9,9,1.0,adaptive,0.1789,0.108,1,0.108,0,0,0,0
rdr92qysuxhc1.webp,6,5,4,4,1.0,adaptive,0.1569,0.1006,1,0.1006,0,0,0,0
rdr92qysuxhc1.webp,6,6,6,6,0.9998,adaptive,0.1793,0.1105,1,0.1105,0,0,0,0
rdr92qysuxhc1.webp,6,7,1,1,0.9951,adaptive,0.1232,0.0664,1,0.0664,0,0,0,0
rdr92qysuxhc1.webp,6,8,8,8,1.0,adaptive,0.1685,0.1257,1,0.1257,0,0,0,0
rdr92qysuxhc1.webp,6,9,3,3,1.0,adaptive,0.1611,0.1054,1,0.1054,0,0,0,0
rdr92qysuxhc1.webp,7,2,9,9,1.0,adaptive,0.1816,0.1101,1,0.1101,0,0,0,0
rdr92qysuxhc1.webp,7,3,8,8,1.0,adaptive,0.2065,0.1227,1,0.1227,0,0,0,0
rdr92qysuxhc1.webp,7,5,6,6,0.9998,adaptive,0.1818,0.1101,1,0.1101,0,0,0,0
rdr92qysuxhc1.webp,7,6,2,2,1.0,adaptive,0.1873,0.1034,1,0.1034,0,0,0,0
rdr92qysuxhc1.webp,7,7,5,5,1.0,adaptive,0.1787,0.106,1,0.106,0,0,0,0
rdr92qysuxhc1.webp,7,8,1,1,0.9939,adaptive,0.126,0.0676,1,0.0676,0,0,0,0
rdr92qysuxhc1.webp,8,1,5,5,1.0,adaptive,0.1798,0.1097,1,0.1097,0,0,0,0
rdr92qysuxhc1.webp,8,8,2,2,1.0,adaptive,0.1501,0.1061,1,0.1061,0,0,0,0
rdr92qysuxhc1.webp,8,9,6,6,0.9998,adaptive,0.1685,0.1128,1,0.1128,0,0,0,0
rdr92qysuxhc1.webp,9,1,6,6,0.9996,adaptive,0.1664,0.108,1,0.108,0,0,0,0
rdr92qysuxhc1.webp,9,2,2,2,1.0,adaptive,0.1606,0.104,1,0.104,0,0,0,0
rdr92qysuxhc1.webp,9,4,5,5,1.0,adaptive,0.1816,0.1105,1,0.1105,0,0,0,0
rks35q5juzwc1.webp,1,3,2,2,1.0,adaptive,0.1791,0.0802,1,0.0802,0,0,0,0
rks35q5juzwc1.webp,1,4,1,1,0.9999,adaptive,0.172,0.0604,1,0.0604,0,0,0,0
rks35q5juzwc1.webp,1,5,7,7,1.0,adaptive,0.1364,0.0635,1,0.0635,0,0,0,0
rks35q5juzwc1.webp,1,7,8,8,1.0,adaptive,0.2045,0.0933,1,0.0933,0,0,0,0
rks35q5juzwc1.webp,1,8,9,9,0.9999,adaptive,0.1789,0.0925,1,0.0925,0,0,0,0
rks35q5juzwc1.webp,2,3,9,9,0.9999,adaptive,0.1753,0.0927,1,0.0927,0,0,0,0
rks35q5juzwc1.webp,2,4,2,2,1.0,adaptive,0.1689,0.0837,1,0.0837,0,0,0,0
rks35q5juzwc1.webp,2,8,1,1,1.0,adaptive,0.1233,0.0659,1,0.0659,0,0,0,0
rks35q5juzwc1.webp,3,2,7,7,1.0,adaptive,0.1504,0.0649,1,0.0649,0,0,0,0
rks35q5juzwc1.webp,3,3,1,1,1.0,adaptive,0.1579,0.0608,1,0.0608,0,0,0,0
rks35q5juzwc1.webp,3,7,2,2,1.0,adaptive,0.1943,0.0844,1,0.0844,0,0,0,0
rks35q5juzwc1.webp,3,8,6,6,1.0,adaptive,0.1879,0.0905,1,0.0905,0,0,0,0
rks35q5juzwc1.webp,3,9,4,4,1.0,adaptive,0.1882,0.0769,1,0.0769,0,0,0,0
rks35q5juzwc1.webp,4,1,9,9,1.0,adaptive,0.1909,0.0916,1,0.0916,0,0,0,0
rks35q5juzwc1.webp,4,2,8,8,1.0,adaptive,0.1673,0.0952,1,0.0952,0,0,0,0
rks35q5juzwc1.webp,4,3,7,7,1.0,adaptive,0.1472,0.0619,1,0.0619,0,0,0,0
rks35q5juzwc1.webp,4,6,2,2,1.0,adaptive,0.1648,0.0795,1,0.0795,0,0,0,0
rks35q5juzwc1.webp,4,7,6,6,0.9999,adaptive,0.1894,0.0907,1,0.0907,0,0,0,0
rks35q5juzwc1.webp,5,2,1,1,1.0,adaptive,0.1247,0.0659,1,0.0659,0,0,0,0
rks35q5juzwc1.webp,5,3,5,5,1.0,adaptive,0.1581,0.0868,1,0.0868,0,0,0,0
rks35q5juzwc1.webp,5,5,8,8,1.0,adaptive,0.1414,0.0978,1,0.0978,0,0,0,0
rks35q5juzwc1.webp,5,6,7,7,1.0,adaptive,0.1352,0.0631,1,0.0631,0,0,0,0
rks35q5juzwc1.webp,5,7,3,3,1.0,adaptive,0.1669,0.0841,1,0.0841,0,0,0,0
rks35q5juzwc1.webp,5,9,9,9,0.9999,adaptive,0.1782,0.0923,1,0.0923,0,0,0,0
rks35q5juzwc1.webp,6,2,4,4,1.0,adaptive,0.1502,0.078,1,0.078,0,0,0,0
rks35q5juzwc1.webp,6,3,3,3,1.0,adaptive,0.1673,0.0818,1,0.0818,0,0,0,0
rks35q5juzwc1.webp,7,1,3,3,1.0,adaptive,0.1945,0.0822,1,0.0822,0,0,0,0
rks35q5juzwc1.webp,7,2,2,2,1.0,adaptive,0.168,0.0828,1,0.0828,0,0,0,0
rks35q5juzwc1.webp,7,4,8,8,1.0,adaptive,0.2023,0.0933,1,0.0933,0,0,0,0
rks35q5juzwc1.webp,7,6,9,9,0.9999,adaptive,0.1885,0.09,1,0.09,0,0,0,0
rks35q5juzwc1.webp,7,8,7,7,1.0,adaptive,0.1477,0.0635,1,0.0635,0,0,0,0
rks35q5juzwc1.webp,8,1,1,1,1.0,adaptive,0.1481,0.0622,1,0.0622,0,0,0,0
rks35q5juzwc1.webp,8,2,9,9,0.9999,adaptive,0.1524,0.0948,1,0.0948,0,0,0,0
rks35q5juzwc1.webp,8,4,7,7,1.0,adaptive,0.1493,0.0638,1,0.0638,0,0,0,0
rks35q5juzwc1.webp,8,8,3,3,1.0,adaptive,0.1451,0.0865,1,0.0865,0,0,0,0
rks35q5juzwc1.webp,9,1,7,7,1.0,adaptive,0.1789,0.0639,1,0.0639,0,0,0,0
rks35q5juzwc1.webp,9,2,5,5,1.0,adaptive,0.1714,0.0855,1,0.0855,0,0,0,0
rks35q5juzwc1.webp,9,7,9,9,1.0,adaptive,0.2007,0.0887,1,0.0887,0,0,0,0
rks35q5juzwc1.webp,9,9,6,6,0.9999,adaptive,0.2045,0.0896,1,0.0896,0,0,0,0
rsedsxb810lc1.webp,1,1,9,9,1.0,adaptive,0.194,0.0804,1,0.0804,0,0,0,0
rsedsxb810lc1.webp,1,2,6,6,0.9999,adaptive,0.1671,0.0816,1,0.0816,0,0,0,0
rsedsxb810lc1.webp,1,3,4,4,1.0,adaptive,0.1528,0.0671,1,0.0671,0,0,0,0
rsedsxb810lc1.webp,1,4,3,3,1.0,adaptive,0.1827,0.0704,1,0.0704,0,0,0,0
rsedsxb810lc1.webp,1,5,2,2,1.0,adaptive,0.1264,0.0665,1,0.0665,0,0,0,0
rsedsxb810lc1.webp,2,1,2,2,1.0,adaptive,0.1551,0.0697,1,0.0697,0,0,0,0
rsedsxb810lc1.webp,2,2,7,7,1.0,adaptive,0.1045,0.05,1,0.05,0,0,0,0
rsedsxb810lc1.webp,2,3,5,5,1.0,adaptive,0.1325,0.0782,1,0.0782,0,0,0,0
rsedsxb810lc1.webp,2,6,1,1,0.9974,adaptive,0.1242,0.0405,1,0.0405,0,0,0,0
rsedsxb810lc1.webp,2,7,6,6,0.9998,adaptive,0.1404,0.0841,1,0.0841,0,0,0,0
rsedsxb810lc1.webp,2,8,3,3,1.0,adaptive,0.132,0.0737,1,0.0737,0,0,0,0
rsedsxb810lc1.webp,2,9,9,9,1.0,adaptive,0.1269,0.0821,1,0.0821,0,0,0,0
rsedsxb810lc1.webp,3,1,8,8,1.0,adaptive,0.1951,0.0838,1,0.0838,0,0,0,0
rsedsxb810lc1.webp,3,2,1,1,0.9985,adaptive,0.1196,0.0398,1,0.0398,0,0,0,0
rsedsxb810lc1.webp,3,3,3,3,1.0,adaptive,0.151,0.0713,1,0.0713,0,0,0,0
rsedsxb810lc1.webp,3,5,6,6,1.0,adaptive,0.1658,0.083,1,0.083,0,0,0,0
rsedsxb810lc1.webp,3,8,4,4,1.0,adaptive,0.1529,0.0697,1,0.0697,0,0,0,0
rsedsxb810lc1.webp,4,1,4,4,1.0,adaptive,0.1555,0.0677,1,0.0677,0,0,0,0
rsedsxb810lc1.webp,4,2,2,2,1.0,adaptive,0.137,0.0669,1,0.0669,0,0,0,0
rsedsxb810lc1.webp,4,3,9,9,1.0,adaptive,0.1379,0.0824,1,0.0824,0,0,0,0
rsedsxb810lc1.webp,4,4,7,7,1.0,adaptive,0.1468,0.0499,1,0.0499,0,0,0,0
rsedsxb810lc1.webp,4,9,3,3,1.0,adaptive,0.1564,0.0708,1,0.0708,0,0,0,0
rsedsxb810lc1.webp,5,1,6,6,0.9996,adaptive,0.1434,0.0837,1,0.0837,0,0,0,0
rsedsxb810lc1.webp,5,2,5,5,1.0,adaptive,0.1242,0.0806,1,0.0806,0,0,0,0
rsedsxb810lc1.webp,5,3,1,1,0.9989,adaptive,0.0708,0.0398,1,0.0398,0,0,0,0
rsedsxb810lc1.webp,5,5,3,3,1.0,adaptive,0.1129,0.0748,1,0.0748,0,0,0,0
rsedsxb810lc1.webp,5,6,2,2,1.0,adaptive,0.1398,0.0708,1,0.0708,0,0,0,0
rsedsxb810lc1.webp,5,7,4,4,1.0,adaptive,0.1006,0.0665,1,0.0665,0,0,0,0
rsedsxb810lc1.webp,5,9,7,7,1.0,adaptive,0.0979,0.0516,1,0.0516,0,0,0,0
rsedsxb810lc1.webp,6,1,3,3,1.0,adaptive,0.1693,0.0706,1,0.0706,0,0,0,0
rsedsxb810lc1.webp,6,2,8,8,1.0,adaptive,0.1542,0.0844,1,0.0844,0,0,0,0
rsedsxb810lc1.webp,6,3,7,7,1.0,adaptive,0.1205,0.0497,1,0.0497,0,0,0,0
rsedsxb810lc1.webp,7,2,9,9,1.0,adaptive,0.1124,0.0825,1,0.0825,0,0,0,0
rsedsxb810lc1.webp,7,6,3,3,1.0,adaptive,0.1793,0.0711,1,0.0711,0,0,0,0
rsedsxb810lc1.webp,7,7,5,5,1.0,adaptive,0.1604,0.0771,1,0.0771,0,0,0,0
rsedsxb810lc1.webp,8,2,4,4,1.0,adaptive,0.1244,0.0668,1,0.0668,0,0,0,0
rsedsxb810lc1.webp,8,6,8,8,1.0,adaptive,0.1687,0.085,1,0.085,0,0,0,0
rsedsxb810lc1.webp,8,7,3,3,1.0,adaptive,0.1284,0.0717,1,0.0717,0,0,0,0
rsedsxb810lc1.webp,9,1,5,5,1.0,adaptive,0.1896,0.076,1,0.076,0,0,0,0
rsedsxb810lc1.webp,9,2,3,3,1.0,adaptive,0.1588,0.073,1,0.073,0,0,0,0
rsedsxb810lc1.webp,9,3,8,8,1.0,adaptive,0.1675,0.082,1,0.082,0,0,0,0
rsedsxb810lc1.webp,9,4,2,2,1.0,adaptive,0.178,0.0659,1,0.0659,0,0,0,0
rsedsxb810lc1.webp,9,8,7,7,1.0,adaptive,0.1357,0.05,1,0.05,0,0,0,0
s3zgo6fxbqac1.webp,1,6,9,9,1.0,adaptive,0.1976,0.0873,1,0.0873,0,0,0,0
s3zgo6fxbqac1.webp,1,8,7,7,1.0,adaptive,0.1608,0.0613,1,0.0613,0,0,0,0
s3zgo6fxbqac1.webp,1,9,5,5,1.0,adaptive,0.2123,0.0851,1,0.0851,0,0,0,0
s3zgo6fxbqac1.webp,2,6,6,6,0.9999,adaptive,0.163,0.0893,1,0.0893,0,0,0,0
s3zgo6fxbqac1.webp,2,8,2,2,1.0,adaptive,0.1697,0.0836,1,0.0836,0,0,0,0
s3zgo6fxbqac1.webp,3,1,8,8,1.0,adaptive,0.2054,0.0933,1,0.0933,0,0,0,0
s3zgo6fxbqac1.webp,3,5,4,4,1.0,adaptive,0.1463,0.076,1,0.076,0,0,0,0
s3zgo6fxbqac1.webp,3,8,1,1,0.9999,adaptive,0.13,0.0581,1,0.0581,0,0,0,0
s3zgo6fxbqac1.webp,4,1,3,3,1.0,adaptive,0.2047,0.0804,1,0.0804,0,0,0,0
s3zgo6fxbqac1.webp,4,2,5,5,1.0,adaptive,0.1696,0.0844,1,0.0844,0,0,0,0
s3zgo6fxbqac1.webp,4,4,6,6,0.9999,adaptive,0.1867,0.088,1,0.088,0,0,0,0
s3zgo6fxbqac1.webp,4,6,8,8,1.0,adaptive,0.1905,0.0916,1,0.0916,0,0,0,0
s3zgo6fxbqac1.webp,4,7,2,2,1.0,adaptive,0.1918,0.0802,1,0.0802,0,0,0,0
s3zgo6fxbqac1.webp,4,8,4,4,1.0,adaptive,0.1624,0.0762,1,0.0762,0,0,0,0
s3zgo6fxbqac1.webp,4,9,7,7,1.0,adaptive,0.1742,0.0633,1,0.0633,0,0,0,0
s3zgo6fxbqac1.webp,5,1,2,2,1.0,adaptive,0.1938,0.0807,1,0.0807,0,0,0,0
s3zgo6fxbqac1.webp,5,2,8,8,1.0,adaptive,0.1802,0.0948,1,0.0948,0,0,0,0
s3zgo6fxbqac1.webp,5,8,6,6,1.0,adaptive,0.1639,0.0916,1,0.0916,0,0,0,0
s3zgo6fxbqac1.webp,5,9,3,3,1.0,adaptive,0.1918,0.0803,1,0.0803,0,0,0,0
s3zgo6fxbqac1.webp,6,5,2,2,1.0,adaptive,0.1569,0.0837,1,0.0837,0,0,0,0
s3zgo6fxbqac1.webp,6,6,3,3,1.0,adaptive,0.1664,0.08,1,0.08,0,0,0,0
s3zgo6fxbqac1.webp,6,8,8,8,1.0,adaptive,0.1667,0.0941,1,0.0941,0,0,0,0
s3zgo6fxbqac1.webp,6,9,1,1,0.9999,adaptive,0.1566,0.0579,1,0.0579,0,0,0,0
s3zgo6fxbqac1.webp,7,1,4,4,1.0,adaptive,0.188,0.0764,1,0.0764,0,0,0,0
s3zgo6fxbqac1.webp,7,2,3,3,1.0,adaptive,0.166,0.0798,1,0.0798,0,0,0,0
s3zgo6fxbqac1.webp,7,3,6,6,0.9999,adaptive,0.1858,0.0878,1,0.0878,0,0,0,0
s3zgo6fxbqac1.webp,7,7,7,7,1.0,adaptive,0.1711,0.0599,1,0.0599,0,0,0,0
s3zgo6fxbqac1.webp,7,8,5,5,1.0,adaptive,0.1825,0.0848,1,0.0848,0,0,0,0
s3zgo6fxbqac1.webp,7,9,8,8,1.0,adaptive,0.215,0.0916,1,0.0916,0,0,0,0
s3zgo6fxbqac1.webp,8,1,5,5,1.0,adaptive,0.1963,0.0832,1,0.0832,0,0,0,0
s3zgo6fxbqac1.webp,8,2,9,9,1.0,adaptive,0.1628,0.0909,1,0.0909,0,0,0,0
s3zgo6fxbqac1.webp,8,3,8,8,1.0,adaptive,0.1913,0.0923,1,0.0923,0,0,0,0
s3zgo6fxbqac1.webp,8,4,7,7,1.0,adaptive,0.1348,0.0622,1,0.0622,0,0,0,0
s3zgo6fxbqac1.webp,8,5,6,6,1.0,adaptive,0.188,0.09,1,0.09,0,0,0,0
s3zgo6fxbqac1.webp,8,6,4,4,1.0,adaptive,0.1608,0.0746,1,0.0746,0,0,0,0
s3zgo6fxbqac1.webp,8,7,1,1,0.9999,adaptive,0.1576,0.0586,1,0.0586,0,0,0,0
s3zgo6fxbqac1.webp,8,8,3,3,1.0,adaptive,0.1674,0.0817,1,0.0817,0,0,0,0
s3zgo6fxbqac1.webp,8,9,2,2,1.0,adaptive,0.1915,0.0803,1,0.0803,0,0,0,0
s3zgo6fxbqac1.webp,9,1,7,7,1.0,adaptive,0.2027,0.0626,1,0.0626,0,0,0,0
s3zgo6fxbqac1.webp,9,2,1,1,0.9999,adaptive,0.1735,0.0599,1,0.0599,0,0,0,0
s3zgo6fxbqac1.webp,9,3,2,2,1.0,adaptive,0.2047,0.0789,1,0.0789,0,0,0,0
s3zgo6fxbqac1.webp,9,4,3,3,1.0,adaptive,0.1934,0.0791,1,0.0791,0,0,0,0
s3zgo6fxbqac1.webp,9,5,8,8,1.0,adaptive,0.1952,0.0943,1,0.0943,0,0,0,0
s3zgo6fxbqac1.webp,9,6,5,5,1.0,adaptive,0.1965,0.0824,1,0.0824,0,0,0,0
s3zgo6fxbqac1.webp,9,8,9,9,1.0,adaptive,0.2017,0.0882,1,0.0882,0,0,0,0
scs8kr533hvc1.webp,1,1,0,0,0.992,adaptive,0.1136,0.0,0,0.0,0,0,0,0
scs8kr533hvc1.webp,1,2,0,0,0.992,adaptive,0.1009,0.0,0,0.0,0,0,0,0
scs8kr533hvc1.webp,1,3,0,0,0.992,adaptive,0.1129,0.0,0,0.0,0,0,0,0
scs8kr533hvc1.webp,1,4,2,2,0.9997,adaptive,0.2419,0.1437,1,0.1437,0,0,0,0
scs8kr533hvc1.webp,1,5,0,0,0.992,adaptive,0.0834,0.0,0,0.0,0,0,0,0
scs8kr533hvc1.webp,1,6,4,4,0.9996,adaptive,0.2201,0.1221,1,0.1221,0,0,0,0
scs8kr533hvc1.webp,1,7,5,5,1.0,adaptive,0.2796,0.1671,1,0.1671,0,0,0,0
scs8kr533hvc1.webp,1,8,0,0,0.992,adaptive,0.1006,0.0,0,0.0,0,0,0,0
scs8kr533hvc1.webp,1,9,7,7,1.0,adaptive,0.2312,0.1176,1,0.1176,0,0,0,0
scs8kr533hvc1.webp,2,1,2,2,1.0,adaptive,0.2725,0.1608,1,0.1608,0,0,0,0
scs8kr533hvc1.webp,2,2,0,0,0.992,adaptive,0.0992,0.0,0,0.0,0,0,0,0
scs8kr533hvc1.webp,2,3,0,0,0.992,adaptive,0.1122,0.0,0,0.0,0,0,0,0
scs8kr533hvc1.webp,2,4,0,0,0.992,adaptive,0.0889,0.0,0,0.0,0,0,0,0
scs8kr533hvc1.webp,2,5,5,5,1.0,adaptive,0.2307,0.1584,1,0.1584,0,0,0,0
scs8kr533hvc1.webp,2,6,0,0,0.992,adaptive,0.0864,0.0,0,0.0,0,0,0,0
scs8kr533hvc1.webp,2,7,0,0,0.992,adaptive,0.1122,0.0,0,0.0,0,0,0,0
scs8kr533hvc1.webp,2,8,0,0,0.992,adaptive,0.0992,0.0,0,0.0,0,0,0,0
scs8kr533hvc1.webp,2,9,0,0,0.992,adaptive,0.1117,0.0,0,0.0,0,0,0,0
scs8kr533hvc1.webp,3,1,5,5,1.0,adaptive,0.2805,0.1677,1,0.1677,0,0,0,0
scs8kr533hvc1.webp,3,2,0,0,0.992,adaptive,0.1,0.0,0,0.0,0,0,0,0
scs8kr533hvc1.webp,3,3,6,6,1.0,adaptive,0.2929,0.1804,1,0.1804,0,0,0,0
scs8kr533hvc1.webp,3,4,8,8,0.9999,adaptive,0.2718,0.1729,1,0.1729,0,0,0,0
scs8kr533hvc1.webp,3,5,7,7,0.9999,adaptive,0.2006,0.1147,1,0.1147,0,0,0,0
scs8kr533hvc1.webp,3,6,3,3,1.0,adaptive,0.2375,0.1383,1,0.1383,0,0,0,0
scs8kr533hvc1.webp,3,7,9,9,1.0,adaptive,0.2907,0.1784,1,0.1784,0,0,0,0
scs8kr533hvc1.webp,3,8,0,0,0.992,adaptive,0.1,0.0,0,0.0,0,0,0,0
scs8kr533hvc1.webp,3,9,2,2,1.0,adaptive,0.2713,0.1582,1,0.1582,0,0,0,0
scs8kr533hvc1.webp,4,1,0,0,0.992,adaptive,0.1109,0.0,0,0.0,0,0,0,0
scs8kr533hvc1.webp,4,2,6,6,1.0,adaptive,0.2592,0.1615,1,0.1615,0,0,0,0
scs8kr533hvc1.webp,4,3,0,0,0.992,adaptive,0.1005,0.0,0,0.0,0,0,0,0
scs8kr533hvc1.webp,4,4,0,0,0.992,adaptive,0.0994,0.0,0,0.0,0,0,0,0
scs8kr533hvc1.webp,4,5,0,0,0.992,adaptive,0.0871,0.0,0,0.0,0,0,0,0
scs8kr533hvc1.webp,4,6,0,0,0.992,adaptive,0.0994,0.0,0,0.0,0,0,0,0
scs8kr533hvc1.webp,4,7,4,4,0.9993,adaptive,0.219,0.1183,1,0.1183,0,0,0,0
scs8kr533hvc1.webp,4,8,0,0,0.992,adaptive,0.0977,0.0,0,0.0,0,0,0,0
scs8kr533hvc1.webp,4,9,0,0,0.992,adaptive,0.1112,0.0,0,0.0,0,0,0,0
scs8kr533hvc1.webp,5,1,4,4,0.9997,adaptive,0.244,0.1343,1,0.1343,0,0,0,0
scs8kr533hvc1.webp,5,2,0,0,0.992,adaptive,0.0971,0.0,0,0.0,0,0,0,0
scs8kr533hvc1.webp,5,3,0,0,0.992,adaptive,0.0981,0.0,0,0.0,0,0,0,0
scs8kr533hvc1.webp,5,4,5,5,1.0,adaptive,0.2691,0.1701,1,0.1701,0,0,0,0
scs8kr533hvc1.webp,5,5,0,0,0.992,adaptive,0.0865,0.0,0,0.0,0,0,0,0
scs8kr533hvc1.webp,5,6,7,7,0.9999,adaptive,0.2175,0.1185,1,0.1185,0,0,0,0
scs8kr533hvc1.webp,5,7,0,0,0.992,adaptive,0.0975,0.0,0,0.0,0,0,0,0
scs8kr533hvc1.webp,5,8,0,0,0.992,adaptive,0.0971,0.0,0,0.0,0,0,0,0
scs8kr533hvc1.webp,5,9,0,0,0.992,adaptive,0.1099,0.0,0,0.0,0,0,0,0
scs8kr533hvc1.webp,6,1,0,0,0.992,adaptive,0.1118,0.0,0,0.0,0,0,0,0
scs8kr533hvc1.webp,6,2,0,0,0.992,adaptive,0.1002,0.0,0,0.0,0,0,0,0
scs8kr533hvc1.webp,6,3,3,3,1.0,adaptive,0.2435,0.143,1,0.143,0,0,0,0
scs8kr533hvc1.webp,6,4,4,4,1.0,adaptive,0.2635,0.1508,1,0.1508,0,0,0,0
scs8kr533hvc1.webp,6,5,0,0,0.992,adaptive,0.1,0.0,0,0.0,0,0,0,0
scs8kr533hvc1.webp,6,6,0,0,0.992,adaptive,0.1127,0.0,0,0.0,0,0,0,0
scs8kr533hvc1.webp,6,7,0,0,0.992,adaptive,0.1,0.0,0,0.0,0,0,0,0
scs8kr533hvc1.webp,6,8,8,8,0.9999,adaptive,0.2761,0.1759,1,0.1759,0,0,0,0
scs8kr533hvc1.webp,6,9,0,0,0.992,adaptive,0.1118,0.0,0,0.0,0,0,0,0
scs8kr533hvc1.webp,7,1,8,8,1.0,adaptive,0.2809,0.1818,1,0.1818,0,0,0,0
scs8kr533hvc1.webp,7,2,0,0,0.992,adaptive,0.0866,0.0,0,0.0,0,0,0,0
scs8kr533hvc1.webp,7,3,1,1,0.9981,adaptive,0.215,0.1038,1,0.1038,0,0,0,0
scs8kr533hvc1.webp,7,4,7,7,0.9999,adaptive,0.1905,0.1049,1,0.1049,0,0,0,0
scs8kr533hvc1.webp,7,5,4,4,0.9998,adaptive,0.2049,0.1325,1,0.1325,0,0,0,0
scs8kr533hvc1.webp,7,6,5,5,1.0,adaptive,0.2348,0.1493,1,0.1493,0,0,0,0
scs8kr533hvc1.webp,7,7,0,0,0.992,adaptive,0.0989,0.0,0,0.0,0,0,0,0
scs8kr533hvc1.webp,7,8,0,0,0.992,adaptive,0.0868,0.0,0,0.0,0,0,0,0
scs8kr533hvc1.webp,7,9,3,3,1.0,adaptive,0.2491,0.1499,1,0.1499,0,0,0,0
scs8kr533hvc1.webp,8,1,6,6,0.9999,adaptive,0.2687,0.1814,1,0.1814,0,0,0,0
scs8kr533hvc1.webp,8,2,0,0,0.992,adaptive,0.0737,0.0,0,0.0,0,0,0,0
scs8kr533hvc1.webp,8,3,0,0,0.992,adaptive,0.0868,0.0,0,0.0,0,0,0,0
scs8kr533hvc1.webp,8,4,3,3,1.0,adaptive,0.2194,0.1463,1,0.1463,0,0,0,0
scs8kr533hvc1.webp,8,5,2,2,1.0,adaptive,0.205,0.1453,1,0.1453,0,0,0,0
scs8kr533hvc1.webp,8,6,0,0,0.992,adaptive,0.0873,0.0,0,0.0,0,0,0,0
scs8kr533hvc1.webp,8,7,0,0,0.992,adaptive,0.0866,0.0,0,0.0,0,0,0,0
scs8kr533hvc1.webp,8,8,0,0,0.992,adaptive,0.0735,0.0,0,0.0,0,0,0,0
scs8kr533hvc1.webp,8,9,4,4,1.0,adaptive,0.2361,0.1488,1,0.1488,0,0,0,0
scs8kr533hvc1.webp,9,1,3,3,1.0,adaptive,0.2765,0.1501,1,0.1501,0,0,0,0
scs8kr533hvc1.webp,9,2,0,0,0.992,adaptive,0.1137,0.0,0,0.0,0,0,0,0
scs8kr533hvc1.webp,9,3,4,4,0.9999,adaptive,0.2707,0.1437,1,0.1437,0,0,0,0
scs8kr533hvc1.webp,9,4,6,6,0.9999,adaptive,0.2537,0.1544,1,0.1544,0,0,0,0
scs8kr533hvc1.webp,9,5,0,0,0.992,adaptive,0.0859,0.0,0,0.0,0,0,0,0
scs8kr533hvc1.webp,9,6,1,1,0.9956,adaptive,0.2225,0.1072,1,0.1072,0,0,0,0
scs8kr533hvc1.webp,9,7,0,0,0.992,adaptive,0.1256,0.0,0,0.0,0,0,0,0
scs8kr533hvc1.webp,9,8,0,0,0.992,adaptive,0.1137,0.0,0,0.0,0,0,0,0
scs8kr533hvc1.webp,9,9,0,0,0.992,adaptive,0.1261,0.0,0,0.0,0,0,0,0
stg9z3p8idzc1.webp,1,1,0,0,0.992,adaptive,0.0659,0.0,0,0.0,0,0,0,0
stg9z3p8idzc1.webp,1,2,3,3,1.0,adaptive,0.1373,0.0812,1,0.0812,0,0,0,0
stg9z3p8idzc1.webp,1,3,1,1,0.9925,adaptive,0.1051,0.0481,1,0.0481,0,0,0,0
stg9z3p8idzc1.webp,1,4,5,5,1.0,adaptive,0.141,0.0842,1,0.0842,0,0,0,0
stg9z3p8idzc1.webp,1,5,8,8,1.0,adaptive,0.1434,0.0993,1,0.0993,0,0,0,0
stg9z3p8idzc1.webp,1,6,2,2,1.0,adaptive,0.1363,0.0786,1,0.0786,0,0,0,0
stg9z3p8idzc1.webp,1,7,4,4,1.0,adaptive,0.1479,0.0771,1,0.0771,0,0,0,0
stg9z3p8idzc1.webp,2,1,4,4,1.0,adaptive,0.1357,0.0814,1,0.0814,0,0,0,0
stg9z3p8idzc1.webp,2,2,5,5,1.0,adaptive,0.1226,0.0911,1,0.0911,0,0,0,0
stg9z3p8idzc1.webp,2,4,3,3,1.0,adaptive,0.1257,0.0812,1,0.0812,0,0,0,0
stg9z3p8idzc1.webp,2,5,6,6,0.9989,adaptive,0.1208,0.0907,1,0.0907,0,0,0,0
stg9z3p8idzc1.webp,2,6,0,0,0.992,adaptive,0.0441,0.0,0,0.0,0,0,0,0
stg9z3p8idzc1.webp,2,7,0,0,0.992,adaptive,0.0579,0.0,0,0.0,0,0,0,0
stg9z3p8idzc1.webp,2,8,1,1,0.9924,adaptive,0.0932,0.0491,1,0.0491,0,0,0,0
stg9z3p8idzc1.webp,2,9,2,2,1.0,adaptive,0.1375,0.0807,1,0.0807,0,0,0,0
stg9z3p8idzc1.webp,3,1,2,2,1.0,adaptive,0.1452,0.0764,1,0.0764,0,0,0,0
stg9z3p8idzc1.webp,3,2,6,6,0.9945,adaptive,0.1341,0.0884,1,0.0884,0,0,0,0
stg9z3p8idzc1.webp,3,4,0,0,0.992,adaptive,0.0579,0.0,0,0.0,0,0,0,0
stg9z3p8idzc1.webp,3,5,1,1,0.984,adaptive,0.0941,0.05,1,0.05,0,0,0,0
stg9z3p8idzc1.webp,3,6,4,4,1.0,adaptive,0.1374,0.0786,1,0.0786,0,0,0,0
stg9z3p8idzc1.webp,3,7,5,5,1.0,adaptive,0.1575,0.086,1,0.086,0,0,0,0
stg9z3p8idzc1.webp,3,8,3,3,1.0,adaptive,0.1393,0.0819,1,0.0819,0,0,0,0
stg9z3p8idzc1.webp,3,9,0,0,0.992,adaptive,0.0699,0.0,0,0.0,0,0,0,0
stg9z3p8idzc1.webp,4,1,3,3,1.0,adaptive,0.1519,0.0813,1,0.0813,0,0,0,0
stg9z3p8idzc1.webp,4,2,0,0,0.992,adaptive,0.0581,0.0,0,0.0,0,0,0,0
stg9z3p8idzc1.webp,4,3,2,2,1.0,adaptive,0.1499,0.0782,1,0.0782,0,0,0,0
stg9z3p8idzc1.webp,4,4,1,1,0.991,adaptive,0.1194,0.0486,1,0.0486,0,0,0,0
stg9z3p8idzc1.webp,4,5,0,0,0.992,adaptive,0.0579,0.0,0,0.0,0,0,0,0
stg9z3p8idzc1.webp,4,6,5,5,1.0,adaptive,0.1542,0.0824,1,0.0824,0,0,0,0
stg9z3p8idzc1.webp,4,7,6,6,0.9958,adaptive,0.1713,0.0878,1,0.0878,0,0,0,0
stg9z3p8idzc1.webp,4,8,8,8,1.0,adaptive,0.1667,0.0975,1,0.0975,0,0,0,0
stg9z3p8idzc1.webp,4,9,4,4,1.0,adaptive,0.1392,0.0804,1,0.0804,0,0,0,0
stg9z3p8idzc1.webp,5,2,8,8,1.0,adaptive,0.1439,0.0999,1,0.0999,0,0,0,0
stg9z3p8idzc1.webp,5,3,6,6,0.9611,adaptive,0.1463,0.0886,1,0.0886,0,0,0,0
stg9z3p8idzc1.webp,5,4,2,2,1.0,adaptive,0.1346,0.0773,1,0.0773,0,0,0,0
stg9z3p8idzc1.webp,5,5,4,4,1.0,adaptive,0.1253,0.0813,1,0.0813,0,0,0,0
stg9z3p8idzc1.webp,5,6,3,3,1.0,adaptive,0.1391,0.0814,1,0.0814,0,0,0,0
stg9z3p8idzc1.webp,5,7,7,7,1.0,adaptive,0.1266,0.057,1,0.057,0,0,0,0
stg9z3p8idzc1.webp,5,8,0,0,0.992,adaptive,0.0562,0.0,0,0.0,0,0,0,0
stg9z3p8idzc1.webp,5,9,1,1,0.996,adaptive,0.0997,0.0477,1,0.0477,0,0,0,0
stg9z3p8idzc1.webp,6,2,1,1,0.992,adaptive,0.1013,0.0432,1,0.0432,0,0,0,0
stg9z3p8idzc1.webp,6,3,4,4,1.0,adaptive,0.1526,0.0806,1,0.0806,0,0,0,0
stg9z3p8idzc1.webp,6,4,6,6,0.9948,adaptive,0.1642,0.0887,1,0.0887,0,0,0,0
stg9z3p8idzc1.webp,6,5,0,0,0.992,adaptive,0.0583,0.0,0,0.0,0,0,0,0
stg9z3p8idzc1.webp,6,6,8,8,1.0,adaptive,0.1715,0.0998,1,0.0998,0,0,0,0
stg9z3p8idzc1.webp,6,7,3,3,1.0,adaptive,0.1631,0.0798,1,0.0798,0,0,0,0
stg9z3p8idzc1.webp,6,8,2,2,1.0,adaptive,0.1474,0.0776,1,0.0776,0,0,0,0
stg9z3p8idzc1.webp,6,9,0,0,0.992,adaptive,0.0662,0.0,0,0.0,0,0,0,0
stg9z3p8idzc1.webp,7,1,8,8,1.0,adaptive,0.1539,0.0965,1,0.0965,0,0,0,0
stg9z3p8idzc1.webp,7,2,4,4,1.0,adaptive,0.1262,0.0821,1,0.0821,0,0,0,0
stg9z3p8idzc1.webp,7,3,0,0,0.992,adaptive,0.0588,0.0,0,0.0,0,0,0,0
stg9z3p8idzc1.webp,7,4,0,0,0.992,adaptive,0.0713,0.0,0,0.0,0,0,0,0
stg9z3p8idzc1.webp,7,5,3,3,1.0,adaptive,0.1352,0.0816,1,0.0816,0,0,0,0
stg9z3p8idzc1.webp,7,6,1,1,0.9856,adaptive,0.1096,0.0483,1,0.0483,0,0,0,0
stg9z3p8idzc1.webp,7,7,2,2,1.0,adaptive,0.1508,0.0795,1,0.0795,0,0,0,0
stg9z3p8idzc1.webp,8,1,1,1,0.9866,adaptive,0.0932,0.0493,1,0.0493,0,0,0,0
stg9z3p8idzc1.webp,8,2,2,2,1.0,adaptive,0.1125,0.0824,1,0.0824,0,0,0,0
stg9z3p8idzc1.webp,8,3,3,3,1.0,adaptive,0.1269,0.0828,1,0.0828,0,0,0,0
stg9z3p8idzc1.webp,8,4,4,4,1.0,adaptive,0.1379,0.0798,1,0.0798,0,0,0,0
stg9z3p8idzc1.webp,8,5,5,5,1.0,adaptive,0.1302,0.0868,1,0.0868,0,0,0,0
stg9z3p8idzc1.webp,8,6,6,6,0.9986,adaptive,0.1465,0.09,1,0.09,0,0,0,0
stg9z3p8idzc1.webp,9,1,6,6,0.9969,adaptive,0.1606,0.0896,1,0.0896,0,0,0,0
stg9z3p8idzc1.webp,9,2,0,0,0.992,adaptive,0.0572,0.0,0,0.0,0,0,0,0
stg9z3p8idzc1.webp,9,3,5,5,1.0,adaptive,0.1528,0.0826,1,0.0826,0,0,0,0
stg9z3p8idzc1.webp,9,4,8,8,1.0,adaptive,0.1807,0.0982,1,0.0982,0,0,0,0
stg9z3p8idzc1.webp,9,5,2,2,1.0,adaptive,0.1497,0.0805,1,0.0805,0,0,0,0
stg9z3p8idzc1.webp,9,6,0,0,0.992,adaptive,0.0815,0.0,0,0.0,0,0,0,0
stg9z3p8idzc1.webp,9,7,1,1,0.9919,adaptive,0.1167,0.0479,1,0.0479,0,0,0,0
stg9z3p8idzc1.webp,9,8,4,4,1.0,adaptive,0.1511,0.0821,1,0.0821,0,0,0,0
stg9z3p8idzc1.webp,9,9,3,3,1.0,adaptive,0.1635,0.0826,1,0.0826,0,0,0,0
tdksw4dnghzc1.webp,1,1,5,5,1.0,adaptive,0.153,0.0668,1,0.0668,0,0,0,0
tdksw4dnghzc1.webp,1,2,4,4,1.0,adaptive,0.1171,0.0592,1,0.0592,0,0,0,0
tdksw4dnghzc1.webp,1,3,7,7,1.0,adaptive,0.1158,0.0446,1,0.0446,0,0,0,0
tdksw4dnghzc1.webp,1,4,3,3,1.0,adaptive,0.1337,0.0615,1,0.0615,0,0,0,0
tdksw4dnghzc1.webp,1,5,2,2,1.0,adaptive,0.1027,0.0579,1,0.0579,0,0,0,0
tdksw4dnghzc1.webp,1,6,1,1,0.9982,adaptive,0.1078,0.0359,1,0.0359,0,0,0,0
tdksw4dnghzc1.webp,1,7,6,6,0.9995,adaptive,0.149,0.0699,1,0.0699,0,0,0,0
tdksw4dnghzc1.webp,1,8,8,8,1.0,adaptive,0.1325,0.0746,1,0.0746,0,0,0,0
tdksw4dnghzc1.webp,1,9,9,9,1.0,adaptive,0.1584,0.0724,1,0.0724,0,0,0,0
tdksw4dnghzc1.webp,2,1,2,2,1.0,adaptive,0.1151,0.0572,1,0.0572,0,0,0,0
tdksw4dnghzc1.webp,2,2,8,8,1.0,adaptive,0.1035,0.0744,1,0.0744,0,0,0,0
tdksw4dnghzc1.webp,2,3,1,1,0.9968,adaptive,0.0821,0.0369,1,0.0369,0,0,0,0
tdksw4dnghzc1.webp,2,4,9,9,0.9999,adaptive,0.1165,0.073,1,0.073,0,0,0,0
tdksw4dnghzc1.webp,2,5,7,7,1.0,adaptive,0.0459,0.0457,1,0.0457,0,0,0,0
tdksw4dnghzc1.webp,2,6,6,6,0.9993,adaptive,0.128,0.0708,1,0.0708,0,0,0,0
tdksw4dnghzc1.webp,2,7,3,3,1.0,adaptive,0.1113,0.0617,1,0.0617,0,0,0,0
tdksw4dnghzc1.webp,2,8,5,5,1.0,adaptive,0.0976,0.0689,1,0.0689,0,0,0,0
tdksw4dnghzc1.webp,2,9,4,4,0.9999,adaptive,0.1128,0.055,1,0.055,0,0,0,0
tdksw4dnghzc1.webp,3,1,9,9,0.9999,adaptive,0.1426,0.0713,1,0.0713,0,0,0,0
tdksw4dnghzc1.webp,3,2,6,6,0.9995,adaptive,0.1147,0.0721,1,0.0721,0,0,0,0
tdksw4dnghzc1.webp,3,3,3,3,1.0,adaptive,0.1305,0.0613,1,0.0613,0,0,0,0
tdksw4dnghzc1.webp,3,4,8,8,1.0,adaptive,0.1305,0.074,1,0.074,0,0,0,0
tdksw4dnghzc1.webp,3,5,4,4,1.0,adaptive,0.0712,0.0559,1,0.0559,0,0,0,0
tdksw4dnghzc1.webp,3,6,5,5,1.0,adaptive,0.1245,0.0677,1,0.0677,0,0,0,0
tdksw4dnghzc1.webp,3,7,2,2,1.0,adaptive,0.1254,0.0561,1,0.0561,0,0,0,0
tdksw4dnghzc1.webp,3,8,1,1,0.9985,adaptive,0.0868,0.0314,1,0.0314,0,0,0,0
tdksw4dnghzc1.webp,3,9,7,7,1.0,adaptive,0.1154,0.0441,1,0.0441,0,0,0,0
tdksw4dnghzc1.webp,4,1,0,0,0.992,adaptive,0.0722,0.0,0,0.0,0,0,0,0
tdksw4dnghzc1.webp,4,2,0,0,0.992,adaptive,0.0443,0.0,0,0.0,0,0,0,0
tdksw4dnghzc1.webp,4,3,0,0,0.992,adaptive,0.0682,0.0,0,0.0,0,0,0,0
tdksw4dnghzc1.webp,4,4,7,7,1.0,adaptive,0.1002,0.0428,1,0.0428,0,0,0,0
tdksw4dnghzc1.webp,4,5,5,5,1.0,adaptive,0.0966,0.0667,1,0.0667,0,0,0,0
tdksw4dnghzc1.webp,4,6,8,8,1.0,adaptive,0.1301,0.0726,1,0.0726,0,0,0,0
tdksw4dnghzc1.webp,4,7,9,9,0.9999,adaptive,0.1301,0.0717,1,0.0717,0,0,0,0
tdksw4dnghzc1.webp,4,8,2,2,1.0,adaptive,0.1009,0.0579,1,0.0579,0,0,0,0
tdksw4dnghzc1.webp,4,9,0,0,0.992,adaptive,0.0722,0.0,0,0.0,0,0,0,0
tdksw4dnghzc1.webp,5,1,0,0,0.992,adaptive,0.0448,0.0,0,0.0,0,0,0,0
tdksw4dnghzc1.webp,5,2,7,7,1.0,adaptive,0.0599,0.045,1,0.045,0,0,0,0
tdksw4dnghzc1.webp,5,3,0,0,0.992,adaptive,0.0301,0.0,0,0.0,0,0,0,0
tdksw4dnghzc1.webp,5,4,0,0,0.992,adaptive,0.0299,0.0,0,0.0,0,0,0,0
tdksw4dnghzc1.webp,5,5,3,3,1.0,adaptive,0.0634,0.0634,1,0.0634,0,0,0,0
tdksw4dnghzc1.webp,5,6,2,2,1.0,adaptive,0.0866,0.0568,1,0.0568,0,0,0,0
tdksw4dnghzc1.webp,5,7,0,0,0.992,adaptive,0.0299,0.0,0,0.0,0,0,0,0
tdksw4dnghzc1.webp,5,8,0,0,0.992,adaptive,0.0147,0.0,0,0.0,0,0,0,0
tdksw4dnghzc1.webp,5,9,0,0,0.992,adaptive,0.0448,0.0,0,0.0,0,0,0,0
tdksw4dnghzc1.webp,6,1,8,8,1.0,adaptive,0.1444,0.0722,1,0.0722,0,0,0,0
tdksw4dnghzc1.webp,6,2,0,0,0.992,adaptive,0.0299,0.0,0,0.0,0,0,0,0
tdksw4dnghzc1.webp,6,3,0,0,0.992,adaptive,0.0437,0.0,0,0.0,0,0,0,0
tdksw4dnghzc1.webp,6,4,0,0,0.992,adaptive,0.0577,0.0,0,0.0,0,0,0,0
tdksw4dnghzc1.webp,6,5,1,1,0.9984,adaptive,0.0647,0.0348,1,0.0348,0,0,0,0
tdksw4dnghzc1.webp,6,6,9,9,0.9999,adaptive,0.1292,0.0715,1,0.0715,0,0,0,0
tdksw4dnghzc1.webp,6,7,0,0,0.992,adaptive,0.0437,0.0,0,0.0,0,0,0,0
tdksw4dnghzc1.webp,6,8,0,0,0.992,adaptive,0.0301,0.0,0,0.0,0,0,0,0
tdksw4dnghzc1.webp,6,9,3,3,1.0,adaptive,0.1348,0.0626,1,0.0626,0,0,0,0
tdksw4dnghzc1.webp,7,1,4,4,1.0,adaptive,0.1441,0.0601,1,0.0601,0,0,0,0
tdksw4dnghzc1.webp,7,2,9,9,0.9999,adaptive,0.1316,0.0751,1,0.0751,0,0,0,0
tdksw4dnghzc1.webp,7,3,0,0,0.992,adaptive,0.0786,0.0,0,0.0,0,0,0,0
tdksw4dnghzc1.webp,7,4,0,0,0.992,adaptive,0.0695,0.0,0,0.0,0,0,0,0
tdksw4dnghzc1.webp,7,5,0,0,0.992,adaptive,0.0156,0.0,0,0.0,0,0,0,0
tdksw4dnghzc1.webp,7,6,0,0,0.992,adaptive,0.0688,0.0,0,0.0,0,0,0,0
tdksw4dnghzc1.webp,7,7,1,1,0.9965,adaptive,0.0924,0.0356,1,0.0356,0,0,0,0
tdksw4dnghzc1.webp,7,8,0,0,0.992,adaptive,0.0561,0.0,0,0.0,0,0,0,0
tdksw4dnghzc1.webp,7,9,2,2,1.0,adaptive,0.1412,0.057,1,0.057,0,0,0,0
tdksw4dnghzc1.webp,8,1,7,7,1.0,adaptive,0.1108,0.0418,1,0.0418,0,0,0,0
tdksw4dnghzc1.webp,8,2,0,0,0.992,adaptive,0.0411,0.0,0,0.0,0,0,0,0
tdksw4dnghzc1.webp,8,3,0,0,0.992,adaptive,0.0427,0.0,0,0.0,0,0,0,0
tdksw4dnghzc1.webp,8,4,0,0,0.992,adaptive,0.0432,0.0,0,0.0,0,0,0,0
tdksw4dnghzc1.webp,8,5,0,0,0.992,adaptive,0.0002,0.0,0,0.0,0,0,0,0
tdksw4dnghzc1.webp,8,6,4,4,1.0,adaptive,0.0984,0.0552,1,0.0552,0,0,0,0
tdksw4dnghzc1.webp,8,7,8,8,1.0,adaptive,0.1312,0.0767,1,0.0767,0,0,0,0
tdksw4dnghzc1.webp,8,8,3,3,1.0,adaptive,0.0937,0.0647,1,0.0647,0,0,0,0
tdksw4dnghzc1.webp,8,9,0,0,0.992,adaptive,0.0581,0.0,0,0.0,0,0,0,0
tdksw4dnghzc1.webp,9,1,0,0,0.992,adaptive,0.0867,0.0,0,0.0,0,0,0,0
tdksw4dnghzc1.webp,9,2,2,2,1.0,adaptive,0.1169,0.059,1,0.059,0,0,0,0
tdksw4dnghzc1.webp,9,3,0,0,0.992,adaptive,0.0715,0.0,0,0.0,0,0,0,0
tdksw4dnghzc1.webp,9,4,5,5,1.0,adaptive,0.1368,0.0642,1,0.0642,0,0,0,0
tdksw4dnghzc1.webp,9,5,0,0,0.992,adaptive,0.0448,0.0,0,0.0,0,0,0,0
tdksw4dnghzc1.webp,9,6,0,0,0.992,adaptive,0.0726,0.0,0,0.0,0,0,0,0
tdksw4dnghzc1.webp,9,7,0,0,0.992,adaptive,0.0835,0.0,0,0.0,0,0,0,0
tdksw4dnghzc1.webp,9,8,0,0,0.992,adaptive,0.0579,0.0,0,0.0,0,0,0,0
tdksw4dnghzc1.webp,9,9,0,0,0.992,adaptive,0.0867,0.0,0,0.0,0,0,0,0
tgxgb0rxkmdc1.webp,1,4,2,2,1.0,adaptive,0.2283,0.0777,2,0.0777,0,1,0,0
tgxgb0rxkmdc1.webp,2,3,8,8,1.0,adaptive,0.1787,0.0905,1,0.0905,0,0,0,0
tgxgb0rxkmdc1.webp,2,4,5,5,1.0,adaptive,0.1689,0.0823,1,0.0823,0,0,0,0
tgxgb0rxkmdc1.webp,2,5,9,9,1.0,adaptive,0.1885,0.0877,2,0.0877,0,1,0,0
tgxgb0rxkmdc1.webp,2,7,3,3,1.0,adaptive,0.175,0.0776,4,0.0776,3,0,0,0
tgxgb0rxkmdc1.webp,2,9,7,7,1.0,adaptive,0.1725,0.0602,2,0.0602,0,1,0,0
tgxgb0rxkmdc1.webp,3,7,6,6,0.9999,adaptive,0.194,0.084,1,0.084,0,0,0,0
tgxgb0rxkmdc1.webp,3,8,9,9,0.9999,adaptive,0.1845,0.0859,1,0.0859,0,0,0,0
tgxgb0rxkmdc1.webp,4,6,8,8,1.0,adaptive,0.1971,0.0891,1,0.0891,0,0,0,0
tgxgb0rxkmdc1.webp,5,1,6,6,0.9999,adaptive,0.2094,0.085,1,0.085,0,0,0,0
tgxgb0rxkmdc1.webp,5,2,1,1,0.9999,adaptive,0.1442,0.0579,1,0.0579,0,0,0,0
tgxgb0rxkmdc1.webp,5,3,9,9,0.9999,adaptive,0.1868,0.0871,1,0.0871,0,0,0,0
tgxgb0rxkmdc1.webp,5,8,8,8,1.0,adaptive,0.1772,0.0925,1,0.0925,0,0,0,0
tgxgb0rxkmdc1.webp,5,9,3,3,1.0,adaptive,0.1897,0.0773,1,0.0773,0,0,0,0
tgxgb0rxkmdc1.webp,6,1,8,8,1.0,adaptive,0.2266,0.0902,1,0.0902,0,0,0,0
tgxgb0rxkmdc1.webp,6,3,4,4,1.0,adaptive,0.1936,0.0702,1,0.0702,0,0,0,0
tgxgb0rxkmdc1.webp,6,5,6,6,0.9999,adaptive,0.2101,0.0868,1,0.0868,0,0,0,0
tgxgb0rxkmdc1.webp,7,1,3,3,1.0,adaptive,0.2116,0.0757,1,0.0757,0,0,0,0
tgxgb0rxkmdc1.webp,7,3,6,6,0.9999,adaptive,0.211,0.0851,1,0.0851,0,0,0,0
tgxgb0rxkmdc1.webp,7,4,8,8,1.0,adaptive,0.2139,0.0898,1,0.0898,0,0,0,0
tgxgb0rxkmdc1.webp,7,5,2,2,1.0,adaptive,0.2008,0.0785,1,0.0785,0,0,0,0
tgxgb0rxkmdc1.webp,7,7,7,7,1.0,adaptive,0.1824,0.059,1,0.059,0,0,0,0
tgxgb0rxkmdc1.webp,7,9,1,1,0.9999,adaptive,0.1914,0.0555,1,0.0555,0,0,0,0
tgxgb0rxkmdc1.webp,8,2,5,5,1.0,adaptive,0.1568,0.0829,1,0.0829,0,0,0,0
tgxgb0rxkmdc1.webp,8,3,7,7,1.0,adaptive,0.1585,0.0597,1,0.0597,0,0,0,0
tgxgb0rxkmdc1.webp,8,5,1,1,1.0,adaptive,0.1472,0.0588,1,0.0588,0,0,0,0
tgxgb0rxkmdc1.webp,8,6,4,4,1.0,adaptive,0.1719,0.0719,1,0.0719,0,0,0,0
tgxgb0rxkmdc1.webp,8,8,3,3,1.0,adaptive,0.1554,0.081,1,0.081,0,0,0,0
tgxgb0rxkmdc1.webp,9,2,8,8,1.0,adaptive,0.2024,0.0896,1,0.0896,0,0,0,0
tgxgb0rxkmdc1.webp,9,5,3,3,1.0,adaptive,0.2028,0.0789,1,0.0789,0,0,0,0
tik0az2563rc1.webp,1,1,0,0,0.992,adaptive,0.1279,0.0,0,0.0,0,0,0,0
tik0az2563rc1.webp,1,3,3,3,1.0,adaptive,0.1925,0.0793,1,0.0793,0,0,0,0
tik0az2563rc1.webp,1,4,7,7,1.0,adaptive,0.1758,0.0626,1,0.0626,0,0,0,0
tik0az2563rc1.webp,1,5,0,0,0.992,adaptive,0.1137,0.0,0,0.0,0,0,0,0
tik0az2563rc1.webp,1,6,0,0,0.992,adaptive,0.1263,0.0,0,0.0,0,0,0,0
tik0az2563rc1.webp,1,7,2,2,1.0,adaptive,0.2038,0.078,1,0.078,0,0,0,0
tik0az2563rc1.webp,1,8,1,1,1.0,adaptive,0.1601,0.059,1,0.059,0,0,0,0
tik0az2563rc1.webp,1,9,0,0,0.992,adaptive,0.1403,0.0,0,0.0,0,0,0,0
tik0az2563rc1.webp,2,1,0,0,0.992,adaptive,0.0866,0.0,0,0.0,0,0,0,0
tik0az2563rc1.webp,2,2,2,2,1.0,adaptive,0.155,0.082,1,0.082,0,0,0,0
tik0az2563rc1.webp,2,4,0,0,0.992,adaptive,0.0737,0.0,0,0.0,0,0,0,0
tik0az2563rc1.webp,2,6,1,1,1.0,adaptive,0.1454,0.059,1,0.059,0,0,0,0
tik0az2563rc1.webp,3,1,7,7,1.0,adaptive,0.1746,0.0639,1,0.0639,0,0,0,0
tik0az2563rc1.webp,3,2,1,1,0.9999,adaptive,0.1615,0.062,1,0.062,0,0,0,0
tik0az2563rc1.webp,3,3,5,5,1.0,adaptive,0.1813,0.0838,1,0.0838,0,0,0,0
tik0az2563rc1.webp,3,4,0,0,0.992,adaptive,0.1005,0.0,0,0.0,0,0,0,0
tik0az2563rc1.webp,3,6,2,2,1.0,adaptive,0.1898,0.0777,1,0.0777,0,0,0,0
tik0az2563rc1.webp,3,8,6,6,1.0,adaptive,0.175,0.0882,1,0.0882,0,0,0,0
tik0az2563rc1.webp,4,2,9,9,1.0,adaptive,0.1621,0.0891,1,0.0891,0,0,0,0
tik0az2563rc1.webp,4,4,3,3,1.0,adaptive,0.176,0.0786,1,0.0786,0,0,0,0
tik0az2563rc1.webp,4,5,2,2,1.0,adaptive,0.1682,0.0821,1,0.0821,0,0,0,0
tik0az2563rc1.webp,4,6,0,0,0.992,adaptive,0.1105,0.0,0,0.0,0,0,0,0
tik0az2563rc1.webp,4,7,1,1,1.0,adaptive,0.1579,0.0586,1,0.0586,0,0,0,0
tik0az2563rc1.webp,4,9,0,0,0.992,adaptive,0.1256,0.0,0,0.0,0,0,0,0
tik0az2563rc1.webp,5,2,0,0,0.992,adaptive,0.0859,0.0,0,0.0,0,0,0,0
tik0az2563rc1.webp,5,4,0,0,0.992,adaptive,0.0862,0.0,0,0.0,0,0,0,0
tik0az2563rc1.webp,5,5,0,0,0.992,adaptive,0.0854,0.0,0,0.0,0,0,0,0
tik0az2563rc1.webp,5,6,4,4,1.0,adaptive,0.1626,0.0764,1,0.0764,0,0,0,0
tik0az2563rc1.webp,5,8,3,3,1.0,adaptive,0.1543,0.0831,1,0.0831,0,0,0,0
tik0az2563rc1.webp,5,9,8,8,1.0,adaptive,0.1963,0.0945,1,0.0945,0,0,0,0
tik0az2563rc1.webp,6,1,3,3,1.0,adaptive,0.178,0.0798,1,0.0798,0,0,0,0
tik0az2563rc1.webp,6,2,0,0,0.992,adaptive,0.0868,0.0,0,0.0,0,0,0,0
tik0az2563rc1.webp,6,3,0,0,0.992,adaptive,0.0882,0.0,0,0.0,0,0,0,0
tik0az2563rc1.webp,6,4,0,0,0.992,adaptive,0.086,0.0,0,0.0,0,0,0,0
tik0az2563rc1.webp,6,5,0,0,0.992,adaptive,0.0866,0.0,0,0.0,0,0,0,0
tik0az2563rc1.webp,6,6,0,0,0.992,adaptive,0.0994,0.0,0,0.0,0,0,0,0
tik0az2563rc1.webp,6,8,2,2,1.0,adaptive,0.1545,0.0807,1,0.0807,0,0,0,0
tik0az2563rc1.webp,6,9,0,0,0.992,adaptive,0.1138,0.0,0,0.0,0,0,0,0
tik0az2563rc1.webp,7,1,0,0,0.992,adaptive,0.1109,0.0,0,0.0,0,0,0,0
tik0az2563rc1.webp,7,2,3,3,1.0,adaptive,0.1802,0.0807,1,0.0807,0,0,0,0
tik0az2563rc1.webp,7,3,0,0,0.992,adaptive,0.1002,0.0,0,0.0,0,0,0,0
tik0az2563rc1.webp,7,4,2,2,1.0,adaptive,0.1784,0.0798,1,0.0798,0,0,0,0
tik0az2563rc1.webp,7,5,0,0,0.992,adaptive,0.0995,0.0,0,0.0,0,0,0,0
tik0az2563rc1.webp,7,6,6,6,1.0,adaptive,0.1989,0.0891,1,0.0891,0,0,0,0
tik0az2563rc1.webp,7,7,5,5,1.0,adaptive,0.1954,0.0855,1,0.0855,0,0,0,0
tik0az2563rc1.webp,7,9,1,1,1.0,adaptive,0.1824,0.0579,1,0.0579,0,0,0,0
tik0az2563rc1.webp,8,1,8,8,1.0,adaptive,0.1936,0.0948,1,0.0948,0,0,0,0
tik0az2563rc1.webp,8,4,9,9,0.9999,adaptive,0.1766,0.0898,1,0.0898,0,0,0,0
tik0az2563rc1.webp,8,5,0,0,0.992,adaptive,0.0859,0.0,0,0.0,0,0,0,0
tik0az2563rc1.webp,8,6,3,3,1.0,adaptive,0.1805,0.0812,1,0.0812,0,0,0,0
tik0az2563rc1.webp,8,7,4,4,1.0,adaptive,0.1728,0.0733,1,0.0733,0,0,0,0
tik0az2563rc1.webp,8,8,7,7,1.0,adaptive,0.1366,0.0636,1,0.0636,0,0,0,0
tik0az2563rc1.webp,8,9,2,2,1.0,adaptive,0.1945,0.0814,1,0.0814,0,0,0,0
tik0az2563rc1.webp,9,2,0,0,0.992,adaptive,0.0988,0.0,0,0.0,0,0,0,0
tik0az2563rc1.webp,9,4,0,0,0.992,adaptive,0.0985,0.0,0,0.0,0,0,0,0
tik0az2563rc1.webp,9,5,0,0,0.992,adaptive,0.0986,0.0,0,0.0,0,0,0,0
tik0az2563rc1.webp,9,6,0,0,0.992,adaptive,0.1109,0.0,0,0.0,0,0,0,0
tik0az2563rc1.webp,9,7,3,3,1.0,adaptive,0.1909,0.0798,1,0.0798,0,0,0,0
tik0az2563rc1.webp,9,9,6,6,0.9999,adaptive,0.217,0.0893,1,0.0893,0,0,0,0
to3bwvup3unc1.webp,1,1,3,3,0.9997,adaptive,0.1838,0.1809,1,0.1809,0,0,0,0
to3bwvup3unc1.webp,1,2,5,5,1.0,adaptive,0.2051,0.2022,1,0.2022,0,0,0,0
to3bwvup3unc1.webp,1,4,1,1,1.0,adaptive,0.1891,0.1034,2,0.1034,0,1,0,0
to3bwvup3unc1.webp,1,6,7,7,1.0,adaptive,0.1317,0.129,1,0.129,0,0,0,0
to3bwvup3unc1.webp,2,4,4,4,1.0,adaptive,0.199,0.1506,3,0.1203,0,1,0,0
to3bwvup3unc1.webp,2,6,3,3,0.9998,adaptive,0.182,0.1746,1,0.1746,0,0,0,0
to3bwvup3unc1.webp,2,8,7,7,1.0,adaptive,0.1414,0.1157,2,0.1107,0,0,0,0
to3bwvup3unc1.webp,3,2,7,7,1.0,adaptive,0.1533,0.1271,1,0.1271,0,0,0,0
to3bwvup3unc1.webp,3,8,3,3,0.9998,adaptive,0.2451,0.1633,2,0.1633,0,1,0,0
to3bwvup3unc1.webp,4,5,7,7,0.9999,adaptive,0.1594,0.1113,2,0.1113,1,0,0,0
to3bwvup3unc1.webp,4,7,3,3,0.9997,adaptive,0.2065,0.1421,1,0.1421,0,0,0,0
to3bwvup3unc1.webp,4,9,5,5,0.9999,adaptive,0.2566,0.1818,3,0.1818,1,0,0,1
to3bwvup3unc1.webp,5,2,9,9,0.9999,adaptive,0.1919,0.1871,2,0.1393,0,0,0,0
to3bwvup3unc1.webp,5,3,7,7,1.0,adaptive,0.1375,0.0997,2,0.0997,1,0,0,0
to3bwvup3unc1.webp,5,4,3,3,0.9991,adaptive,0.2142,0.1644,2,0.1644,0,1,0,0
to3bwvup3unc1.webp,5,7,8,8,0.9964,adaptive,0.2537,0.1671,3,0.0952,0,0,0,1
to3bwvup3unc1.webp,6,1,4,4,1.0,adaptive,0.2072,0.1588,2,0.1281,0,0,0,0
to3bwvup3unc1.webp,6,2,3,3,0.9999,adaptive,0.209,0.1658,1,0.1658,0,0,0,0
to3bwvup3unc1.webp,6,7,7,7,0.7898,adaptive,0.1983,0.0679,2,0.0679,0,1,0,0
to3bwvup3unc1.webp,7,4,9,9,0.9944,adaptive,0.2163,0.1622,3,0.1161,0,1,0,0
to3bwvup3unc1.webp,7,5,3,3,0.9939,adaptive,0.1664,0.1404,1,0.1404,0,0,0,0
to3bwvup3unc1.webp,7,6,5,5,0.9997,adaptive,0.1965,0.1593,4,0.1466,2,0,0,0
to3bwvup3unc1.webp,7,7,6,6,0.9902,adaptive,0.2386,0.1526,3,0.0933,0,0,0,0
to3bwvup3unc1.webp,7,9,7,7,0.5267,adaptive,0.1481,0.0775,3,0.0528,1,0,0,0
to3bwvup3unc1.webp,8,1,7,7,1.0,adaptive,0.1764,0.1366,1,0.1366,0,0,0,0
to3bwvup3unc1.webp,8,4,8,8,0.9996,adaptive,0.2198,0.168,4,0.0929,0,1,0,1
to3bwvup3unc1.webp,8,5,6,6,0.9816,adaptive,0.2314,0.1818,5,0.1359,2,0,0,1
to3bwvup3unc1.webp,8,7,2,2,0.9664,adaptive,0.1857,0.1144,2,0.1076,0,0,0,0
to3bwvup3unc1.webp,8,9,3,5,0.9802,adaptive,0.1771,0.1126,5,0.0841,1,0,0,1
to3bwvup3unc1.webp,9,2,6,6,1.0,adaptive,0.2062,0.1567,3,0.1142,1,0,0,0
to3bwvup3unc1.webp,9,3,3,3,0.9976,adaptive,0.2301,0.1657,2,0.1657,0,1,0,0
to3bwvup3unc1.webp,9,4,7,7,0.9314,adaptive,0.1559,0.0838,3,0.0838,0,2,0,0
tziiat6u36rc1.webp,1,1,1,1,1.0,adaptive,0.2221,0.057,4,0.057,1,2,0,0
tziiat6u36rc1.webp,1,3,9,9,1.0,adaptive,0.2234,0.0851,2,0.0851,0,1,0,0
tziiat6u36rc1.webp,1,4,5,5,1.0,adaptive,0.221,0.0831,2,0.0831,0,1,0,0
tziiat6u36rc1.webp,1,5,3,3,1.0,adaptive,0.216,0.0785,2,0.0785,0,1,0,0
tziiat6u36rc1.webp,2,2,3,3,1.0,adaptive,0.1524,0.0787,1,0.0787,0,0,0,0
tziiat6u36rc1.webp,2,9,9,9,0.9999,adaptive,0.2148,0.088,2,0.088,0,1,0,0
tziiat6u36rc1.webp,3,6,7,7,1.0,adaptive,0.1597,0.0624,1,0.0624,0,0,0,0
tziiat6u36rc1.webp,3,7,3,3,1.0,adaptive,0.19,0.0777,1,0.0777,0,0,0,0
tziiat6u36rc1.webp,4,1,2,2,1.0,adaptive,0.217,0.0791,2,0.0791,0,1,0,0
tziiat6u36rc1.webp,4,2,1,1,1.0,adaptive,0.1588,0.0588,1,0.0588,0,0,0,0
tziiat6u36rc1.webp,4,3,3,3,1.0,adaptive,0.1878,0.078,1,0.078,0,0,0,0
tziiat6u36rc1.webp,4,5,5,5,1.0,adaptive,0.1909,0.0801,1,0.0801,0,0,0,0
tziiat6u36rc1.webp,4,6,4,4,1.0,adaptive,0.1684,0.0724,1,0.0724,0,0,0,0
tziiat6u36rc1.webp,4,8,7,7,1.0,adaptive,0.1468,0.0597,1,0.0597,0,0,0,0
tziiat6u36rc1.webp,5,2,5,5,1.0,adaptive,0.1834,0.0824,1,0.0824,0,0,0,0
tziiat6u36rc1.webp,5,8,4,4,1.0,adaptive,0.1614,0.0737,1,0.0737,0,0,0,0
tziiat6u36rc1.webp,5,9,2,2,1.0,adaptive,0.216,0.0771,2,0.0771,0,1,0,0
tziiat6u36rc1.webp,6,2,4,4,1.0,adaptive,0.1728,0.0724,1,0.0724,0,0,0,0
tziiat6u36rc1.webp,6,3,6,6,1.0,adaptive,0.1958,0.086,1,0.086,0,0,0,0
tziiat6u36rc1.webp,6,7,5,5,1.0,adaptive,0.194,0.082,1,0.082,0,0,0,0
tziiat6u36rc1.webp,7,1,3,3,1.0,adaptive,0.2147,0.0764,2,0.0764,0,1,0,0
tziiat6u36rc1.webp,7,2,9,9,0.9999,adaptive,0.1834,0.0864,1,0.0864,0,0,0,0
tziiat6u36rc1.webp,7,3,5,5,1.0,adaptive,0.1967,0.0822,1,0.0822,0,0,0,0
tziiat6u36rc1.webp,7,4,8,8,1.0,adaptive,0.2012,0.0909,1,0.0909,0,0,0,0
tziiat6u36rc1.webp,7,5,4,4,1.0,adaptive,0.1967,0.0739,1,0.0739,0,0,0,0
tziiat6u36rc1.webp,7,6,2,2,1.0,adaptive,0.2007,0.0773,1,0.0773,0,0,0,0
tziiat6u36rc1.webp,7,7,1,1,0.9999,adaptive,0.1686,0.0564,1,0.0564,0,0,0,0
tziiat6u36rc1.webp,7,8,6,6,1.0,adaptive,0.1979,0.0864,1,0.0864,0,0,0,0
tziiat6u36rc1.webp,7,9,7,7,1.0,adaptive,0.1992,0.0606,2,0.0606,0,1,0,0
tziiat6u36rc1.webp,8,1,6,6,0.9999,adaptive,0.2133,0.0864,2,0.0864,0,1,0,0
tziiat6u36rc1.webp,8,3,2,2,1.0,adaptive,0.1775,0.0787,1,0.0787,0,0,0,0
tziiat6u36rc1.webp,8,6,5,5,1.0,adaptive,0.1789,0.0803,1,0.0803,0,0,0,0
tziiat6u36rc1.webp,9,1,4,4,1.0,adaptive,0.2335,0.0717,4,0.0717,1,2,0,0
tziiat6u36rc1.webp,9,3,1,1,1.0,adaptive,0.1931,0.0559,2,0.0559,0,1,0,0
tziiat6u36rc1.webp,9,5,6,6,0.9999,adaptive,0.2239,0.0862,2,0.0862,0,1,0,0
tziiat6u36rc1.webp,9,6,9,9,0.9999,adaptive,0.2116,0.0851,2,0.0851,0,1,0,0
u5mt6st4pifc1.jpeg,1,1,5,5,1.0,adaptive,0.1922,0.0813,1,0.0813,0,0,0,0
u5mt6st4pifc1.jpeg,1,4,6,6,0.9929,adaptive,0.1789,0.0815,1,0.0815,0,0,0,0
u5mt6st4pifc1.jpeg,1,6,1,1,0.9963,adaptive,0.1472,0.0499,1,0.0499,0,0,0,0
u5mt6st4pifc1.jpeg,2,3,3,3,1.0,adaptive,0.1511,0.081,1,0.081,0,0,0,0
u5mt6st4pifc1.jpeg,2,4,9,9,1.0,adaptive,0.1538,0.0837,1,0.0837,0,0,0,0
u5mt6st4pifc1.jpeg,3,9,4,4,1.0,adaptive,0.1764,0.0791,1,0.0791,0,0,0,0
u5mt6st4pifc1.jpeg,4,1,3,3,1.0,adaptive,0.1628,0.0775,1,0.0775,0,0,0,0
u5mt6st4pifc1.jpeg,4,2,7,7,1.0,adaptive,0.1287,0.0583,1,0.0583,0,0,0,0
u5mt6st4pifc1.jpeg,4,3,8,8,1.0,adaptive,0.1782,0.0953,1,0.0953,0,0,0,0
u5mt6st4pifc1.jpeg,4,5,1,1,0.9921,adaptive,0.1167,0.0488,1,0.0488,0,0,0,0
u5mt6st4pifc1.jpeg,5,4,8,8,1.0,adaptive,0.1653,0.0966,1,0.0966,0,0,0,0
u5mt6st4pifc1.jpeg,5,5,9,9,1.0,adaptive,0.1407,0.0847,1,0.0847,0,0,0,0
u5mt6st4pifc1.jpeg,5,6,6,6,0.9973,adaptive,0.152,0.0832,1,0.0832,0,0,0,0
u5mt6st4pifc1.jpeg,5,7,1,1,0.9954,adaptive,0.1156,0.0457,1,0.0457,0,0,0,0
u5mt6st4pifc1.jpeg,5,8,7,7,1.0,adaptive,0.1169,0.0597,1,0.0597,0,0,0,0
u5mt6st4pifc1.jpeg,5,9,3,3,1.0,adaptive,0.163,0.0787,1,0.0787,0,0,0,0
u5mt6st4pifc1.jpeg,6,3,6,6,0.9993,adaptive,0.1662,0.0833,1,0.0833,0,0,0,0
u5mt6st4pifc1.jpeg,6,4,4,4,1.0,adaptive,0.1628,0.0798,1,0.0798,0,0,0,0
u5mt6st4pifc1.jpeg,6,5,7,7,1.0,adaptive,0.1269,0.0586,1,0.0586,0,0,0,0
u5mt6st4pifc1.jpeg,6,6,3,3,1.0,adaptive,0.1624,0.0793,1,0.0793,0,0,0,0
u5mt6st4pifc1.jpeg,6,7,5,5,1.0,adaptive,0.1644,0.0815,1,0.0815,0,0,0,0
u5mt6st4pifc1.jpeg,6,8,2,2,1.0,adaptive,0.1472,0.0773,1,0.0773,0,0,0,0
u5mt6st4pifc1.jpeg,6,9,8,8,1.0,adaptive,0.1911,0.0929,1,0.0929,0,0,0,0
u5mt6st4pifc1.jpeg,7,7,8,8,1.0,adaptive,0.1762,0.0936,1,0.0936,0,0,0,0
u5mt6st4pifc1.jpeg,7,8,6,6,0.9964,adaptive,0.1545,0.0846,1,0.0846,0,0,0,0
u5mt6st4pifc1.jpeg,7,9,7,7,1.0,adaptive,0.1546,0.057,1,0.057,0,0,0,0
u5mt6st4pifc1.jpeg,8,2,4,4,1.0,adaptive,0.1366,0.0815,1,0.0815,0,0,0,0
u5mt6st4pifc1.jpeg,8,4,7,7,1.0,adaptive,0.128,0.0577,1,0.0577,0,0,0,0
u5mt6st4pifc1.jpeg,8,5,6,6,0.9987,adaptive,0.1435,0.0856,1,0.0856,0,0,0,0
u5mt6st4pifc1.jpeg,8,7,9,9,1.0,adaptive,0.154,0.0834,1,0.0834,0,0,0,0
u5mt6st4pifc1.jpeg,8,8,3,3,1.0,adaptive,0.1403,0.082,1,0.082,0,0,0,0
u5mt6st4pifc1.jpeg,8,9,1,1,0.9972,adaptive,0.137,0.0518,1,0.0518,0,0,0,0
u5mt6st4pifc1.jpeg,9,4,1,1,0.9962,adaptive,0.1301,0.0452,1,0.0452,0,0,0,0
u70edcv699dc1.webp,1,1,0,0,0.992,adaptive,0.1129,0.0,0,0.0,0,0,0,0
u70edcv699dc1.webp,1,2,0,0,0.992,adaptive,0.0846,0.0,0,0.0,0,0,0,0
u70edcv699dc1.webp,1,3,4,4,1.0,adaptive,0.1604,0.0702,1,0.0702,0,0,0,0
u70edcv699dc1.webp,1,4,0,0,0.992,adaptive,0.0985,0.0,0,0.0,0,0,0,0
u70edcv699dc1.webp,1,5,1,1,0.9926,adaptive,0.1029,0.0432,1,0.0432,0,0,0,0
u70edcv699dc1.webp,1,6,7,7,1.0,adaptive,0.1497,0.0515,1,0.0515,0,0,0,0
u70edcv699dc1.webp,1,7,8,8,1.0,adaptive,0.1818,0.0847,1,0.0847,0,0,0,0
u70edcv699dc1.webp,1,8,3,3,1.0,adaptive,0.1325,0.0728,1,0.0728,0,0,0,0
u70edcv699dc1.webp,1,9,2,2,0.9999,adaptive,0.1787,0.0657,1,0.0657,0,0,0,0
u70edcv699dc1.webp,2,1,0,0,0.992,adaptive,0.0868,0.0,0,0.0,0,0,0,0
u70edcv699dc1.webp,2,2,1,1,0.9975,adaptive,0.0989,0.0406,1,0.0406,0,0,0,0
u70edcv699dc1.webp,2,3,2,2,1.0,adaptive,0.1339,0.0678,1,0.0678,0,0,0,0
u70edcv699dc1.webp,2,4,9,9,1.0,adaptive,0.1576,0.0859,1,0.0859,0,0,0,0
u70edcv699dc1.webp,2,5,3,3,1.0,adaptive,0.1173,0.0737,1,0.0737,0,0,0,0
u70edcv699dc1.webp,2,6,0,0,0.992,adaptive,0.0719,0.0,0,0.0,0,0,0,0
u70edcv699dc1.webp,2,7,7,7,1.0,adaptive,0.1201,0.0518,1,0.0518,0,0,0,0
u70edcv699dc1.webp,2,8,0,0,0.992,adaptive,0.0696,0.0,0,0.0,0,0,0,0
u70edcv699dc1.webp,2,9,5,5,1.0,adaptive,0.1653,0.0789,1,0.0789,0,0,0,0
u70edcv699dc1.webp,3,1,3,3,1.0,adaptive,0.1577,0.0717,1,0.0717,0,0,0,0
u70edcv699dc1.webp,3,2,5,5,1.0,adaptive,0.137,0.0789,1,0.0789,0,0,0,0
u70edcv699dc1.webp,3,3,7,7,1.0,adaptive,0.1219,0.0519,1,0.0519,0,0,0,0
u70edcv699dc1.webp,3,4,0,0,0.992,adaptive,0.0711,0.0,0,0.0,0,0,0,0
u70edcv699dc1.webp,3,5,2,2,1.0,adaptive,0.0988,0.0685,1,0.0685,0,0,0,0
u70edcv699dc1.webp,3,6,4,4,1.0,adaptive,0.1403,0.0688,1,0.0688,0,0,0,0
u70edcv699dc1.webp,3,7,1,1,0.9975,adaptive,0.1094,0.0394,1,0.0394,0,0,0,0
u70edcv699dc1.webp,3,8,0,0,0.992,adaptive,0.0586,0.0,0,0.0,0,0,0,0
u70edcv699dc1.webp,3,9,0,0,0.992,adaptive,0.0858,0.0,0,0.0,0,0,0,0
u70edcv699dc1.webp,4,1,1,1,0.9976,adaptive,0.1517,0.0392,1,0.0392,0,0,0,0
u70edcv699dc1.webp,4,2,3,3,1.0,adaptive,0.1327,0.073,1,0.073,0,0,0,0
u70edcv699dc1.webp,4,3,0,0,0.992,adaptive,0.0978,0.0,0,0.0,0,0,0,0
u70edcv699dc1.webp,4,4,0,0,0.992,adaptive,0.0989,0.0,0,0.0,0,0,0,0
u70edcv699dc1.webp,4,5,0,0,0.992,adaptive,0.0597,0.0,0,0.0,0,0,0,0
u70edcv699dc1.webp,4,6,2,2,1.0,adaptive,0.1682,0.0693,1,0.0693,0,0,0,0
u70edcv699dc1.webp,4,7,9,9,1.0,adaptive,0.1671,0.0831,1,0.0831,0,0,0,0
u70edcv699dc1.webp,4,8,8,8,1.0,adaptive,0.1456,0.0857,1,0.0857,0,0,0,0
u70edcv699dc1.webp,4,9,4,4,1.0,adaptive,0.1816,0.0695,1,0.0695,0,0,0,0
u70edcv699dc1.webp,5,1,0,0,0.992,adaptive,0.0599,0.0,0,0.0,0,0,0,0
u70edcv699dc1.webp,5,2,0,0,0.992,adaptive,0.0149,0.0,0,0.0,0,0,0,0
u70edcv699dc1.webp,5,3,0,0,0.992,adaptive,0.0303,0.0,0,0.0,0,0,0,0
u70edcv699dc1.webp,5,4,0,0,0.992,adaptive,0.0436,0.0,0,0.0,0,0,0,0
u70edcv699dc1.webp,5,5,8,8,1.0,adaptive,0.0879,0.0872,1,0.0872,0,0,0,0
u70edcv699dc1.webp,5,6,1,1,0.998,adaptive,0.0828,0.0407,1,0.0407,0,0,0,0
u70edcv699dc1.webp,5,7,2,2,1.0,adaptive,0.0954,0.0672,1,0.0672,0,0,0,0
u70edcv699dc1.webp,5,8,0,0,0.992,adaptive,0.0149,0.0,0,0.0,0,0,0,0
u70edcv699dc1.webp,5,9,3,3,1.0,adaptive,0.1303,0.0712,1,0.0712,0,0,0,0
u70edcv699dc1.webp,6,1,0,0,0.992,adaptive,0.1114,0.0,0,0.0,0,0,0,0
u70edcv699dc1.webp,6,2,2,2,1.0,adaptive,0.1536,0.0706,1,0.0706,0,0,0,0
u70edcv699dc1.webp,6,3,0,0,0.992,adaptive,0.0813,0.0,0,0.0,0,0,0,0
u70edcv699dc1.webp,6,4,0,0,0.992,adaptive,0.0849,0.0,0,0.0,0,0,0,0
u70edcv699dc1.webp,6,5,0,0,0.992,adaptive,0.0586,0.0,0,0.0,0,0,0,0
u70edcv699dc1.webp,6,6,0,0,0.992,adaptive,0.0956,0.0,0,0.0,0,0,0,0
u70edcv699dc1.webp,6,7,6,6,1.0,adaptive,0.1484,0.0844,1,0.0844,0,0,0,0
u70edcv699dc1.webp,6,8,1,1,0.9964,adaptive,0.0814,0.0387,1,0.0387,0,0,0,0
u70edcv699dc1.webp,6,9,0,0,0.992,adaptive,0.098,0.0,0,0.0,0,0,0,0
u70edcv699dc1.webp,7,1,4,4,1.0,adaptive,0.1669,0.0679,1,0.0679,0,0,0,0
u70edcv699dc1.webp,7,2,7,7,1.0,adaptive,0.1217,0.052,1,0.052,0,0,0,0
u70edcv699dc1.webp,7,3,3,3,1.0,adaptive,0.1154,0.0717,1,0.0717,0,0,0,0
u70edcv699dc1.webp,7,4,2,2,1.0,adaptive,0.1528,0.0684,1,0.0684,0,0,0,0
u70edcv699dc1.webp,7,5,0,0,0.992,adaptive,0.0452,0.0,0,0.0,0,0,0,0
u70edcv699dc1.webp,7,6,8,8,1.0,adaptive,0.1691,0.0847,1,0.0847,0,0,0,0
u70edcv699dc1.webp,7,7,0,0,0.992,adaptive,0.0704,0.0,0,0.0,0,0,0,0
u70edcv699dc1.webp,7,8,0,0,0.992,adaptive,0.0703,0.0,0,0.0,0,0,0,0
u70edcv699dc1.webp,7,9,1,1,0.9992,adaptive,0.1368,0.0385,1,0.0385,0,0,0,0
u70edcv699dc1.webp,8,1,2,2,1.0,adaptive,0.1569,0.0712,1,0.0712,0,0,0,0
u70edcv699dc1.webp,8,2,6,6,0.9998,adaptive,0.1439,0.087,1,0.087,0,0,0,0
u70edcv699dc1.webp,8,3,0,0,0.992,adaptive,0.0669,0.0,0,0.0,0,0,0,0
u70edcv699dc1.webp,8,4,1,1,0.9987,adaptive,0.1081,0.0405,1,0.0405,0,0,0,0
u70edcv699dc1.webp,8,5,0,0,0.992,adaptive,0.0285,0.0,0,0.0,0,0,0,0
u70edcv699dc1.webp,8,6,0,0,0.992,adaptive,0.0697,0.0,0,0.0,0,0,0,0
u70edcv699dc1.webp,8,7,3,3,1.0,adaptive,0.0846,0.0697,1,0.0697,0,0,0,0
u70edcv699dc1.webp,8,8,7,7,1.0,adaptive,0.1072,0.0514,1,0.0514,0,0,0,0
u70edcv699dc1.webp,8,9,8,8,1.0,adaptive,0.1581,0.0855,1,0.0855,0,0,0,0
u70edcv699dc1.webp,9,1,5,5,1.0,adaptive,0.1918,0.0791,1,0.0791,0,0,0,0
u70edcv699dc1.webp,9,2,0,0,0.992,adaptive,0.0859,0.0,0,0.0,0,0,0,0
u70edcv699dc1.webp,9,3,1,1,0.9985,adaptive,0.1363,0.0394,1,0.0394,0,0,0,0
u70edcv699dc1.webp,9,4,6,6,1.0,adaptive,0.1824,0.0833,1,0.0833,0,0,0,0
u70edcv699dc1.webp,9,5,0,0,0.992,adaptive,0.0563,0.0,0,0.0,0,0,0,0
u70edcv699dc1.webp,9,6,3,3,1.0,adaptive,0.155,0.0697,1,0.0697,0,0,0,0
u70edcv699dc1.webp,9,7,4,4,1.0,adaptive,0.1577,0.0668,1,0.0668,0,0,0,0
u70edcv699dc1.webp,9,8,2,2,1.0,adaptive,0.1536,0.0676,1,0.0676,0,0,0,0
u70edcv699dc1.webp,9,9,0,0,0.992,adaptive,0.1129,0.0,0,0.0,0,0,0,0
u70va43mafic1.webp,1,3,9,5,0.8409,adaptive,0.3132,0.1931,4,0.1299,0,0,0,0
u70va43mafic1.webp,1,5,1,7,0.9756,adaptive,0.1149,0.0323,2,0.0323,0,1,0,0
u70va43mafic1.webp,1,7,5,5,0.8972,adaptive,0.1573,0.0526,2,0.0526,0,1,0,0
u70va43mafic1.webp,2,1,5,5,0.9882,adaptive,0.1361,0.0796,4,0.0568,0,2,0,0
u70va43mafic1.webp,2,2,1,7,0.9897,adaptive,0.1074,0.0335,2,0.0335,0,1,0,0
u70va43mafic1.webp,2,8,4,7,0.6978,adaptive,0.1676,0.0829,4,0.0409,0,1,0,1
u70va43mafic1.webp,3,1,7,7,0.9976,adaptive,0.1448,0.0637,4,0.045,0,2,0,0
u70va43mafic1.webp,3,3,4,1,0.5777,adaptive,0.1793,0.0655,3,0.0457,0,1,0,0
u70va43mafic1.webp,3,4,6,5,0.9279,adaptive,0.2147,0.1259,6,0.0512,1,1,0,0
u70va43mafic1.webp,3,5,8,6,0.847,adaptive,0.1357,0.0932,6,0.0654,2,1,0,0
u70va43mafic1.webp,3,6,5,5,0.9987,adaptive,0.1252,0.0757,3,0.0588,0,1,0,0
u70va43mafic1.webp,3,9,9,6,0.7565,adaptive,0.1597,0.0693,4,0.0595,1,1,0,0
u70va43mafic1.webp,4,3,2,7,0.9921,adaptive,0.1644,0.0521,3,0.0521,1,1,0,0
u70va43mafic1.webp,4,7,6,5,0.929,adaptive,0.1974,0.1031,3,0.0566,0,1,0,0
u70va43mafic1.webp,5,2,4,4,0.8684,adaptive,0.1582,0.0769,4,0.0618,0,1,0,0
u70va43mafic1.webp,5,5,6,5,0.5251,adaptive,0.1651,0.0735,3,0.0643,0,1,0,0
u70va43mafic1.webp,5,8,2,3,0.594,adaptive,0.1164,0.0613,3,0.0544,0,1,0,0
u70va43mafic1.webp,5,9,5,5,0.9917,adaptive,0.1497,0.0739,3,0.0676,0,1,0,0
u70va43mafic1.webp,6,1,6,5,0.8234,adaptive,0.2172,0.104,9,0.0704,4,0,1,0
u70va43mafic1.webp,6,4,2,2,0.456,adaptive,0.1579,0.0728,8,0.0579,5,0,0,0
u70va43mafic1.webp,6,6,7,7,1.0,adaptive,0.1212,0.0541,3,0.0541,1,1,0,0
u70va43mafic1.webp,6,7,4,4,0.6709,adaptive,0.145,0.0851,3,0.0798,0,1,0,0
u70va43mafic1.webp,6,9,8,8,0.9779,adaptive,0.1637,0.0822,2,0.0822,0,1,0,0
u70va43mafic1.webp,7,5,4,4,0.9991,adaptive,0.1454,0.0816,3,0.0816,1,1,0,0
u70va43mafic1.webp,7,8,5,5,1.0,adaptive,0.1422,0.0801,3,0.0721,0,1,0,0
u70va43mafic1.webp,8,1,4,4,0.9999,adaptive,0.1375,0.0862,2,0.0862,0,1,0,0
u70va43mafic1.webp,8,4,5,5,1.0,adaptive,0.1569,0.0954,2,0.0954,0,1,0,0
u70va43mafic1.webp,8,6,8,8,1.0,adaptive,0.19,0.109,2,0.109,0,1,0,0
u70va43mafic1.webp,8,9,2,2,0.9806,adaptive,0.1253,0.0749,2,0.0749,0,1,0,0
u70va43mafic1.webp,9,2,8,8,1.0,adaptive,0.1676,0.111,1,0.111,0,0,0,0
u70va43mafic1.webp,9,3,5,5,1.0,adaptive,0.1626,0.0936,1,0.0936,0,0,0,0
u70va43mafic1.webp,9,6,6,6,0.8896,adaptive,0.2328,0.1666,4,0.0951,0,1,0,1
u70va43mafic1.webp,9,7,7,7,1.0,adaptive,0.1087,0.0668,2,0.0668,0,1,0,0
u70va43mafic1.webp,9,8,9,9,1.0,adaptive,0.1318,0.0961,2,0.0961,0,1,0,0
u70va43mafic1.webp,9,9,4,4,1.0,adaptive,0.1109,0.0884,2,0.0884,0,1,0,0
uekttwjf8tic1.webp,1,1,6,6,0.9879,adaptive,0.1978,0.1116,1,0.1116,0,0,0,0
uekttwjf8tic1.webp,1,2,4,4,1.0,adaptive,0.1452,0.1004,1,0.1004,0,0,0,0
uekttwjf8tic1.webp,1,3,2,2,0.9999,adaptive,0.1842,0.1,1,0.1,0,0,0,0
uekttwjf8tic1.webp,1,5,7,7,1.0,adaptive,0.1513,0.078,1,0.078,0,0,0,0
uekttwjf8tic1.webp,1,6,8,8,1.0,adaptive,0.2252,0.1259,1,0.1259,0,0,0,0
uekttwjf8tic1.webp,1,9,1,1,0.9853,adaptive,0.1468,0.0604,1,0.0604,0,0,0,0
uekttwjf8tic1.webp,2,1,7,7,1.0,adaptive,0.1461,0.0746,1,0.0746,0,0,0,0
uekttwjf8tic1.webp,2,2,8,8,1.0,adaptive,0.1745,0.1309,1,0.1309,0,0,0,0
uekttwjf8tic1.webp,2,3,1,1,0.9847,adaptive,0.1183,0.0615,1,0.0615,0,0,0,0
uekttwjf8tic1.webp,2,7,6,6,0.9958,adaptive,0.168,0.1113,1,0.1113,0,0,0,0
uekttwjf8tic1.webp,2,8,4,4,1.0,adaptive,0.1651,0.1028,1,0.1028,0,0,0,0
uekttwjf8tic1.webp,3,1,3,3,1.0,adaptive,0.1898,0.1058,1,0.1058,0,0,0,0
uekttwjf8tic1.webp,3,4,1,1,0.9939,adaptive,0.1428,0.0601,1,0.0601,0,0,0,0
uekttwjf8tic1.webp,3,5,6,6,0.9993,adaptive,0.1707,0.1126,1,0.1126,0,0,0,0
uekttwjf8tic1.webp,3,6,4,4,1.0,adaptive,0.1706,0.102,1,0.102,0,0,0,0
uekttwjf8tic1.webp,3,7,2,2,1.0,adaptive,0.1637,0.1049,1,0.1049,0,0,0,0
uekttwjf8tic1.webp,3,8,8,8,1.0,adaptive,0.1965,0.128,1,0.128,0,0,0,0
uekttwjf8tic1.webp,3,9,7,7,1.0,adaptive,0.1613,0.0784,1,0.0784,0,0,0,0
uekttwjf8tic1.webp,4,1,4,4,1.0,adaptive,0.1836,0.0973,1,0.0973,0,0,0,0
uekttwjf8tic1.webp,4,2,2,2,1.0,adaptive,0.1771,0.1056,1,0.1056,0,0,0,0
uekttwjf8tic1.webp,4,3,7,7,1.0,adaptive,0.1602,0.0742,1,0.0742,0,0,0,0
uekttwjf8tic1.webp,4,4,6,6,0.9957,adaptive,0.1958,0.11,1,0.11,0,0,0,0
uekttwjf8tic1.webp,4,5,3,3,1.0,adaptive,0.1649,0.1067,1,0.1067,0,0,0,0
uekttwjf8tic1.webp,4,6,9,9,1.0,adaptive,0.196,0.11,1,0.11,0,0,0,0
uekttwjf8tic1.webp,4,7,5,5,1.0,adaptive,0.1969,0.1138,1,0.1138,0,0,0,0
uekttwjf8tic1.webp,4,8,1,1,0.9776,adaptive,0.1323,0.0624,1,0.0624,0,0,0,0
uekttwjf8tic1.webp,4,9,8,8,1.0,adaptive,0.2049,0.1263,1,0.1263,0,0,0,0
uekttwjf8tic1.webp,5,2,1,1,0.9941,adaptive,0.1178,0.0618,1,0.0618,0,0,0,0
uekttwjf8tic1.webp,5,3,6,6,0.9996,adaptive,0.1829,0.1144,1,0.1144,0,0,0,0
uekttwjf8tic1.webp,5,5,8,8,1.0,adaptive,0.1722,0.1292,1,0.1292,0,0,0,0
uekttwjf8tic1.webp,5,6,2,2,1.0,adaptive,0.173,0.102,1,0.102,0,0,0,0
uekttwjf8tic1.webp,5,7,7,7,1.0,adaptive,0.1443,0.0771,1,0.0771,0,0,0,0
uekttwjf8tic1.webp,5,8,3,3,1.0,adaptive,0.1508,0.1084,1,0.1084,0,0,0,0
uekttwjf8tic1.webp,6,1,8,8,1.0,adaptive,0.2154,0.1274,1,0.1274,0,0,0,0
uekttwjf8tic1.webp,6,3,3,3,1.0,adaptive,0.1891,0.106,1,0.106,0,0,0,0
uekttwjf8tic1.webp,6,4,7,7,0.9999,adaptive,0.1515,0.0793,1,0.0793,0,0,0,0
uekttwjf8tic1.webp,6,8,2,2,1.0,adaptive,0.1572,0.1009,1,0.1009,0,0,0,0
uekttwjf8tic1.webp,6,9,6,6,0.998,adaptive,0.1827,0.1098,1,0.1098,0,0,0,0
uekttwjf8tic1.webp,7,2,6,6,0.9982,adaptive,0.182,0.1126,1,0.1126,0,0,0,0
uekttwjf8tic1.webp,7,3,4,4,1.0,adaptive,0.1566,0.0994,1,0.0994,0,0,0,0
uekttwjf8tic1.webp,7,7,8,8,1.0,adaptive,0.2061,0.1243,1,0.1243,0,0,0,0
uekttwjf8tic1.webp,7,8,7,7,0.9999,adaptive,0.1431,0.0789,1,0.0789,0,0,0,0
uekttwjf8tic1.webp,7,9,2,2,1.0,adaptive,0.1949,0.1018,1,0.1018,0,0,0,0
uekttwjf8tic1.webp,8,1,2,2,1.0,adaptive,0.1784,0.1065,1,0.1065,0,0,0,0
uekttwjf8tic1.webp,8,2,7,7,0.9999,adaptive,0.1201,0.0774,1,0.0774,0,0,0,0
uekttwjf8tic1.webp,8,4,8,8,1.0,adaptive,0.1857,0.1291,1,0.1291,0,0,0,0
uekttwjf8tic1.webp,8,6,6,6,0.9988,adaptive,0.1649,0.1135,1,0.1135,0,0,0,0
uekttwjf8tic1.webp,9,2,3,3,1.0,adaptive,0.1676,0.1049,1,0.1049,0,0,0,0
uekttwjf8tic1.webp,9,3,8,8,1.0,adaptive,0.209,0.1243,1,0.1243,0,0,0,0
uekttwjf8tic1.webp,9,6,7,7,0.9999,adaptive,0.1477,0.0737,1,0.0737,0,0,0,0
uekttwjf8tic1.webp,9,8,6,6,0.9952,adaptive,0.1816,0.1108,1,0.1108,0,0,0,0
umjgd2hf0ync1.webp,1,1,4,4,1.0,adaptive,0.1657,0.0789,1,0.0789,0,0,0,0
umjgd2hf0ync1.webp,1,2,8,8,1.0,adaptive,0.1701,0.0979,1,0.0979,0,0,0,0
umjgd2hf0ync1.webp,1,3,5,5,1.0,adaptive,0.1646,0.0818,1,0.0818,0,0,0,0
umjgd2hf0ync1.webp,1,4,6,6,0.9979,adaptive,0.1869,0.0849,1,0.0849,0,0,0,0
umjgd2hf0ync1.webp,1,5,2,2,1.0,adaptive,0.1719,0.0791,1,0.0791,0,0,0,0
umjgd2hf0ync1.webp,1,7,7,7,1.0,adaptive,0.1544,0.0552,1,0.0552,0,0,0,0
umjgd2hf0ync1.webp,1,8,9,9,1.0,adaptive,0.1653,0.0791,1,0.0791,0,0,0,0
umjgd2hf0ync1.webp,2,2,7,7,1.0,adaptive,0.1189,0.0611,1,0.0611,0,0,0,0
umjgd2hf0ync1.webp,2,4,9,9,1.0,adaptive,0.175,0.0832,1,0.0832,0,0,0,0
umjgd2hf0ync1.webp,2,5,5,5,1.0,adaptive,0.1554,0.0826,1,0.0826,0,0,0,0
umjgd2hf0ync1.webp,2,6,8,8,1.0,adaptive,0.1796,0.0941,1,0.0941,0,0,0,0
umjgd2hf0ync1.webp,2,9,4,4,1.0,adaptive,0.163,0.071,1,0.071,0,0,0,0
umjgd2hf0ync1.webp,3,3,9,9,1.0,adaptive,0.1713,0.0824,1,0.0824,0,0,0,0
umjgd2hf0ync1.webp,3,4,7,7,1.0,adaptive,0.1631,0.0577,1,0.0577,0,0,0,0
umjgd2hf0ync1.webp,3,5,4,4,1.0,adaptive,0.1556,0.0773,1,0.0773,0,0,0,0
umjgd2hf0ync1.webp,3,7,5,5,1.0,adaptive,0.1876,0.0789,1,0.0789,0,0,0,0
umjgd2hf0ync1.webp,3,8,8,8,1.0,adaptive,0.1716,0.0911,2,0.0911,1,0,0,0
umjgd2hf0ync1.webp,4,1,7,7,1.0,adaptive,0.1535,0.0601,1,0.0601,0,0,0,0
umjgd2hf0ync1.webp,4,4,8,8,1.0,adaptive,0.1845,0.0938,1,0.0938,0,0,0,0
umjgd2hf0ync1.webp,4,5,6,6,0.9931,adaptive,0.1495,0.0839,1,0.0839,0,0,0,0
umjgd2hf0ync1.webp,4,6,5,5,1.0,adaptive,0.1461,0.0813,1,0.0813,0,0,0,0
umjgd2hf0ync1.webp,4,9,9,9,0.9999,adaptive,0.1758,0.0773,2,0.0773,0,1,0,0
umjgd2hf0ync1.webp,5,1,5,5,1.0,adaptive,0.1741,0.0868,1,0.0868,0,0,0,0
umjgd2hf0ync1.webp,5,2,9,9,1.0,adaptive,0.1646,0.0875,1,0.0875,0,0,0,0
umjgd2hf0ync1.webp,5,3,8,8,1.0,adaptive,0.1755,0.097,1,0.097,0,0,0,0
umjgd2hf0ync1.webp,5,4,2,2,1.0,adaptive,0.1701,0.0771,1,0.0771,0,0,0,0
umjgd2hf0ync1.webp,5,5,1,1,0.9879,adaptive,0.1146,0.0455,2,0.0455,1,0,0,0
umjgd2hf0ync1.webp,5,6,4,4,1.0,adaptive,0.1427,0.0767,2,0.0767,0,1,0,0
umjgd2hf0ync1.webp,5,7,6,6,0.9957,adaptive,0.185,0.0805,2,0.0805,0,1,0,0
umjgd2hf0ync1.webp,5,8,3,3,0.9999,adaptive,0.1602,0.0776,2,0.0776,0,1,0,0
umjgd2hf0ync1.webp,5,9,7,7,0.9997,adaptive,0.1474,0.0459,2,0.0459,0,1,0,0
umjgd2hf0ync1.webp,6,1,6,6,0.993,adaptive,0.184,0.0824,1,0.0824,0,0,0,0
umjgd2hf0ync1.webp,6,3,4,4,1.0,adaptive,0.1631,0.0784,1,0.0784,0,0,0,0
umjgd2hf0ync1.webp,6,4,3,3,1.0,adaptive,0.1905,0.0798,2,0.0798,0,1,0,0
umjgd2hf0ync1.webp,6,5,7,7,0.9998,adaptive,0.1547,0.0606,2,0.0606,0,1,0,0
umjgd2hf0ync1.webp,6,6,9,9,1.0,adaptive,0.1646,0.0813,2,0.0813,0,1,0,0
umjgd2hf0ync1.webp,6,8,5,5,0.9999,adaptive,0.1816,0.0687,2,0.0687,0,1,0,0
umjgd2hf0ync1.webp,6,9,8,8,0.9994,adaptive,0.2145,0.0748,4,0.0748,2,1,0,0
umjgd2hf0ync1.webp,7,3,7,7,1.0,adaptive,0.1252,0.0575,1,0.0575,0,0,0,0
umjgd2hf0ync1.webp,7,5,8,8,1.0,adaptive,0.1716,0.0936,2,0.0936,0,1,0,0
umjgd2hf0ync1.webp,7,6,2,2,1.0,adaptive,0.1399,0.0711,2,0.0711,0,1,0,0
umjgd2hf0ync1.webp,7,7,9,9,0.9995,adaptive,0.1976,0.0717,5,0.0717,3,1,0,0
umjgd2hf0ync1.webp,8,1,8,8,1.0,adaptive,0.1725,0.0963,1,0.0963,0,0,0,0
umjgd2hf0ync1.webp,8,5,9,9,0.9999,adaptive,0.1664,0.079,2,0.079,0,1,0,0
umjgd2hf0ync1.webp,8,6,6,6,0.9883,adaptive,0.1612,0.0739,2,0.0739,0,1,0,0
umjgd2hf0ync1.webp,8,8,7,7,0.9418,adaptive,0.1414,0.0399,4,0.0315,1,1,0,0
umjgd2hf0ync1.webp,9,1,9,9,1.0,adaptive,0.1807,0.0858,1,0.0858,0,0,0,0
umjgd2hf0ync1.webp,9,5,3,3,0.9998,adaptive,0.1705,0.0672,3,0.059,0,1,0,0
umjgd2hf0ync1.webp,9,6,7,7,0.6127,adaptive,0.1428,0.0325,2,0.0325,0,1,0,0
umjgd2hf0ync1.webp,9,7,8,8,0.968,adaptive,0.1784,0.0677,2,0.0677,0,1,0,0
umjgd2hf0ync1.webp,9,9,5,5,0.6995,adaptive,0.2139,0.0831,4,0.0526,1,1,0,0
uxzvzcm2hkdc1.webp,1,1,6,6,1.0,adaptive,0.2072,0.1544,2,0.1172,0,0,0,0
uxzvzcm2hkdc1.webp,1,3,7,7,1.0,adaptive,0.1526,0.1176,1,0.1176,0,0,0,0
uxzvzcm2hkdc1.webp,1,4,5,5,1.0,adaptive,0.2272,0.1604,2,0.1604,0,1,0,0
uxzvzcm2hkdc1.webp,1,6,8,8,1.0,adaptive,0.1662,0.1495,3,0.0933,0,0,0,1
uxzvzcm2hkdc1.webp,1,7,2,2,1.0,adaptive,0.1911,0.1303,2,0.1303,0,1,0,0
uxzvzcm2hkdc1.webp,1,8,4,4,1.0,adaptive,0.1192,0.1029,2,0.0837,0,0,0,0
uxzvzcm2hkdc1.webp,2,1,2,2,1.0,adaptive,0.1725,0.1434,1,0.1434,0,0,0,0
uxzvzcm2hkdc1.webp,2,4,7,7,1.0,adaptive,0.1531,0.1004,2,0.1004,0,1,0,0
uxzvzcm2hkdc1.webp,2,5,6,6,1.0,adaptive,0.1465,0.1444,2,0.1095,0,0,0,0
uxzvzcm2hkdc1.webp,2,6,4,4,1.0,adaptive,0.1291,0.1203,2,0.0997,0,0,0,0
uxzvzcm2hkdc1.webp,2,8,9,9,0.9999,adaptive,0.1575,0.1474,2,0.1125,0,0,0,0
uxzvzcm2hkdc1.webp,2,9,8,8,1.0,adaptive,0.1701,0.1441,3,0.0914,0,0,0,1
uxzvzcm2hkdc1.webp,3,1,8,8,1.0,adaptive,0.2159,0.1753,3,0.1118,0,0,0,1
uxzvzcm2hkdc1.webp,3,3,4,4,1.0,adaptive,0.1397,0.1123,2,0.0909,0,0,0,0
uxzvzcm2hkdc1.webp,3,8,6,6,1.0,adaptive,0.1714,0.1273,3,0.0945,0,1,0,0
uxzvzcm2hkdc1.webp,3,9,7,7,1.0,adaptive,0.1608,0.082,2,0.082,0,1,0,0
uxzvzcm2hkdc1.webp,4,2,2,2,1.0,adaptive,0.1624,0.1624,1,0.1624,0,0,0,0
uxzvzcm2hkdc1.webp,4,3,6,6,1.0,adaptive,0.1432,0.1432,2,0.1083,0,0,0,0
uxzvzcm2hkdc1.webp,4,5,3,3,0.9998,adaptive,0.2239,0.1495,4,0.1495,2,1,0,0
uxzvzcm2hkdc1.webp,4,6,7,7,1.0,adaptive,0.1637,0.098,2,0.098,0,1,0,0
uxzvzcm2hkdc1.webp,4,7,4,4,0.9999,adaptive,0.1426,0.1069,3,0.086,0,1,0,0
uxzvzcm2hkdc1.webp,4,8,8,8,0.9991,adaptive,0.1859,0.1542,6,0.0855,2,0,0,1
uxzvzcm2hkdc1.webp,4,9,5,5,0.9993,adaptive,0.1689,0.1232,3,0.1232,2,0,0,0
uxzvzcm2hkdc1.webp,5,2,7,7,1.0,adaptive,0.1205,0.1063,1,0.1063,0,0,0,0
uxzvzcm2hkdc1.webp,5,3,5,5,1.0,adaptive,0.1477,0.1461,1,0.1461,0,0,0,0
uxzvzcm2hkdc1.webp,5,4,8,8,1.0,adaptive,0.2286,0.1658,4,0.1049,0,1,0,1
uxzvzcm2hkdc1.webp,5,5,4,4,0.9999,adaptive,0.1182,0.1104,2,0.0886,0,0,0,0
uxzvzcm2hkdc1.webp,5,7,6,6,0.9999,adaptive,0.1839,0.1316,3,0.0963,0,1,0,0
uxzvzcm2hkdc1.webp,6,2,4,4,1.0,adaptive,0.1848,0.1303,2,0.1072,0,0,0,0
uxzvzcm2hkdc1.webp,6,3,8,8,1.0,adaptive,0.1918,0.1486,4,0.0907,1,0,0,1
uxzvzcm2hkdc1.webp,6,5,5,5,0.9999,adaptive,0.1909,0.1287,2,0.1287,0,1,0,0
uxzvzcm2hkdc1.webp,6,6,6,6,0.9999,adaptive,0.1954,0.1207,5,0.0875,2,1,0,0
uxzvzcm2hkdc1.webp,6,7,7,7,0.7328,adaptive,0.1831,0.0757,2,0.0757,0,0,1,0
uxzvzcm2hkdc1.webp,7,1,5,5,1.0,adaptive,0.1965,0.1666,1,0.1666,0,0,0,0
uxzvzcm2hkdc1.webp,7,3,9,9,0.9999,adaptive,0.1472,0.1317,3,0.0962,1,0,0,0
uxzvzcm2hkdc1.webp,7,4,4,4,0.9999,adaptive,0.1856,0.1038,4,0.0838,1,1,0,0
uxzvzcm2hkdc1.webp,7,5,7,7,0.9975,adaptive,0.1201,0.0834,2,0.0834,1,0,0,0
uxzvzcm2hkdc1.webp,7,7,8,8,0.7256,adaptive,0.2339,0.1357,9,0.0733,3,1,0,1
uxzvzcm2hkdc1.webp,7,8,2,2,0.9997,adaptive,0.1538,0.1002,3,0.0778,0,0,0,0
uxzvzcm2hkdc1.webp,7,9,6,6,0.758,adaptive,0.1548,0.1038,4,0.0595,1,0,0,0
uxzvzcm2hkdc1.webp,8,1,7,7,1.0,adaptive,0.1255,0.1074,1,0.1074,0,0,0,0
uxzvzcm2hkdc1.webp,8,2,6,6,1.0,adaptive,0.1419,0.1405,2,0.1049,0,0,0,0
uxzvzcm2hkdc1.webp,8,3,2,2,1.0,adaptive,0.1601,0.1289,2,0.1228,0,0,0,0
uxzvzcm2hkdc1.webp,8,5,8,8,0.7639,adaptive,0.1703,0.1354,4,0.0769,1,0,0,1
uxzvzcm2hkdc1.webp,8,6,9,5,0.3922,adaptive,0.154,0.1056,3,0.0805,1,0,0,0
uxzvzcm2hkdc1.webp,8,8,5,5,0.986,adaptive,0.1536,0.1058,2,0.0813,0,0,0,0
uxzvzcm2hkdc1.webp,8,9,4,2,0.5835,adaptive,0.1547,0.1133,9,0.0507,1,0,0,1
uxzvzcm2hkdc1.webp,9,1,4,4,1.0,adaptive,0.1588,0.1161,2,0.0929,0,0,0,0
uxzvzcm2hkdc1.webp,9,2,8,8,1.0,adaptive,0.1954,0.1542,4,0.0943,1,0,0,1
uxzvzcm2hkdc1.webp,9,4,6,6,0.9564,adaptive,0.2061,0.1778,3,0.0831,0,0,0,0
uxzvzcm2hkdc1.webp,9,5,2,2,0.996,adaptive,0.1669,0.1169,3,0.1169,1,1,0,0
uxzvzcm2hkdc1.webp,9,6,5,5,0.6099,adaptive,0.1488,0.092,2,0.092,0,1,0,0
uxzvzcm2hkdc1.webp,9,7,9,5,0.7575,adaptive,0.1633,0.0715,3,0.0597,0,0,1,0
uxzvzcm2hkdc1.webp,9,8,7,2,0.3075,adaptive,0.0898,0.0387,2,0.0387,0,1,0,0
v0zndjbcx8ec1.webp,1,1,9,9,1.0,adaptive,0.1831,0.0831,1,0.0831,0,0,0,0
v0zndjbcx8ec1.webp,1,3,3,3,1.0,adaptive,0.1671,0.0737,1,0.0737,0,0,0,0
v0zndjbcx8ec1.webp,1,6,8,8,1.0,adaptive,0.1845,0.0849,1,0.0849,0,0,0,0
v0zndjbcx8ec1.webp,1,9,7,7,1.0,adaptive,0.1648,0.0517,1,0.0517,0,0,0,0
v0zndjbcx8ec1.webp,2,1,6,6,0.9997,adaptive,0.1687,0.0837,1,0.0837,0,0,0,0
v0zndjbcx8ec1.webp,2,2,8,8,1.0,adaptive,0.1416,0.0847,1,0.0847,0,0,0,0
v0zndjbcx8ec1.webp,2,3,7,7,1.0,adaptive,0.1067,0.052,1,0.052,0,0,0,0
v0zndjbcx8ec1.webp,2,4,3,3,1.0,adaptive,0.1445,0.0744,1,0.0744,0,0,0,0
v0zndjbcx8ec1.webp,2,5,4,4,1.0,adaptive,0.1109,0.0689,1,0.0689,0,0,0,0
v0zndjbcx8ec1.webp,2,6,2,2,1.0,adaptive,0.1379,0.0692,1,0.0692,0,0,0,0
v0zndjbcx8ec1.webp,2,7,9,9,0.9999,adaptive,0.1,0.0821,1,0.0821,0,0,0,0
v0zndjbcx8ec1.webp,2,8,1,1,0.9991,adaptive,0.0682,0.0406,1,0.0406,0,0,0,0
v0zndjbcx8ec1.webp,2,9,5,5,1.0,adaptive,0.1626,0.0805,1,0.0805,0,0,0,0
v0zndjbcx8ec1.webp,3,1,2,2,1.0,adaptive,0.1813,0.0713,1,0.0713,0,0,0,0
v0zndjbcx8ec1.webp,3,2,5,5,1.0,adaptive,0.1506,0.0794,1,0.0794,0,0,0,0
v0zndjbcx8ec1.webp,3,6,7,7,1.0,adaptive,0.1446,0.0503,1,0.0503,0,0,0,0
v0zndjbcx8ec1.webp,3,8,8,8,1.0,adaptive,0.1375,0.0834,1,0.0834,0,0,0,0
v0zndjbcx8ec1.webp,3,9,3,3,1.0,adaptive,0.1729,0.0726,1,0.0726,0,0,0,0
v0zndjbcx8ec1.webp,4,3,8,8,1.0,adaptive,0.1637,0.0835,1,0.0835,0,0,0,0
v0zndjbcx8ec1.webp,4,4,2,2,1.0,adaptive,0.1571,0.0711,1,0.0711,0,0,0,0
v0zndjbcx8ec1.webp,4,6,9,9,1.0,adaptive,0.1417,0.0829,1,0.0829,0,0,0,0
v0zndjbcx8ec1.webp,4,7,7,7,1.0,adaptive,0.1314,0.0497,1,0.0497,0,0,0,0
v0zndjbcx8ec1.webp,4,9,4,4,1.0,adaptive,0.1542,0.0664,1,0.0664,0,0,0,0
v0zndjbcx8ec1.webp,5,2,6,6,0.9999,adaptive,0.0898,0.0859,1,0.0859,0,0,0,0
v0zndjbcx8ec1.webp,5,3,2,2,1.0,adaptive,0.0975,0.0681,1,0.0681,0,0,0,0
v0zndjbcx8ec1.webp,5,4,7,7,1.0,adaptive,0.0954,0.0507,1,0.0507,0,0,0,0
v0zndjbcx8ec1.webp,5,6,4,4,1.0,adaptive,0.1144,0.0703,1,0.0703,0,0,0,0
v0zndjbcx8ec1.webp,5,8,9,9,1.0,adaptive,0.0861,0.0861,1,0.0861,0,0,0,0
v0zndjbcx8ec1.webp,5,9,8,8,1.0,adaptive,0.1409,0.0846,1,0.0846,0,0,0,0
v0zndjbcx8ec1.webp,6,1,4,4,1.0,adaptive,0.176,0.0664,1,0.0664,0,0,0,0
v0zndjbcx8ec1.webp,6,2,7,7,1.0,adaptive,0.1336,0.0538,1,0.0538,0,0,0,0
v0zndjbcx8ec1.webp,6,3,9,9,1.0,adaptive,0.1497,0.0798,1,0.0798,0,0,0,0
v0zndjbcx8ec1.webp,6,5,8,8,1.0,adaptive,0.1443,0.0862,1,0.0862,0,0,0,0
v0zndjbcx8ec1.webp,6,6,5,5,1.0,adaptive,0.1655,0.0791,1,0.0791,0,0,0,0
v0zndjbcx8ec1.webp,6,8,3,3,1.0,adaptive,0.1287,0.0715,1,0.0715,0,0,0,0
v0zndjbcx8ec1.webp,7,6,6,6,0.9999,adaptive,0.1562,0.0815,1,0.0815,0,0,0,0
v0zndjbcx8ec1.webp,7,7,8,8,1.0,adaptive,0.1682,0.0858,1,0.0858,0,0,0,0
v0zndjbcx8ec1.webp,7,8,7,7,1.0,adaptive,0.1061,0.0522,1,0.0522,0,0,0,0
v0zndjbcx8ec1.webp,8,1,8,8,1.0,adaptive,0.1723,0.0871,1,0.0871,0,0,0,0
v0zndjbcx8ec1.webp,8,2,9,9,1.0,adaptive,0.0865,0.0865,1,0.0865,0,0,0,0
v0zndjbcx8ec1.webp,8,5,7,7,1.0,adaptive,0.096,0.0523,1,0.0523,0,0,0,0
v0zndjbcx8ec1.webp,8,6,3,3,1.0,adaptive,0.1447,0.0746,1,0.0746,0,0,0,0
v0zndjbcx8ec1.webp,8,9,6,6,0.9999,adaptive,0.1549,0.085,1,0.085,0,0,0,0
v0zndjbcx8ec1.webp,9,1,7,7,1.0,adaptive,0.1562,0.0501,1,0.0501,0,0,0,0
v0zndjbcx8ec1.webp,9,3,6,6,0.9999,adaptive,0.1824,0.0842,1,0.0842,0,0,0,0
v0zndjbcx8ec1.webp,9,4,8,8,1.0,adaptive,0.1809,0.0842,1,0.0842,0,0,0,0
v0zndjbcx8ec1.webp,9,6,1,1,0.9958,adaptive,0.1305,0.045,1,0.045,0,0,0,0
v0zndjbcx8ec1.webp,9,7,3,3,1.0,adaptive,0.1579,0.0726,1,0.0726,0,0,0,0
v1ulg38tqw8c1.webp,1,1,2,5,0.9689,adaptive,0.2506,0.1617,6,0.1054,0,0,0,1
v1ulg38tqw8c1.webp,1,2,8,6,0.5218,adaptive,0.2924,0.159,8,0.0963,4,0,0,0
v1ulg38tqw8c1.webp,1,3,3,7,0.7026,adaptive,0.2067,0.1374,4,0.0985,2,0,0,0
v1ulg38tqw8c1.webp,1,4,4,5,0.7159,adaptive,0.2691,0.1985,2,0.1305,0,0,0,0
v1ulg38tqw8c1.webp,1,5,9,9,0.8969,adaptive,0.223,0.1725,1,0.1725,0,0,0,0
v1ulg38tqw8c1.webp,1,6,7,7,0.9986,adaptive,0.2132,0.0688,2,0.0688,0,0,1,0
v1ulg38tqw8c1.webp,1,7,6,6,0.9999,adaptive,0.2533,0.0766,2,0.0766,0,1,0,0
v1ulg38tqw8c1.webp,1,8,5,5,0.9922,adaptive,0.2126,0.0712,5,0.0712,4,0,0,0
v1ulg38tqw8c1.webp,1,9,1,1,0.9839,adaptive,0.2243,0.0454,3,0.0454,2,0,0,0
v1ulg38tqw8c1.webp,2,1,9,5,0.9654,adaptive,0.1918,0.1454,1,0.1454,0,0,0,0
v1ulg38tqw8c1.webp,2,2,6,6,0.798,adaptive,0.1671,0.1389,2,0.0702,0,0,0,0
v1ulg38tqw8c1.webp,2,3,4,4,0.8733,adaptive,0.187,0.1529,1,0.1529,0,0,0,0
v1ulg38tqw8c1.webp,2,4,5,5,1.0,adaptive,0.2469,0.1945,3,0.1058,0,0,0,0
v1ulg38tqw8c1.webp,2,5,3,3,1.0,adaptive,0.1651,0.0707,2,0.0707,0,1,0,0
v1ulg38tqw8c1.webp,2,6,1,1,0.9938,adaptive,0.1576,0.0509,2,0.0509,0,1,0,0
v1ulg38tqw8c1.webp,2,7,2,2,0.9928,adaptive,0.2038,0.0529,2,0.0529,0,1,0,0
v1ulg38tqw8c1.webp,2,8,7,7,0.9888,adaptive,0.182,0.0725,1,0.0725,0,0,0,0
v1ulg38tqw8c1.webp,2,9,8,8,1.0,adaptive,0.2119,0.0776,1,0.0776,0,0,0,0
v1ulg38tqw8c1.webp,3,1,5,5,0.6383,adaptive,0.1963,0.0965,3,0.0911,0,0,1,0
v1ulg38tqw8c1.webp,3,2,7,7,0.8398,adaptive,0.1499,0.128,2,0.0708,0,0,0,0
v1ulg38tqw8c1.webp,3,3,1,1,0.9688,adaptive,0.1406,0.1201,2,0.0717,0,0,0,0
v1ulg38tqw8c1.webp,3,4,6,5,0.8455,adaptive,0.2569,0.1689,3,0.0965,1,0,0,0
v1ulg38tqw8c1.webp,3,5,2,2,0.9988,adaptive,0.2056,0.0719,2,0.0719,0,1,0,0
v1ulg38tqw8c1.webp,3,6,8,8,1.0,adaptive,0.1905,0.088,2,0.088,0,1,0,0
v1ulg38tqw8c1.webp,3,7,3,3,0.9916,adaptive,0.2544,0.1049,3,0.1049,1,1,0,0
v1ulg38tqw8c1.webp,3,8,9,9,0.9647,adaptive,0.2564,0.1124,2,0.0997,0,0,0,0
v1ulg38tqw8c1.webp,3,9,4,4,0.9951,adaptive,0.233,0.0659,4,0.0659,2,1,0,0
v1ulg38tqw8c1.webp,4,3,2,2,0.9633,adaptive,0.2419,0.1615,3,0.0956,1,0,0,0
v1ulg38tqw8c1.webp,4,4,1,1,0.9863,adaptive,0.2119,0.0526,2,0.0526,0,1,0,0
v1ulg38tqw8c1.webp,4,5,7,2,0.7382,adaptive,0.2644,0.1346,3,0.1165,1,0,0,0
v1ulg38tqw8c1.webp,4,6,4,4,1.0,adaptive,0.1958,0.0744,1,0.0744,0,0,0,0
v1ulg38tqw8c1.webp,4,8,6,2,0.7387,adaptive,0.2295,0.1425,1,0.1425,0,0,0,0
v1ulg38tqw8c1.webp,5,3,6,6,0.9513,adaptive,0.2277,0.1126,2,0.1126,0,1,0,0
v1ulg38tqw8c1.webp,5,4,9,9,0.9977,adaptive,0.2047,0.095,1,0.095,0,0,0,0
v1ulg38tqw8c1.webp,5,5,8,8,1.0,adaptive,0.1733,0.096,1,0.096,0,0,0,0
v1ulg38tqw8c1.webp,5,6,2,2,0.9826,adaptive,0.2024,0.0798,3,0.0676,1,0,0,0
v1ulg38tqw8c1.webp,6,3,7,7,0.9982,adaptive,0.2457,0.0878,17,0.0878,16,0,0,0
v1ulg38tqw8c1.webp,6,4,3,3,1.0,adaptive,0.2208,0.0724,2,0.0724,1,0,0,0
v1ulg38tqw8c1.webp,6,5,6,6,0.6559,adaptive,0.2365,0.13,4,0.0764,1,0,0,1
v1ulg38tqw8c1.webp,6,6,5,5,1.0,adaptive,0.2076,0.0875,1,0.0875,0,0,0,0
v1ulg38tqw8c1.webp,6,9,2,2,0.9792,adaptive,0.2749,0.1107,7,0.084,4,1,0,0
v1ulg38tqw8c1.webp,7,1,7,7,1.0,adaptive,0.217,0.0528,2,0.0528,0,0,1,0
v1ulg38tqw8c1.webp,7,2,1,1,0.9854,adaptive,0.1583,0.0427,3,0.0427,2,0,0,0
v1ulg38tqw8c1.webp,7,3,9,9,0.9997,adaptive,0.2163,0.0945,1,0.0945,0,0,0,0
v1ulg38tqw8c1.webp,7,4,2,2,1.0,adaptive,0.2114,0.0802,1,0.0802,0,0,0,0
v1ulg38tqw8c1.webp,7,5,5,1,0.8402,adaptive,0.2083,0.0319,3,0.0319,1,0,1,0
v1ulg38tqw8c1.webp,7,6,3,3,0.9993,adaptive,0.2181,0.102,2,0.102,1,0,0,0
v1ulg38tqw8c1.webp,7,7,4,4,1.0,adaptive,0.1849,0.08,1,0.08,0,0,0,0
v1ulg38tqw8c1.webp,7,8,8,8,0.9988,adaptive,0.2164,0.1074,2,0.1074,1,0,0,0
v1ulg38tqw8c1.webp,7,9,6,6,0.9957,adaptive,0.2286,0.1072,4,0.1072,2,1,0,0
v1ulg38tqw8c1.webp,8,1,4,4,0.9999,adaptive,0.2078,0.0697,2,0.0697,0,1,0,0
v1ulg38tqw8c1.webp,8,2,3,3,0.9964,adaptive,0.2344,0.1035,2,0.0953,0,0,0,0
v1ulg38tqw8c1.webp,8,3,5,5,1.0,adaptive,0.2386,0.1047,3,0.1047,1,1,0,0
v1ulg38tqw8c1.webp,8,4,8,8,0.9995,adaptive,0.2212,0.1185,2,0.1185,1,0,0,0
v1ulg38tqw8c1.webp,8,5,1,1,0.9888,adaptive,0.1593,0.0572,4,0.0572,3,0,0,0
v1ulg38tqw8c1.webp,8,6,6,3,0.4685,adaptive,0.1967,0.104,2,0.0959,0,0,0,0
v1ulg38tqw8c1.webp,8,8,2,2,1.0,adaptive,0.1651,0.0831,1,0.0831,0,0,0,0
v1ulg38tqw8c1.webp,9,1,6,6,0.9999,adaptive,0.2546,0.0757,4,0.0757,2,1,0,0
v1ulg38tqw8c1.webp,9,2,2,2,0.9999,adaptive,0.2146,0.076,1,0.076,0,0,0,0
v1ulg38tqw8c1.webp,9,3,8,8,1.0,adaptive,0.2511,0.0826,2,0.0826,0,1,0,0
v1ulg38tqw8c1.webp,9,4,7,7,0.9999,adaptive,0.1905,0.0628,2,0.0628,0,1,0,0
v1ulg38tqw8c1.webp,9,5,4,0,0.992,adaptive,0.1995,0.0,3,0.0,1,1,1,0
v1ulg38tqw8c1.webp,9,6,9,9,0.9999,adaptive,0.2522,0.0887,2,0.0887,0,1,0,0
v1ulg38tqw8c1.webp,9,7,1,1,0.9949,adaptive,0.1481,0.0448,2,0.0448,1,0,0,0
v1ulg38tqw8c1.webp,9,8,3,3,1.0,adaptive,0.1662,0.0735,1,0.0735,0,0,0,0
v1ulg38tqw8c1.webp,9,9,5,5,1.0,adaptive,0.2065,0.08,2,0.08,1,0,0,0
v999rnsyjfvc1.webp,1,2,7,7,1.0,adaptive,0.1624,0.0622,1,0.0622,0,0,0,0
v999rnsyjfvc1.webp,1,5,8,8,1.0,adaptive,0.1798,0.0941,1,0.0941,0,0,0,0
v999rnsyjfvc1.webp,1,7,2,2,1.0,adaptive,0.1773,0.0793,1,0.0793,0,0,0,0
v999rnsyjfvc1.webp,1,9,1,1,1.0,adaptive,0.1862,0.0586,1,0.0586,0,0,0,0
v999rnsyjfvc1.webp,2,2,8,8,1.0,adaptive,0.1788,0.0957,1,0.0957,0,0,0,0
v999rnsyjfvc1.webp,2,3,1,1,1.0,adaptive,0.1558,0.0588,1,0.0588,0,0,0,0
v999rnsyjfvc1.webp,2,6,7,7,1.0,adaptive,0.1588,0.0592,1,0.0592,0,0,0,0
v999rnsyjfvc1.webp,3,2,9,9,0.9999,adaptive,0.1746,0.0893,1,0.0893,0,0,0,0
v999rnsyjfvc1.webp,3,6,1,1,1.0,adaptive,0.1564,0.059,1,0.059,0,0,0,0
v999rnsyjfvc1.webp,3,7,7,7,1.0,adaptive,0.1452,0.0586,1,0.0586,0,0,0,0
v999rnsyjfvc1.webp,3,8,8,8,1.0,adaptive,0.1678,0.0945,1,0.0945,0,0,0,0
v999rnsyjfvc1.webp,4,3,7,7,1.0,adaptive,0.1637,0.0599,1,0.0599,0,0,0,0
v999rnsyjfvc1.webp,4,5,9,9,0.9999,adaptive,0.1628,0.0902,1,0.0902,0,0,0,0
v999rnsyjfvc1.webp,4,7,4,4,1.0,adaptive,0.1617,0.0762,1,0.0762,0,0,0,0
v999rnsyjfvc1.webp,4,8,1,1,1.0,adaptive,0.1463,0.0602,1,0.0602,0,0,0,0
v999rnsyjfvc1.webp,5,1,1,1,0.9999,adaptive,0.1461,0.0606,1,0.0606,0,0,0,0
v999rnsyjfvc1.webp,5,4,7,7,1.0,adaptive,0.1413,0.0611,1,0.0611,0,0,0,0
v999rnsyjfvc1.webp,6,1,9,9,0.9999,adaptive,0.1971,0.0889,1,0.0889,0,0,0,0
v999rnsyjfvc1.webp,6,2,4,4,1.0,adaptive,0.1599,0.073,1,0.073,0,0,0,0
v999rnsyjfvc1.webp,6,6,6,6,0.9999,adaptive,0.1878,0.0887,1,0.0887,0,0,0,0
v999rnsyjfvc1.webp,6,7,5,5,1.0,adaptive,0.1807,0.0818,1,0.0818,0,0,0,0
v999rnsyjfvc1.webp,6,8,3,3,1.0,adaptive,0.1689,0.0819,1,0.0819,0,0,0,0
v999rnsyjfvc1.webp,6,9,7,7,1.0,adaptive,0.1729,0.0624,1,0.0624,0,0,0,0
v999rnsyjfvc1.webp,7,2,1,1,1.0,adaptive,0.1588,0.0595,1,0.0595,0,0,0,0
v999rnsyjfvc1.webp,7,3,9,9,1.0,adaptive,0.1983,0.0858,1,0.0858,0,0,0,0
v999rnsyjfvc1.webp,7,4,5,5,1.0,adaptive,0.1954,0.0847,1,0.0847,0,0,0,0
v999rnsyjfvc1.webp,7,5,7,7,1.0,adaptive,0.1452,0.0604,1,0.0604,0,0,0,0
v999rnsyjfvc1.webp,8,1,7,7,1.0,adaptive,0.1608,0.0624,1,0.0624,0,0,0,0
v999rnsyjfvc1.webp,8,2,2,2,1.0,adaptive,0.1556,0.0831,1,0.0831,0,0,0,0
v999rnsyjfvc1.webp,8,6,9,9,0.9999,adaptive,0.1721,0.0889,1,0.0889,0,0,0,0
v999rnsyjfvc1.webp,8,7,1,1,0.9998,adaptive,0.1312,0.0597,1,0.0597,0,0,0,0
v999rnsyjfvc1.webp,8,8,5,5,1.0,adaptive,0.1508,0.0852,1,0.0852,0,0,0,0
v999rnsyjfvc1.webp,9,1,6,6,0.9999,adaptive,0.2136,0.0871,1,0.0871,0,0,0,0
v999rnsyjfvc1.webp,9,2,5,5,1.0,adaptive,0.1839,0.0841,1,0.0841,0,0,0,0
v999rnsyjfvc1.webp,9,3,4,4,1.0,adaptive,0.1983,0.0746,1,0.0746,0,0,0,0
v999rnsyjfvc1.webp,9,6,3,3,1.0,adaptive,0.1773,0.0791,1,0.0791,0,0,0,0
v999rnsyjfvc1.webp,9,7,8,8,1.0,adaptive,0.2139,0.0907,1,0.0907,0,0,0,0
v999rnsyjfvc1.webp,9,8,7,7,1.0,adaptive,0.1594,0.0595,1,0.0595,0,0,0,0
v999rnsyjfvc1.webp,9,9,9,9,1.0,adaptive,0.2145,0.0873,1,0.0873,0,0,0,0
vlqeozute2bc1.webp,1,1,6,6,0.9995,adaptive,0.1836,0.0833,1,0.0833,0,0,0,0
vlqeozute2bc1.webp,1,2,2,2,1.0,adaptive,0.1418,0.069,1,0.069,0,0,0,0
vlqeozute2bc1.webp,1,3,7,7,1.0,adaptive,0.129,0.0474,1,0.0474,0,0,0,0
vlqeozute2bc1.webp,1,4,3,3,1.0,adaptive,0.1718,0.0724,1,0.0724,0,0,0,0
vlqeozute2bc1.webp,1,5,9,9,0.9999,adaptive,0.1445,0.0848,1,0.0848,0,0,0,0
vlqeozute2bc1.webp,1,6,4,4,1.0,adaptive,0.151,0.0648,1,0.0648,0,0,0,0
vlqeozute2bc1.webp,1,7,0,0,0.992,adaptive,0.1089,0.0,0,0.0,0,0,0,0
vlqeozute2bc1.webp,1,8,0,0,0.992,adaptive,0.0837,0.0,0,0.0,0,0,0,0
vlqeozute2bc1.webp,1,9,1,1,0.9957,adaptive,0.1501,0.0454,1,0.0454,0,0,0,0
vlqeozute2bc1.webp,2,1,5,5,1.0,adaptive,0.1431,0.0776,1,0.0776,0,0,0,0
vlqeozute2bc1.webp,2,2,4,4,1.0,adaptive,0.1001,0.0723,1,0.0723,0,0,0,0
vlqeozute2bc1.webp,2,3,3,3,1.0,adaptive,0.1287,0.0717,1,0.0717,0,0,0,0
vlqeozute2bc1.webp,2,4,7,7,1.0,adaptive,0.0791,0.0493,1,0.0493,0,0,0,0
vlqeozute2bc1.webp,2,5,1,1,0.998,adaptive,0.0677,0.0413,1,0.0413,0,0,0,0
vlqeozute2bc1.webp,2,6,0,0,0.992,adaptive,0.0534,0.0,0,0.0,0,0,0,0
vlqeozute2bc1.webp,2,7,2,2,1.0,adaptive,0.1273,0.0703,1,0.0703,0,0,0,0
vlqeozute2bc1.webp,2,8,9,9,1.0,adaptive,0.1164,0.0863,1,0.0863,0,0,0,0
vlqeozute2bc1.webp,2,9,0,0,0.992,adaptive,0.0701,0.0,0,0.0,0,0,0,0
vlqeozute2bc1.webp,3,1,1,1,0.9985,adaptive,0.137,0.0394,1,0.0394,0,0,0,0
vlqeozute2bc1.webp,3,2,9,9,1.0,adaptive,0.1533,0.0819,1,0.0819,0,0,0,0
vlqeozute2bc1.webp,3,3,8,8,1.0,adaptive,0.1793,0.0858,1,0.0858,0,0,0,0
vlqeozute2bc1.webp,3,4,0,0,0.992,adaptive,0.0831,0.0,0,0.0,0,0,0,0
vlqeozute2bc1.webp,3,5,6,6,0.9999,adaptive,0.1262,0.0837,1,0.0837,0,0,0,0
vlqeozute2bc1.webp,3,6,0,0,0.992,adaptive,0.0593,0.0,0,0.0,0,0,0,0
vlqeozute2bc1.webp,3,7,0,0,0.992,adaptive,0.1065,0.0,0,0.0,0,0,0,0
vlqeozute2bc1.webp,3,8,0,0,0.992,adaptive,0.0721,0.0,0,0.0,0,0,0,0
vlqeozute2bc1.webp,3,9,0,0,0.992,adaptive,0.0998,0.0,0,0.0,0,0,0,0
vlqeozute2bc1.webp,4,1,4,4,1.0,adaptive,0.1421,0.0686,1,0.0686,0,0,0,0
vlqeozute2bc1.webp,4,2,0,0,0.992,adaptive,0.0615,0.0,0,0.0,0,0,0,0
vlqeozute2bc1.webp,4,3,2,2,1.0,adaptive,0.1506,0.0704,1,0.0704,0,0,0,0
vlqeozute2bc1.webp,4,4,0,0,0.992,adaptive,0.0726,0.0,0,0.0,0,0,0,0
vlqeozute2bc1.webp,4,5,0,0,0.992,adaptive,0.0561,0.0,0,0.0,0,0,0,0
vlqeozute2bc1.webp,4,6,8,8,1.0,adaptive,0.168,0.084,1,0.084,0,0,0,0
vlqeozute2bc1.webp,4,7,9,9,1.0,adaptive,0.178,0.0847,1,0.0847,0,0,0,0
vlqeozute2bc1.webp,4,8,0,0,0.992,adaptive,0.0574,0.0,0,0.0,0,0,0,0
vlqeozute2bc1.webp,4,9,0,0,0.992,adaptive,0.0855,0.0,0,0.0,0,0,0,0
vlqeozute2bc1.webp,5,1,7,7,1.0,adaptive,0.0936,0.0488,1,0.0488,0,0,0,0
vlqeozute2bc1.webp,5,2,0,0,0.992,adaptive,0.0429,0.0,0,0.0,0,0,0,0
vlqeozute2bc1.webp,5,3,0,0,0.992,adaptive,0.043,0.0,0,0.0,0,0,0,0
vlqeozute2bc1.webp,5,4,9,9,1.0,adaptive,0.1307,0.0857,1,0.0857,0,0,0,0
vlqeozute2bc1.webp,5,5,0,0,0.992,adaptive,0.0275,0.0,0,0.0,0,0,0,0
vlqeozute2bc1.webp,5,6,1,1,0.9988,adaptive,0.0877,0.0407,1,0.0407,0,0,0,0
vlqeozute2bc1.webp,5,7,4,4,1.0,adaptive,0.1208,0.0685,1,0.0685,0,0,0,0
vlqeozute2bc1.webp,5,8,0,0,0.992,adaptive,0.0227,0.0,0,0.0,0,0,0,0
vlqeozute2bc1.webp,5,9,2,2,1.0,adaptive,0.1275,0.0706,1,0.0706,0,0,0,0
vlqeozute2bc1.webp,6,1,3,3,1.0,adaptive,0.1591,0.0731,1,0.0731,0,0,0,0
vlqeozute2bc1.webp,6,2,1,1,0.9986,adaptive,0.1104,0.04,1,0.04,0,0,0,0
vlqeozute2bc1.webp,6,3,0,0,0.992,adaptive,0.082,0.0,0,0.0,0,0,0,0
vlqeozute2bc1.webp,6,4,0,0,0.992,adaptive,0.0835,0.0,0,0.0,0,0,0,0
vlqeozute2bc1.webp,6,5,7,7,1.0,adaptive,0.0803,0.0504,1,0.0504,0,0,0,0
vlqeozute2bc1.webp,6,6,0,0,0.992,adaptive,0.0844,0.0,0,0.0,0,0,0,0
vlqeozute2bc1.webp,6,7,0,0,0.992,adaptive,0.084,0.0,0,0.0,0,0,0,0
vlqeozute2bc1.webp,6,8,0,0,0.992,adaptive,0.0572,0.0,0,0.0,0,0,0,0
vlqeozute2bc1.webp,6,9,8,8,1.0,adaptive,0.1689,0.0831,1,0.0831,0,0,0,0
vlqeozute2bc1.webp,7,1,9,9,1.0,adaptive,0.1724,0.0831,1,0.0831,0,0,0,0
vlqeozute2bc1.webp,7,2,0,0,0.992,adaptive,0.0701,0.0,0,0.0,0,0,0,0
vlqeozute2bc1.webp,7,3,0,0,0.992,adaptive,0.0831,0.0,0,0.0,0,0,0,0
vlqeozute2bc1.webp,7,4,0,0,0.992,adaptive,0.0844,0.0,0,0.0,0,0,0,0
vlqeozute2bc1.webp,7,5,2,2,1.0,adaptive,0.1413,0.0699,1,0.0699,0,0,0,0
vlqeozute2bc1.webp,7,6,3,3,1.0,adaptive,0.1682,0.0733,1,0.0733,0,0,0,0
vlqeozute2bc1.webp,7,7,8,8,1.0,adaptive,0.1804,0.0862,1,0.0862,0,0,0,0
vlqeozute2bc1.webp,7,8,0,0,0.992,adaptive,0.0572,0.0,0,0.0,0,0,0,0
vlqeozute2bc1.webp,7,9,5,5,1.0,adaptive,0.1631,0.0786,1,0.0786,0,0,0,0
vlqeozute2bc1.webp,8,1,2,2,1.0,adaptive,0.154,0.0717,1,0.0717,0,0,0,0
vlqeozute2bc1.webp,8,2,6,6,0.9999,adaptive,0.1433,0.0863,1,0.0863,0,0,0,0
vlqeozute2bc1.webp,8,3,0,0,0.992,adaptive,0.0708,0.0,0,0.0,0,0,0,0
vlqeozute2bc1.webp,8,4,5,5,1.0,adaptive,0.1418,0.0803,1,0.0803,0,0,0,0
vlqeozute2bc1.webp,8,5,8,8,1.0,adaptive,0.1336,0.0875,1,0.0875,0,0,0,0
vlqeozute2bc1.webp,8,6,0,0,0.992,adaptive,0.071,0.0,0,0.0,0,0,0,0
vlqeozute2bc1.webp,8,7,3,3,1.0,adaptive,0.1438,0.073,1,0.073,0,0,0,0
vlqeozute2bc1.webp,8,8,0,0,0.992,adaptive,0.0441,0.0,0,0.0,0,0,0,0
vlqeozute2bc1.webp,8,9,0,0,0.992,adaptive,0.0717,0.0,0,0.0,0,0,0,0
vlqeozute2bc1.webp,9,1,8,8,1.0,adaptive,0.1862,0.0855,1,0.0855,0,0,0,0
vlqeozute2bc1.webp,9,2,3,3,1.0,adaptive,0.1447,0.0744,1,0.0744,0,0,0,0
vlqeozute2bc1.webp,9,3,0,0,0.992,adaptive,0.0847,0.0,0,0.0,0,0,0,0
vlqeozute2bc1.webp,9,4,0,0,0.992,adaptive,0.098,0.0,0,0.0,0,0,0,0
vlqeozute2bc1.webp,9,5,0,0,0.992,adaptive,0.0758,0.0,0,0.0,0,0,0,0
vlqeozute2bc1.webp,9,6,0,0,0.992,adaptive,0.1038,0.0,0,0.0,0,0,0,0
vlqeozute2bc1.webp,9,7,1,1,0.9973,adaptive,0.1321,0.0399,1,0.0399,0,0,0,0
vlqeozute2bc1.webp,9,8,2,2,1.0,adaptive,0.1282,0.0706,1,0.0706,0,0,0,0
vlqeozute2bc1.webp,9,9,9,9,1.0,adaptive,0.172,0.0851,1,0.0851,0,0,0,0
vwcqsix55gtc1.webp,1,1,7,7,1.0,adaptive,0.1631,0.0495,1,0.0495,0,0,0,0
vwcqsix55gtc1.webp,1,2,3,3,1.0,adaptive,0.1574,0.0715,1,0.0715,0,0,0,0
vwcqsix55gtc1.webp,1,4,9,9,0.9999,adaptive,0.1813,0.0818,1,0.0818,0,0,0,0
vwcqsix55gtc1.webp,1,5,6,6,0.9999,adaptive,0.1436,0.0839,1,0.0839,0,0,0,0
vwcqsix55gtc1.webp,1,6,2,2,1.0,adaptive,0.1653,0.0659,1,0.0659,0,0,0,0
vwcqsix55gtc1.webp,1,7,4,4,1.0,adaptive,0.1633,0.0644,1,0.0644,0,0,0,0
vwcqsix55gtc1.webp,2,1,2,2,1.0,adaptive,0.1551,0.0692,1,0.0692,0,0,0,0
vwcqsix55gtc1.webp,2,2,4,4,1.0,adaptive,0.1247,0.0666,1,0.0666,0,0,0,0
vwcqsix55gtc1.webp,2,3,9,9,1.0,adaptive,0.1522,0.0825,1,0.0825,0,0,0,0
vwcqsix55gtc1.webp,2,4,1,1,0.9989,adaptive,0.1101,0.0393,1,0.0393,0,0,0,0
vwcqsix55gtc1.webp,2,5,8,8,1.0,adaptive,0.1146,0.0845,1,0.0845,0,0,0,0
vwcqsix55gtc1.webp,2,6,5,5,1.0,adaptive,0.1355,0.076,1,0.076,0,0,0,0
vwcqsix55gtc1.webp,2,7,7,7,1.0,adaptive,0.1194,0.05,1,0.05,0,0,0,0
vwcqsix55gtc1.webp,3,1,6,6,0.9999,adaptive,0.1807,0.082,1,0.082,0,0,0,0
vwcqsix55gtc1.webp,3,3,1,1,0.998,adaptive,0.1207,0.0392,1,0.0392,0,0,0,0
vwcqsix55gtc1.webp,3,4,3,3,1.0,adaptive,0.1517,0.0708,1,0.0708,0,0,0,0
vwcqsix55gtc1.webp,3,5,7,7,1.0,adaptive,0.0832,0.0509,1,0.0509,0,0,0,0
vwcqsix55gtc1.webp,3,6,4,4,1.0,adaptive,0.1299,0.0679,1,0.0679,0,0,0,0
vwcqsix55gtc1.webp,3,8,2,2,1.0,adaptive,0.1393,0.0697,1,0.0697,0,0,0,0
vwcqsix55gtc1.webp,4,1,8,8,1.0,adaptive,0.1818,0.082,1,0.082,0,0,0,0
vwcqsix55gtc1.webp,4,2,9,9,1.0,adaptive,0.1536,0.0832,1,0.0832,0,0,0,0
vwcqsix55gtc1.webp,4,3,4,4,1.0,adaptive,0.1497,0.0666,1,0.0666,0,0,0,0
vwcqsix55gtc1.webp,4,4,5,5,1.0,adaptive,0.162,0.0769,1,0.0769,0,0,0,0
vwcqsix55gtc1.webp,4,5,3,3,1.0,adaptive,0.1156,0.0712,1,0.0712,0,0,0,0
vwcqsix55gtc1.webp,4,6,1,1,0.998,adaptive,0.1227,0.0394,1,0.0394,0,0,0,0
vwcqsix55gtc1.webp,4,7,6,6,1.0,adaptive,0.1633,0.0804,1,0.0804,0,0,0,0
vwcqsix55gtc1.webp,4,8,7,7,1.0,adaptive,0.1208,0.0507,1,0.0507,0,0,0,0
vwcqsix55gtc1.webp,4,9,2,2,1.0,adaptive,0.1642,0.0644,1,0.0644,0,0,0,0
vwcqsix55gtc1.webp,5,1,5,5,1.0,adaptive,0.1368,0.0771,1,0.0771,0,0,0,0
vwcqsix55gtc1.webp,5,2,2,2,1.0,adaptive,0.0999,0.0696,1,0.0696,0,0,0,0
vwcqsix55gtc1.webp,5,3,7,7,1.0,adaptive,0.0925,0.0482,1,0.0482,0,0,0,0
vwcqsix55gtc1.webp,5,4,6,6,0.9999,adaptive,0.1262,0.0819,1,0.0819,0,0,0,0
vwcqsix55gtc1.webp,5,5,4,4,1.0,adaptive,0.0691,0.0677,1,0.0677,0,0,0,0
vwcqsix55gtc1.webp,5,6,9,9,1.0,adaptive,0.1239,0.0807,1,0.0807,0,0,0,0
vwcqsix55gtc1.webp,6,1,1,1,0.9948,adaptive,0.1423,0.0425,1,0.0425,0,0,0,0
vwcqsix55gtc1.webp,6,2,6,6,0.9998,adaptive,0.1517,0.0816,1,0.0816,0,0,0,0
vwcqsix55gtc1.webp,6,3,3,3,1.0,adaptive,0.1537,0.0706,1,0.0706,0,0,0,0
vwcqsix55gtc1.webp,6,4,8,8,1.0,adaptive,0.1657,0.0813,1,0.0813,0,0,0,0
vwcqsix55gtc1.webp,6,5,2,2,1.0,adaptive,0.1126,0.0685,1,0.0685,0,0,0,0
vwcqsix55gtc1.webp,6,6,7,7,1.0,adaptive,0.1321,0.049,1,0.049,0,0,0,0
vwcqsix55gtc1.webp,6,8,4,4,1.0,adaptive,0.1382,0.0678,1,0.0678,0,0,0,0
vwcqsix55gtc1.webp,7,1,3,3,1.0,adaptive,0.17,0.0711,1,0.0711,0,0,0,0
vwcqsix55gtc1.webp,7,3,2,2,1.0,adaptive,0.1493,0.0671,1,0.0671,0,0,0,0
vwcqsix55gtc1.webp,7,4,4,4,1.0,adaptive,0.1488,0.0686,1,0.0686,0,0,0,0
vwcqsix55gtc1.webp,7,5,9,9,1.0,adaptive,0.1242,0.0807,1,0.0807,0,0,0,0
vwcqsix55gtc1.webp,7,7,1,1,0.998,adaptive,0.1214,0.0392,1,0.0392,0,0,0,0
vwcqsix55gtc1.webp,7,9,7,7,1.0,adaptive,0.1488,0.0499,1,0.0499,0,0,0,0
vwcqsix55gtc1.webp,8,1,4,4,1.0,adaptive,0.1542,0.069,1,0.069,0,0,0,0
vwcqsix55gtc1.webp,8,2,7,7,1.0,adaptive,0.1058,0.051,1,0.051,0,0,0,0
vwcqsix55gtc1.webp,8,4,2,2,1.0,adaptive,0.1373,0.0685,1,0.0685,0,0,0,0
vwcqsix55gtc1.webp,8,5,1,1,0.999,adaptive,0.0652,0.0358,1,0.0358,0,0,0,0
vwcqsix55gtc1.webp,8,8,9,9,1.0,adaptive,0.1391,0.0843,1,0.0843,0,0,0,0
vwcqsix55gtc1.webp,9,1,9,9,0.9999,adaptive,0.1931,0.0798,1,0.0798,0,0,0,0
vwcqsix55gtc1.webp,9,2,1,1,0.9975,adaptive,0.1257,0.0398,1,0.0398,0,0,0,0
vwcqsix55gtc1.webp,9,3,6,6,0.9999,adaptive,0.18,0.0813,1,0.0813,0,0,0,0
vwcqsix55gtc1.webp,9,4,7,7,1.0,adaptive,0.1348,0.0477,1,0.0477,0,0,0,0
vwcqsix55gtc1.webp,9,5,5,5,1.0,adaptive,0.1368,0.0771,1,0.0771,0,0,0,0
vwcqsix55gtc1.webp,9,6,3,3,1.0,adaptive,0.1682,0.0695,1,0.0695,0,0,0,0
vwcqsix55gtc1.webp,9,7,2,2,1.0,adaptive,0.1671,0.0688,1,0.0688,0,0,0,0
vwcqsix55gtc1.webp,9,8,8,8,1.0,adaptive,0.168,0.0821,1,0.0821,0,0,0,0
vwcqsix55gtc1.webp,9,9,4,4,1.0,adaptive,0.1787,0.065,1,0.065,0,0,0,0
wbdhjl2qm3ic1.webp,1,6,8,8,1.0,adaptive,0.1831,0.0855,1,0.0855,0,0,0,0
wbdhjl2qm3ic1.webp,1,9,9,9,1.0,adaptive,0.1553,0.0826,1,0.0826,0,0,0,0
wbdhjl2qm3ic1.webp,2,1,8,8,1.0,adaptive,0.1581,0.0873,1,0.0873,0,0,0,0
wbdhjl2qm3ic1.webp,2,2,7,7,1.0,adaptive,0.1067,0.0521,1,0.0521,0,0,0,0
wbdhjl2qm3ic1.webp,2,6,1,1,0.9937,adaptive,0.1284,0.0452,1,0.0452,0,0,0,0
wbdhjl2qm3ic1.webp,2,7,3,3,1.0,adaptive,0.13,0.0737,1,0.0737,0,0,0,0
wbdhjl2qm3ic1.webp,3,1,5,5,1.0,adaptive,0.1368,0.0782,1,0.0782,0,0,0,0
wbdhjl2qm3ic1.webp,3,5,2,2,1.0,adaptive,0.0972,0.069,1,0.069,0,0,0,0
wbdhjl2qm3ic1.webp,3,6,7,7,1.0,adaptive,0.1141,0.0521,1,0.0521,0,0,0,0
wbdhjl2qm3ic1.webp,3,9,6,6,1.0,adaptive,0.1506,0.0831,1,0.0831,0,0,0,0
wbdhjl2qm3ic1.webp,4,3,4,4,1.0,adaptive,0.1617,0.0697,1,0.0697,0,0,0,0
wbdhjl2qm3ic1.webp,4,4,5,5,1.0,adaptive,0.166,0.0793,1,0.0793,0,0,0,0
wbdhjl2qm3ic1.webp,4,7,9,9,1.0,adaptive,0.1735,0.0851,1,0.0851,0,0,0,0
wbdhjl2qm3ic1.webp,5,1,3,3,1.0,adaptive,0.1468,0.076,1,0.076,0,0,0,0
wbdhjl2qm3ic1.webp,5,2,5,5,1.0,adaptive,0.1233,0.0826,1,0.0826,0,0,0,0
wbdhjl2qm3ic1.webp,5,3,7,7,1.0,adaptive,0.1176,0.0502,1,0.0502,0,0,0,0
wbdhjl2qm3ic1.webp,5,4,2,2,1.0,adaptive,0.1418,0.0724,1,0.0724,0,0,0,0
wbdhjl2qm3ic1.webp,5,6,9,9,1.0,adaptive,0.1407,0.0828,1,0.0828,0,0,0,0
wbdhjl2qm3ic1.webp,5,9,4,4,1.0,adaptive,0.1303,0.0726,1,0.0726,0,0,0,0
wbdhjl2qm3ic1.webp,6,2,9,9,1.0,adaptive,0.1483,0.0859,1,0.0859,0,0,0,0
wbdhjl2qm3ic1.webp,6,3,8,8,1.0,adaptive,0.1666,0.0847,1,0.0847,0,0,0,0
wbdhjl2qm3ic1.webp,7,1,4,4,1.0,adaptive,0.1535,0.0699,1,0.0699,0,0,0,0
wbdhjl2qm3ic1.webp,7,5,9,9,1.0,adaptive,0.1524,0.0846,1,0.0846,0,0,0,0
wbdhjl2qm3ic1.webp,7,6,5,5,1.0,adaptive,0.1724,0.0804,1,0.0804,0,0,0,0
wbdhjl2qm3ic1.webp,7,8,1,1,0.9965,adaptive,0.1113,0.0416,1,0.0416,0,0,0,0
wbdhjl2qm3ic1.webp,8,1,9,9,1.0,adaptive,0.1524,0.0814,1,0.0814,0,0,0,0
wbdhjl2qm3ic1.webp,9,1,7,7,1.0,adaptive,0.1513,0.0508,1,0.0508,0,0,0,0
wbdhjl2qm3ic1.webp,9,4,6,6,0.9999,adaptive,0.17,0.084,1,0.084,0,0,0,0
wbdhjl2qm3ic1.webp,9,8,9,9,1.0,adaptive,0.1556,0.0828,1,0.0828,0,0,0,0
wbdhjl2qm3ic1.webp,9,9,3,3,1.0,adaptive,0.1729,0.0737,1,0.0737,0,0,0,0
wf5sveh0ndbc1.webp,1,1,0,0,0.992,adaptive,0.1399,0.0,0,0.0,0,0,0,0
wf5sveh0ndbc1.webp,1,2,4,4,1.0,adaptive,0.1886,0.076,1,0.076,0,0,0,0
wf5sveh0ndbc1.webp,1,3,0,0,0.992,adaptive,0.1123,0.0,0,0.0,0,0,0,0
wf5sveh0ndbc1.webp,1,4,0,0,0.992,adaptive,0.1381,0.0,1,0.0,0,1,0,0
wf5sveh0ndbc1.webp,1,5,0,0,0.992,adaptive,0.1133,0.0,1,0.0,0,1,0,0
wf5sveh0ndbc1.webp,1,6,6,6,0.9998,adaptive,0.1971,0.0851,1,0.0851,0,0,0,0
wf5sveh0ndbc1.webp,1,7,9,9,0.9999,adaptive,0.2217,0.0847,1,0.0847,0,0,0,0
wf5sveh0ndbc1.webp,1,8,0,0,0.992,adaptive,0.1416,0.0,0,0.0,0,0,0,0
wf5sveh0ndbc1.webp,1,9,0,0,0.992,adaptive,0.1488,0.0,0,0.0,0,0,0,0
wf5sveh0ndbc1.webp,2,1,0,0,0.992,adaptive,0.1088,0.0,0,0.0,0,0,0,0
wf5sveh0ndbc1.webp,2,2,1,1,1.0,adaptive,0.1201,0.0608,1,0.0608,0,0,0,0
wf5sveh0ndbc1.webp,2,3,0,0,0.992,adaptive,0.0832,0.0,0,0.0,0,0,0,0
wf5sveh0ndbc1.webp,2,4,0,0,0.992,adaptive,0.1142,0.0,1,0.0,0,1,0,0
wf5sveh0ndbc1.webp,2,5,0,0,0.992,adaptive,0.0978,0.0,1,0.0,0,1,0,0
wf5sveh0ndbc1.webp,2,6,0,0,0.992,adaptive,0.1004,0.0,0,0.0,0,0,0,0
wf5sveh0ndbc1.webp,2,7,0,0,0.992,adaptive,0.1253,0.0,0,0.0,0,0,0,0
wf5sveh0ndbc1.webp,2,8,4,4,1.0,adaptive,0.1726,0.073,1,0.073,0,0,0,0
wf5sveh0ndbc1.webp,2,9,3,3,1.0,adaptive,0.182,0.0767,1,0.0767,0,0,0,0
wf5sveh0ndbc1.webp,3,1,0,0,0.992,adaptive,0.1234,0.0,0,0.0,0,0,0,0
wf5sveh0ndbc1.webp,3,2,0,0,0.992,adaptive,0.0925,0.0,0,0.0,0,0,0,0
wf5sveh0ndbc1.webp,3,3,0,0,0.992,adaptive,0.1038,0.0,0,0.0,0,0,0,0
wf5sveh0ndbc1.webp,3,4,0,0,0.992,adaptive,0.1247,0.0,1,0.0,0,1,0,0
wf5sveh0ndbc1.webp,3,5,0,0,0.992,adaptive,0.0988,0.0,1,0.0,0,1,0,0
wf5sveh0ndbc1.webp,3,6,0,0,0.992,adaptive,0.0969,0.0,0,0.0,0,0,0,0
wf5sveh0ndbc1.webp,3,7,0,0,0.992,adaptive,0.1328,0.0,0,0.0,0,0,0,0
wf5sveh0ndbc1.webp,3,8,0,0,0.992,adaptive,0.1393,0.0,2,0.0,2,0,0,0
wf5sveh0ndbc1.webp,3,9,0,0,0.992,adaptive,0.1352,0.0,1,0.0,0,1,0,0
wf5sveh0ndbc1.webp,4,1,1,1,1.0,adaptive,0.1731,0.0606,1,0.0606,0,0,0,0
wf5sveh0ndbc1.webp,4,2,3,3,1.0,adaptive,0.1725,0.0819,1,0.0819,0,0,0,0
wf5sveh0ndbc1.webp,4,3,0,0,0.992,adaptive,0.1002,0.0,0,0.0,0,0,0,0
wf5sveh0ndbc1.webp,4,4,0,0,0.992,adaptive,0.1265,0.0,1,0.0,0,1,0,0
wf5sveh0ndbc1.webp,4,5,0,0,0.992,adaptive,0.0954,0.0,1,0.0,0,1,0,0
wf5sveh0ndbc1.webp,4,6,0,0,0.992,adaptive,0.0813,0.0,0,0.0,0,0,0,0
wf5sveh0ndbc1.webp,4,7,0,0,0.992,adaptive,0.1076,0.0,0,0.0,0,0,0,0
wf5sveh0ndbc1.webp,4,8,0,0,0.992,adaptive,0.1088,0.0,2,0.0,1,1,0,0
wf5sveh0ndbc1.webp,4,9,8,8,1.0,adaptive,0.178,0.0858,2,0.0858,0,1,0,0
wf5sveh0ndbc1.webp,5,1,0,0,0.992,adaptive,0.1162,0.0,0,0.0,0,0,0,0
wf5sveh0ndbc1.webp,5,2,0,0,0.992,adaptive,0.0792,0.0,0,0.0,0,0,0,0
wf5sveh0ndbc1.webp,5,3,7,7,1.0,adaptive,0.1481,0.0649,1,0.0649,0,0,0,0
wf5sveh0ndbc1.webp,5,4,0,0,0.992,adaptive,0.1115,0.0,1,0.0,0,1,0,0
wf5sveh0ndbc1.webp,5,5,9,9,0.9994,adaptive,0.1715,0.0946,4,0.0893,1,1,0,0
wf5sveh0ndbc1.webp,5,6,0,0,0.992,adaptive,0.0868,0.0,1,0.0,0,1,0,0
wf5sveh0ndbc1.webp,5,7,0,0,0.9746,adaptive,0.1124,0.0341,1,0.0341,0,0,0,0
wf5sveh0ndbc1.webp,5,8,6,6,0.9998,adaptive,0.1857,0.0868,2,0.0868,0,1,0,0
wf5sveh0ndbc1.webp,5,9,5,5,0.9996,adaptive,0.1775,0.1119,2,0.0796,0,0,0,0
wf5sveh0ndbc1.webp,6,1,2,2,1.0,adaptive,0.2007,0.0826,1,0.0826,0,0,0,0
wf5sveh0ndbc1.webp,6,2,0,0,0.992,adaptive,0.1002,0.0,0,0.0,0,0,0,0
wf5sveh0ndbc1.webp,6,3,0,0,0.992,adaptive,0.1141,0.0,1,0.0,1,0,0,0
wf5sveh0ndbc1.webp,6,4,7,7,1.0,adaptive,0.2065,0.0599,3,0.0599,0,2,0,0
wf5sveh0ndbc1.webp,6,5,4,4,1.0,adaptive,0.1938,0.0742,3,0.0742,0,2,0,0
wf5sveh0ndbc1.webp,6,6,0,0,0.992,adaptive,0.1174,0.0,1,0.0,0,1,0,0
wf5sveh0ndbc1.webp,6,7,0,0,0.992,adaptive,0.1464,0.0,1,0.0,0,1,0,0
wf5sveh0ndbc1.webp,6,8,0,0,0.992,adaptive,0.1398,0.0,1,0.0,0,1,0,0
wf5sveh0ndbc1.webp,6,9,0,1,0.9671,adaptive,0.1417,0.061,1,0.061,0,0,0,0
wf5sveh0ndbc1.webp,7,1,0,0,0.992,adaptive,0.1254,0.0,0,0.0,0,0,0,0
wf5sveh0ndbc1.webp,7,2,0,0,0.992,adaptive,0.0896,0.0,0,0.0,0,0,0,0
wf5sveh0ndbc1.webp,7,3,0,0,0.992,adaptive,0.086,0.0,0,0.0,0,0,0,0
wf5sveh0ndbc1.webp,7,4,5,5,1.0,adaptive,0.1931,0.0829,3,0.0829,0,2,0,0
wf5sveh0ndbc1.webp,7,5,0,0,0.992,adaptive,0.0862,0.0,2,0.0,0,2,0,0
wf5sveh0ndbc1.webp,7,6,0,0,0.992,adaptive,0.0842,0.0,1,0.0,0,1,0,0
wf5sveh0ndbc1.webp,7,7,0,0,0.9787,adaptive,0.1125,0.0345,1,0.0345,0,0,0,0
wf5sveh0ndbc1.webp,7,8,0,0,0.992,adaptive,0.1119,0.0,1,0.0,0,1,0,0
wf5sveh0ndbc1.webp,7,9,0,0,0.9791,adaptive,0.1067,0.0334,1,0.0334,0,0,0,0
wf5sveh0ndbc1.webp,8,1,6,6,0.9999,adaptive,0.1958,0.0914,1,0.0914,0,0,0,0
wf5sveh0ndbc1.webp,8,2,0,0,0.992,adaptive,0.0845,0.0,0,0.0,0,0,0,0
wf5sveh0ndbc1.webp,8,3,0,0,0.992,adaptive,0.0814,0.0,2,0.0,1,1,0,0
wf5sveh0ndbc1.webp,8,4,0,0,0.992,adaptive,0.1101,0.0,1,0.0,0,0,1,0
wf5sveh0ndbc1.webp,8,5,0,0,0.992,adaptive,0.0847,0.0,2,0.0,0,2,0,0
wf5sveh0ndbc1.webp,8,6,9,9,0.9995,adaptive,0.1644,0.0839,2,0.0839,0,1,0,0
wf5sveh0ndbc1.webp,8,7,0,0,0.9818,adaptive,0.1085,0.0299,2,0.0299,1,0,0,0
wf5sveh0ndbc1.webp,8,8,0,0,0.992,adaptive,0.1107,0.0,1,0.0,0,1,0,0
wf5sveh0ndbc1.webp,8,9,0,0,0.9842,adaptive,0.1144,0.0317,1,0.0317,0,0,0,0
wf5sveh0ndbc1.webp,9,1,0,0,0.992,adaptive,0.1366,0.0,0,0.0,0,0,0,0
wf5sveh0ndbc1.webp,9,2,0,0,0.992,adaptive,0.1205,0.0,1,0.0,0,1,0,0
wf5sveh0ndbc1.webp,9,3,0,0,0.992,adaptive,0.1201,0.0,1,0.0,0,1,0,0
wf5sveh0ndbc1.webp,9,4,0,0,0.992,adaptive,0.1435,0.0,2,0.0,0,2,0,0
wf5sveh0ndbc1.webp,9,5,6,6,0.9976,adaptive,0.2042,0.085,3,0.085,0,2,0,0
wf5sveh0ndbc1.webp,9,6,3,3,0.9999,adaptive,0.2179,0.0671,2,0.0671,0,1,0,0
wf5sveh0ndbc1.webp,9,7,0,0,0.992,adaptive,0.1833,0.0,1,0.0,0,1,0,0
wf5sveh0ndbc1.webp,9,8,5,5,0.8036,adaptive,0.2578,0.0574,2,0.0574,0,1,0,0
wf5sveh0ndbc1.webp,9,9,7,1,0.9435,adaptive,0.233,0.0283,3,0.0283,0,2,0,0
wsaxcnhrqdec1.jpg,1,1,0,0,0.992,adaptive,0.1379,0.0,0,0.0,0,0,0,0
wsaxcnhrqdec1.jpg,1,2,0,0,0.992,adaptive,0.1015,0.0,0,0.0,0,0,0,0
wsaxcnhrqdec1.jpg,1,3,6,6,0.9999,adaptive,0.2185,0.0922,1,0.0922,0,0,0,0
wsaxcnhrqdec1.jpg,1,4,9,9,1.0,adaptive,0.2297,0.0913,1,0.0913,0,0,0,0
wsaxcnhrqdec1.jpg,1,5,0,0,0.992,adaptive,0.1,0.0,0,0.0,0,0,0,0
wsaxcnhrqdec1.jpg,1,6,0,0,0.992,adaptive,0.1372,0.0,0,0.0,0,0,0,0
wsaxcnhrqdec1.jpg,1,7,0,0,0.992,adaptive,0.1388,0.0,0,0.0,0,0,0,0
wsaxcnhrqdec1.jpg,1,8,0,0,0.992,adaptive,0.1144,0.0,0,0.0,0,0,0,0
wsaxcnhrqdec1.jpg,1,9,5,5,1.0,adaptive,0.2188,0.0835,1,0.0835,0,0,0,0
wsaxcnhrqdec1.jpg,2,1,0,0,0.992,adaptive,0.1137,0.0,0,0.0,0,0,0,0
wsaxcnhrqdec1.jpg,2,2,2,2,1.0,adaptive,0.1584,0.0845,1,0.0845,0,0,0,0
wsaxcnhrqdec1.jpg,2,3,0,0,0.992,adaptive,0.1006,0.0,0,0.0,0,0,0,0
wsaxcnhrqdec1.jpg,2,4,0,0,0.992,adaptive,0.1149,0.0,0,0.0,0,0,0,0
wsaxcnhrqdec1.jpg,2,5,0,0,0.992,adaptive,0.0728,0.0,0,0.0,0,0,0,0
wsaxcnhrqdec1.jpg,2,6,0,0,0.992,adaptive,0.1144,0.0,0,0.0,0,0,0,0
wsaxcnhrqdec1.jpg,2,7,0,0,0.992,adaptive,0.1142,0.0,0,0.0,0,0,0,0
wsaxcnhrqdec1.jpg,2,8,4,4,1.0,adaptive,0.1621,0.0751,1,0.0751,0,0,0,0
wsaxcnhrqdec1.jpg,2,9,0,0,0.992,adaptive,0.1144,0.0,0,0.0,0,0,0,0
wsaxcnhrqdec1.jpg,3,1,0,0,0.992,adaptive,0.139,0.0,0,0.0,0,0,0,0
wsaxcnhrqdec1.jpg,3,2,0,0,0.992,adaptive,0.102,0.0,0,0.0,0,0,0,0
wsaxcnhrqdec1.jpg,3,3,1,1,0.9943,adaptive,0.1753,0.0479,1,0.0479,0,0,0,0
wsaxcnhrqdec1.jpg,3,4,8,8,1.0,adaptive,0.237,0.0962,1,0.0962,0,0,0,0
wsaxcnhrqdec1.jpg,3,5,2,2,1.0,adaptive,0.1832,0.083,1,0.083,0,0,0,0
wsaxcnhrqdec1.jpg,3,6,5,5,1.0,adaptive,0.2225,0.0826,1,0.0826,0,0,0,0
wsaxcnhrqdec1.jpg,3,7,0,0,0.992,adaptive,0.1395,0.0,0,0.0,0,0,0,0
wsaxcnhrqdec1.jpg,3,8,0,0,0.992,adaptive,0.1144,0.0,0,0.0,0,0,0,0
wsaxcnhrqdec1.jpg,3,9,0,0,0.992,adaptive,0.1388,0.0,0,0.0,0,0,0,0
wsaxcnhrqdec1.jpg,4,1,0,0,0.992,adaptive,0.1515,0.0,0,0.0,0,0,0,0
wsaxcnhrqdec1.jpg,4,2,0,0,0.992,adaptive,0.1149,0.0,0,0.0,0,0,0,0
wsaxcnhrqdec1.jpg,4,3,4,4,1.0,adaptive,0.2092,0.0704,1,0.0704,0,0,0,0
wsaxcnhrqdec1.jpg,4,4,0,0,0.992,adaptive,0.151,0.0,0,0.0,0,0,0,0
wsaxcnhrqdec1.jpg,4,5,0,0,0.992,adaptive,0.1124,0.0,0,0.0,0,0,0,0
wsaxcnhrqdec1.jpg,4,6,0,0,0.992,adaptive,0.1508,0.0,0,0.0,0,0,0,0
wsaxcnhrqdec1.jpg,4,7,0,0,0.992,adaptive,0.151,0.0,0,0.0,0,0,0,0
wsaxcnhrqdec1.jpg,4,8,0,0,0.992,adaptive,0.1273,0.0,0,0.0,0,0,0,0
wsaxcnhrqdec1.jpg,4,9,0,0,0.992,adaptive,0.1493,0.0,0,0.0,0,0,0,0
wsaxcnhrqdec1.jpg,5,1,5,5,1.0,adaptive,0.1879,0.0873,1,0.0873,0,0,0,0
wsaxcnhrqdec1.jpg,5,2,0,0,0.992,adaptive,0.0595,0.0,0,0.0,0,0,0,0
wsaxcnhrqdec1.jpg,5,3,0,0,0.992,adaptive,0.0873,0.0,0,0.0,0,0,0,0
wsaxcnhrqdec1.jpg,5,4,1,1,0.9907,adaptive,0.1502,0.0484,1,0.0484,0,0,0,0
wsaxcnhrqdec1.jpg,5,5,8,8,1.0,adaptive,0.1561,0.0978,1,0.0978,0,0,0,0
wsaxcnhrqdec1.jpg,5,6,0,0,0.992,adaptive,0.1006,0.0,0,0.0,0,0,0,0
wsaxcnhrqdec1.jpg,5,7,0,0,0.992,adaptive,0.1004,0.0,0,0.0,0,0,0,0
wsaxcnhrqdec1.jpg,5,8,0,0,0.992,adaptive,0.073,0.0,0,0.0,0,0,0,0
wsaxcnhrqdec1.jpg,5,9,9,9,1.0,adaptive,0.194,0.0932,1,0.0932,0,0,0,0
wsaxcnhrqdec1.jpg,6,1,0,0,0.992,adaptive,0.1406,0.0,0,0.0,0,0,0,0
wsaxcnhrqdec1.jpg,6,2,0,0,0.992,adaptive,0.1024,0.0,0,0.0,0,0,0,0
wsaxcnhrqdec1.jpg,6,3,0,0,0.992,adaptive,0.1283,0.0,0,0.0,0,0,0,0
wsaxcnhrqdec1.jpg,6,4,0,0,0.992,adaptive,0.1419,0.0,0,0.0,0,0,0,0
wsaxcnhrqdec1.jpg,6,5,0,0,0.992,adaptive,0.1006,0.0,0,0.0,0,0,0,0
wsaxcnhrqdec1.jpg,6,6,0,0,0.992,adaptive,0.1397,0.0,0,0.0,0,0,0,0
wsaxcnhrqdec1.jpg,6,7,7,7,1.0,adaptive,0.2009,0.0601,1,0.0601,0,0,0,0
wsaxcnhrqdec1.jpg,6,8,0,0,0.992,adaptive,0.1147,0.0,0,0.0,0,0,0,0
wsaxcnhrqdec1.jpg,6,9,1,1,0.9682,adaptive,0.1873,0.0488,1,0.0488,0,0,0,0
wsaxcnhrqdec1.jpg,7,1,0,0,0.992,adaptive,0.1261,0.0,0,0.0,0,0,0,0
wsaxcnhrqdec1.jpg,7,2,0,0,0.992,adaptive,0.088,0.0,0,0.0,0,0,0,0
wsaxcnhrqdec1.jpg,7,3,0,0,0.992,adaptive,0.1145,0.0,0,0.0,0,0,0,0
wsaxcnhrqdec1.jpg,7,4,3,3,1.0,adaptive,0.2119,0.084,1,0.084,0,0,0,0
wsaxcnhrqdec1.jpg,7,5,9,9,1.0,adaptive,0.178,0.0918,1,0.0918,0,0,0,0
wsaxcnhrqdec1.jpg,7,6,2,2,1.0,adaptive,0.2121,0.0853,1,0.0853,0,0,0,0
wsaxcnhrqdec1.jpg,7,7,6,6,0.9999,adaptive,0.217,0.0902,1,0.0902,0,0,0,0
wsaxcnhrqdec1.jpg,7,8,0,0,0.992,adaptive,0.1006,0.0,0,0.0,0,0,0,0
wsaxcnhrqdec1.jpg,7,9,0,0,0.992,adaptive,0.1259,0.0,0,0.0,0,0,0,0
wsaxcnhrqdec1.jpg,8,1,0,0,0.992,adaptive,0.1006,0.0,0,0.0,0,0,0,0
wsaxcnhrqdec1.jpg,8,2,5,5,1.0,adaptive,0.1467,0.0872,1,0.0872,0,0,0,0
wsaxcnhrqdec1.jpg,8,3,0,0,0.992,adaptive,0.0875,0.0,0,0.0,0,0,0,0
wsaxcnhrqdec1.jpg,8,4,0,0,0.992,adaptive,0.1018,0.0,0,0.0,0,0,0,0
wsaxcnhrqdec1.jpg,8,5,0,0,0.992,adaptive,0.0588,0.0,0,0.0,0,0,0,0
wsaxcnhrqdec1.jpg,8,6,0,0,0.992,adaptive,0.1011,0.0,0,0.0,0,0,0,0
wsaxcnhrqdec1.jpg,8,7,0,0,0.992,adaptive,0.1018,0.0,0,0.0,0,0,0,0
wsaxcnhrqdec1.jpg,8,8,3,3,1.0,adaptive,0.16,0.0863,1,0.0863,0,0,0,0
wsaxcnhrqdec1.jpg,8,9,0,0,0.992,adaptive,0.1009,0.0,0,0.0,0,0,0,0
wsaxcnhrqdec1.jpg,9,1,8,8,1.0,adaptive,0.2344,0.0951,1,0.0951,0,0,0,0
wsaxcnhrqdec1.jpg,9,2,0,0,0.992,adaptive,0.1015,0.0,0,0.0,0,0,0,0
wsaxcnhrqdec1.jpg,9,3,0,0,0.992,adaptive,0.1268,0.0,0,0.0,0,0,0,0
wsaxcnhrqdec1.jpg,9,4,0,0,0.992,adaptive,0.1401,0.0,0,0.0,0,0,0,0
wsaxcnhrqdec1.jpg,9,5,0,0,0.992,adaptive,0.1006,0.0,0,0.0,0,0,0,0
wsaxcnhrqdec1.jpg,9,6,4,4,1.0,adaptive,0.2119,0.0722,1,0.0722,0,0,0,0
wsaxcnhrqdec1.jpg,9,7,9,9,1.0,adaptive,0.2315,0.0918,1,0.0918,0,0,0,0
wsaxcnhrqdec1.jpg,9,8,0,0,0.992,adaptive,0.1144,0.0,0,0.0,0,0,0,0
wsaxcnhrqdec1.jpg,9,9,0,0,0.992,adaptive,0.139,0.0,0,0.0,0,0,0,0
wu9plduhvybc1.webp,1,1,0,0,0.992,adaptive,0.041,0.0,0,0.0,0,0,0,0
wu9plduhvybc1.webp,1,2,0,0,0.992,adaptive,0.0382,0.0,0,0.0,0,0,0,0
wu9plduhvybc1.webp,1,3,0,0,0.992,adaptive,0.0679,0.0,0,0.0,0,0,0,0
wu9plduhvybc1.webp,1,4,5,5,1.0,adaptive,0.1092,0.0769,1,0.0769,0,0,0,0
wu9plduhvybc1.webp,1,5,0,0,0.992,adaptive,0.0158,0.0,0,0.0,0,0,0,0
wu9plduhvybc1.webp,1,6,0,0,0.992,adaptive,0.0446,0.0,0,0.0,0,0,0,0
wu9plduhvybc1.webp,1,7,0,0,0.992,adaptive,0.0305,0.0,0,0.0,0,0,0,0
wu9plduhvybc1.webp,1,8,0,0,0.992,adaptive,0.021,0.0,0,0.0,0,0,0,0
wu9plduhvybc1.webp,1,9,0,0,0.992,adaptive,0.0557,0.0,0,0.0,0,0,0,0
wu9plduhvybc1.webp,2,1,3,3,1.0,adaptive,0.0882,0.076,1,0.076,0,0,0,0
wu9plduhvybc1.webp,2,3,6,6,0.9994,adaptive,0.1101,0.0794,1,0.0794,0,0,0,0
wu9plduhvybc1.webp,2,4,1,1,0.9981,adaptive,0.0755,0.05,1,0.05,0,0,0,0
wu9plduhvybc1.webp,2,5,0,0,0.992,adaptive,0.0131,0.0,0,0.0,0,0,0,0
wu9plduhvybc1.webp,2,6,0,0,0.992,adaptive,0.0301,0.0,0,0.0,0,0,0,0
wu9plduhvybc1.webp,2,7,0,0,0.992,adaptive,0.0188,0.0,0,0.0,0,0,0,0
wu9plduhvybc1.webp,3,3,0,0,0.992,adaptive,0.0437,0.0,0,0.0,0,0,0,0
wu9plduhvybc1.webp,3,4,9,9,1.0,adaptive,0.1214,0.0793,1,0.0793,0,0,0,0
wu9plduhvybc1.webp,3,5,4,4,1.0,adaptive,0.1015,0.0767,1,0.0767,0,0,0,0
wu9plduhvybc1.webp,3,6,0,0,0.992,adaptive,0.0566,0.0,0,0.0,0,0,0,0
wu9plduhvybc1.webp,3,7,8,8,1.0,adaptive,0.1437,0.0887,1,0.0887,0,0,0,0
wu9plduhvybc1.webp,3,9,2,2,1.0,adaptive,0.135,0.0751,1,0.0751,0,0,0,0
wu9plduhvybc1.webp,4,3,0,0,0.992,adaptive,0.0564,0.0,0,0.0,0,0,0,0
wu9plduhvybc1.webp,4,4,0,0,0.992,adaptive,0.033,0.0,0,0.0,0,0,0,0
wu9plduhvybc1.webp,4,5,5,5,1.0,adaptive,0.0941,0.0791,1,0.0791,0,0,0,0
wu9plduhvybc1.webp,4,6,1,1,0.9974,adaptive,0.0546,0.0423,1,0.0423,0,0,0,0
wu9plduhvybc1.webp,4,7,0,0,0.992,adaptive,0.0299,0.0,0,0.0,0,0,0,0
wu9plduhvybc1.webp,4,9,0,0,0.992,adaptive,0.0165,0.0,0,0.0,0,0,0,0
wu9plduhvybc1.webp,5,1,8,8,1.0,adaptive,0.1065,0.0927,1,0.0927,0,0,0,0
wu9plduhvybc1.webp,5,3,0,0,0.992,adaptive,0.0163,0.0,0,0.0,0,0,0,0
wu9plduhvybc1.webp,5,4,0,0,0.992,adaptive,0.0299,0.0,0,0.0,0,0,0,0
wu9plduhvybc1.webp,5,5,0,0,0.992,adaptive,0.0138,0.0,0,0.0,0,0,0,0
wu9plduhvybc1.webp,5,6,0,0,0.992,adaptive,0.0201,0.0,0,0.0,0,0,0,0
wu9plduhvybc1.webp,5,7,0,0,0.992,adaptive,0.0443,0.0,0,0.0,0,0,0,0
wu9plduhvybc1.webp,5,9,7,7,0.9999,adaptive,0.0961,0.0595,1,0.0595,0,0,0,0
wu9plduhvybc1.webp,6,2,4,4,1.0,adaptive,0.0807,0.0762,1,0.0762,0,0,0,0
wu9plduhvybc1.webp,6,3,9,9,1.0,adaptive,0.0929,0.078,1,0.078,0,0,0,0
wu9plduhvybc1.webp,6,4,0,0,0.992,adaptive,0.051,0.0,0,0.0,0,0,0,0
wu9plduhvybc1.webp,6,5,0,0,0.992,adaptive,0.0414,0.0,0,0.0,0,0,0,0
wu9plduhvybc1.webp,6,6,0,0,0.992,adaptive,0.0463,0.0,0,0.0,0,0,0,0
wu9plduhvybc1.webp,6,7,0,0,0.992,adaptive,0.0697,0.0,0,0.0,0,0,0,0
wu9plduhvybc1.webp,7,1,0,0,0.992,adaptive,0.0577,0.0,0,0.0,0,0,0,0
wu9plduhvybc1.webp,7,2,0,0,0.992,adaptive,0.0425,0.0,0,0.0,0,0,0,0
wu9plduhvybc1.webp,7,3,0,0,0.992,adaptive,0.0648,0.0,0,0.0,0,0,0,0
wu9plduhvybc1.webp,7,4,0,0,0.992,adaptive,0.0626,0.0,0,0.0,0,0,0,0
wu9plduhvybc1.webp,7,5,0,0,0.992,adaptive,0.043,0.0,0,0.0,0,0,0,0
wu9plduhvybc1.webp,7,6,0,0,0.992,adaptive,0.0526,0.0,0,0.0,0,0,0,0
wu9plduhvybc1.webp,7,7,5,5,1.0,adaptive,0.1339,0.0798,1,0.0798,0,0,0,0
wu9plduhvybc1.webp,7,8,6,6,0.9979,adaptive,0.1083,0.0789,1,0.0789,0,0,0,0
wu9plduhvybc1.webp,7,9,0,0,0.992,adaptive,0.0348,0.0,0,0.0,0,0,0,0
wu9plduhvybc1.webp,8,1,7,7,1.0,adaptive,0.0907,0.0583,1,0.0583,0,0,0,0
wu9plduhvybc1.webp,8,2,0,0,0.992,adaptive,0.0161,0.0,0,0.0,0,0,0,0
wu9plduhvybc1.webp,8,3,0,0,0.992,adaptive,0.0287,0.0,0,0.0,0,0,0,0
wu9plduhvybc1.webp,8,4,8,8,1.0,adaptive,0.1393,0.0914,1,0.0914,0,0,0,0
wu9plduhvybc1.webp,8,5,1,1,0.9983,adaptive,0.079,0.0448,1,0.0448,0,0,0,0
wu9plduhvybc1.webp,8,6,5,5,1.0,adaptive,0.1072,0.0782,1,0.0782,0,0,0,0
wu9plduhvybc1.webp,8,7,4,4,1.0,adaptive,0.1205,0.0758,1,0.0758,0,0,0,0
wu9plduhvybc1.webp,8,8,0,0,0.992,adaptive,0.0292,0.0,0,0.0,0,0,0,0
wu9plduhvybc1.webp,8,9,0,0,0.992,adaptive,0.0299,0.0,0,0.0,0,0,0,0
wu9plduhvybc1.webp,9,1,0,0,0.992,adaptive,0.0437,0.0,0,0.0,0,0,0,0
wu9plduhvybc1.webp,9,2,0,0,0.992,adaptive,0.0405,0.0,0,0.0,0,0,0,0
wu9plduhvybc1.webp,9,3,5,5,1.0,adaptive,0.1219,0.0789,1,0.0789,0,0,0,0
wu9plduhvybc1.webp,9,4,6,6,0.9982,adaptive,0.1312,0.0789,1,0.0789,0,0,0,0
wu9plduhvybc1.webp,9,5,0,0,0.992,adaptive,0.0262,0.0,0,0.0,0,0,0,0
wu9plduhvybc1.webp,9,6,2,2,1.0,adaptive,0.1127,0.0751,1,0.0751,0,0,0,0
wu9plduhvybc1.webp,9,7,0,0,0.992,adaptive,0.0546,0.0,0,0.0,0,0,0,0
wu9plduhvybc1.webp,9,8,0,0,0.992,adaptive,0.0452,0.0,0,0.0,0,0,0,0
wu9plduhvybc1.webp,9,9,0,0,0.992,adaptive,0.0642,0.0,0,0.0,0,0,0,0
wuuy25r924qc1.webp,1,2,9,9,1.0,adaptive,0.2056,0.1054,1,0.1054,0,0,0,0
wuuy25r924qc1.webp,1,3,1,1,0.9969,adaptive,0.1691,0.0559,1,0.0559,0,0,0,0
wuuy25r924qc1.webp,1,4,8,8,1.0,adaptive,0.2339,0.1076,1,0.1076,0,0,0,0
wuuy25r924qc1.webp,1,6,7,7,1.0,adaptive,0.1927,0.0671,1,0.0671,0,0,0,0
wuuy25r924qc1.webp,1,7,2,2,0.9999,adaptive,0.2074,0.094,1,0.094,0,0,0,0
wuuy25r924qc1.webp,2,5,9,9,1.0,adaptive,0.2052,0.1107,1,0.1107,0,0,0,0
wuuy25r924qc1.webp,2,8,6,6,0.9995,adaptive,0.1839,0.1088,1,0.1088,0,0,0,0
wuuy25r924qc1.webp,2,9,7,7,1.0,adaptive,0.1992,0.0706,1,0.0706,0,0,0,0
wuuy25r924qc1.webp,3,5,2,2,1.0,adaptive,0.2044,0.0952,1,0.0952,0,0,0,0
wuuy25r924qc1.webp,3,8,9,9,1.0,adaptive,0.206,0.1072,1,0.1072,0,0,0,0
wuuy25r924qc1.webp,3,9,3,3,1.0,adaptive,0.2159,0.0889,1,0.0889,0,0,0,0
wuuy25r924qc1.webp,4,1,1,1,0.9992,adaptive,0.1958,0.0555,1,0.0555,0,0,0,0
wuuy25r924qc1.webp,4,6,8,8,1.0,adaptive,0.2486,0.1092,1,0.1092,0,0,0,0
wuuy25r924qc1.webp,4,7,7,7,1.0,adaptive,0.1956,0.0691,1,0.0691,0,0,0,0
wuuy25r924qc1.webp,4,9,9,9,1.0,adaptive,0.2455,0.1051,1,0.1051,0,0,0,0
wuuy25r924qc1.webp,5,1,9,9,1.0,adaptive,0.2083,0.1074,1,0.1074,0,0,0,0
wuuy25r924qc1.webp,5,3,5,5,1.0,adaptive,0.1895,0.1022,1,0.1022,0,0,0,0
wuuy25r924qc1.webp,5,4,7,7,1.0,adaptive,0.1694,0.0687,1,0.0687,0,0,0,0
wuuy25r924qc1.webp,5,5,1,1,0.9997,adaptive,0.1428,0.0588,1,0.0588,0,0,0,0
wuuy25r924qc1.webp,5,8,2,2,1.0,adaptive,0.1554,0.0957,1,0.0957,0,0,0,0
wuuy25r924qc1.webp,6,6,9,9,1.0,adaptive,0.2453,0.1063,1,0.1063,0,0,0,0
wuuy25r924qc1.webp,6,8,1,1,0.9996,adaptive,0.1588,0.0572,1,0.0572,0,0,0,0
wuuy25r924qc1.webp,7,1,7,7,1.0,adaptive,0.1931,0.0659,1,0.0659,0,0,0,0
wuuy25r924qc1.webp,7,2,1,1,0.9992,adaptive,0.1563,0.0565,1,0.0565,0,0,0,0
wuuy25r924qc1.webp,7,3,2,2,1.0,adaptive,0.2078,0.0938,1,0.0938,0,0,0,0
wuuy25r924qc1.webp,7,4,3,3,1.0,adaptive,0.2168,0.0898,1,0.0898,0,0,0,0
wuuy25r924qc1.webp,7,5,5,5,1.0,adaptive,0.2121,0.102,1,0.102,0,0,0,0
wuuy25r924qc1.webp,7,6,4,4,1.0,adaptive,0.2143,0.0871,1,0.0871,0,0,0,0
wuuy25r924qc1.webp,7,7,9,9,1.0,adaptive,0.2176,0.1038,1,0.1038,0,0,0,0
wuuy25r924qc1.webp,7,8,8,8,1.0,adaptive,0.197,0.1095,1,0.1095,0,0,0,0
wuuy25r924qc1.webp,7,9,6,6,1.0,adaptive,0.2332,0.1063,1,0.1063,0,0,0,0
wuuy25r924qc1.webp,8,1,8,8,1.0,adaptive,0.213,0.1108,1,0.1108,0,0,0,0
wuuy25r924qc1.webp,8,2,6,6,0.9999,adaptive,0.1825,0.1097,1,0.1097,0,0,0,0
wuuy25r924qc1.webp,8,3,4,4,1.0,adaptive,0.1741,0.0866,1,0.0866,0,0,0,0
wuuy25r924qc1.webp,8,4,9,9,1.0,adaptive,0.2103,0.1085,1,0.1085,0,0,0,0
wuuy25r924qc1.webp,8,5,7,7,0.9999,adaptive,0.1563,0.0707,1,0.0707,0,0,0,0
wuuy25r924qc1.webp,8,6,1,1,0.9995,adaptive,0.1585,0.0568,1,0.0568,0,0,0,0
wuuy25r924qc1.webp,8,7,5,5,1.0,adaptive,0.187,0.0993,1,0.0993,0,0,0,0
wuuy25r924qc1.webp,8,8,3,3,1.0,adaptive,0.1545,0.0946,1,0.0946,0,0,0,0
wuuy25r924qc1.webp,8,9,2,2,1.0,adaptive,0.1943,0.092,1,0.092,0,0,0,0
wuuy25r924qc1.webp,9,1,5,5,1.0,adaptive,0.2288,0.1014,1,0.1014,0,0,0,0
wuuy25r924qc1.webp,9,2,3,3,1.0,adaptive,0.1918,0.0914,1,0.0914,0,0,0,0
wuuy25r924qc1.webp,9,3,9,9,1.0,adaptive,0.2203,0.1069,1,0.1069,0,0,0,0
wuuy25r924qc1.webp,9,4,6,6,0.9997,adaptive,0.2337,0.1072,1,0.1072,0,0,0,0
wuuy25r924qc1.webp,9,5,8,8,1.0,adaptive,0.2223,0.1104,1,0.1104,0,0,0,0
wuuy25r924qc1.webp,9,6,2,2,1.0,adaptive,0.2196,0.0933,1,0.0933,0,0,0,0
wuuy25r924qc1.webp,9,7,4,4,1.0,adaptive,0.1996,0.0862,1,0.0862,0,0,0,0
wuuy25r924qc1.webp,9,8,7,7,0.9999,adaptive,0.1554,0.0676,1,0.0676,0,0,0,0
wuuy25r924qc1.webp,9,9,1,1,0.9979,adaptive,0.1827,0.0552,1,0.0552,0,0,0,0
wvx0nshr1tdc1.webp,1,1,0,0,0.992,adaptive,0.1138,0.0,0,0.0,0,0,0,0
wvx0nshr1tdc1.webp,1,2,0,0,0.992,adaptive,0.0859,0.0,0,0.0,0,0,0,0
wvx0nshr1tdc1.webp,1,3,0,0,0.992,adaptive,0.1112,0.0,0,0.0,0,0,0,0
wvx0nshr1tdc1.webp,1,4,0,0,0.992,adaptive,0.0987,0.0,0,0.0,0,0,0,0
wvx0nshr1tdc1.webp,1,5,0,0,0.992,adaptive,0.111,0.0,0,0.0,0,0,0,0
wvx0nshr1tdc1.webp,1,6,0,0,0.992,adaptive,0.0985,0.0,0,0.0,0,0,0,0
wvx0nshr1tdc1.webp,1,7,0,0,0.992,adaptive,0.1114,0.0,0,0.0,0,0,0,0
wvx0nshr1tdc1.webp,1,8,0,0,0.992,adaptive,0.0984,0.0,0,0.0,0,0,0,0
wvx0nshr1tdc1.webp,1,9,0,0,0.992,adaptive,0.127,0.0,0,0.0,0,0,0,0
wvx0nshr1tdc1.webp,2,1,0,0,0.992,adaptive,0.1004,0.0,0,0.0,0,0,0,0
wvx0nshr1tdc1.webp,2,2,0,0,0.992,adaptive,0.0859,0.0,0,0.0,0,0,0,0
wvx0nshr1tdc1.webp,2,3,6,6,0.9999,adaptive,0.1882,0.0898,1,0.0898,0,0,0,0
wvx0nshr1tdc1.webp,2,4,0,0,0.992,adaptive,0.0857,0.0,0,0.0,0,0,0,0
wvx0nshr1tdc1.webp,2,5,4,4,1.0,adaptive,0.1481,0.0767,1,0.0767,0,0,0,0
wvx0nshr1tdc1.webp,2,6,0,0,0.992,adaptive,0.0859,0.0,0,0.0,0,0,0,0
wvx0nshr1tdc1.webp,2,7,0,0,0.992,adaptive,0.0984,0.0,0,0.0,0,0,0,0
wvx0nshr1tdc1.webp,2,8,8,8,1.0,adaptive,0.1802,0.0944,1,0.0944,0,0,0,0
wvx0nshr1tdc1.webp,2,9,0,0,0.992,adaptive,0.1128,0.0,0,0.0,0,0,0,0
wvx0nshr1tdc1.webp,3,1,7,7,1.0,adaptive,0.1871,0.0635,1,0.0635,0,0,0,0
wvx0nshr1tdc1.webp,3,2,0,0,0.992,adaptive,0.0873,0.0,0,0.0,0,0,0,0
wvx0nshr1tdc1.webp,3,3,0,0,0.992,adaptive,0.1116,0.0,0,0.0,0,0,0,0
wvx0nshr1tdc1.webp,3,4,0,0,0.992,adaptive,0.0998,0.0,0,0.0,0,0,0,0
wvx0nshr1tdc1.webp,3,5,0,0,0.992,adaptive,0.1104,0.0,0,0.0,0,0,0,0
wvx0nshr1tdc1.webp,3,6,0,0,0.992,adaptive,0.0998,0.0,0,0.0,0,0,0,0
wvx0nshr1tdc1.webp,3,7,5,5,1.0,adaptive,0.1936,0.084,1,0.084,0,0,0,0
wvx0nshr1tdc1.webp,3,8,9,9,1.0,adaptive,0.1748,0.0889,1,0.0889,0,0,0,0
wvx0nshr1tdc1.webp,3,9,6,6,1.0,adaptive,0.2103,0.0873,1,0.0873,0,0,0,0
wvx0nshr1tdc1.webp,4,1,4,4,1.0,adaptive,0.188,0.0762,1,0.0762,0,0,0,0
wvx0nshr1tdc1.webp,4,2,0,0,0.992,adaptive,0.0737,0.0,0,0.0,0,0,0,0
wvx0nshr1tdc1.webp,4,3,0,0,0.992,adaptive,0.1,0.0,0,0.0,0,0,0,0
wvx0nshr1tdc1.webp,4,4,8,8,1.0,adaptive,0.1796,0.0931,1,0.0931,0,0,0,0
wvx0nshr1tdc1.webp,4,5,7,7,1.0,adaptive,0.1355,0.062,1,0.062,0,0,0,0
wvx0nshr1tdc1.webp,4,6,0,0,0.992,adaptive,0.0969,0.0,0,0.0,0,0,0,0
wvx0nshr1tdc1.webp,4,7,0,0,0.992,adaptive,0.1114,0.0,0,0.0,0,0,0,0
wvx0nshr1tdc1.webp,4,8,3,3,1.0,adaptive,0.168,0.0821,1,0.0821,0,0,0,0
wvx0nshr1tdc1.webp,4,9,0,0,0.992,adaptive,0.1243,0.0,0,0.0,0,0,0,0
wvx0nshr1tdc1.webp,5,1,0,0,0.992,adaptive,0.1251,0.0,0,0.0,0,0,0,0
wvx0nshr1tdc1.webp,5,2,7,7,1.0,adaptive,0.1334,0.0618,1,0.0618,0,0,0,0
wvx0nshr1tdc1.webp,5,3,0,0,0.992,adaptive,0.1106,0.0,0,0.0,0,0,0,0
wvx0nshr1tdc1.webp,5,4,0,0,0.992,adaptive,0.0993,0.0,0,0.0,0,0,0,0
wvx0nshr1tdc1.webp,5,5,0,0,0.992,adaptive,0.1088,0.0,0,0.0,0,0,0,0
wvx0nshr1tdc1.webp,5,6,9,9,1.0,adaptive,0.1621,0.0889,1,0.0889,0,0,0,0
wvx0nshr1tdc1.webp,5,7,0,0,0.992,adaptive,0.1104,0.0,0,0.0,0,0,0,0
wvx0nshr1tdc1.webp,5,8,0,0,0.992,adaptive,0.0976,0.0,0,0.0,0,0,0,0
wvx0nshr1tdc1.webp,5,9,0,0,0.992,adaptive,0.1248,0.0,0,0.0,0,0,0,0
wvx0nshr1tdc1.webp,6,1,9,9,1.0,adaptive,0.1998,0.088,1,0.088,0,0,0,0
wvx0nshr1tdc1.webp,6,2,1,1,0.9999,adaptive,0.1332,0.0599,1,0.0599,0,0,0,0
wvx0nshr1tdc1.webp,6,3,0,0,0.992,adaptive,0.1002,0.0,0,0.0,0,0,0,0
wvx0nshr1tdc1.webp,6,4,0,0,0.992,adaptive,0.0862,0.0,0,0.0,0,0,0,0
wvx0nshr1tdc1.webp,6,5,0,0,0.992,adaptive,0.0981,0.0,0,0.0,0,0,0,0
wvx0nshr1tdc1.webp,6,6,5,5,1.0,adaptive,0.1713,0.0851,1,0.0851,0,0,0,0
wvx0nshr1tdc1.webp,6,7,6,6,0.9999,adaptive,0.1871,0.0882,1,0.0882,0,0,0,0
wvx0nshr1tdc1.webp,6,8,7,7,1.0,adaptive,0.1481,0.0624,1,0.0624,0,0,0,0
wvx0nshr1tdc1.webp,6,9,0,0,0.992,adaptive,0.1123,0.0,0,0.0,0,0,0,0
wvx0nshr1tdc1.webp,7,1,0,0,0.992,adaptive,0.1245,0.0,0,0.0,0,0,0,0
wvx0nshr1tdc1.webp,7,2,5,5,1.0,adaptive,0.1829,0.085,1,0.085,0,0,0,0
wvx0nshr1tdc1.webp,7,3,0,0,0.992,adaptive,0.1116,0.0,0,0.0,0,0,0,0
wvx0nshr1tdc1.webp,7,4,0,0,0.992,adaptive,0.1002,0.0,0,0.0,0,0,0,0
wvx0nshr1tdc1.webp,7,5,2,2,1.0,adaptive,0.1676,0.083,1,0.083,0,0,0,0
wvx0nshr1tdc1.webp,7,6,4,4,1.0,adaptive,0.1697,0.0733,1,0.0733,0,0,0,0
wvx0nshr1tdc1.webp,7,7,0,0,0.992,adaptive,0.1116,0.0,0,0.0,0,0,0,0
wvx0nshr1tdc1.webp,7,8,0,0,0.992,adaptive,0.0984,0.0,0,0.0,0,0,0,0
wvx0nshr1tdc1.webp,7,9,0,0,0.992,adaptive,0.1245,0.0,0,0.0,0,0,0,0
wvx0nshr1tdc1.webp,8,1,0,0,0.992,adaptive,0.1131,0.0,0,0.0,0,0,0,0
wvx0nshr1tdc1.webp,8,2,6,6,1.0,adaptive,0.1775,0.0916,1,0.0916,0,0,0,0
wvx0nshr1tdc1.webp,8,3,0,0,0.992,adaptive,0.0991,0.0,0,0.0,0,0,0,0
wvx0nshr1tdc1.webp,8,4,3,3,1.0,adaptive,0.1687,0.0823,1,0.0823,0,0,0,0
wvx0nshr1tdc1.webp,8,5,0,0,0.992,adaptive,0.098,0.0,0,0.0,0,0,0,0
wvx0nshr1tdc1.webp,8,6,0,0,0.992,adaptive,0.0866,0.0,0,0.0,0,0,0,0
wvx0nshr1tdc1.webp,8,7,0,0,0.992,adaptive,0.0988,0.0,0,0.0,0,0,0,0
wvx0nshr1tdc1.webp,8,8,5,5,1.0,adaptive,0.1724,0.0865,1,0.0865,0,0,0,0
wvx0nshr1tdc1.webp,8,9,0,0,0.992,adaptive,0.1013,0.0,0,0.0,0,0,0,0
wvx0nshr1tdc1.webp,9,1,0,0,0.992,adaptive,0.1272,0.0,0,0.0,0,0,0,0
wvx0nshr1tdc1.webp,9,2,0,0,0.992,adaptive,0.0984,0.0,0,0.0,0,0,0,0
wvx0nshr1tdc1.webp,9,3,0,0,0.992,adaptive,0.1112,0.0,0,0.0,0,0,0,0
wvx0nshr1tdc1.webp,9,4,0,0,0.992,adaptive,0.0987,0.0,0,0.0,0,0,0,0
wvx0nshr1tdc1.webp,9,5,0,0,0.992,adaptive,0.111,0.0,0,0.0,0,0,0,0
wvx0nshr1tdc1.webp,9,6,0,0,0.992,adaptive,0.0987,0.0,0,0.0,0,0,0,0
wvx0nshr1tdc1.webp,9,7,0,0,0.992,adaptive,0.1114,0.0,0,0.0,0,0,0,0
wvx0nshr1tdc1.webp,9,8,0,0,0.992,adaptive,0.0862,0.0,0,0.0,0,0,0,0
wvx0nshr1tdc1.webp,9,9,1,1,1.0,adaptive,0.1729,0.0581,1,0.0581,0,0,0,0
x2nhovdu009c1.webp,1,1,0,0,0.992,adaptive,0.1325,0.0,1,0.0,0,1,0,0
x2nhovdu009c1.webp,1,2,0,0,0.992,adaptive,0.1058,0.0,3,0.0075,0,2,0,0
x2nhovdu009c1.webp,1,3,3,0,0.992,adaptive,0.184,0.0,5,0.0,1,3,1,0
x2nhovdu009c1.webp,1,4,0,0,0.7355,adaptive,0.1241,0.0762,2,0.0762,0,1,0,0
x2nhovdu009c1.webp,1,5,0,0,0.9679,adaptive,0.1323,0.0276,4,0.0138,0,2,0,0
x2nhovdu009c1.webp,1,6,7,7,0.405,adaptive,0.2252,0.0532,9,0.0247,3,2,0,0
x2nhovdu009c1.webp,1,7,0,0,0.8481,adaptive,0.2076,0.0635,3,0.0635,0,2,0,0
x2nhovdu009c1.webp,1,8,9,0,0.3623,adaptive,0.2044,0.0581,5,0.0251,0,2,0,0
x2nhovdu009c1.webp,1,9,0,0,0.866,adaptive,0.1873,0.0241,5,0.0169,0,2,1,0
x2nhovdu009c1.webp,2,1,0,0,0.992,adaptive,0.085,0.0,1,0.0086,0,0,0,0
x2nhovdu009c1.webp,2,2,9,9,0.9997,adaptive,0.1694,0.1058,2,0.1058,0,0,1,0
x2nhovdu009c1.webp,2,3,0,0,0.992,adaptive,0.0583,0.0,1,0.0,0,0,1,0
x2nhovdu009c1.webp,2,4,0,0,0.9875,adaptive,0.083,0.0167,3,0.0167,1,1,0,0
x2nhovdu009c1.webp,2,5,4,0,0.992,adaptive,0.1368,0.0,2,0.0,0,0,2,0
x2nhovdu009c1.webp,2,6,0,0,0.992,adaptive,0.0719,0.0,2,0.0,1,0,1,0
x2nhovdu009c1.webp,2,7,0,0,0.9792,adaptive,0.0819,0.0149,3,0.0149,1,1,0,0
x2nhovdu009c1.webp,2,8,0,1,0.9214,adaptive,0.0957,0.0195,2,0.0195,0,0,1,0
x2nhovdu009c1.webp,2,9,6,1,0.8546,adaptive,0.1104,0.026,2,0.026,0,0,1,0
x2nhovdu009c1.webp,3,1,0,0,0.992,adaptive,0.0871,0.0,0,0.0,0,0,0,0
x2nhovdu009c1.webp,3,2,0,0,0.992,adaptive,0.0563,0.0,1,0.0,0,0,1,0
x2nhovdu009c1.webp,3,3,5,5,1.0,adaptive,0.139,0.0838,2,0.0838,0,0,1,0
x2nhovdu009c1.webp,3,4,0,0,0.9861,adaptive,0.0806,0.0156,3,0.0156,1,1,0,0
x2nhovdu009c1.webp,3,5,0,0,0.992,adaptive,0.062,0.0,1,0.0,0,0,1,0
x2nhovdu009c1.webp,3,6,3,2,0.6661,adaptive,0.129,0.0468,2,0.0468,0,0,1,0
x2nhovdu009c1.webp,3,7,0,0,0.9894,adaptive,0.0798,0.0149,3,0.0149,1,1,0,0
x2nhovdu009c1.webp,3,8,8,8,0.8013,adaptive,0.1389,0.0617,2,0.0617,0,0,1,0
x2nhovdu009c1.webp,3,9,0,1,0.3817,adaptive,0.0967,0.0223,2,0.0223,0,0,1,0
x2nhovdu009c1.webp,4,1,0,0,0.992,adaptive,0.1174,0.0,0,0.0,0,0,0,0
x2nhovdu009c1.webp,4,2,5,5,1.0,adaptive,0.1673,0.0873,2,0.0873,0,1,0,0
x2nhovdu009c1.webp,4,3,0,0,0.992,adaptive,0.0811,0.0,2,0.0,0,2,0,0
x2nhovdu009c1.webp,4,4,0,0,0.9543,adaptive,0.1085,0.0853,1,0.0853,0,0,0,0
x2nhovdu009c1.webp,4,5,8,8,1.0,adaptive,0.1825,0.095,3,0.095,0,2,0,0
x2nhovdu009c1.webp,4,6,0,0,0.992,adaptive,0.0809,0.0,2,0.0,0,2,0,0
x2nhovdu009c1.webp,4,7,0,0,0.9006,adaptive,0.1069,0.0826,1,0.0826,0,0,0,0
x2nhovdu009c1.webp,4,8,0,0,0.8221,adaptive,0.0943,0.0145,3,0.0145,1,1,0,0
x2nhovdu009c1.webp,4,9,2,3,0.64,adaptive,0.1515,0.0615,5,0.0468,2,1,0,0
x2nhovdu009c1.webp,5,1,2,2,0.9999,adaptive,0.1741,0.0907,1,0.0907,0,0,0,0
x2nhovdu009c1.webp,5,2,1,1,0.9997,adaptive,0.1325,0.068,2,0.068,0,1,0,0
x2nhovdu009c1.webp,5,3,8,8,1.0,adaptive,0.1696,0.107,2,0.107,0,1,0,0
x2nhovdu009c1.webp,5,4,3,3,1.0,adaptive,0.1608,0.0791,2,0.0791,0,1,0,0
x2nhovdu009c1.webp,5,5,9,9,0.9938,adaptive,0.1545,0.1006,3,0.0939,0,1,0,0
x2nhovdu009c1.webp,5,6,4,4,0.9979,adaptive,0.1307,0.0721,3,0.0721,1,0,1,0
x2nhovdu009c1.webp,5,7,7,7,1.0,adaptive,0.1445,0.0651,4,0.0651,1,2,0,0
x2nhovdu009c1.webp,5,8,6,6,0.9805,adaptive,0.1494,0.0923,3,0.0923,1,0,1,0
x2nhovdu009c1.webp,5,9,5,5,1.0,adaptive,0.1377,0.0703,3,0.0703,1,0,1,0
x2nhovdu009c1.webp,6,1,9,9,0.9999,adaptive,0.2049,0.0989,2,0.0989,0,1,0,0
x2nhovdu009c1.webp,6,2,0,0,0.992,adaptive,0.0776,0.0,2,0.0,0,2,0,0
x2nhovdu009c1.webp,6,3,0,0,0.992,adaptive,0.0744,0.0,2,0.0,0,2,0,0
x2nhovdu009c1.webp,6,4,0,0,0.992,adaptive,0.1083,0.0,1,0.0,0,0,1,0
x2nhovdu009c1.webp,6,5,0,0,0.992,adaptive,0.0927,0.0,1,0.0,0,1,0,0
x2nhovdu009c1.webp,6,6,0,0,0.992,adaptive,0.1,0.0,1,0.0,0,1,0,0
x2nhovdu009c1.webp,6,7,0,0,0.992,adaptive,0.1216,0.0,1,0.0,0,1,0,0
x2nhovdu009c1.webp,6,8,0,0,0.992,adaptive,0.083,0.0,2,0.0,0,2,0,0
x2nhovdu009c1.webp,6,9,8,8,1.0,adaptive,0.1597,0.0929,2,0.0929,0,0,1,0
x2nhovdu009c1.webp,7,1,8,8,0.9969,adaptive,0.1889,0.0922,2,0.0922,0,1,0,0
x2nhovdu009c1.webp,7,2,6,6,0.9838,adaptive,0.1592,0.0896,2,0.0896,0,0,1,0
x2nhovdu009c1.webp,7,3,0,0,0.992,adaptive,0.0552,0.0,1,0.0,0,0,1,0
x2nhovdu009c1.webp,7,4,0,0,0.992,adaptive,0.0811,0.0,2,0.0,0,2,0,0
x2nhovdu009c1.webp,7,5,0,0,0.992,adaptive,0.055,0.0,1,0.0,0,0,1,0
x2nhovdu009c1.webp,7,6,0,0,0.992,adaptive,0.0537,0.0,1,0.0,0,0,1,0
x2nhovdu009c1.webp,7,7,0,0,0.992,adaptive,0.0824,0.0,2,0.0,0,2,0,0
x2nhovdu009c1.webp,7,8,5,5,1.0,adaptive,0.1483,0.0758,2,0.0758,0,0,1,0
x2nhovdu009c1.webp,7,9,9,9,1.0,adaptive,0.1726,0.0855,3,0.0855,1,1,0,0
x2nhovdu009c1.webp,8,1,0,0,0.992,adaptive,0.0819,0.0,1,0.0,0,1,0,0
x2nhovdu009c1.webp,8,2,3,3,0.653,adaptive,0.1297,0.0558,2,0.0558,0,0,1,0
x2nhovdu009c1.webp,8,3,0,0,0.992,adaptive,0.0724,0.0,1,0.0,0,0,1,0
x2nhovdu009c1.webp,8,4,0,0,0.992,adaptive,0.0902,0.0,2,0.0,0,2,0,0
x2nhovdu009c1.webp,8,5,0,0,0.992,adaptive,0.0742,0.0,1,0.0,0,0,1,0
x2nhovdu009c1.webp,8,6,0,0,0.992,adaptive,0.0724,0.0,1,0.0,0,0,1,0
x2nhovdu009c1.webp,8,7,0,0,0.992,adaptive,0.0907,0.0,2,0.0,0,2,0,0
x2nhovdu009c1.webp,8,8,2,2,0.9995,adaptive,0.1352,0.0691,3,0.0691,1,1,0,0
x2nhovdu009c1.webp,8,9,0,0,0.992,adaptive,0.0841,0.0,1,0.0,0,1,0,0
x2nhovdu009c1.webp,9,1,0,8,0.6089,adaptive,0.2183,0.1187,5,0.1029,1,0,0,0
x2nhovdu009c1.webp,9,2,0,7,0.3305,adaptive,0.1565,0.1081,3,0.0991,0,0,0,1
x2nhovdu009c1.webp,9,3,9,5,0.8517,adaptive,0.2038,0.1631,3,0.1072,0,0,0,1
x2nhovdu009c1.webp,9,4,4,2,0.7449,adaptive,0.1907,0.1412,3,0.0882,1,0,0,0
x2nhovdu009c1.webp,9,5,5,5,0.6499,adaptive,0.2666,0.1859,10,0.0803,5,0,0,1
x2nhovdu009c1.webp,9,6,6,5,0.7104,adaptive,0.2738,0.2018,10,0.1038,4,0,0,1
x2nhovdu009c1.webp,9,7,8,8,0.5714,adaptive,0.174,0.1263,2,0.0653,0,0,0,0
x2nhovdu009c1.webp,9,8,0,8,0.4033,adaptive,0.2044,0.1239,4,0.1167,2,0,0,0
x2nhovdu009c1.webp,9,9,0,5,0.4247,adaptive,0.1878,0.09,3,0.0813,1,0,0,0
x3andcrt9tpc1.webp,1,1,9,9,1.0,adaptive,0.1691,0.0826,1,0.0826,0,0,0,0
x3andcrt9tpc1.webp,1,3,7,7,1.0,adaptive,0.1357,0.0495,1,0.0495,0,0,0,0
x3andcrt9tpc1.webp,1,4,4,4,1.0,adaptive,0.1764,0.0655,1,0.0655,0,0,0,0
x3andcrt9tpc1.webp,1,5,5,5,1.0,adaptive,0.152,0.0796,1,0.0796,0,0,0,0
x3andcrt9tpc1.webp,1,7,1,1,0.996,adaptive,0.1098,0.0394,1,0.0394,0,0,0,0
x3andcrt9tpc1.webp,2,1,6,6,0.9999,adaptive,0.1531,0.0821,1,0.0821,0,0,0,0
x3andcrt9tpc1.webp,2,2,1,1,0.9982,adaptive,0.0514,0.0404,1,0.0404,0,0,0,0
x3andcrt9tpc1.webp,2,3,4,4,1.0,adaptive,0.1368,0.0703,1,0.0703,0,0,0,0
x3andcrt9tpc1.webp,2,4,2,2,1.0,adaptive,0.154,0.0703,1,0.0703,0,0,0,0
x3andcrt9tpc1.webp,3,1,2,2,1.0,adaptive,0.1539,0.0695,1,0.0695,0,0,0,0
x3andcrt9tpc1.webp,3,2,5,5,1.0,adaptive,0.1441,0.0796,1,0.0796,0,0,0,0
x3andcrt9tpc1.webp,3,5,7,7,1.0,adaptive,0.0995,0.0511,1,0.0511,0,0,0,0
x3andcrt9tpc1.webp,3,8,4,4,1.0,adaptive,0.1228,0.0669,1,0.0669,0,0,0,0
x3andcrt9tpc1.webp,4,3,9,9,0.9999,adaptive,0.1845,0.0815,1,0.0815,0,0,0,0
x3andcrt9tpc1.webp,5,6,3,3,1.0,adaptive,0.1316,0.0735,1,0.0735,0,0,0,0
x3andcrt9tpc1.webp,5,9,8,8,1.0,adaptive,0.1431,0.0834,1,0.0834,0,0,0,0
x3andcrt9tpc1.webp,6,1,4,4,1.0,adaptive,0.1548,0.0691,1,0.0691,0,0,0,0
x3andcrt9tpc1.webp,6,2,7,7,1.0,adaptive,0.1067,0.0504,1,0.0504,0,0,0,0
x3andcrt9tpc1.webp,6,5,2,2,1.0,adaptive,0.1205,0.0665,1,0.0665,0,0,0,0
x3andcrt9tpc1.webp,6,8,1,1,0.9984,adaptive,0.09,0.0393,1,0.0393,0,0,0,0
x3andcrt9tpc1.webp,7,3,1,1,0.9981,adaptive,0.0956,0.0394,1,0.0394,0,0,0,0
x3andcrt9tpc1.webp,7,5,9,9,1.0,adaptive,0.1547,0.0846,1,0.0846,0,0,0,0
x3andcrt9tpc1.webp,8,1,5,5,1.0,adaptive,0.1606,0.0771,1,0.0771,0,0,0,0
x3andcrt9tpc1.webp,8,2,9,9,1.0,adaptive,0.1405,0.0831,1,0.0831,0,0,0,0
x3andcrt9tpc1.webp,8,6,2,2,1.0,adaptive,0.1508,0.0672,1,0.0672,0,0,0,0
x3andcrt9tpc1.webp,8,7,3,3,1.0,adaptive,0.1456,0.0724,1,0.0724,0,0,0,0
x3andcrt9tpc1.webp,9,3,6,6,0.9998,adaptive,0.1724,0.0815,1,0.0815,0,0,0,0
x3andcrt9tpc1.webp,9,8,5,5,1.0,adaptive,0.1373,0.0789,1,0.0789,0,0,0,0
xbkj5xcdv6xc1.webp,1,1,0,0,0.992,adaptive,0.0998,0.0,0,0.0,0,0,0,0
xbkj5xcdv6xc1.webp,1,2,0,0,0.992,adaptive,0.0459,0.0,0,0.0,0,0,0,0
xbkj5xcdv6xc1.webp,1,3,0,0,0.992,adaptive,0.0708,0.0,0,0.0,0,0,0,0
xbkj5xcdv6xc1.webp,1,4,0,0,0.992,adaptive,0.0867,0.0,0,0.0,0,0,0,0
xbkj5xcdv6xc1.webp,1,5,0,0,0.992,adaptive,0.045,0.0,0,0.0,0,0,0,0
xbkj5xcdv6xc1.webp,1,6,0,0,0.992,adaptive,0.0715,0.0,0,0.0,0,0,0,0
xbkj5xcdv6xc1.webp,1,7,0,0,0.992,adaptive,0.0722,0.0,0,0.0,0,0,0,0
xbkj5xcdv6xc1.webp,1,8,0,0,0.992,adaptive,0.0448,0.0,0,0.0,0,0,0,0
xbkj5xcdv6xc1.webp,1,9,7,7,0.9997,adaptive,0.174,0.1096,1,0.1096,0,0,0,0
xbkj5xcdv6xc1.webp,2,1,4,4,1.0,adaptive,0.2056,0.1413,1,0.1413,0,0,0,0
xbkj5xcdv6xc1.webp,2,2,0,0,0.992,adaptive,0.0005,0.0,0,0.0,0,0,0,0
xbkj5xcdv6xc1.webp,2,3,0,0,0.992,adaptive,0.0296,0.0,0,0.0,0,0,0,0
xbkj5xcdv6xc1.webp,2,4,6,6,0.9919,adaptive,0.2264,0.1728,1,0.1728,0,0,0,0
xbkj5xcdv6xc1.webp,2,5,0,0,0.992,adaptive,0.0002,0.0,0,0.0,0,0,0,0
xbkj5xcdv6xc1.webp,2,6,0,0,0.992,adaptive,0.0303,0.0,0,0.0,0,0,0,0
xbkj5xcdv6xc1.webp,2,7,0,0,0.992,adaptive,0.0301,0.0,0,0.0,0,0,0,0
xbkj5xcdv6xc1.webp,2,8,1,1,0.9324,adaptive,0.0966,0.0925,1,0.0925,0,0,0,0
xbkj5xcdv6xc1.webp,2,9,0,0,0.992,adaptive,0.0303,0.0,0,0.0,0,0,0,0
xbkj5xcdv6xc1.webp,3,1,5,5,1.0,adaptive,0.2464,0.1539,1,0.1539,0,0,0,0
xbkj5xcdv6xc1.webp,3,2,0,0,0.992,adaptive,0.0308,0.0,0,0.0,0,0,0,0
xbkj5xcdv6xc1.webp,3,3,0,0,0.992,adaptive,0.0566,0.0,0,0.0,0,0,0,0
xbkj5xcdv6xc1.webp,3,4,2,2,0.9998,adaptive,0.2326,0.1546,1,0.1546,0,0,0,0
xbkj5xcdv6xc1.webp,3,5,0,0,0.992,adaptive,0.0303,0.0,0,0.0,0,0,0,0
xbkj5xcdv6xc1.webp,3,6,0,0,0.992,adaptive,0.0581,0.0,0,0.0,0,0,0,0
xbkj5xcdv6xc1.webp,3,7,8,8,0.9999,adaptive,0.2444,0.18,1,0.18,0,0,0,0
xbkj5xcdv6xc1.webp,3,8,0,0,0.992,adaptive,0.0303,0.0,0,0.0,0,0,0,0
xbkj5xcdv6xc1.webp,3,9,0,0,0.992,adaptive,0.0584,0.0,0,0.0,0,0,0,0
xbkj5xcdv6xc1.webp,4,1,2,2,0.9998,adaptive,0.247,0.1548,1,0.1548,0,0,0,0
xbkj5xcdv6xc1.webp,4,2,1,1,0.9462,adaptive,0.116,0.0832,1,0.0832,0,0,0,0
xbkj5xcdv6xc1.webp,4,3,0,0,0.992,adaptive,0.0561,0.0,0,0.0,0,0,0,0
xbkj5xcdv6xc1.webp,4,4,0,0,0.992,adaptive,0.0733,0.0,0,0.0,0,0,0,0
xbkj5xcdv6xc1.webp,4,5,0,0,0.992,adaptive,0.0301,0.0,0,0.0,0,0,0,0
xbkj5xcdv6xc1.webp,4,6,6,6,0.9951,adaptive,0.2453,0.172,1,0.172,0,0,0,0
xbkj5xcdv6xc1.webp,4,7,0,0,0.992,adaptive,0.059,0.0,0,0.0,0,0,0,0
xbkj5xcdv6xc1.webp,4,8,0,0,0.992,adaptive,0.0301,0.0,0,0.0,0,0,0,0
xbkj5xcdv6xc1.webp,4,9,9,9,0.9997,adaptive,0.2346,0.1709,1,0.1709,0,0,0,0
xbkj5xcdv6xc1.webp,5,1,3,3,0.9995,adaptive,0.2212,0.1493,1,0.1493,0,0,0,0
xbkj5xcdv6xc1.webp,5,2,0,0,0.992,adaptive,0.0005,0.0,0,0.0,0,0,0,0
xbkj5xcdv6xc1.webp,5,3,5,5,1.0,adaptive,0.1965,0.1531,1,0.1531,0,0,0,0
xbkj5xcdv6xc1.webp,5,4,0,0,0.992,adaptive,0.0448,0.0,0,0.0,0,0,0,0
xbkj5xcdv6xc1.webp,5,5,8,8,0.9996,adaptive,0.1894,0.1777,1,0.1777,0,0,0,0
xbkj5xcdv6xc1.webp,5,6,0,0,0.992,adaptive,0.0432,0.0,0,0.0,0,0,0,0
xbkj5xcdv6xc1.webp,5,7,2,2,0.9997,adaptive,0.1958,0.1538,1,0.1538,0,0,0,0
xbkj5xcdv6xc1.webp,5,8,0,0,0.992,adaptive,0.0,0.0,0,0.0,0,0,0,0
xbkj5xcdv6xc1.webp,5,9,1,1,0.9261,adaptive,0.118,0.0828,1,0.0828,0,0,0,0
xbkj5xcdv6xc1.webp,6,1,8,8,0.9999,adaptive,0.2733,0.1778,1,0.1778,0,0,0,0
xbkj5xcdv6xc1.webp,6,2,0,0,0.992,adaptive,0.0303,0.0,0,0.0,0,0,0,0
xbkj5xcdv6xc1.webp,6,3,0,0,0.992,adaptive,0.0561,0.0,0,0.0,0,0,0,0
xbkj5xcdv6xc1.webp,6,4,1,1,0.9221,adaptive,0.1597,0.0826,1,0.0826,0,0,0,0
xbkj5xcdv6xc1.webp,6,5,0,0,0.992,adaptive,0.0303,0.0,0,0.0,0,0,0,0
xbkj5xcdv6xc1.webp,6,6,0,0,0.992,adaptive,0.0693,0.0,0,0.0,0,0,0,0
xbkj5xcdv6xc1.webp,6,7,0,0,0.992,adaptive,0.059,0.0,0,0.0,0,0,0,0
xbkj5xcdv6xc1.webp,6,8,4,4,1.0,adaptive,0.1707,0.1359,1,0.1359,0,0,0,0
xbkj5xcdv6xc1.webp,6,9,3,3,0.9991,adaptive,0.2179,0.1499,1,0.1499,0,0,0,0
xbkj5xcdv6xc1.webp,7,1,0,0,0.992,adaptive,0.0864,0.0,0,0.0,0,0,0,0
xbkj5xcdv6xc1.webp,7,2,0,0,0.992,adaptive,0.0308,0.0,0,0.0,0,0,0,0
xbkj5xcdv6xc1.webp,7,3,8,8,0.9999,adaptive,0.2379,0.1775,1,0.1775,0,0,0,0
xbkj5xcdv6xc1.webp,7,4,0,0,0.992,adaptive,0.0724,0.0,0,0.0,0,0,0,0
xbkj5xcdv6xc1.webp,7,5,0,0,0.992,adaptive,0.0305,0.0,0,0.0,0,0,0,0
xbkj5xcdv6xc1.webp,7,6,7,7,0.9998,adaptive,0.1622,0.0956,1,0.0956,0,0,0,0
xbkj5xcdv6xc1.webp,7,7,0,0,0.992,adaptive,0.0586,0.0,0,0.0,0,0,0,0
xbkj5xcdv6xc1.webp,7,8,0,0,0.992,adaptive,0.0305,0.0,0,0.0,0,0,0,0
xbkj5xcdv6xc1.webp,7,9,6,6,0.9922,adaptive,0.2306,0.168,1,0.168,0,0,0,0
xbkj5xcdv6xc1.webp,8,1,0,0,0.992,adaptive,0.0597,0.0,0,0.0,0,0,0,0
xbkj5xcdv6xc1.webp,8,2,3,3,0.9994,adaptive,0.1651,0.1481,1,0.1481,0,0,0,0
xbkj5xcdv6xc1.webp,8,3,0,0,0.992,adaptive,0.0296,0.0,0,0.0,0,0,0,0
xbkj5xcdv6xc1.webp,8,4,0,0,0.992,adaptive,0.0448,0.0,0,0.0,0,0,0,0
xbkj5xcdv6xc1.webp,8,5,0,0,0.992,adaptive,0.0005,0.0,0,0.0,0,0,0,0
xbkj5xcdv6xc1.webp,8,6,2,2,0.9994,adaptive,0.1934,0.1472,1,0.1472,0,0,0,0
xbkj5xcdv6xc1.webp,8,7,0,0,0.992,adaptive,0.0301,0.0,0,0.0,0,0,0,0
xbkj5xcdv6xc1.webp,8,8,0,0,0.992,adaptive,0.0002,0.0,0,0.0,0,0,0,0
xbkj5xcdv6xc1.webp,8,9,8,8,0.9997,adaptive,0.2178,0.1719,1,0.1719,0,0,0,0
xbkj5xcdv6xc1.webp,9,1,9,9,0.9994,adaptive,0.274,0.1635,1,0.1635,0,0,0,0
xbkj5xcdv6xc1.webp,9,2,0,0,0.992,adaptive,0.0452,0.0,0,0.0,0,0,0,0
xbkj5xcdv6xc1.webp,9,3,0,0,0.992,adaptive,0.0713,0.0,0,0.0,0,0,0,0
xbkj5xcdv6xc1.webp,9,4,0,0,0.992,adaptive,0.0867,0.0,0,0.0,0,0,0,0
xbkj5xcdv6xc1.webp,9,5,0,0,0.992,adaptive,0.045,0.0,0,0.0,0,0,0,0
xbkj5xcdv6xc1.webp,9,6,0,0,0.992,adaptive,0.0715,0.0,0,0.0,0,0,0,0
xbkj5xcdv6xc1.webp,9,7,0,0,0.992,adaptive,0.0722,0.0,0,0.0,0,0,0,0
xbkj5xcdv6xc1.webp,9,8,0,0,0.992,adaptive,0.0448,0.0,0,0.0,0,0,0,0
xbkj5xcdv6xc1.webp,9,9,0,0,0.992,adaptive,0.072,0.0,0,0.0,0,0,0,0
xfn4ch9q5krc1.webp,1,1,5,5,1.0,adaptive,0.2012,0.1477,1,0.1477,0,0,0,0
xfn4ch9q5krc1.webp,1,4,7,7,1.0,adaptive,0.1417,0.1103,1,0.1103,0,0,0,0
xfn4ch9q5krc1.webp,1,6,6,6,1.0,adaptive,0.1417,0.1417,2,0.1065,0,0,0,0
xfn4ch9q5krc1.webp,1,7,9,9,1.0,adaptive,0.1876,0.133,2,0.0994,0,0,0,0
xfn4ch9q5krc1.webp,1,8,8,8,1.0,adaptive,0.1931,0.1662,3,0.107,0,0,0,1
xfn4ch9q5krc1.webp,1,9,1,1,1.0,adaptive,0.1452,0.0929,1,0.0929,0,0,0,0
xfn4ch9q5krc1.webp,2,1,6,6,1.0,adaptive,0.161,0.1606,2,0.1228,0,0,0,0
xfn4ch9q5krc1.webp,2,4,2,2,1.0,adaptive,0.2099,0.1425,1,0.1425,0,0,0,0
xfn4ch9q5krc1.webp,2,6,9,9,0.9999,adaptive,0.1427,0.1427,2,0.1079,0,0,0,0
xfn4ch9q5krc1.webp,2,7,5,5,1.0,adaptive,0.1606,0.154,1,0.154,0,0,0,0
xfn4ch9q5krc1.webp,3,1,9,9,1.0,adaptive,0.1816,0.1528,2,0.1154,0,0,0,0
xfn4ch9q5krc1.webp,3,4,5,5,1.0,adaptive,0.1838,0.1542,1,0.1542,0,0,0,0
xfn4ch9q5krc1.webp,3,8,6,6,1.0,adaptive,0.1719,0.1339,2,0.0995,0,0,0,0
xfn4ch9q5krc1.webp,3,9,2,2,1.0,adaptive,0.186,0.0978,2,0.0497,0,0,0,0
xfn4ch9q5krc1.webp,4,1,8,8,1.0,adaptive,0.2049,0.1539,3,0.0958,0,0,0,1
xfn4ch9q5krc1.webp,4,2,3,3,0.9998,adaptive,0.1934,0.1642,1,0.1642,0,0,0,0
xfn4ch9q5krc1.webp,4,3,4,4,1.0,adaptive,0.1334,0.1123,2,0.09,0,0,0,0
xfn4ch9q5krc1.webp,4,4,1,1,1.0,adaptive,0.127,0.098,1,0.098,0,0,0,0
xfn4ch9q5krc1.webp,4,5,6,6,1.0,adaptive,0.1368,0.1368,2,0.1024,0,0,0,0
xfn4ch9q5krc1.webp,4,6,7,7,1.0,adaptive,0.1016,0.1016,1,0.1016,0,0,0,0
xfn4ch9q5krc1.webp,4,7,2,2,1.0,adaptive,0.1749,0.0998,2,0.0842,0,0,0,0
xfn4ch9q5krc1.webp,4,8,5,5,1.0,adaptive,0.159,0.159,1,0.159,0,0,0,0
xfn4ch9q5krc1.webp,4,9,9,9,1.0,adaptive,0.162,0.1321,2,0.0991,0,0,0,0
xfn4ch9q5krc1.webp,5,2,9,9,0.9999,adaptive,0.1407,0.1407,2,0.104,0,0,0,0
xfn4ch9q5krc1.webp,5,4,8,8,1.0,adaptive,0.1997,0.1732,3,0.1122,0,0,0,1
xfn4ch9q5krc1.webp,5,6,5,5,1.0,adaptive,0.1649,0.1626,1,0.1626,0,0,0,0
xfn4ch9q5krc1.webp,5,9,6,6,1.0,adaptive,0.1863,0.1305,4,0.0968,2,0,0,0
xfn4ch9q5krc1.webp,6,1,7,7,1.0,adaptive,0.1544,0.121,1,0.121,0,0,0,0
xfn4ch9q5krc1.webp,6,2,6,6,1.0,adaptive,0.1615,0.1389,2,0.1038,0,0,0,0
xfn4ch9q5krc1.webp,6,3,5,5,1.0,adaptive,0.1704,0.1441,1,0.1441,0,0,0,0
xfn4ch9q5krc1.webp,6,4,9,9,0.9999,adaptive,0.1898,0.1419,2,0.1074,0,0,0,0
xfn4ch9q5krc1.webp,6,5,2,2,1.0,adaptive,0.1931,0.1029,2,0.052,0,0,0,0
xfn4ch9q5krc1.webp,6,7,8,8,1.0,adaptive,0.2058,0.1441,4,0.0869,0,1,0,1
xfn4ch9q5krc1.webp,6,8,1,1,1.0,adaptive,0.1346,0.0735,2,0.0735,0,1,0,0
xfn4ch9q5krc1.webp,7,2,5,5,1.0,adaptive,0.1741,0.1651,1,0.1651,0,0,0,0
xfn4ch9q5krc1.webp,7,5,7,7,1.0,adaptive,0.1205,0.1178,1,0.1178,0,0,0,0
xfn4ch9q5krc1.webp,7,6,1,1,1.0,adaptive,0.0824,0.0815,1,0.0815,0,0,0,0
xfn4ch9q5krc1.webp,7,7,4,4,1.0,adaptive,0.149,0.1145,2,0.0949,0,0,0,0
xfn4ch9q5krc1.webp,7,9,8,8,0.9999,adaptive,0.18,0.1339,3,0.078,0,0,0,1
xfn4ch9q5krc1.webp,8,5,9,9,0.9998,adaptive,0.1554,0.1465,2,0.11,0,0,0,0
xfn4ch9q5krc1.webp,8,6,8,8,0.9999,adaptive,0.1848,0.1389,4,0.0814,0,1,0,1
xfn4ch9q5krc1.webp,8,7,6,6,1.0,adaptive,0.1777,0.1343,2,0.0988,0,0,0,0
xfn4ch9q5krc1.webp,8,9,5,5,0.9999,adaptive,0.1983,0.1273,2,0.118,0,0,0,0
xfn4ch9q5krc1.webp,9,2,8,8,1.0,adaptive,0.1992,0.1698,3,0.1099,0,0,0,1
xfn4ch9q5krc1.webp,9,5,5,5,0.999,adaptive,0.1827,0.1262,2,0.1262,0,1,0,0
xfn4ch9q5krc1.webp,9,6,2,2,1.0,adaptive,0.1816,0.0878,4,0.0515,0,1,0,1
xfn4ch9q5krc1.webp,9,7,1,1,0.9987,adaptive,0.1417,0.0668,2,0.0668,0,1,0,0
xlznhyymlfec1.webp,1,1,4,4,0.9999,adaptive,0.1784,0.1043,3,0.088,0,1,0,0
xlznhyymlfec1.webp,1,2,2,2,0.9998,adaptive,0.2173,0.1409,2,0.1409,0,1,0,0
xlznhyymlfec1.webp,1,3,3,3,1.0,adaptive,0.2609,0.1348,3,0.1348,1,1,0,0
xlznhyymlfec1.webp,1,4,6,6,0.9998,adaptive,0.1889,0.1339,4,0.1049,1,0,0,1
xlznhyymlfec1.webp,1,6,9,9,0.9972,adaptive,0.2315,0.1161,4,0.0909,2,0,0,0
xlznhyymlfec1.webp,1,8,1,1,0.9993,adaptive,0.1703,0.1018,1,0.1018,0,0,0,0
xlznhyymlfec1.webp,1,9,5,5,1.0,adaptive,0.2466,0.1276,2,0.1276,1,0,0,0
xlznhyymlfec1.webp,2,1,8,8,0.9985,adaptive,0.1497,0.1422,5,0.0929,2,0,0,1
xlznhyymlfec1.webp,2,3,5,5,1.0,adaptive,0.204,0.1228,3,0.1228,1,1,0,0
xlznhyymlfec1.webp,2,4,1,1,0.9958,adaptive,0.1115,0.1029,1,0.1029,0,0,0,0
xlznhyymlfec1.webp,2,6,3,3,0.9996,adaptive,0.2284,0.1425,4,0.1294,1,0,0,0
xlznhyymlfec1.webp,2,8,6,6,0.9947,adaptive,0.1618,0.1281,5,0.0898,2,0,0,0
xlznhyymlfec1.webp,2,9,4,4,0.9998,adaptive,0.1615,0.1083,7,0.0889,5,0,0,0
xlznhyymlfec1.webp,3,1,1,1,0.4605,adaptive,0.2364,0.0831,3,0.0831,0,2,0,0
xlznhyymlfec1.webp,3,2,6,6,0.9995,adaptive,0.2702,0.1167,4,0.0857,0,2,0,0
xlznhyymlfec1.webp,3,4,5,5,0.9998,adaptive,0.2359,0.1065,3,0.1065,0,2,0,0
xlznhyymlfec1.webp,4,1,3,5,0.7191,adaptive,0.1693,0.1201,4,0.1011,2,0,0,0
xlznhyymlfec1.webp,4,2,8,5,0.5269,adaptive,0.1547,0.111,6,0.0647,2,0,0,1
xlznhyymlfec1.webp,4,3,6,2,0.5036,adaptive,0.2377,0.1147,4,0.0655,0,1,0,0
xlznhyymlfec1.webp,4,4,4,2,0.7874,adaptive,0.1521,0.1045,3,0.0679,0,0,0,0
xlznhyymlfec1.webp,4,5,9,9,0.4444,adaptive,0.1303,0.0823,3,0.0588,0,0,0,0
xlznhyymlfec1.webp,4,6,5,5,0.9086,adaptive,0.1573,0.1065,3,0.0809,1,0,0,0
xlznhyymlfec1.webp,4,7,1,5,0.4993,adaptive,0.1793,0.0793,5,0.0675,3,0,0,0
xlznhyymlfec1.webp,4,8,7,7,0.4015,adaptive,0.1085,0.0701,4,0.0527,2,0,0,0
xlznhyymlfec1.webp,4,9,2,2,0.9902,adaptive,0.143,0.0907,6,0.0791,4,0,0,0
xlznhyymlfec1.webp,5,1,5,3,0.6393,adaptive,0.1038,0.0787,3,0.0787,2,0,0,0
xlznhyymlfec1.webp,5,2,4,2,0.5536,adaptive,0.1265,0.0826,5,0.0542,2,0,0,0
xlznhyymlfec1.webp,5,3,2,2,0.5652,adaptive,0.1827,0.0737,2,0.0737,0,1,0,0
xlznhyymlfec1.webp,5,4,8,2,0.448,adaptive,0.1703,0.1088,4,0.0522,1,0,0,0
xlznhyymlfec1.webp,5,5,1,2,0.7773,adaptive,0.1345,0.0847,3,0.0574,1,0,0,0
xlznhyymlfec1.webp,5,6,7,2,0.6188,adaptive,0.095,0.0572,2,0.0403,0,0,0,0
xlznhyymlfec1.webp,5,7,6,5,0.5177,adaptive,0.228,0.1036,4,0.0522,0,1,0,0
xlznhyymlfec1.webp,6,2,1,5,0.7764,adaptive,0.192,0.0536,3,0.0536,0,2,0,0
xlznhyymlfec1.webp,6,4,2,2,0.6294,adaptive,0.2023,0.0699,3,0.0699,0,2,0,0
xlznhyymlfec1.webp,6,5,3,5,0.9965,adaptive,0.2743,0.1147,4,0.0694,0,2,0,0
xlznhyymlfec1.webp,6,6,6,5,0.8021,adaptive,0.2876,0.1156,6,0.0439,0,2,0,0
xlznhyymlfec1.webp,6,7,4,5,0.9863,adaptive,0.3446,0.2127,6,0.1245,1,0,0,1
xlznhyymlfec1.webp,6,8,5,5,0.9566,adaptive,0.2635,0.1018,5,0.0572,0,2,0,0
xlznhyymlfec1.webp,6,9,8,5,0.9349,adaptive,0.2528,0.0942,6,0.0417,1,2,0,0
xlznhyymlfec1.webp,7,1,6,5,0.8887,adaptive,0.1916,0.1051,13,0.0372,9,0,0,0
xlznhyymlfec1.webp,7,3,4,2,0.4857,adaptive,0.2488,0.0909,4,0.0385,0,1,0,0
xlznhyymlfec1.webp,7,5,5,5,0.8963,adaptive,0.1321,0.0893,2,0.0547,0,0,0,0
xlznhyymlfec1.webp,7,6,8,5,0.896,adaptive,0.1437,0.0891,12,0.0405,9,0,0,0
xlznhyymlfec1.webp,7,7,3,5,0.9894,adaptive,0.2762,0.1134,5,0.0566,1,1,0,0
xlznhyymlfec1.webp,7,8,2,2,0.991,adaptive,0.1429,0.09,7,0.0577,5,0,0,0
xlznhyymlfec1.webp,7,9,1,5,0.8843,adaptive,0.0619,0.0414,6,0.0323,4,0,0,0
xlznhyymlfec1.webp,8,1,2,6,0.5986,adaptive,0.0721,0.0479,6,0.0421,4,0,0,0
xlznhyymlfec1.webp,8,2,3,5,0.9955,adaptive,0.146,0.1006,5,0.0512,2,0,0,0
xlznhyymlfec1.webp,8,3,8,5,0.9065,adaptive,0.232,0.0816,5,0.0369,1,1,0,0
xlznhyymlfec1.webp,8,5,6,5,0.8859,adaptive,0.1641,0.1134,4,0.0526,0,0,0,0
xlznhyymlfec1.webp,8,6,1,5,0.8452,adaptive,0.1418,0.109,3,0.0531,0,0,0,0
xlznhyymlfec1.webp,8,7,5,5,0.4858,adaptive,0.1829,0.047,2,0.047,0,1,0,0
xlznhyymlfec1.webp,8,8,4,5,0.6292,adaptive,0.059,0.0356,5,0.0356,4,0,0,0
xlznhyymlfec1.webp,9,2,5,5,0.9092,adaptive,0.3964,0.1802,8,0.1133,1,2,0,1
xlznhyymlfec1.webp,9,3,1,5,0.3179,adaptive,0.2228,0.1096,3,0.0635,0,1,0,0
xlznhyymlfec1.webp,9,4,3,5,0.6924,adaptive,0.1896,0.0472,4,0.035,0,2,0,0
xlznhyymlfec1.webp,9,9,6,5,0.9387,adaptive,0.456,0.2232,8,0.125,3,1,0,0
xmf2l4mgydlc1.webp,1,1,8,8,1.0,adaptive,0.2544,0.09,4,0.09,1,2,0,0
xmf2l4mgydlc1.webp,1,3,4,4,1.0,adaptive,0.2103,0.0735,2,0.0735,0,1,0,0
xmf2l4mgydlc1.webp,1,4,7,7,1.0,adaptive,0.1965,0.0588,2,0.0588,0,1,0,0
xmf2l4mgydlc1.webp,1,5,2,2,1.0,adaptive,0.2153,0.0785,2,0.0785,0,1,0,0
xmf2l4mgydlc1.webp,1,6,5,5,1.0,adaptive,0.2223,0.0847,2,0.0847,0,1,0,0
xmf2l4mgydlc1.webp,2,1,5,5,1.0,adaptive,0.2074,0.083,2,0.083,0,1,0,0
xmf2l4mgydlc1.webp,2,2,7,7,1.0,adaptive,0.1485,0.0618,1,0.0618,0,0,0,0
xmf2l4mgydlc1.webp,2,3,3,3,1.0,adaptive,0.1673,0.0798,1,0.0798,0,0,0,0
xmf2l4mgydlc1.webp,2,4,8,8,1.0,adaptive,0.1782,0.0918,1,0.0918,0,0,0,0
xmf2l4mgydlc1.webp,2,5,6,6,1.0,adaptive,0.1765,0.0888,1,0.0888,0,0,0,0
xmf2l4mgydlc1.webp,3,1,6,6,0.9999,adaptive,0.2232,0.0849,2,0.0849,0,1,0,0
xmf2l4mgydlc1.webp,3,2,2,2,1.0,adaptive,0.1798,0.0794,1,0.0794,0,0,0,0
xmf2l4mgydlc1.webp,3,4,4,4,1.0,adaptive,0.1851,0.0726,1,0.0726,0,0,0,0
xmf2l4mgydlc1.webp,3,6,3,3,1.0,adaptive,0.1771,0.0782,1,0.0782,0,0,0,0
xmf2l4mgydlc1.webp,3,7,8,8,1.0,adaptive,0.2038,0.0904,1,0.0904,0,0,0,0
xmf2l4mgydlc1.webp,3,8,5,5,1.0,adaptive,0.18,0.085,1,0.085,0,0,0,0
xmf2l4mgydlc1.webp,3,9,7,7,1.0,adaptive,0.1829,0.0588,1,0.0588,0,0,0,0
xmf2l4mgydlc1.webp,4,1,1,1,1.0,adaptive,0.1836,0.0581,2,0.0581,0,1,0,0
xmf2l4mgydlc1.webp,4,2,3,3,1.0,adaptive,0.1646,0.0789,1,0.0789,0,0,0,0
xmf2l4mgydlc1.webp,4,6,7,7,1.0,adaptive,0.1637,0.059,1,0.059,0,0,0,0
xmf2l4mgydlc1.webp,5,1,7,7,1.0,adaptive,0.1866,0.0602,2,0.0602,0,1,0,0
xmf2l4mgydlc1.webp,5,6,4,4,1.0,adaptive,0.1716,0.0742,1,0.0742,0,0,0,0
xmf2l4mgydlc1.webp,6,5,3,3,1.0,adaptive,0.2022,0.0785,1,0.0785,0,0,0,0
xmf2l4mgydlc1.webp,6,7,7,7,1.0,adaptive,0.1842,0.0595,1,0.0595,0,0,0,0
xmf2l4mgydlc1.webp,6,9,9,9,1.0,adaptive,0.2096,0.0858,1,0.0858,0,0,0,0
xmf2l4mgydlc1.webp,7,3,8,8,1.0,adaptive,0.2125,0.0904,1,0.0904,0,0,0,0
xmf2l4mgydlc1.webp,7,5,4,4,1.0,adaptive,0.1875,0.0739,1,0.0739,0,0,0,0
xmf2l4mgydlc1.webp,7,6,2,2,1.0,adaptive,0.1871,0.0773,1,0.0773,0,0,0,0
xmf2l4mgydlc1.webp,7,7,6,6,0.9999,adaptive,0.2083,0.0851,1,0.0851,0,0,0,0
xmf2l4mgydlc1.webp,7,8,7,7,1.0,adaptive,0.161,0.0604,1,0.0604,0,0,0,0
xmf2l4mgydlc1.webp,7,9,5,5,1.0,adaptive,0.2096,0.0838,3,0.0838,2,0,0,0
xmf2l4mgydlc1.webp,8,9,3,3,1.0,adaptive,0.2173,0.0794,2,0.0794,0,1,0,0
xmf2l4mgydlc1.webp,9,2,5,5,1.0,adaptive,0.1958,0.0834,1,0.0834,0,0,0,0
xmf2l4mgydlc1.webp,9,7,1,1,0.9999,adaptive,0.1816,0.0568,1,0.0568,0,0,0,0
xnbnrtbublic1.webp,1,1,1,1,1.0,adaptive,0.1481,0.0615,1,0.0615,0,0,0,0
xnbnrtbublic1.webp,1,7,3,3,1.0,adaptive,0.149,0.0766,1,0.0766,0,0,0,0
xnbnrtbublic1.webp,2,1,3,3,1.0,adaptive,0.1242,0.0794,1,0.0794,0,0,0,0
xnbnrtbublic1.webp,2,2,4,4,0.9998,adaptive,0.0794,0.0792,1,0.0792,0,0,0,0
xnbnrtbublic1.webp,2,4,6,6,0.9991,adaptive,0.1298,0.0997,1,0.0997,0,0,0,0
xnbnrtbublic1.webp,2,5,7,7,1.0,adaptive,0.0696,0.0696,1,0.0696,0,0,0,0
xnbnrtbublic1.webp,3,1,5,5,1.0,adaptive,0.1568,0.0844,1,0.0844,0,0,0,0
xnbnrtbublic1.webp,3,2,9,9,1.0,adaptive,0.1278,0.0977,1,0.0977,0,0,0,0
xnbnrtbublic1.webp,3,4,4,4,0.9999,adaptive,0.1321,0.0742,1,0.0742,0,0,0,0
xnbnrtbublic1.webp,3,6,3,3,1.0,adaptive,0.1361,0.0782,1,0.0782,0,0,0,0
xnbnrtbublic1.webp,4,1,8,8,1.0,adaptive,0.1773,0.1043,1,0.1043,0,0,0,0
xnbnrtbublic1.webp,4,2,1,1,1.0,adaptive,0.092,0.062,1,0.062,0,0,0,0
xnbnrtbublic1.webp,4,5,3,3,1.0,adaptive,0.1081,0.0782,1,0.0782,0,0,0,0
xnbnrtbublic1.webp,4,8,2,2,1.0,adaptive,0.1174,0.0873,1,0.0873,0,0,0,0
xnbnrtbublic1.webp,4,9,5,5,1.0,adaptive,0.1528,0.0798,1,0.0798,0,0,0,0
xnbnrtbublic1.webp,5,1,6,6,0.9997,adaptive,0.1447,0.1,1,0.1,0,0,0,0
xnbnrtbublic1.webp,5,2,3,3,1.0,adaptive,0.0801,0.0801,1,0.0801,0,0,0,0
xnbnrtbublic1.webp,5,6,5,5,1.0,adaptive,0.1135,0.0837,1,0.0837,0,0,0,0
xnbnrtbublic1.webp,5,7,4,4,0.9999,adaptive,0.1054,0.0753,1,0.0753,0,0,0,0
xnbnrtbublic1.webp,5,8,1,1,0.9997,adaptive,0.0643,0.0643,1,0.0643,0,0,0,0
xnbnrtbublic1.webp,5,9,7,7,1.0,adaptive,0.1144,0.0697,1,0.0697,0,0,0,0
xnbnrtbublic1.webp,6,3,5,5,1.0,adaptive,0.1388,0.0806,1,0.0806,0,0,0,0
xnbnrtbublic1.webp,6,8,3,3,1.0,adaptive,0.1092,0.0791,1,0.0791,0,0,0,0
xnbnrtbublic1.webp,7,1,7,7,1.0,adaptive,0.1401,0.0675,1,0.0675,0,0,0,0
xnbnrtbublic1.webp,7,4,3,3,1.0,adaptive,0.1377,0.0795,1,0.0795,0,0,0,0
xnbnrtbublic1.webp,7,8,6,6,0.9992,adaptive,0.1278,0.0977,1,0.0977,0,0,0,0
xnbnrtbublic1.webp,8,2,6,6,0.9993,adaptive,0.1012,0.101,1,0.101,0,0,0,0
xnbnrtbublic1.webp,8,6,2,2,1.0,adaptive,0.114,0.0839,1,0.0839,0,0,0,0
xnbnrtbublic1.webp,8,9,3,3,1.0,adaptive,0.1217,0.0769,1,0.0769,0,0,0,0
xnbnrtbublic1.webp,9,1,2,2,1.0,adaptive,0.1735,0.0869,1,0.0869,0,0,0,0
xnbnrtbublic1.webp,9,3,3,3,1.0,adaptive,0.1499,0.0775,1,0.0775,0,0,0,0
xnbnrtbublic1.webp,9,5,6,6,0.9987,adaptive,0.1425,0.0977,1,0.0977,0,0,0,0
xnbnrtbublic1.webp,9,9,1,1,1.0,adaptive,0.1484,0.0617,1,0.0617,0,0,0,0
xosaap03m1bc1.webp,1,2,7,7,0.9999,adaptive,0.2831,0.0927,2,0.0927,0,1,0,0
xosaap03m1bc1.webp,1,7,2,2,0.9986,adaptive,0.327,0.1577,3,0.1577,0,1,1,0
xosaap03m1bc1.webp,1,8,9,9,0.9998,adaptive,0.3272,0.1413,5,0.1072,1,1,1,0
xosaap03m1bc1.webp,1,9,5,3,0.8886,adaptive,0.3515,0.1281,5,0.1018,0,2,0,1
xosaap03m1bc1.webp,2,3,5,5,0.9999,adaptive,0.3141,0.1574,3,0.1574,1,0,1,0
xosaap03m1bc1.webp,2,4,9,9,0.9989,adaptive,0.3254,0.2164,3,0.1205,0,0,0,0
xosaap03m1bc1.webp,2,6,3,3,0.998,adaptive,0.3311,0.2481,2,0.1569,0,0,0,0
xosaap03m1bc1.webp,2,7,8,8,0.9035,adaptive,0.2822,0.2361,4,0.116,0,0,0,1
xosaap03m1bc1.webp,2,8,7,7,1.0,adaptive,0.242,0.0962,2,0.0962,0,1,0,0
xosaap03m1bc1.webp,3,2,9,9,0.9836,adaptive,0.363,0.218,4,0.1108,0,1,0,0
xosaap03m1bc1.webp,3,5,5,5,0.9999,adaptive,0.3587,0.1459,2,0.1459,0,0,1,0
xosaap03m1bc1.webp,3,6,7,7,1.0,adaptive,0.2903,0.0833,2,0.0833,0,0,1,0
xosaap03m1bc1.webp,3,7,1,1,0.9989,adaptive,0.3177,0.1742,3,0.1009,0,1,0,0
xosaap03m1bc1.webp,3,9,3,3,0.9991,adaptive,0.3796,0.2261,4,0.0873,0,1,0,0
xosaap03m1bc1.webp,4,1,5,5,0.9999,adaptive,0.3408,0.2034,4,0.1403,0,2,0,0
xosaap03m1bc1.webp,4,2,4,4,0.6445,adaptive,0.2791,0.1135,6,0.1018,2,1,1,0
xosaap03m1bc1.webp,4,4,7,7,0.9976,adaptive,0.2121,0.0746,3,0.0746,1,1,0,0
xosaap03m1bc1.webp,4,7,6,6,0.999,adaptive,0.2767,0.1314,5,0.1085,1,1,1,0
xosaap03m1bc1.webp,5,1,8,5,0.8227,adaptive,0.344,0.2047,9,0.095,4,1,0,1
xosaap03m1bc1.webp,5,4,5,5,0.9986,adaptive,0.3788,0.1472,3,0.1472,0,1,1,0
xosaap03m1bc1.webp,5,9,2,2,0.9266,adaptive,0.3284,0.211,4,0.1355,1,1,0,0
xosaap03m1bc1.webp,6,3,9,9,0.7828,adaptive,0.3393,0.1276,5,0.0976,0,2,0,0
xosaap03m1bc1.webp,6,6,6,6,0.9907,adaptive,0.3872,0.2214,4,0.1056,0,1,0,0
xosaap03m1bc1.webp,6,8,5,5,0.9898,adaptive,0.3675,0.2196,5,0.142,2,1,0,0
xosaap03m1bc1.webp,7,3,4,4,0.9812,adaptive,0.2863,0.1127,3,0.1,0,1,0,0
xosaap03m1bc1.webp,7,5,7,7,0.9995,adaptive,0.2216,0.0776,2,0.0776,0,1,0,0
xosaap03m1bc1.webp,8,2,8,8,0.6405,adaptive,0.2778,0.1384,4,0.1031,0,1,0,0
xosaap03m1bc1.webp,8,4,6,6,0.9997,adaptive,0.3048,0.1379,3,0.1119,0,1,0,0
xosaap03m1bc1.webp,8,6,5,5,0.9999,adaptive,0.3437,0.2252,2,0.1493,0,0,0,0
xosaap03m1bc1.webp,8,7,4,4,0.9973,adaptive,0.2474,0.19,3,0.1095,0,0,0,0
xosaap03m1bc1.webp,9,1,9,9,0.9996,adaptive,0.3397,0.2083,3,0.1145,0,0,0,0
xosaap03m1bc1.webp,9,3,1,1,0.9988,adaptive,0.276,0.1094,2,0.1094,0,0,1,0
xosaap03m1bc1.webp,9,8,3,3,0.9952,adaptive,0.2874,0.1707,2,0.1707,0,0,1,0
yczil4vivwnc1.webp,1,4,7,7,1.0,adaptive,0.1276,0.0414,1,0.0414,0,0,0,0
yczil4vivwnc1.webp,1,7,5,5,1.0,adaptive,0.1288,0.0559,1,0.0559,0,0,0,0
yczil4vivwnc1.webp,1,8,9,9,1.0,adaptive,0.1312,0.0611,1,0.0611,0,0,0,0
yczil4vivwnc1.webp,2,1,3,3,1.0,adaptive,0.1246,0.054,1,0.054,0,0,0,0
yczil4vivwnc1.webp,2,3,8,8,1.0,adaptive,0.1271,0.0681,1,0.0681,0,0,0,0
yczil4vivwnc1.webp,2,5,5,5,1.0,adaptive,0.1024,0.0583,1,0.0583,0,0,0,0
yczil4vivwnc1.webp,2,7,6,6,0.994,adaptive,0.1183,0.0608,1,0.0608,0,0,0,0
yczil4vivwnc1.webp,2,9,7,7,0.9999,adaptive,0.1147,0.0432,1,0.0432,0,0,0,0
yczil4vivwnc1.webp,3,4,6,6,0.9942,adaptive,0.1312,0.0599,1,0.0599,0,0,0,0
yczil4vivwnc1.webp,3,7,4,4,0.9993,adaptive,0.1221,0.0521,1,0.0521,0,0,0,0
yczil4vivwnc1.webp,4,6,1,1,1.0,adaptive,0.1112,0.0397,1,0.0397,0,0,0,0
yczil4vivwnc1.webp,5,4,3,3,1.0,adaptive,0.1246,0.0536,1,0.0536,0,0,0,0
yczil4vivwnc1.webp,5,7,1,1,0.9999,adaptive,0.1065,0.0398,1,0.0398,0,0,0,0
yczil4vivwnc1.webp,5,8,5,5,1.0,adaptive,0.1081,0.0576,1,0.0576,0,0,0,0
yczil4vivwnc1.webp,5,9,2,2,1.0,adaptive,0.111,0.0518,1,0.0518,0,0,0,0
yczil4vivwnc1.webp,6,1,9,9,1.0,adaptive,0.1437,0.0599,1,0.0599,0,0,0,0
yczil4vivwnc1.webp,6,2,1,1,0.9999,adaptive,0.1115,0.0396,1,0.0396,0,0,0,0
yczil4vivwnc1.webp,6,8,6,6,0.9847,adaptive,0.1282,0.0606,1,0.0606,0,0,0,0
yczil4vivwnc1.webp,7,4,2,2,1.0,adaptive,0.1357,0.0506,1,0.0506,0,0,0,0
yczil4vivwnc1.webp,7,6,4,4,0.9988,adaptive,0.1337,0.0503,1,0.0503,0,0,0,0
yczil4vivwnc1.webp,7,8,8,8,1.0,adaptive,0.1271,0.0674,1,0.0674,0,0,0,0
yczil4vivwnc1.webp,8,3,1,1,0.9999,adaptive,0.0871,0.0432,1,0.0432,0,0,0,0
yczil4vivwnc1.webp,9,2,3,3,1.0,adaptive,0.1248,0.0545,1,0.0545,0,0,0,0
yczil4vivwnc1.webp,9,6,7,7,0.9999,adaptive,0.1178,0.0425,1,0.0425,0,0,0,0
yczil4vivwnc1.webp,9,9,6,6,0.9902,adaptive,0.1435,0.0595,1,0.0595,0,0,0,0
yekgxzzwxozc1.webp,1,7,9,9,0.9999,adaptive,0.2136,0.0884,1,0.0884,0,0,0,0
yekgxzzwxozc1.webp,1,8,1,1,0.9999,adaptive,0.1581,0.0574,1,0.0574,0,0,0,0
yekgxzzwxozc1.webp,2,2,2,2,1.0,adaptive,0.1398,0.0808,1,0.0808,0,0,0,0
yekgxzzwxozc1.webp,2,5,4,4,1.0,adaptive,0.1499,0.0771,1,0.0771,0,0,0,0
yekgxzzwxozc1.webp,2,9,3,3,1.0,adaptive,0.1816,0.0812,1,0.0812,0,0,0,0
yekgxzzwxozc1.webp,3,2,1,1,0.9999,adaptive,0.1547,0.0592,1,0.0592,0,0,0,0
yekgxzzwxozc1.webp,3,3,9,9,0.9999,adaptive,0.1971,0.088,1,0.088,0,0,0,0
yekgxzzwxozc1.webp,3,4,7,7,1.0,adaptive,0.162,0.0633,1,0.0633,0,0,0,0
yekgxzzwxozc1.webp,3,5,8,8,1.0,adaptive,0.1918,0.0943,1,0.0943,0,0,0,0
yekgxzzwxozc1.webp,3,6,3,3,1.0,adaptive,0.1791,0.0789,1,0.0789,0,0,0,0
yekgxzzwxozc1.webp,3,8,2,2,1.0,adaptive,0.1762,0.0778,1,0.0778,0,0,0,0
yekgxzzwxozc1.webp,3,9,6,6,0.9999,adaptive,0.2119,0.0869,1,0.0869,0,0,0,0
yekgxzzwxozc1.webp,4,1,9,9,0.9999,adaptive,0.2012,0.088,1,0.088,0,0,0,0
yekgxzzwxozc1.webp,4,3,4,4,1.0,adaptive,0.176,0.0755,1,0.0755,0,0,0,0
yekgxzzwxozc1.webp,4,6,8,8,1.0,adaptive,0.1791,0.0933,1,0.0933,0,0,0,0
yekgxzzwxozc1.webp,4,7,7,7,1.0,adaptive,0.1475,0.0622,1,0.0622,0,0,0,0
yekgxzzwxozc1.webp,4,9,2,2,1.0,adaptive,0.1925,0.08,1,0.08,0,0,0,0
yekgxzzwxozc1.webp,5,1,2,2,1.0,adaptive,0.2065,0.0812,1,0.0812,0,0,0,0
yekgxzzwxozc1.webp,5,3,1,1,1.0,adaptive,0.1687,0.0608,1,0.0608,0,0,0,0
yekgxzzwxozc1.webp,5,4,5,5,1.0,adaptive,0.1843,0.0866,1,0.0866,0,0,0,0
yekgxzzwxozc1.webp,5,6,7,7,1.0,adaptive,0.1615,0.0608,1,0.0608,0,0,0,0
yekgxzzwxozc1.webp,6,2,8,8,1.0,adaptive,0.168,0.0957,1,0.0957,0,0,0,0
yekgxzzwxozc1.webp,6,4,4,4,1.0,adaptive,0.1606,0.0751,1,0.0751,0,0,0,0
yekgxzzwxozc1.webp,6,5,9,9,0.9999,adaptive,0.1766,0.0909,1,0.0909,0,0,0,0
yekgxzzwxozc1.webp,6,6,2,2,1.0,adaptive,0.1655,0.0802,1,0.0802,0,0,0,0
yekgxzzwxozc1.webp,6,7,6,6,0.9999,adaptive,0.1878,0.0878,1,0.0878,0,0,0,0
yekgxzzwxozc1.webp,6,9,1,1,0.9999,adaptive,0.1702,0.057,1,0.057,0,0,0,0
yekgxzzwxozc1.webp,7,2,4,4,1.0,adaptive,0.1628,0.0778,1,0.0778,0,0,0,0
yekgxzzwxozc1.webp,7,4,8,8,1.0,adaptive,0.1911,0.0924,1,0.0924,0,0,0,0
yekgxzzwxozc1.webp,7,7,2,2,0.9999,adaptive,0.1862,0.0786,1,0.0786,0,0,0,0
yekgxzzwxozc1.webp,8,1,3,3,1.0,adaptive,0.1825,0.0823,1,0.0823,0,0,0,0
yekgxzzwxozc1.webp,8,7,1,1,1.0,adaptive,0.1567,0.0604,1,0.0604,0,0,0,0
yekgxzzwxozc1.webp,9,2,9,9,0.9999,adaptive,0.1915,0.0914,1,0.0914,0,0,0,0
yekgxzzwxozc1.webp,9,5,7,7,1.0,adaptive,0.1755,0.0629,1,0.0629,0,0,0,0
yekgxzzwxozc1.webp,9,7,3,3,1.0,adaptive,0.2043,0.0786,1,0.0786,0,0,0,0
yekgxzzwxozc1.webp,9,8,6,6,0.9999,adaptive,0.1913,0.0907,1,0.0907,0,0,0,0
yfvifby5d0bc1.webp,1,2,1,1,0.998,adaptive,0.0979,0.04,1,0.04,0,0,0,0
yfvifby5d0bc1.webp,1,4,0,0,0.992,adaptive,0.0889,0.0,0,0.0,0,0,0,0
yfvifby5d0bc1.webp,1,5,0,0,0.992,adaptive,0.0581,0.0,0,0.0,0,0,0,0
yfvifby5d0bc1.webp,1,6,0,0,0.992,adaptive,0.1107,0.0,0,0.0,0,0,0,0
yfvifby5d0bc1.webp,1,7,6,6,0.9998,adaptive,0.182,0.084,1,0.084,0,0,0,0
yfvifby5d0bc1.webp,2,1,0,0,0.992,adaptive,0.0717,0.0,0,0.0,0,0,0,0
yfvifby5d0bc1.webp,2,2,0,0,0.992,adaptive,0.0468,0.0,0,0.0,0,0,0,0
yfvifby5d0bc1.webp,2,5,0,0,0.992,adaptive,0.0404,0.0,0,0.0,0,0,0,0
yfvifby5d0bc1.webp,2,6,7,7,1.0,adaptive,0.1346,0.0513,1,0.0513,0,0,0,0
yfvifby5d0bc1.webp,2,9,1,1,0.9935,adaptive,0.1291,0.0445,1,0.0445,0,0,0,0
yfvifby5d0bc1.webp,3,1,2,2,1.0,adaptive,0.1571,0.0728,1,0.0728,0,0,0,0
yfvifby5d0bc1.webp,3,3,8,8,1.0,adaptive,0.18,0.0855,1,0.0855,0,0,0,0
yfvifby5d0bc1.webp,3,8,4,4,1.0,adaptive,0.1547,0.0715,1,0.0715,0,0,0,0
yfvifby5d0bc1.webp,4,1,6,6,0.9999,adaptive,0.1858,0.086,1,0.086,0,0,0,0
yfvifby5d0bc1.webp,4,6,0,0,0.992,adaptive,0.0862,0.0,0,0.0,0,0,0,0
yfvifby5d0bc1.webp,4,8,0,0,0.992,adaptive,0.0703,0.0,0,0.0,0,0,0,0
yfvifby5d0bc1.webp,5,2,5,5,1.0,adaptive,0.1256,0.082,1,0.082,0,0,0,0
yfvifby5d0bc1.webp,5,3,1,1,0.9978,adaptive,0.0977,0.0407,1,0.0407,0,0,0,0
yfvifby5d0bc1.webp,5,4,4,4,1.0,adaptive,0.1246,0.0697,1,0.0697,0,0,0,0
yfvifby5d0bc1.webp,5,5,2,2,1.0,adaptive,0.0735,0.0707,1,0.0707,0,0,0,0
yfvifby5d0bc1.webp,5,6,9,9,1.0,adaptive,0.1312,0.0855,1,0.0855,0,0,0,0
yfvifby5d0bc1.webp,5,7,0,0,0.992,adaptive,0.0547,0.0,0,0.0,0,0,0,0
yfvifby5d0bc1.webp,6,2,0,0,0.992,adaptive,0.073,0.0,0,0.0,0,0,0,0
yfvifby5d0bc1.webp,6,3,0,0,0.992,adaptive,0.0824,0.0,0,0.0,0,0,0,0
yfvifby5d0bc1.webp,6,4,5,5,1.0,adaptive,0.1361,0.0773,1,0.0773,0,0,0,0
yfvifby5d0bc1.webp,6,5,6,6,0.9999,adaptive,0.1307,0.0844,1,0.0844,0,0,0,0
yfvifby5d0bc1.webp,6,6,0,0,0.992,adaptive,0.0867,0.0,0,0.0,0,0,0,0
yfvifby5d0bc1.webp,6,7,0,0,0.992,adaptive,0.1018,0.0,0,0.0,0,0,0,0
yfvifby5d0bc1.webp,6,8,2,2,1.0,adaptive,0.1547,0.0706,1,0.0706,0,0,0,0
yfvifby5d0bc1.webp,6,9,0,0,0.992,adaptive,0.1,0.0,0,0.0,0,0,0,0
yfvifby5d0bc1.webp,7,3,4,4,1.0,adaptive,0.1655,0.0715,1,0.0715,0,0,0,0
yfvifby5d0bc1.webp,7,4,0,0,0.992,adaptive,0.1078,0.0,0,0.0,0,0,0,0
yfvifby5d0bc1.webp,7,5,0,0,0.992,adaptive,0.0574,0.0,0,0.0,0,0,0,0
yfvifby5d0bc1.webp,7,6,0,0,0.992,adaptive,0.0826,0.0,0,0.0,0,0,0,0
yfvifby5d0bc1.webp,7,8,5,5,1.0,adaptive,0.1477,0.081,1,0.081,0,0,0,0
yfvifby5d0bc1.webp,7,9,0,0,0.992,adaptive,0.0844,0.0,0,0.0,0,0,0,0
yfvifby5d0bc1.webp,8,1,5,5,1.0,adaptive,0.1637,0.0798,1,0.0798,0,0,0,0
yfvifby5d0bc1.webp,8,2,3,3,1.0,adaptive,0.1315,0.0744,1,0.0744,0,0,0,0
yfvifby5d0bc1.webp,8,3,7,7,1.0,adaptive,0.1201,0.0527,1,0.0527,0,0,0,0
yfvifby5d0bc1.webp,8,4,1,1,0.9957,adaptive,0.1309,0.0461,1,0.0461,0,0,0,0
yfvifby5d0bc1.webp,8,5,9,9,1.0,adaptive,0.1306,0.0865,1,0.0865,0,0,0,0
yfvifby5d0bc1.webp,8,6,6,6,1.0,adaptive,0.1567,0.0868,1,0.0868,0,0,0,0
yfvifby5d0bc1.webp,8,8,8,8,1.0,adaptive,0.1377,0.087,1,0.087,0,0,0,0
yfvifby5d0bc1.webp,9,2,8,8,1.0,adaptive,0.1576,0.0866,1,0.0866,0,0,0,0
yfvifby5d0bc1.webp,9,4,0,0,0.992,adaptive,0.1109,0.0,0,0.0,0,0,0,0
yfvifby5d0bc1.webp,9,7,3,3,1.0,adaptive,0.1684,0.0728,1,0.0728,0,0,0,0
yfvifby5d0bc1.webp,9,9,0,0,0.992,adaptive,0.0864,0.0,0,0.0,0,0,0,0
yt9r8qlr8iac1.webp,1,3,1,1,0.9985,adaptive,0.125,0.039,1,0.039,0,0,0,0
yt9r8qlr8iac1.webp,1,6,2,2,1.0,adaptive,0.1818,0.0688,1,0.0688,0,0,0,0
yt9r8qlr8iac1.webp,1,9,4,4,1.0,adaptive,0.1798,0.0659,1,0.0659,0,0,0,0
yt9r8qlr8iac1.webp,2,9,7,7,1.0,adaptive,0.1364,0.0504,1,0.0504,0,0,0,0
yt9r8qlr8iac1.webp,3,1,4,4,1.0,adaptive,0.1564,0.0686,1,0.0686,0,0,0,0
yt9r8qlr8iac1.webp,3,4,8,8,1.0,adaptive,0.1669,0.0826,1,0.0826,0,0,0,0
yt9r8qlr8iac1.webp,3,6,9,9,1.0,adaptive,0.149,0.0802,1,0.0802,0,0,0,0
yt9r8qlr8iac1.webp,4,1,6,6,1.0,adaptive,0.1949,0.0824,1,0.0824,0,0,0,0
yt9r8qlr8iac1.webp,4,7,1,1,0.9986,adaptive,0.1087,0.039,1,0.039,0,0,0,0
yt9r8qlr8iac1.webp,5,2,3,3,1.0,adaptive,0.129,0.0723,1,0.0723,0,0,0,0
yt9r8qlr8iac1.webp,5,4,1,1,0.998,adaptive,0.1219,0.0393,1,0.0393,0,0,0,0
yt9r8qlr8iac1.webp,5,5,2,2,1.0,adaptive,0.1203,0.068,1,0.068,0,0,0,0
yt9r8qlr8iac1.webp,6,2,1,1,0.9976,adaptive,0.1246,0.0403,1,0.0403,0,0,0,0
yt9r8qlr8iac1.webp,6,4,5,5,1.0,adaptive,0.1882,0.0769,1,0.0769,0,0,0,0
yt9r8qlr8iac1.webp,6,6,3,3,1.0,adaptive,0.1824,0.0711,1,0.0711,0,0,0,0
yt9r8qlr8iac1.webp,6,8,4,4,1.0,adaptive,0.1511,0.0669,1,0.0669,0,0,0,0
yt9r8qlr8iac1.webp,7,1,1,1,0.9926,adaptive,0.1421,0.0432,1,0.0432,0,0,0,0
yt9r8qlr8iac1.webp,7,4,2,2,1.0,adaptive,0.1633,0.0666,1,0.0666,0,0,0,0
yt9r8qlr8iac1.webp,7,5,4,4,1.0,adaptive,0.1364,0.0676,1,0.0676,0,0,0,0
yt9r8qlr8iac1.webp,7,6,5,5,1.0,adaptive,0.1742,0.0773,1,0.0773,0,0,0,0
yt9r8qlr8iac1.webp,7,7,6,6,0.9999,adaptive,0.149,0.082,1,0.082,0,0,0,0
yt9r8qlr8iac1.webp,8,1,3,3,1.0,adaptive,0.1445,0.0712,1,0.0712,0,0,0,0
yt9r8qlr8iac1.webp,8,2,4,4,1.0,adaptive,0.1109,0.0693,1,0.0693,0,0,0,0
yt9r8qlr8iac1.webp,8,3,2,2,1.0,adaptive,0.1101,0.0681,1,0.0681,0,0,0,0
yt9r8qlr8iac1.webp,8,4,6,6,1.0,adaptive,0.1549,0.0834,1,0.0834,0,0,0,0
yt9r8qlr8iac1.webp,8,7,9,9,1.0,adaptive,0.1246,0.0844,1,0.0844,0,0,0,0
yt9r8qlr8iac1.webp,8,8,5,5,1.0,adaptive,0.1208,0.079,1,0.079,0,0,0,0
yt9r8qlr8iac1.webp,8,9,1,1,0.9953,adaptive,0.1167,0.0439,1,0.0439,0,0,0,0
yt9r8qlr8iac1.webp,9,1,5,5,1.0,adaptive,0.178,0.0773,1,0.0773,0,0,0,0
yt9r8qlr8iac1.webp,9,2,6,6,0.9998,adaptive,0.1536,0.0828,1,0.0828,0,0,0,0
yt9r8qlr8iac1.webp,9,3,8,8,1.0,adaptive,0.1555,0.0835,1,0.0835,0,0,0,0
yt9r8qlr8iac1.webp,9,6,1,1,0.9977,adaptive,0.1392,0.0401,1,0.0401,0,0,0,0
yt9r8qlr8iac1.webp,9,7,4,4,1.0,adaptive,0.1381,0.0671,1,0.0671,0,0,0,0
yt9r8qlr8iac1.webp,9,8,7,7,1.0,adaptive,0.1201,0.05,1,0.05,0,0,0,0
yt9r8qlr8iac1.webp,9,9,2,2,1.0,adaptive,0.168,0.0673,1,0.0673,0,0,0,0
yuloqqav4lic1.webp,1,1,1,1,0.9808,adaptive,0.149,0.0501,1,0.0501,0,0,0,0
yuloqqav4lic1.webp,1,4,2,2,1.0,adaptive,0.1604,0.0742,1,0.0742,0,0,0,0
yuloqqav4lic1.webp,1,5,5,5,1.0,adaptive,0.1664,0.0825,1,0.0825,0,0,0,0
yuloqqav4lic1.webp,1,6,7,7,1.0,adaptive,0.1548,0.0575,1,0.0575,0,0,0,0
yuloqqav4lic1.webp,1,7,9,9,1.0,adaptive,0.1773,0.0813,1,0.0813,0,0,0,0
yuloqqav4lic1.webp,1,8,8,8,1.0,adaptive,0.1787,0.0948,1,0.0948,0,0,0,0
yuloqqav4lic1.webp,1,9,6,6,0.9944,adaptive,0.1804,0.0815,1,0.0815,0,0,0,0
yuloqqav4lic1.webp,2,1,6,6,0.9924,adaptive,0.1558,0.0832,1,0.0832,0,0,0,0
yuloqqav4lic1.webp,2,2,7,7,1.0,adaptive,0.1171,0.059,1,0.059,0,0,0,0
yuloqqav4lic1.webp,2,3,9,9,1.0,adaptive,0.1549,0.0828,1,0.0828,0,0,0,0
yuloqqav4lic1.webp,2,4,8,8,1.0,adaptive,0.1515,0.0934,1,0.0934,0,0,0,0
yuloqqav4lic1.webp,2,5,4,4,1.0,adaptive,0.1327,0.0755,1,0.0755,0,0,0,0
yuloqqav4lic1.webp,2,6,1,1,0.9844,adaptive,0.1205,0.0502,1,0.0502,0,0,0,0
yuloqqav4lic1.webp,2,7,3,3,1.0,adaptive,0.1253,0.0812,1,0.0812,0,0,0,0
yuloqqav4lic1.webp,2,8,2,2,1.0,adaptive,0.1354,0.0783,1,0.0783,0,0,0,0
yuloqqav4lic1.webp,2,9,5,5,1.0,adaptive,0.1565,0.0839,1,0.0839,0,0,0,0
yuloqqav4lic1.webp,3,1,8,8,1.0,adaptive,0.1657,0.0933,1,0.0933,0,0,0,0
yuloqqav4lic1.webp,3,2,2,2,1.0,adaptive,0.1359,0.0782,1,0.0782,0,0,0,0
yuloqqav4lic1.webp,3,3,5,5,1.0,adaptive,0.1555,0.0838,1,0.0838,0,0,0,0
yuloqqav4lic1.webp,3,4,6,6,0.995,adaptive,0.1383,0.0809,1,0.0809,0,0,0,0
yuloqqav4lic1.webp,3,5,9,9,1.0,adaptive,0.1391,0.0821,1,0.0821,0,0,0,0
yuloqqav4lic1.webp,3,6,3,3,1.0,adaptive,0.1386,0.0773,1,0.0773,0,0,0,0
yuloqqav4lic1.webp,3,7,1,1,0.9962,adaptive,0.1147,0.0439,1,0.0439,0,0,0,0
yuloqqav4lic1.webp,3,8,4,4,1.0,adaptive,0.1298,0.0735,1,0.0735,0,0,0,0
yuloqqav4lic1.webp,3,9,7,7,1.0,adaptive,0.1305,0.0584,1,0.0584,0,0,0,0
yuloqqav4lic1.webp,4,1,7,7,1.0,adaptive,0.1439,0.0577,1,0.0577,0,0,0,0
yuloqqav4lic1.webp,4,2,9,9,1.0,adaptive,0.1524,0.0812,1,0.0812,0,0,0,0
yuloqqav4lic1.webp,4,7,6,6,0.9978,adaptive,0.1544,0.0811,1,0.0811,0,0,0,0
yuloqqav4lic1.webp,5,3,6,6,0.9992,adaptive,0.1529,0.0837,1,0.0837,0,0,0,0
yuloqqav4lic1.webp,5,7,7,7,1.0,adaptive,0.1099,0.0561,1,0.0561,0,0,0,0
yuloqqav4lic1.webp,6,1,5,5,1.0,adaptive,0.1662,0.0809,1,0.0809,0,0,0,0
yuloqqav4lic1.webp,6,2,1,1,0.9943,adaptive,0.1043,0.0452,1,0.0452,0,0,0,0
yuloqqav4lic1.webp,6,3,2,2,1.0,adaptive,0.1573,0.0757,1,0.0757,0,0,0,0
yuloqqav4lic1.webp,6,4,7,7,1.0,adaptive,0.1272,0.0561,1,0.0561,0,0,0,0
yuloqqav4lic1.webp,6,5,6,6,0.9982,adaptive,0.147,0.0812,1,0.0812,0,0,0,0
yuloqqav4lic1.webp,6,6,9,9,1.0,adaptive,0.1528,0.0815,1,0.0815,0,0,0,0
yuloqqav4lic1.webp,6,7,8,8,1.0,adaptive,0.1615,0.0916,1,0.0916,0,0,0,0
yuloqqav4lic1.webp,6,8,3,3,1.0,adaptive,0.1088,0.0789,1,0.0789,0,0,0,0
yuloqqav4lic1.webp,6,9,4,4,1.0,adaptive,0.1606,0.0751,1,0.0751,0,0,0,0
yuloqqav4lic1.webp,7,2,6,6,0.9975,adaptive,0.1642,0.0819,1,0.0819,0,0,0,0
yuloqqav4lic1.webp,7,4,9,9,1.0,adaptive,0.1526,0.0818,1,0.0818,0,0,0,0
yuloqqav4lic1.webp,7,7,5,5,1.0,adaptive,0.1631,0.0815,1,0.0815,0,0,0,0
yuloqqav4lic1.webp,7,8,7,7,1.0,adaptive,0.123,0.0581,1,0.0581,0,0,0,0
yuloqqav4lic1.webp,8,2,5,5,1.0,adaptive,0.1428,0.0849,1,0.0849,0,0,0,0
yuloqqav4lic1.webp,8,3,7,7,1.0,adaptive,0.1291,0.0581,1,0.0581,0,0,0,0
yuloqqav4lic1.webp,8,4,4,4,1.0,adaptive,0.1368,0.0794,1,0.0794,0,0,0,0
yuloqqav4lic1.webp,8,6,6,6,0.9965,adaptive,0.1538,0.0834,1,0.0834,0,0,0,0
yuloqqav4lic1.webp,8,7,2,2,1.0,adaptive,0.1495,0.0787,1,0.0787,0,0,0,0
yuloqqav4lic1.webp,8,9,8,8,1.0,adaptive,0.1667,0.0943,1,0.0943,0,0,0,0
yuloqqav4lic1.webp,9,3,1,1,0.9809,adaptive,0.1459,0.0483,1,0.0483,0,0,0,0
yuloqqav4lic1.webp,9,4,5,5,1.0,adaptive,0.1709,0.0849,1,0.0849,0,0,0,0
yuloqqav4lic1.webp,9,5,7,7,1.0,adaptive,0.1436,0.059,1,0.059,0,0,0,0
yuloqqav4lic1.webp,9,7,4,4,1.0,adaptive,0.1735,0.0769,1,0.0769,0,0,0,0
yuloqqav4lic1.webp,9,8,6,6,0.9939,adaptive,0.1694,0.0848,1,0.0848,0,0,0,0
yziyzrvntwsc1.webp,1,1,9,0,0.992,adaptive,0.0755,0.0,8,0.0094,7,0,0,0
yziyzrvntwsc1.webp,1,2,1,0,0.992,adaptive,0.0583,0.0,7,0.0059,6,0,0,0
yziyzrvntwsc1.webp,1,3,0,0,0.992,adaptive,0.0299,0.0,0,0.0,0,0,0,0
yziyzrvntwsc1.webp,1,4,2,5,0.9497,adaptive,0.0664,0.0123,5,0.0123,4,0,0,0
yziyzrvntwsc1.webp,1,5,0,9,0.4514,adaptive,0.0927,0.0495,7,0.0403,2,0,0,1
yziyzrvntwsc1.webp,1,6,0,0,0.992,adaptive,0.0579,0.0,2,0.0091,1,0,0,0
yziyzrvntwsc1.webp,1,7,5,0,0.992,adaptive,0.0299,0.0,0,0.0,0,0,0,0
yziyzrvntwsc1.webp,1,8,0,0,0.992,adaptive,0.0495,0.0,4,0.0,4,0,0,0
yziyzrvntwsc1.webp,1,9,0,6,0.7212,adaptive,0.1397,0.0441,10,0.0241,7,0,0,0
yziyzrvntwsc1.webp,2,1,6,0,0.992,adaptive,0.0287,0.0,0,0.0,0,0,0,0
yziyzrvntwsc1.webp,2,2,8,9,0.9992,adaptive,0.1419,0.0402,9,0.0402,7,0,1,0
yziyzrvntwsc1.webp,2,3,7,1,0.8865,adaptive,0.0916,0.0181,12,0.0181,10,1,0,0
yziyzrvntwsc1.webp,2,4,0,2,0.9952,adaptive,0.1341,0.0405,6,0.0339,3,0,1,0
yziyzrvntwsc1.webp,2,5,0,0,0.992,adaptive,0.0801,0.0,5,0.0096,1,3,0,0
yziyzrvntwsc1.webp,2,6,9,0,0.992,adaptive,0.1246,0.0,5,0.0063,3,0,1,0
yziyzrvntwsc1.webp,2,7,3,0,0.7083,adaptive,0.0959,0.0305,6,0.0305,3,1,0,1
yziyzrvntwsc1.webp,2,8,0,0,0.992,adaptive,0.1015,0.0,10,0.006,8,0,1,0
yziyzrvntwsc1.webp,2,9,0,0,0.992,adaptive,0.0396,0.0,0,0.0,0,0,0,0
yziyzrvntwsc1.webp,3,1,5,0,0.992,adaptive,0.0421,0.0,0,0.0,0,0,0,0
yziyzrvntwsc1.webp,3,2,0,5,0.9769,adaptive,0.1377,0.0498,12,0.0362,9,1,0,0
yziyzrvntwsc1.webp,3,3,0,0,0.8888,adaptive,0.084,0.0258,8,0.0151,5,0,0,0
yziyzrvntwsc1.webp,3,4,0,0,0.992,adaptive,0.0893,0.0,4,0.0,3,1,0,0
yziyzrvntwsc1.webp,3,5,3,3,0.6881,adaptive,0.1212,0.0418,9,0.0364,6,1,0,0
yziyzrvntwsc1.webp,3,6,6,6,0.8438,adaptive,0.1718,0.0524,7,0.0394,4,1,0,0
yziyzrvntwsc1.webp,3,7,1,0,0.992,adaptive,0.0871,0.0,5,0.0069,3,0,0,0
yziyzrvntwsc1.webp,3,8,0,7,0.9988,adaptive,0.1004,0.0321,8,0.0233,5,1,0,0
yziyzrvntwsc1.webp,3,9,7,0,0.992,adaptive,0.041,0.0,0,0.0,0,0,0,0
yziyzrvntwsc1.webp,4,1,0,0,0.992,adaptive,0.041,0.0,1,0.0,1,0,0,0
yziyzrvntwsc1.webp,4,2,4,7,1.0,adaptive,0.0841,0.0228,11,0.0228,9,1,0,0
yziyzrvntwsc1.webp,4,3,0,4,0.9997,adaptive,0.08,0.0261,5,0.0261,3,1,0,0
yziyzrvntwsc1.webp,4,4,0,2,0.3874,adaptive,0.0942,0.0368,6,0.0299,3,1,0,0
yziyzrvntwsc1.webp,4,5,0,9,0.6432,adaptive,0.0839,0.0452,5,0.0382,1,2,0,0
yziyzrvntwsc1.webp,4,6,0,0,0.992,adaptive,0.0889,0.0,10,0.0,9,1,0,0
yziyzrvntwsc1.webp,4,7,9,2,0.6682,adaptive,0.0989,0.0281,8,0.0209,5,1,0,0
yziyzrvntwsc1.webp,4,8,2,0,0.992,adaptive,0.0669,0.0,5,0.01,1,1,0,0
yziyzrvntwsc1.webp,4,9,0,0,0.992,adaptive,0.0392,0.0,0,0.0,0,0,0,0
yziyzrvntwsc1.webp,5,1,7,0,0.992,adaptive,0.0375,0.0,3,0.0,3,0,0,0
yziyzrvntwsc1.webp,5,2,0,8,0.7846,adaptive,0.168,0.1189,3,0.064,0,0,0,0
yziyzrvntwsc1.webp,5,3,6,0,0.992,adaptive,0.0801,0.0,3,0.01,1,1,0,0
yziyzrvntwsc1.webp,5,4,4,5,0.9178,adaptive,0.1719,0.0565,3,0.0364,0,0,1,0
yziyzrvntwsc1.webp,5,5,9,2,0.7713,adaptive,0.1655,0.0815,7,0.0395,1,1,0,0
yziyzrvntwsc1.webp,5,6,0,2,0.9999,adaptive,0.1533,0.0341,4,0.0341,2,0,1,0
yziyzrvntwsc1.webp,5,7,8,7,0.9838,adaptive,0.1373,0.0371,7,0.0235,3,1,0,0
yziyzrvntwsc1.webp,5,8,0,3,0.5612,adaptive,0.1609,0.0748,5,0.0356,0,0,1,0
yziyzrvntwsc1.webp,5,9,0,0,0.992,adaptive,0.0344,0.0,0,0.0,0,0,0,0
yziyzrvntwsc1.webp,6,1,8,0,0.992,adaptive,0.0604,0.0,0,0.0,0,0,0,0
yziyzrvntwsc1.webp,6,2,0,1,0.9487,adaptive,0.0764,0.0185,7,0.0185,5,1,0,0
yziyzrvntwsc1.webp,6,3,1,0,0.992,adaptive,0.0724,0.0,8,0.0078,5,1,0,0
yziyzrvntwsc1.webp,6,4,5,0,0.992,adaptive,0.0766,0.0,8,0.0062,6,1,0,0
yziyzrvntwsc1.webp,6,5,6,8,0.9999,adaptive,0.1124,0.0391,11,0.0391,9,0,1,0
yziyzrvntwsc1.webp,6,6,2,0,0.9873,adaptive,0.0786,0.0249,6,0.0114,2,1,0,0
yziyzrvntwsc1.webp,6,7,4,0,0.992,adaptive,0.0499,0.0,5,0.0,4,0,1,0
yziyzrvntwsc1.webp,6,8,7,0,0.992,adaptive,0.0948,0.0,2,0.0,0,1,1,0
yziyzrvntwsc1.webp,6,9,3,0,0.992,adaptive,0.0307,0.0,0,0.0,0,0,0,0
yziyzrvntwsc1.webp,7,1,4,0,0.992,adaptive,0.0657,0.0,0,0.0,0,0,0,0
yziyzrvntwsc1.webp,7,2,0,0,0.9707,adaptive,0.0669,0.0452,3,0.0319,0,0,0,1
yziyzrvntwsc1.webp,7,3,0,0,0.992,adaptive,0.0695,0.0,3,0.0078,1,1,0,0
yziyzrvntwsc1.webp,7,4,3,8,0.6901,adaptive,0.0978,0.0243,4,0.0243,2,1,0,0
yziyzrvntwsc1.webp,7,5,2,0,0.992,adaptive,0.0536,0.0,2,0.0,1,1,0,0
yziyzrvntwsc1.webp,7,6,0,8,0.5678,adaptive,0.1149,0.049,6,0.0341,3,1,0,0
yziyzrvntwsc1.webp,7,7,6,0,0.992,adaptive,0.0452,0.0,3,0.0,2,1,0,0
yziyzrvntwsc1.webp,7,8,0,0,0.6182,adaptive,0.0905,0.0645,5,0.0289,2,0,0,0
yziyzrvntwsc1.webp,7,9,5,0,0.992,adaptive,0.0299,0.0,0,0.0,0,0,0,0
yziyzrvntwsc1.webp,8,1,1,0,0.992,adaptive,0.0624,0.0,2,0.0,2,0,0,0
yziyzrvntwsc1.webp,8,2,0,1,0.5139,adaptive,0.0349,0.0273,1,0.0273,0,0,0,0
yziyzrvntwsc1.webp,8,3,0,2,0.9998,adaptive,0.0651,0.047,3,0.047,2,0,0,0
yziyzrvntwsc1.webp,8,4,0,2,0.8012,adaptive,0.0884,0.0617,2,0.043,0,0,0,0
yziyzrvntwsc1.webp,8,5,8,5,1.0,adaptive,0.0537,0.0537,1,0.0537,0,0,0,0
yziyzrvntwsc1.webp,8,6,0,6,0.9869,adaptive,0.0755,0.0565,2,0.0565,1,0,0,0
yziyzrvntwsc1.webp,8,7,0,8,0.7098,adaptive,0.083,0.0561,2,0.0468,0,0,0,0
yziyzrvntwsc1.webp,8,8,0,9,0.9998,adaptive,0.0634,0.0572,1,0.0572,0,0,0,0
yziyzrvntwsc1.webp,8,9,0,0,0.992,adaptive,0.0299,0.0,0,0.0,0,0,0,0
yziyzrvntwsc1.webp,9,1,0,7,0.6008,adaptive,0.2569,0.1399,4,0.1114,0,1,0,0
yziyzrvntwsc1.webp,9,2,3,5,0.8694,adaptive,0.2185,0.1443,4,0.104,1,0,0,0
yziyzrvntwsc1.webp,9,3,8,4,0.9966,adaptive,0.3698,0.2602,3,0.2473,1,0,0,0
yziyzrvntwsc1.webp,9,4,0,7,0.4562,adaptive,0.3206,0.2237,11,0.1063,5,0,0,1
yziyzrvntwsc1.webp,9,5,0,5,0.9443,adaptive,0.2508,0.1635,9,0.1332,7,0,0,0
yziyzrvntwsc1.webp,9,6,7,8,0.9607,adaptive,0.1971,0.1432,12,0.0818,9,0,0,1
yziyzrvntwsc1.webp,9,7,0,6,0.9781,adaptive,0.2266,0.1261,9,0.0884,5,0,1,1
yziyzrvntwsc1.webp,9,8,1,6,0.9574,adaptive,0.3021,0.1913,6,0.1058,1,1,0,1
yziyzrvntwsc1.webp,9,9,0,5,0.5702,adaptive,0.227,0.1555,4,0.149,2,0,0,0
yzow263ls2ec1.webp,1,1,8,8,1.0,adaptive,0.1831,0.0838,1,0.0838,0,0,0,0
yzow263ls2ec1.webp,1,2,9,9,1.0,adaptive,0.1576,0.0866,1,0.0866,0,0,0,0
yzow263ls2ec1.webp,1,3,1,1,0.998,adaptive,0.1236,0.0394,1,0.0394,0,0,0,0
yzow263ls2ec1.webp,1,6,6,6,0.9999,adaptive,0.1787,0.0826,1,0.0826,0,0,0,0
yzow263ls2ec1.webp,1,8,7,7,1.0,adaptive,0.1226,0.0513,1,0.0513,0,0,0,0
yzow263ls2ec1.webp,2,1,3,3,1.0,adaptive,0.159,0.0749,1,0.0749,0,0,0,0
yzow263ls2ec1.webp,2,2,4,4,1.0,adaptive,0.1256,0.0684,1,0.0684,0,0,0,0
yzow263ls2ec1.webp,2,5,7,7,1.0,adaptive,0.0815,0.0514,1,0.0514,0,0,0,0
yzow263ls2ec1.webp,2,9,6,6,0.9999,adaptive,0.1603,0.0846,1,0.0846,0,0,0,0
yzow263ls2ec1.webp,3,1,7,7,1.0,adaptive,0.1575,0.0506,1,0.0506,0,0,0,0
yzow263ls2ec1.webp,3,3,6,6,1.0,adaptive,0.1773,0.084,1,0.084,0,0,0,0
yzow263ls2ec1.webp,3,5,4,4,1.0,adaptive,0.1296,0.0706,1,0.0706,0,0,0,0
yzow263ls2ec1.webp,3,9,0,0,0.992,adaptive,0.0976,0.0,0,0.0,0,0,0,0
yzow263ls2ec1.webp,4,1,4,4,1.0,adaptive,0.1653,0.0684,1,0.0684,0,0,0,0
yzow263ls2ec1.webp,4,4,1,1,0.9966,adaptive,0.1225,0.0392,1,0.0392,0,0,0,0
yzow263ls2ec1.webp,4,9,5,5,1.0,adaptive,0.1764,0.0786,1,0.0786,0,0,0,0
yzow263ls2ec1.webp,5,1,1,1,0.998,adaptive,0.1043,0.0407,1,0.0407,0,0,0,0
yzow263ls2ec1.webp,5,2,6,6,0.9999,adaptive,0.1276,0.0863,1,0.0863,0,0,0,0
yzow263ls2ec1.webp,5,6,8,8,1.0,adaptive,0.1522,0.0868,1,0.0868,0,0,0,0
yzow263ls2ec1.webp,5,8,3,3,1.0,adaptive,0.115,0.0758,1,0.0758,0,0,0,0
yzow263ls2ec1.webp,6,1,5,5,1.0,adaptive,0.1753,0.08,1,0.08,0,0,0,0
yzow263ls2ec1.webp,6,2,3,3,1.0,adaptive,0.1436,0.0742,1,0.0742,0,0,0,0
yzow263ls2ec1.webp,6,3,8,8,1.0,adaptive,0.1626,0.0822,1,0.0822,0,0,0,0
yzow263ls2ec1.webp,6,4,7,7,1.0,adaptive,0.1328,0.0503,1,0.0503,0,0,0,0
yzow263ls2ec1.webp,6,5,6,6,0.9999,adaptive,0.126,0.0834,1,0.0834,0,0,0,0
yzow263ls2ec1.webp,6,6,4,4,1.0,adaptive,0.1448,0.0662,1,0.0662,0,0,0,0
yzow263ls2ec1.webp,6,7,2,2,1.0,adaptive,0.153,0.072,1,0.072,0,0,0,0
yzow263ls2ec1.webp,6,8,1,1,0.9986,adaptive,0.1097,0.0403,1,0.0403,0,0,0,0
yzow263ls2ec1.webp,6,9,9,9,1.0,adaptive,0.1773,0.0851,1,0.0851,0,0,0,0
yzow263ls2ec1.webp,7,2,1,1,0.9982,adaptive,0.1092,0.04,1,0.04,0,0,0,0
yzow263ls2ec1.webp,7,3,3,3,1.0,adaptive,0.1521,0.0715,1,0.0715,0,0,0,0
yzow263ls2ec1.webp,7,4,4,4,1.0,adaptive,0.1517,0.0697,1,0.0697,0,0,0,0
yzow263ls2ec1.webp,7,6,7,7,1.0,adaptive,0.1339,0.0515,1,0.0515,0,0,0,0
yzow263ls2ec1.webp,7,7,5,5,1.0,adaptive,0.1604,0.0793,1,0.0793,0,0,0,0
yzow263ls2ec1.webp,7,9,0,0,0.992,adaptive,0.0965,0.0,0,0.0,0,0,0,0
yzow263ls2ec1.webp,8,2,8,8,1.0,adaptive,0.146,0.0891,1,0.0891,0,0,0,0
yzow263ls2ec1.webp,8,4,0,0,0.992,adaptive,0.0699,0.0,0,0.0,0,0,0,0
yzow263ls2ec1.webp,8,6,0,0,0.992,adaptive,0.0701,0.0,0,0.0,0,0,0,0
yzow263ls2ec1.webp,8,8,4,4,1.0,adaptive,0.129,0.0721,1,0.0721,0,0,0,0
yzow263ls2ec1.webp,8,9,2,2,1.0,adaptive,0.1558,0.0712,1,0.0712,0,0,0,0
yzow263ls2ec1.webp,9,3,4,4,1.0,adaptive,0.1542,0.0688,1,0.0688,0,0,0,0
yzow263ls2ec1.webp,9,4,6,6,1.0,adaptive,0.1811,0.0835,1,0.0835,0,0,0,0
yzow263ls2ec1.webp,9,6,0,0,0.992,adaptive,0.0907,0.0,0,0.0,0,0,0,0
yzow263ls2ec1.webp,9,7,0,0,0.992,adaptive,0.096,0.0,0,0.0,0,0,0,0
yzow263ls2ec1.webp,9,9,0,0,0.992,adaptive,0.0987,0.0,0,0.0,0,0,0,0
zgaa9oulcuqc1.webp,1,1,0,0,0.992,adaptive,0.1339,0.0,1,0.0,0,1,0,0
zgaa9oulcuqc1.webp,1,2,4,1,0.6549,adaptive,0.1927,0.0755,4,0.0755,0,3,0,0
zgaa9oulcuqc1.webp,1,3,0,0,0.8977,adaptive,0.1043,0.0158,3,0.0158,0,2,0,0
zgaa9oulcuqc1.webp,1,4,9,5,0.8919,adaptive,0.2072,0.1161,3,0.0715,0,1,0,0
zgaa9oulcuqc1.webp,1,5,0,0,0.9145,adaptive,0.142,0.0237,4,0.012,0,2,0,0
zgaa9oulcuqc1.webp,1,6,0,0,0.9296,adaptive,0.1976,0.053,5,0.0245,0,2,0,0
zgaa9oulcuqc1.webp,1,7,2,1,0.9034,adaptive,0.2785,0.0134,7,0.0134,3,2,1,0
zgaa9oulcuqc1.webp,1,8,0,9,0.556,adaptive,0.1868,0.0509,4,0.0509,1,2,0,0
zgaa9oulcuqc1.webp,1,9,0,0,0.9982,adaptive,0.1958,0.0209,7,0.0209,3,2,1,0
zgaa9oulcuqc1.webp,2,1,0,0,0.992,adaptive,0.0834,0.0,1,0.0,0,1,0,0
zgaa9oulcuqc1.webp,2,2,0,0,0.992,adaptive,0.0574,0.0,1,0.0,0,0,1,0
zgaa9oulcuqc1.webp,2,3,0,0,0.992,adaptive,0.0554,0.0,1,0.0,0,0,1,0
zgaa9oulcuqc1.webp,2,4,0,0,0.9905,adaptive,0.1,0.0136,3,0.0136,1,1,0,0
zgaa9oulcuqc1.webp,2,5,8,5,0.9952,adaptive,0.1343,0.0393,2,0.0393,0,0,1,0
zgaa9oulcuqc1.webp,2,6,0,0,0.992,adaptive,0.0624,0.0,2,0.0059,0,0,1,0
zgaa9oulcuqc1.webp,2,7,0,2,0.6368,adaptive,0.1219,0.0355,4,0.0235,1,1,0,0
zgaa9oulcuqc1.webp,2,8,0,0,0.992,adaptive,0.0606,0.0,1,0.0,0,0,1,0
zgaa9oulcuqc1.webp,2,9,4,0,0.992,adaptive,0.0735,0.0,2,0.0088,0,0,1,0
zgaa9oulcuqc1.webp,3,1,0,0,0.992,adaptive,0.0835,0.0,1,0.0085,0,0,0,0
zgaa9oulcuqc1.webp,3,2,2,2,0.9987,adaptive,0.1477,0.09,2,0.09,0,0,1,0
zgaa9oulcuqc1.webp,3,3,0,0,0.992,adaptive,0.0577,0.0,1,0.0,0,0,1,0
zgaa9oulcuqc1.webp,3,4,0,0,0.9908,adaptive,0.0813,0.0147,3,0.0147,1,1,0,0
zgaa9oulcuqc1.webp,3,5,0,0,0.9515,adaptive,0.0785,0.0457,2,0.0457,0,0,0,1
zgaa9oulcuqc1.webp,3,6,0,0,0.992,adaptive,0.0568,0.0,1,0.0,0,0,1,0
zgaa9oulcuqc1.webp,3,7,3,3,0.7018,adaptive,0.1294,0.0432,4,0.031,1,1,0,0
zgaa9oulcuqc1.webp,3,8,0,0,0.992,adaptive,0.0547,0.0,2,0.0,1,0,1,0
zgaa9oulcuqc1.webp,3,9,9,2,0.4738,adaptive,0.1622,0.0626,3,0.0319,0,0,1,0
zgaa9oulcuqc1.webp,4,1,9,9,1.0,adaptive,0.2119,0.1036,1,0.1036,0,0,0,0
zgaa9oulcuqc1.webp,4,2,6,6,0.9978,adaptive,0.1796,0.1033,3,0.1033,0,2,0,0
zgaa9oulcuqc1.webp,4,3,0,0,0.992,adaptive,0.0782,0.0,2,0.0,0,2,0,0
zgaa9oulcuqc1.webp,4,4,0,0,0.9435,adaptive,0.1049,0.0809,1,0.0809,0,0,0,0
zgaa9oulcuqc1.webp,4,5,5,5,0.9999,adaptive,0.1576,0.0445,5,0.0445,2,2,0,0
zgaa9oulcuqc1.webp,4,6,8,8,0.6885,adaptive,0.1709,0.0711,4,0.0561,1,1,0,0
zgaa9oulcuqc1.webp,4,7,0,0,0.6617,adaptive,0.1265,0.0786,2,0.0786,1,0,0,0
zgaa9oulcuqc1.webp,4,8,0,0,0.8349,adaptive,0.0737,0.0127,3,0.0127,1,1,0,0
zgaa9oulcuqc1.webp,4,9,0,0,0.909,adaptive,0.1051,0.0348,4,0.0178,0,1,0,0
zgaa9oulcuqc1.webp,5,1,0,0,0.992,adaptive,0.0859,0.0,0,0.0,0,0,0,0
zgaa9oulcuqc1.webp,5,2,0,0,0.992,adaptive,0.0574,0.0,1,0.0,0,1,0,0
zgaa9oulcuqc1.webp,5,3,0,0,0.992,adaptive,0.0563,0.0,1,0.0,0,1,0,0
zgaa9oulcuqc1.webp,5,4,0,0,0.9893,adaptive,0.0816,0.0133,2,0.0133,0,1,0,0
zgaa9oulcuqc1.webp,5,5,0,0,0.992,adaptive,0.0581,0.0,1,0.0,0,0,1,0
zgaa9oulcuqc1.webp,5,6,0,0,0.992,adaptive,0.0563,0.0,3,0.0,1,2,0,0
zgaa9oulcuqc1.webp,5,7,0,0,0.9897,adaptive,0.081,0.0154,3,0.0154,1,1,0,0
zgaa9oulcuqc1.webp,5,8,0,0,0.992,adaptive,0.0553,0.0,2,0.0,0,2,0,0
zgaa9oulcuqc1.webp,5,9,0,0,0.992,adaptive,0.0559,0.0,1,0.0,0,0,1,0
zgaa9oulcuqc1.webp,6,1,0,0,0.992,adaptive,0.1056,0.0,1,0.0,0,1,0,0
zgaa9oulcuqc1.webp,6,2,0,0,0.992,adaptive,0.078,0.0,2,0.0,0,2,0,0
zgaa9oulcuqc1.webp,6,3,0,0,0.992,adaptive,0.0842,0.0,3,0.0,2,1,0,0
zgaa9oulcuqc1.webp,6,4,7,7,0.9999,adaptive,0.1898,0.0644,2,0.0644,0,1,0,0
zgaa9oulcuqc1.webp,6,5,4,4,0.9973,adaptive,0.171,0.0706,2,0.0706,0,1,0,0
zgaa9oulcuqc1.webp,6,6,0,0,0.992,adaptive,0.0813,0.0,2,0.0071,0,1,0,0
zgaa9oulcuqc1.webp,6,7,0,0,0.9871,adaptive,0.0882,0.0151,3,0.0151,1,1,0,0
zgaa9oulcuqc1.webp,6,8,3,3,1.0,adaptive,0.1257,0.0715,2,0.0715,0,0,1,0
zgaa9oulcuqc1.webp,6,9,1,1,0.9997,adaptive,0.1098,0.0552,2,0.0552,0,0,1,0
zgaa9oulcuqc1.webp,7,1,4,4,0.9853,adaptive,0.1633,0.0744,2,0.0744,0,1,0,0
zgaa9oulcuqc1.webp,7,2,0,0,0.992,adaptive,0.0556,0.0,1,0.0,0,0,1,0
zgaa9oulcuqc1.webp,7,3,1,1,0.9997,adaptive,0.117,0.0601,2,0.0601,0,0,1,0
zgaa9oulcuqc1.webp,7,4,0,0,0.992,adaptive,0.0795,0.0,2,0.0,0,2,0,0
zgaa9oulcuqc1.webp,7,5,0,0,0.992,adaptive,0.0568,0.0,1,0.0,0,0,1,0
zgaa9oulcuqc1.webp,7,6,0,0,0.992,adaptive,0.0746,0.0,1,0.0,0,0,1,0
zgaa9oulcuqc1.webp,7,7,0,0,0.992,adaptive,0.1147,0.0,2,0.0,0,2,0,0
zgaa9oulcuqc1.webp,7,8,7,7,1.0,adaptive,0.1583,0.0615,2,0.0615,0,1,0,0
zgaa9oulcuqc1.webp,7,9,0,0,0.992,adaptive,0.1011,0.0,1,0.0,0,1,0,0
zgaa9oulcuqc1.webp,8,1,6,6,0.8941,adaptive,0.1802,0.078,2,0.078,0,1,0,0
zgaa9oulcuqc1.webp,8,2,0,0,0.992,adaptive,0.0562,0.0,1,0.0,0,0,1,0
zgaa9oulcuqc1.webp,8,3,0,0,0.992,adaptive,0.0733,0.0,1,0.0,0,0,1,0
zgaa9oulcuqc1.webp,8,4,0,0,0.992,adaptive,0.0812,0.0,2,0.0,0,2,0,0
zgaa9oulcuqc1.webp,8,5,7,7,0.9881,adaptive,0.1212,0.0448,4,0.0365,1,0,1,0
zgaa9oulcuqc1.webp,8,6,0,0,0.992,adaptive,0.0663,0.0,1,0.0,0,0,1,0
zgaa9oulcuqc1.webp,8,7,0,0,0.992,adaptive,0.0798,0.0,2,0.0,0,2,0,0
zgaa9oulcuqc1.webp,8,8,0,0,0.992,adaptive,0.0636,0.0,1,0.0,0,0,1,0
zgaa9oulcuqc1.webp,8,9,0,0,0.992,adaptive,0.0762,0.0,1,0.0,0,1,0,0
zgaa9oulcuqc1.webp,9,1,0,8,0.4999,adaptive,0.2223,0.1234,4,0.1076,0,0,0,0
zgaa9oulcuqc1.webp,9,2,0,7,0.5909,adaptive,0.166,0.1217,3,0.1092,0,0,0,1
zgaa9oulcuqc1.webp,9,3,9,5,0.7309,adaptive,0.2054,0.1644,3,0.1069,0,0,0,1
zgaa9oulcuqc1.webp,9,4,0,7,0.8745,adaptive,0.0973,0.0789,1,0.0789,0,0,0,0
zgaa9oulcuqc1.webp,9,5,0,0,0.8823,adaptive,0.1522,0.059,5,0.0373,1,1,0,0
zgaa9oulcuqc1.webp,9,6,6,2,0.4036,adaptive,0.2851,0.2018,5,0.1361,2,0,0,1
zgaa9oulcuqc1.webp,9,7,0,7,0.7653,adaptive,0.1648,0.1167,3,0.1167,2,0,0,0
zgaa9oulcuqc1.webp,9,8,5,3,0.5068,adaptive,0.1395,0.0509,2,0.0509,0,1,0,0
zgaa9oulcuqc1.webp,9,9,0,7,0.5958,adaptive,0.1689,0.0867,1,0.0867,0,0,0,0
zhtl5l8xdopc1.jpeg,1,3,6,6,0.9985,adaptive,0.1662,0.0942,1,0.0942,0,0,0,0
zhtl5l8xdopc1.jpeg,1,7,4,4,0.9998,adaptive,0.1448,0.0728,1,0.0728,0,0,0,0
zhtl5l8xdopc1.jpeg,2,2,5,5,1.0,adaptive,0.084,0.0838,1,0.0838,0,0,0,0
zhtl5l8xdopc1.jpeg,2,5,4,4,0.9994,adaptive,0.0769,0.0769,1,0.0769,0,0,0,0
zhtl5l8xdopc1.jpeg,2,6,1,1,1.0,adaptive,0.0902,0.0602,1,0.0602,0,0,0,0
zhtl5l8xdopc1.jpeg,2,7,2,2,1.0,adaptive,0.1149,0.0846,1,0.0846,0,0,0,0
zhtl5l8xdopc1.jpeg,2,8,6,6,0.9994,adaptive,0.0989,0.0987,1,0.0987,0,0,0,0
zhtl5l8xdopc1.jpeg,3,1,2,2,1.0,adaptive,0.1582,0.0862,1,0.0862,0,0,0,0
zhtl5l8xdopc1.jpeg,3,3,4,4,0.9997,adaptive,0.1348,0.0764,1,0.0764,0,0,0,0
zhtl5l8xdopc1.jpeg,3,4,6,6,0.9982,adaptive,0.1553,0.0969,1,0.0969,0,0,0,0
zhtl5l8xdopc1.jpeg,3,6,7,7,1.0,adaptive,0.1252,0.0668,1,0.0668,0,0,0,0
zhtl5l8xdopc1.jpeg,4,1,5,5,1.0,adaptive,0.1526,0.08,1,0.08,0,0,0,0
zhtl5l8xdopc1.jpeg,5,2,9,9,1.0,adaptive,0.0978,0.0978,1,0.0978,0,0,0,0
zhtl5l8xdopc1.jpeg,5,3,2,2,1.0,adaptive,0.1131,0.0832,1,0.0832,0,0,0,0
zhtl5l8xdopc1.jpeg,5,5,6,6,0.9932,adaptive,0.0962,0.0962,1,0.0962,0,0,0,0
zhtl5l8xdopc1.jpeg,5,9,1,1,1.0,adaptive,0.1054,0.0606,1,0.0606,0,0,0,0
zhtl5l8xdopc1.jpeg,6,1,3,3,1.0,adaptive,0.1495,0.0769,1,0.0769,0,0,0,0
zhtl5l8xdopc1.jpeg,6,4,2,2,1.0,adaptive,0.143,0.084,1,0.084,0,0,0,0
zhtl5l8xdopc1.jpeg,6,5,9,9,1.0,adaptive,0.1275,0.0977,1,0.0977,0,0,0,0
zhtl5l8xdopc1.jpeg,6,6,4,4,0.999,adaptive,0.1314,0.0724,1,0.0724,0,0,0,0
zhtl5l8xdopc1.jpeg,7,2,7,7,1.0,adaptive,0.0984,0.0681,1,0.0681,0,0,0,0
zhtl5l8xdopc1.jpeg,7,4,8,8,1.0,adaptive,0.1613,0.1029,1,0.1029,0,0,0,0
zhtl5l8xdopc1.jpeg,7,5,5,5,1.0,adaptive,0.1113,0.0812,1,0.0812,0,0,0,0
zhtl5l8xdopc1.jpeg,8,3,5,5,1.0,adaptive,0.1117,0.0814,1,0.0814,0,0,0,0
zhtl5l8xdopc1.jpeg,8,4,4,4,0.9997,adaptive,0.1065,0.0764,1,0.0764,0,0,0,0
zhtl5l8xdopc1.jpeg,8,7,6,6,0.9988,adaptive,0.1271,0.0968,1,0.0968,0,0,0,0
zhtl5l8xdopc1.jpeg,8,8,9,9,1.0,adaptive,0.0978,0.0976,1,0.0976,0,0,0,0
zhtl5l8xdopc1.jpeg,9,7,5,5,1.0,adaptive,0.1546,0.0826,1,0.0826,0,0,0,0
zov5dreqlbac1.webp,1,1,3,3,1.0,adaptive,0.1931,0.0824,1,0.0824,0,0,0,0
zov5dreqlbac1.webp,1,2,9,9,1.0,adaptive,0.1678,0.0828,1,0.0828,0,0,0,0
zov5dreqlbac1.webp,1,3,5,5,1.0,adaptive,0.1847,0.0824,2,0.0824,0,1,0,0
zov5dreqlbac1.webp,1,4,2,2,1.0,adaptive,0.1987,0.0757,2,0.0757,0,1,0,0
zov5dreqlbac1.webp,1,5,7,7,1.0,adaptive,0.1549,0.0554,2,0.0554,0,1,0,0
zov5dreqlbac1.webp,1,6,6,6,0.9932,adaptive,0.1965,0.0786,2,0.0786,0,1,0,0
zov5dreqlbac1.webp,2,1,2,2,1.0,adaptive,0.1685,0.0823,1,0.0823,0,0,0,0
zov5dreqlbac1.webp,2,2,8,8,1.0,adaptive,0.1628,0.0985,1,0.0985,0,0,0,0
zov5dreqlbac1.webp,2,8,7,7,1.0,adaptive,0.1292,0.0567,1,0.0567,0,0,0,0
zov5dreqlbac1.webp,2,9,6,6,0.9992,adaptive,0.178,0.0785,1,0.0785,0,0,0,0
zov5dreqlbac1.webp,3,1,6,6,0.9954,adaptive,0.1836,0.0838,1,0.0838,0,0,0,0
zov5dreqlbac1.webp,3,2,7,7,1.0,adaptive,0.135,0.0604,1,0.0604,0,0,0,0
zov5dreqlbac1.webp,3,9,9,9,0.9999,adaptive,0.1929,0.0751,2,0.0751,0,1,0,0
zov5dreqlbac1.webp,4,1,5,5,1.0,adaptive,0.1813,0.0853,1,0.0853,0,0,0,0
zov5dreqlbac1.webp,4,5,1,1,0.9472,adaptive,0.1201,0.0495,2,0.0495,0,0,1,0
zov5dreqlbac1.webp,4,6,9,9,0.9815,adaptive,0.1657,0.1388,2,0.0784,0,0,0,0
zov5dreqlbac1.webp,5,5,6,6,0.9982,adaptive,0.1646,0.0836,2,0.0836,0,0,1,0
zov5dreqlbac1.webp,5,9,5,5,0.9642,adaptive,0.1793,0.0706,5,0.0583,1,1,0,0
zov5dreqlbac1.webp,6,2,4,4,1.0,adaptive,0.1633,0.0805,2,0.0805,1,0,0,0
zov5dreqlbac1.webp,6,6,5,5,0.9786,adaptive,0.1809,0.0613,5,0.0613,2,2,0,0
zov5dreqlbac1.webp,7,1,4,4,1.0,adaptive,0.172,0.0804,1,0.0804,0,0,0,0
zov5dreqlbac1.webp,7,2,1,1,0.976,adaptive,0.1235,0.0518,4,0.0518,3,0,0,0
zov5dreqlbac1.webp,7,7,9,2,0.5,adaptive,0.1713,0.059,3,0.059,0,2,0,0
zov5dreqlbac1.webp,8,1,9,9,1.0,adaptive,0.1766,0.0875,1,0.0875,0,0,0,0
zov5dreqlbac1.webp,8,6,4,4,0.9873,adaptive,0.1802,0.076,5,0.0624,1,0,1,0
zov5dreqlbac1.webp,8,7,8,8,0.7433,adaptive,0.1857,0.0669,3,0.0669,0,2,0,0
zov5dreqlbac1.webp,8,8,5,5,0.8398,adaptive,0.1414,0.0618,3,0.0537,0,0,1,0
zov5dreqlbac1.webp,9,1,7,7,1.0,adaptive,0.1655,0.0595,1,0.0595,0,0,0,0
zov5dreqlbac1.webp,9,2,5,5,1.0,adaptive,0.1771,0.0853,3,0.0853,0,2,0,0
zov5dreqlbac1.webp,9,3,8,8,0.9995,adaptive,0.1824,0.1192,3,0.0889,0,1,0,0
zov5dreqlbac1.webp,9,7,6,2,0.739,adaptive,0.1517,0.1265,2,0.0671,0,0,0,0
zqd8k1mpo8bc1.webp,1,2,4,4,1.0,adaptive,0.1348,0.0685,1,0.0685,0,0,0,0
zqd8k1mpo8bc1.webp,1,3,5,5,1.0,adaptive,0.1582,0.0746,1,0.0746,0,0,0,0
zqd8k1mpo8bc1.webp,1,5,9,9,1.0,adaptive,0.1436,0.0862,1,0.0862,0,0,0,0
zqd8k1mpo8bc1.webp,1,6,3,3,1.0,adaptive,0.1579,0.0724,1,0.0724,0,0,0,0
zqd8k1mpo8bc1.webp,1,7,2,2,1.0,adaptive,0.137,0.0675,1,0.0675,0,0,0,0
zqd8k1mpo8bc1.webp,1,8,8,8,1.0,adaptive,0.1418,0.0841,1,0.0841,0,0,0,0
zqd8k1mpo8bc1.webp,1,9,1,1,0.9987,adaptive,0.1401,0.0397,1,0.0397,0,0,0,0
zqd8k1mpo8bc1.webp,2,5,5,5,1.0,adaptive,0.1249,0.0806,1,0.0806,0,0,0,0
zqd8k1mpo8bc1.webp,2,7,4,4,1.0,adaptive,0.154,0.071,1,0.071,0,0,0,0
zqd8k1mpo8bc1.webp,2,8,6,6,0.9999,adaptive,0.1437,0.0854,1,0.0854,0,0,0,0
zqd8k1mpo8bc1.webp,2,9,9,9,1.0,adaptive,0.1712,0.085,1,0.085,0,0,0,0
zqd8k1mpo8bc1.webp,3,1,1,1,0.9981,adaptive,0.1388,0.0408,1,0.0408,0,0,0,0
zqd8k1mpo8bc1.webp,3,4,4,4,1.0,adaptive,0.1657,0.0695,1,0.0695,0,0,0,0
zqd8k1mpo8bc1.webp,3,6,2,2,1.0,adaptive,0.1555,0.0682,1,0.0682,0,0,0,0
zqd8k1mpo8bc1.webp,3,7,7,7,1.0,adaptive,0.1546,0.0506,1,0.0506,0,0,0,0
zqd8k1mpo8bc1.webp,3,8,3,3,1.0,adaptive,0.1504,0.0728,1,0.0728,0,0,0,0
zqd8k1mpo8bc1.webp,3,9,5,5,1.0,adaptive,0.178,0.0786,1,0.0786,0,0,0,0
zqd8k1mpo8bc1.webp,4,6,6,6,1.0,adaptive,0.1831,0.0847,1,0.0847,0,0,0,0
zqd8k1mpo8bc1.webp,4,7,5,5,1.0,adaptive,0.1858,0.0766,1,0.0766,0,0,0,0
zqd8k1mpo8bc1.webp,5,2,5,5,1.0,adaptive,0.1389,0.0813,1,0.0813,0,0,0,0
zqd8k1mpo8bc1.webp,5,5,3,3,1.0,adaptive,0.118,0.0751,1,0.0751,0,0,0,0
zqd8k1mpo8bc1.webp,5,6,8,8,1.0,adaptive,0.1628,0.0866,1,0.0866,0,0,0,0
zqd8k1mpo8bc1.webp,5,7,6,6,1.0,adaptive,0.1685,0.0857,1,0.0857,0,0,0,0
zqd8k1mpo8bc1.webp,5,8,9,9,1.0,adaptive,0.1416,0.0863,1,0.0863,0,0,0,0
zqd8k1mpo8bc1.webp,6,5,4,4,1.0,adaptive,0.1427,0.0703,1,0.0703,0,0,0,0
zqd8k1mpo8bc1.webp,6,6,5,5,1.0,adaptive,0.188,0.0784,1,0.0784,0,0,0,0
zqd8k1mpo8bc1.webp,6,7,8,8,1.0,adaptive,0.1947,0.0847,1,0.0847,0,0,0,0
zqd8k1mpo8bc1.webp,7,2,7,7,1.0,adaptive,0.1357,0.0522,1,0.0522,0,0,0,0
zqd8k1mpo8bc1.webp,7,4,5,5,1.0,adaptive,0.1749,0.0793,1,0.0793,0,0,0,0
zqd8k1mpo8bc1.webp,7,7,9,9,1.0,adaptive,0.1798,0.0842,1,0.0842,0,0,0,0
zqd8k1mpo8bc1.webp,7,9,6,6,1.0,adaptive,0.1684,0.084,1,0.084,0,0,0,0
zqd8k1mpo8bc1.webp,8,1,4,4,1.0,adaptive,0.14,0.0676,1,0.0676,0,0,0,0
zqd8k1mpo8bc1.webp,8,2,2,2,1.0,adaptive,0.1309,0.0742,1,0.0742,0,0,0,0
zqd8k1mpo8bc1.webp,8,8,5,5,1.0,adaptive,0.1244,0.0817,1,0.0817,0,0,0,0
zqd8k1mpo8bc1.webp,8,9,8,8,1.0,adaptive,0.1565,0.085,1,0.085,0,0,0,0
zqd8k1mpo8bc1.webp,9,1,5,5,1.0,adaptive,0.178,0.0777,1,0.0777,0,0,0,0
zqd8k1mpo8bc1.webp,9,9,7,7,1.0,adaptive,0.1379,0.051,1,0.051,0,0,0,0
